{"type":"FeatureCollection","note":"Natural Earth 1:50m admin-0 (public domain), study window","features":[{"type":"Feature","properties":{"NAME":"Russia"},"geometry":{"type":"MultiPolygon","coordinates":[[[[145.8815,43.4595],[145.8956,43.4545],[145.9139,43.4554],[145.9312,43.457],[145.9411,43.4455],[145.9436,43.4265],[145.9312,43.4256],[145.9072,43.4223],[145.8939,43.4198],[145.8865,43.4331],[145.8815,43.4438],[145.8691,43.4504],[145.8691,43.4579],[145.8815,43.4595]]],[[[146.3588,43.6254],[146.3323,43.6199],[146.2882,43.6254],[146.2738,43.6298],[146.2837,43.6386],[146.3102,43.6519],[146.3333,43.6475],[146.3498,43.6441],[146.3588,43.6254]]],[[[146.0456,43.4093],[146.0323,43.4071],[146.028,43.4204],[146.0489,43.4336],[146.0886,43.449],[146.1008,43.4402],[146.0863,43.4292],[146.0699,43.4215],[146.0456,43.4093]]],[[[137.1786,55.1004],[137.0553,54.9268],[136.9694,54.924],[136.9027,54.9606],[136.7651,54.946],[136.7146,54.9562],[136.7953,55.0094],[136.9957,55.0927],[137.0775,55.0917],[137.1561,55.1078],[137.1786,55.1004]]],[[[150.5899,59.0187],[150.5111,59.0074],[150.4718,59.0348],[150.4702,59.0541],[150.5925,59.0972],[150.6662,59.1602],[150.7127,59.1225],[150.7277,59.0952],[150.5899,59.0187]]],[[[120.2613,73.0898],[120.0079,73.0449],[119.7921,73.0454],[119.6404,73.1243],[119.7619,73.1555],[119.9645,73.1677],[120.0785,73.1567],[120.2368,73.1073],[120.2613,73.0898]]],[[[124.543,73.8501],[124.4817,73.8479],[124.3664,73.8746],[124.3357,73.9103],[124.3365,73.9284],[124.4297,73.943],[124.5477,73.9338],[124.6369,73.9004],[124.6529,73.888],[124.543,73.8501]]],[[[106.2704,78.2062],[106.1511,78.1986],[106.0236,78.2201],[106.0584,78.2646],[106.3506,78.2726],[106.4568,78.34],[106.6404,78.3362],[106.6912,78.3166],[106.7196,78.2942],[106.7189,78.265],[106.6791,78.265],[106.5047,78.2617],[106.4725,78.245],[106.2704,78.2062]]],[[[107.4147,77.2427],[107.3022,77.2415],[107.2695,77.289],[107.3664,77.3466],[107.4864,77.3471],[107.5937,77.33],[107.6293,77.3197],[107.6646,77.2998],[107.6795,77.2683],[107.4147,77.2427]]],[[[97.5884,76.5994],[97.5353,76.5844],[97.4304,76.5907],[97.3417,76.6289],[97.3104,76.6896],[97.3816,76.7067],[97.5884,76.5994]]],[[[96.8539,76.1992],[96.7979,76.1884],[96.7545,76.1958],[96.7394,76.2069],[96.7402,76.2579],[96.8329,76.3242],[96.8353,76.3448],[96.8779,76.3552],[96.9902,76.3434],[97.0453,76.3154],[97.053,76.3026],[96.9742,76.2365],[96.8539,76.1992]]],[[[100.1359,79.6142],[99.9154,79.6016],[99.9423,79.6714],[99.9558,79.6903],[100.0684,79.701],[100.1415,79.6837],[100.3003,79.6703],[100.1359,79.6142]]],[[[76.7561,73.4458],[76.6594,73.4395],[76.2345,73.4762],[76.0831,73.5235],[76.1396,73.5543],[76.2507,73.5553],[76.7561,73.4458]]],[[[82.71,74.0909],[82.6128,74.0564],[82.4781,74.0758],[82.3815,74.0992],[82.3294,74.1311],[82.3824,74.1493],[82.5256,74.1614],[82.611,74.1485],[82.689,74.1112],[82.71,74.0909]]],[[[84.759,74.4594],[84.7104,74.3998],[84.4289,74.4303],[84.3895,74.4544],[84.5403,74.4904],[84.6799,74.5124],[84.8729,74.5155],[84.759,74.4594]]],[[[86.6531,74.9813],[86.7371,74.963],[87.0006,74.9919],[87.0521,74.9826],[87.1243,74.9399],[87.0117,74.8619],[86.9271,74.8308],[86.692,74.8483],[86.3905,74.8509],[86.2586,74.8935],[86.3307,74.939],[86.5045,74.966],[86.6055,74.9928],[86.6531,74.9813]]],[[[59.3131,81.3052],[59.097,81.2923],[58.719,81.3135],[58.6102,81.3373],[58.6345,81.3604],[58.8806,81.3918],[59.075,81.3977],[59.2809,81.3661],[59.3746,81.325],[59.3131,81.3052]]],[[[-179.7985,68.9404],[-179.5954,68.9065],[-179.5145,68.9171],[-179.4709,68.9124],[-179.356,68.853],[-179.2793,68.8252],[-178.8739,68.7541],[-178.6893,68.6751],[-178.5385,68.5856],[-178.6137,68.6031],[-178.7515,68.6604],[-178.7365,68.593],[-178.6926,68.546],[-178.4739,68.5018],[-178.2445,68.4667],[-178.0975,68.4248],[-178.0487,68.3884],[-178.0187,68.3228],[-178.0558,68.2649],[-177.9224,68.2865],[-177.7968,68.338],[-177.8618,68.3782],[-178.2845,68.5186],[-178.373,68.5657],[-178.2499,68.5414],[-177.6832,68.3628],[-177.5272,68.2944],[-177.5932,68.2812],[-177.6394,68.2412],[-177.5892,68.2242],[-177.5209,68.2369],[-177.4075,68.2452],[-177.2974,68.2225],[-177.1718,68.1747],[-176.9073,68.1191],[-175.3452,67.6781],[-175.3099,67.6021],[-175.2659,67.5665],[-175.2396,67.5211],[-175.2325,67.4467],[-175.3747,67.3574],[-175.1551,67.3654],[-175.1228,67.377],[-175.0656,67.4134],[-175.0027,67.4375],[-174.9181,67.4076],[-174.8499,67.3489],[-174.8699,67.2685],[-174.9304,67.2035],[-174.9381,67.093],[-174.8851,67.0002],[-174.8287,66.9614],[-174.7836,66.9168],[-174.7712,66.7843],[-174.8701,66.7249],[-174.9249,66.6231],[-174.8643,66.6131],[-174.6747,66.6034],[-174.6125,66.5854],[-174.5038,66.5379],[-174.4777,66.4922],[-174.4538,66.4299],[-174.4187,66.372],[-174.3941,66.3442],[-174.3661,66.3483],[-174.257,66.4285],[-174.206,66.4523],[-174.0848,66.4731],[-174.0177,66.3825],[-174.065,66.2296],[-174.0254,66.2297],[-173.9945,66.2458],[-173.9555,66.2868],[-173.9,66.3105],[-173.832,66.3661],[-173.774,66.4347],[-173.8425,66.4883],[-173.9209,66.5218],[-174.1019,66.5406],[-174.1963,66.5807],[-174.2316,66.6319],[-174.1396,66.6526],[-174.0606,66.6898],[-174.0055,66.7786],[-174.0188,66.8274],[-174.041,66.8755],[-174.0864,66.9429],[-174.1543,66.982],[-174.2835,67.0016],[-174.3418,67.0397],[-174.4309,67.0376],[-174.5189,67.0491],[-174.5545,67.063],[-174.5501,67.0906],[-174.4476,67.1031],[-173.884,67.1064],[-173.6797,67.1448],[-173.5866,67.1328],[-173.494,67.1052],[-173.1578,67.0691],[-173.1676,67.0522],[-173.2242,67.0351],[-173.3235,66.9548],[-173.3431,66.9092],[-173.3474,66.8514],[-173.2589,66.8401],[-173.1754,66.8646],[-173.2162,66.9112],[-173.2283,66.9686],[-173.193,66.9936],[-173.1468,66.999],[-173.0585,66.9559],[-172.9626,66.9421],[-172.6406,66.925],[-172.5494,66.9305],[-172.5201,66.9525],[-172.583,66.9778],[-173.0019,67.034],[-173.0075,67.0649],[-172.621,67.0268],[-172.4473,66.9917],[-172.2739,66.9656],[-172.0315,66.9733],[-171.7956,66.9317],[-171.5696,66.8187],[-171.3605,66.6768],[-171.1493,66.5927],[-170.9267,66.5297],[-170.5557,66.3572],[-170.5095,66.3437],[-170.4731,66.3203],[-170.5428,66.2911],[-170.6044,66.2489],[-170.4833,66.2781],[-170.3611,66.2979],[-170.3012,66.294],[-170.247,66.2719],[-170.2116,66.2364],[-170.1919,66.2013],[-170.2439,66.1693],[-169.8888,66.1635],[-169.7779,66.1431],[-169.7292,66.0581],[-169.8317,65.9989],[-169.8917,66.0061],[-169.9493,66.031],[-170.0038,66.0335],[-170.1594,66.0081],[-170.401,65.9285],[-170.5407,65.8654],[-170.563,65.8236],[-170.5414,65.7103],[-170.561,65.6562],[-170.6663,65.6215],[-170.8969,65.6426],[-171.0015,65.6649],[-171.119,65.695],[-171.232,65.7369],[-171.3769,65.804],[-171.4215,65.8104],[-171.4512,65.7942],[-171.4017,65.7518],[-171.3032,65.6985],[-171.1344,65.6281],[-171.0542,65.55],[-171.1059,65.511],[-171.17,65.5021],[-171.216,65.5028],[-171.3638,65.5272],[-171.4663,65.5331],[-171.7904,65.5104],[-171.9071,65.4959],[-171.9472,65.508],[-171.9572,65.5421],[-172.1315,65.5669],[-172.2339,65.5705],[-172.2823,65.5823],[-172.3223,65.6175],[-172.4357,65.6696],[-172.6077,65.69],[-172.7192,65.6924],[-172.7833,65.6811],[-172.5565,65.612],[-172.354,65.496],[-172.392,65.4746],[-172.4178,65.4496],[-172.3057,65.4478],[-172.2328,65.4557],[-172.2116,65.4252],[-172.2699,65.3027],[-172.3093,65.2756],[-172.6619,65.2485],[-172.5731,65.2282],[-172.4821,65.2219],[-172.3787,65.2267],[-172.286,65.2057],[-172.2237,65.1287],[-172.2132,65.0481],[-172.3043,65.0021],[-172.3987,64.9647],[-172.5928,64.908],[-172.7925,64.8829],[-172.8974,64.8892],[-172.9991,64.8766],[-173.0662,64.8472],[-173.0858,64.8173],[-172.998,64.8371],[-172.8969,64.8261],[-172.8011,64.7905],[-172.8116,64.7612],[-172.9026,64.7292],[-172.924,64.7049],[-172.8891,64.664],[-172.9009,64.6289],[-172.8542,64.6099],[-172.7469,64.6033],[-172.6161,64.5779],[-172.4874,64.5442],[-172.4366,64.5153],[-172.3938,64.4747],[-172.3788,64.4315],[-172.4015,64.4139],[-172.6947,64.4071],[-172.7392,64.4123],[-172.756,64.46],[-172.7915,64.4989],[-172.9032,64.5261],[-172.949,64.5074],[-172.9159,64.3694],[-172.9601,64.3277],[-173.0091,64.2975],[-173.1574,64.2797],[-173.2755,64.2896],[-173.3757,64.3549],[-173.3755,64.4104],[-173.3092,64.4427],[-173.3093,64.4875],[-173.3275,64.5396],[-173.3957,64.479],[-173.475,64.4286],[-173.6036,64.3655],[-173.666,64.3573],[-173.7297,64.3645],[-173.8979,64.4097],[-174.0014,64.449],[-174.2048,64.5778],[-174.318,64.6376],[-174.5706,64.7178],[-174.8305,64.776],[-175.036,64.8137],[-175.1458,64.8093],[-175.2559,64.794],[-175.3951,64.8024],[-175.4421,64.8167],[-175.4832,64.8486],[-175.5207,64.8671],[-175.7159,64.9461],[-175.8539,65.0108],[-175.8595,65.0542],[-175.8302,65.1055],[-175.8562,65.2328],[-175.9229,65.3525],[-176.0933,65.471],[-176.5475,65.5476],[-176.9221,65.6014],[-177.0563,65.6136],[-177.1752,65.6017],[-177.4888,65.5037],[-177.6986,65.4897],[-178.3102,65.4849],[-178.4125,65.4956],[-178.5046,65.5372],[-178.5259,65.593],[-178.4993,65.6966],[-178.5023,65.7404],[-178.5262,65.7552],[-178.5585,65.754],[-178.6791,65.7954],[-178.7911,65.8647],[-178.8793,65.9365],[-178.9391,66.0328],[-178.8583,66.0375],[-178.7467,66.0137],[-178.7306,66.0373],[-178.6938,66.1242],[-178.6163,66.166],[-178.5865,66.1984],[-178.5341,66.3166],[-178.5266,66.4016],[-178.6158,66.3552],[-178.7528,66.2373],[-178.8209,66.2027],[-178.8681,66.1871],[-178.9155,66.1799],[-179.0261,66.2035],[-179.1051,66.2319],[-179.1069,66.3461],[-179.1434,66.375],[-179.1784,66.3533],[-179.1927,66.3125],[-179.2932,66.3051],[-179.3401,66.2875],[-179.3162,66.2198],[-179.3272,66.1626],[-179.4227,66.1411],[-179.6162,66.1279],[-179.6833,66.1841],[-179.7409,66.1058],[-179.7836,66.018],[-179.7897,65.9009],[-179.7283,65.8038],[-179.6406,65.7576],[-179.4491,65.6878],[-179.366,65.6386],[-179.3444,65.5752],[-179.3521,65.5167],[-179.4517,65.4453],[-179.5193,65.3863],[-179.6352,65.2441],[-179.7046,65.1872],[-180.0,65.0672],[-180.0,65.312],[-180.0,65.5568],[-180.0,65.8016],[-180.0,66.0463],[-180.0,66.2911],[-180.0,66.5358],[-180.0,66.7806],[-180.0,67.0253],[-180.0,67.2701],[-180.0,67.5148],[-180.0,67.7596],[-180.0,68.0044],[-180.0,68.2491],[-180.0,68.4939],[-180.0,68.7387],[-180.0,68.9834],[-179.7985,68.9404]]],[[[130.6873,42.3025],[130.658,42.3278],[130.6516,42.3725],[130.618,42.4156],[130.5541,42.4747],[130.527,42.5354],[130.5845,42.5673],[130.5766,42.6232],[130.5206,42.6743],[130.4393,42.6855],[130.4199,42.6999],[130.4248,42.7271],[130.4527,42.7554],[130.493,42.7791],[130.5772,42.8116],[130.7225,42.8358],[130.8033,42.8568],[130.8686,42.8633],[130.9429,42.8518],[131.0056,42.8831],[131.0686,42.9022],[131.0835,42.9563],[131.0861,43.0381],[131.109,43.0625],[131.1355,43.0976],[131.1756,43.1422],[131.2119,43.2578],[131.2394,43.3376],[131.2573,43.3781],[131.2618,43.4331],[131.2439,43.469],[131.2092,43.4904],[131.1824,43.5056],[131.1801,43.5671],[131.1836,43.6509],[131.1742,43.7047],[131.2133,44.0029],[131.2553,44.0716],[131.1258,44.4692],[131.0869,44.5957],[131.0606,44.6597],[131.0039,44.7532],[130.9678,44.8],[130.9816,44.8443],[131.033,44.8889],[131.0823,44.91],[131.2279,44.9202],[131.2683,44.9361],[131.4469,44.984],[131.4875,45.0131],[131.5787,45.0836],[131.614,45.1366],[131.654,45.2054],[131.7421,45.2426],[131.7949,45.3053],[131.8519,45.3269],[131.9093,45.2737],[131.9775,45.244],[132.0674,45.226],[132.1813,45.2033],[132.363,45.16],[132.549,45.1228],[132.6656,45.0937],[132.7231,45.0806],[132.8387,45.0611],[132.8888,45.046],[132.936,45.0299],[133.0117,45.0746],[133.1135,45.1307],[133.0969,45.2205],[133.1134,45.3214],[133.186,45.4948],[133.267,45.5453],[133.3096,45.5531],[133.3555,45.5722],[133.4364,45.6047],[133.4656,45.6512],[133.4491,45.7051],[133.4758,45.7577],[133.4847,45.8104],[133.5131,45.8788],[133.5512,45.8978],[133.608,45.9203],[133.6479,45.9552],[133.6857,46.0089],[133.7111,46.0696],[133.7007,46.1397],[133.7502,46.1859],[133.8328,46.2243],[133.8613,46.2478],[133.8748,46.3091],[133.8803,46.336],[133.9027,46.3669],[133.8867,46.4306],[133.8666,46.4991],[133.9575,46.6143],[134.0227,46.7132],[134.0386,46.8582],[134.046,46.882],[134.0714,46.9508],[134.0864,46.9781],[134.1369,47.069],[134.2021,47.1281],[134.1893,47.1942],[134.163,47.2587],[134.1677,47.3022],[134.2252,47.3526],[134.2601,47.3777],[134.2908,47.4136],[134.3395,47.4295],[134.3825,47.4382],[134.4835,47.4474],[134.5419,47.4852],[134.5962,47.5239],[134.6958,47.6249],[134.7281,47.6845],[134.7523,47.7154],[134.6986,47.8014],[134.6503,47.8743],[134.5913,47.9752],[134.566,48.0225],[134.6054,48.0829],[134.6473,48.1202],[134.6693,48.1533],[134.6809,48.2104],[134.6652,48.2539],[134.5636,48.3217],[134.4562,48.3553],[134.335,48.3688],[134.2934,48.3734],[134.2059,48.3599],[133.8422,48.2737],[133.6718,48.2077],[133.5732,48.133],[133.4684,48.0972],[133.3012,48.1015],[133.144,48.1057],[133.0201,48.0644],[132.8771,47.9791],[132.7729,47.9401],[132.7072,47.9473],[132.6369,47.8901],[132.5619,47.7685],[132.4763,47.715],[132.3802,47.7295],[132.1498,47.718],[131.7853,47.6805],[131.5567,47.682],[131.4643,47.7226],[131.3193,47.7278],[131.1219,47.6977],[131.0027,47.6915],[130.9619,47.7093],[130.9328,47.7598],[130.9154,47.8429],[130.8486,47.9294],[130.7326,48.0192],[130.7121,48.1276],[130.7872,48.2546],[130.8043,48.3415],[130.7635,48.3884],[130.7469,48.4304],[130.6592,48.4834],[130.5973,48.5747],[130.5521,48.6025],[130.5656,48.6801],[130.6172,48.7732],[130.5531,48.8612],[130.3553,48.8664],[130.196,48.8916],[130.0371,48.9723],[129.7926,49.1989],[129.6711,49.2785],[129.5914,49.2867],[129.5337,49.3234],[129.4981,49.3888],[129.4407,49.3895],[129.3847,49.3895],[129.3501,49.3624],[129.3099,49.3539],[129.2484,49.3787],[129.1852,49.3814],[129.1201,49.3621],[129.0651,49.3747],[129.0203,49.4192],[128.9383,49.4489],[128.8193,49.4638],[128.7703,49.4947],[128.791,49.5418],[128.769,49.577],[128.704,49.6001],[128.5268,49.5942],[128.2371,49.5593],[127.9996,49.5686],[127.8143,49.6221],[127.7111,49.6715],[127.6901,49.7167],[127.6367,49.7602],[127.5508,49.8018],[127.5024,49.8734],[127.4918,49.975],[127.5123,50.0717],[127.5902,50.209],[127.3953,50.2986],[127.3372,50.3501],[127.3512,50.3936],[127.3408,50.4281],[127.3061,50.4535],[127.3082,50.4942],[127.3472,50.5501],[127.3469,50.6213],[127.307,50.708],[127.1982,50.8294],[127.0204,50.9859],[126.9248,51.1001],[126.9115,51.1723],[126.8877,51.2301],[126.8544,51.2614],[126.8338,51.3149],[126.8478,51.3742],[126.8273,51.4123],[126.8018,51.448],[126.8055,51.5057],[126.7745,51.5451],[126.7092,51.5663],[126.6887,51.6099],[126.7008,51.703],[126.6537,51.7813],[126.5105,51.9258],[126.4681,52.0313],[126.4556,52.1265],[126.3948,52.173],[126.3915,52.2145],[126.3835,52.2865],[126.3463,52.3062],[126.3242,52.3316],[126.3417,52.362],[126.3129,52.3998],[126.2376,52.4448],[126.2029,52.4838],[126.1944,52.5191],[126.1566,52.5466],[126.0459,52.5733],[126.016,52.6102],[126.0232,52.643],[126.0471,52.6735],[126.0602,52.692],[126.0561,52.7159],[126.0481,52.7395],[126.0043,52.7679],[125.9416,52.8007],[125.8719,52.8715],[125.7828,52.8907],[125.7281,52.8907],[125.6808,52.9308],[125.6953,52.9563],[125.6917,53.0037],[125.649,53.0423],[125.596,53.0575],[125.546,53.0476],[125.4225,53.0837],[125.2256,53.1658],[125.075,53.2037],[124.9709,53.1973],[124.9066,53.1727],[124.8821,53.1297],[124.8123,53.1338],[124.6398,53.2106],[124.4659,53.2296],[124.3691,53.2709],[124.2914,53.3409],[124.2199,53.3701],[124.1543,53.3587],[123.9947,53.4056],[123.7409,53.511],[123.6078,53.5465],[123.5598,53.5267],[123.5348,53.5265],[123.4895,53.5294],[123.424,53.5308],[123.3096,53.5556],[123.1541,53.5446],[122.9576,53.4977],[122.7447,53.4685],[122.5158,53.457],[122.3802,53.4625],[122.3378,53.485],[122.0889,53.4515],[121.7439,53.3836],[121.4055,53.317],[120.9854,53.2846],[120.7041,53.1718],[120.4213,52.9681],[120.2182,52.8399],[120.0945,52.7872],[120.0443,52.7182],[120.0676,52.6329],[120.1728,52.6025],[120.3601,52.627],[120.5211,52.615],[120.6562,52.5667],[120.6992,52.4936],[120.6504,52.3959],[120.6654,52.2999],[120.7445,52.2055],[120.7498,52.0965],[120.6814,51.973],[120.5105,51.8485],[120.237,51.723],[120.0669,51.6007],[119.967,51.4221],[119.8132,51.267],[119.7566,51.1795],[119.746,51.1077],[119.685,51.0301],[119.5734,50.9468],[119.5123,50.8631],[119.5018,50.7792],[119.4457,50.7028],[119.344,50.6339],[119.2807,50.561],[119.2559,50.4842],[119.2167,50.4325],[119.1637,50.406],[119.1919,50.3798],[119.3016,50.3539],[119.3463,50.279],[119.3261,50.1549],[119.2599,50.0664],[119.1475,50.0134],[118.9795,49.9789],[118.756,49.9628],[118.4516,49.8445],[118.1866,49.6928],[117.8734,49.5135],[117.8126,49.5135],[117.6984,49.5358],[117.4771,49.6094],[117.2456,49.6249],[117.0217,49.693],[116.889,49.7378],[116.6833,49.8238],[116.6315,49.8771],[116.5512,49.9203],[116.3512,49.9781],[116.2168,50.0093],[116.1346,50.0108],[115.926,49.9521],[115.7952,49.9059],[115.7178,49.8806],[115.588,49.886],[115.4292,49.8965],[115.365,49.9118],[115.2745,49.9489],[115.098,50.0594],[115.0033,50.1386],[114.8796,50.1831],[114.7432,50.2337],[114.6749,50.2457],[114.554,50.2415],[114.3863,50.2555],[114.2971,50.2744],[114.2218,50.2573],[114.0707,50.2047],[113.8812,50.1011],[113.7324,50.0615],[113.5742,50.007],[113.4455,49.9416],[113.319,49.8743],[113.1642,49.7972],[113.0921,49.6925],[113.0556,49.6163],[112.9148,49.5692],[112.8064,49.5236],[112.6974,49.5073],[112.4949,49.5323],[112.3752,49.5146],[112.0797,49.4242],[111.9345,49.416],[111.8334,49.4036],[111.7355,49.3978],[111.5748,49.3764],[111.5119,49.3609],[111.4293,49.3426],[111.3366,49.3559],[111.2042,49.3043],[110.8279,49.1662],[110.7098,49.143],[110.6311,49.1376],[110.5296,49.1871],[110.4278,49.22],[110.3214,49.2159],[110.1999,49.1704],[109.9945,49.2056],[109.7504,49.2393],[109.5287,49.2699],[109.4537,49.2963],[109.2367,49.3349],[108.9199,49.3354],[108.733,49.3356],[108.6137,49.3228],[108.5225,49.3415],[108.4069,49.3964],[108.2131,49.5248],[108.098,49.5626],[108.0338,49.594],[108.0096,49.6469],[107.9654,49.6535],[107.9367,49.691],[107.9388,49.7407],[107.9349,49.849],[107.9479,49.9247],[107.9166,49.9478],[107.7868,49.96],[107.631,49.9831],[107.3471,49.9867],[107.2333,49.9894],[107.1431,50.033],[107.0402,50.0865],[106.9413,50.1967],[106.8537,50.2483],[106.7111,50.3126],[106.5744,50.3288],[106.3685,50.3176],[106.2179,50.3046],[106.0825,50.3326],[105.9965,50.3679],[105.8752,50.4054],[105.6926,50.4142],[105.5416,50.4413],[105.3836,50.4737],[105.2667,50.4605],[105.1859,50.4296],[105.0947,50.3899],[104.977,50.3829],[104.6854,50.3418],[104.5964,50.3172],[104.4663,50.3062],[104.3539,50.2753],[104.26,50.2145],[104.1797,50.1694],[104.0787,50.1542],[103.9585,50.1573],[103.8562,50.1718],[103.8026,50.1761],[103.7232,50.1539],[103.6329,50.1386],[103.4963,50.1649],[103.4212,50.1871],[103.3044,50.2003],[103.2338,50.2643],[103.1617,50.2907],[103.0395,50.3006],[102.8597,50.3333],[102.7654,50.3666],[102.6833,50.3872],[102.5463,50.4613],[102.4694,50.5257],[102.4068,50.5362],[102.3364,50.5442],[102.2884,50.5851],[102.2857,50.6347],[102.3033,50.6655],[102.3166,50.7185],[102.2766,50.7687],[102.2351,50.7912],[102.215,50.8294],[102.2262,50.9015],[102.2103,50.9743],[102.1945,51.0507],[102.152,51.1075],[102.1424,51.2161],[102.1601,51.2608],[102.1557,51.3138],[102.1115,51.3535],[101.9792,51.3822],[101.8212,51.421],[101.5709,51.4672],[101.4644,51.4715],[101.3812,51.4526],[101.3045,51.4748],[101.2232,51.5133],[101.0854,51.553],[100.9036,51.6042],[100.7107,51.6616],[100.5362,51.7135],[100.4689,51.7261],[100.2304,51.7298],[100.0346,51.7371],[99.9217,51.7555],[99.7879,51.8275],[99.7192,51.8716],[99.6129,51.8925],[99.5323,51.8999],[99.407,51.9235],[99.1762,51.9989],[99.0914,52.0349],[99.0343,52.0354],[98.9581,52.1017],[98.8932,52.1173],[98.8486,52.0701],[98.8025,51.9575],[98.7602,51.9051],[98.6405,51.8012],[98.3527,51.7176],[98.3031,51.6743],[98.2769,51.6346],[98.2375,51.5784],[98.2199,51.5056],[98.1847,51.4857],[98.1031,51.4835],[98.0376,51.45],[97.9892,51.3771],[97.9469,51.3484],[97.9232,51.2805],[97.9273,51.2507],[97.9179,51.2179],[97.9108,51.1652],[97.8357,51.0517],[97.8253,50.9853],[97.8562,50.9434],[97.9198,50.8872],[97.9531,50.8552],[97.9642,50.8177],[97.9619,50.7691],[98.0012,50.7021],[98.0298,50.6446],[98.0789,50.6038],[98.145,50.5686],[98.2205,50.5572],[98.2795,50.5333],[98.2927,50.487],[98.2773,50.423],[98.2503,50.3024],[98.2,50.2277],[98.1701,50.1806],[98.122,50.1066],[98.1034,50.0778],[98.0039,50.0143],[97.9366,49.9968],[97.8539,49.9468],[97.7855,49.9445],[97.7207,49.9446],[97.651,49.9336],[97.5894,49.9115],[97.5408,49.8431],[97.4184,49.773],[97.3598,49.7415],[97.2086,49.7308],[97.1369,49.7617],[97.0977,49.805],[97.0491,49.8299],[96.9857,49.8828],[96.7117,49.9116],[96.6402,49.8979],[96.5984,49.8784],[96.5433,49.8925],[96.5058,49.9187],[96.4664,49.9115],[96.3812,49.896],[96.315,49.9011],[96.2297,49.9541],[96.1117,49.9825],[96.0655,49.9987],[96.0186,49.9988],[95.9896,49.9736],[95.9357,49.96],[95.8994,49.9906],[95.852,50.0129],[95.7894,50.0125],[95.7078,49.966],[95.5672,49.9438],[95.5227,49.9112],[95.4418,49.9155],[95.3856,49.9412],[95.3295,49.9441],[95.1662,49.9438],[95.1114,49.9354],[95.0443,49.9616],[95.0129,50.0083],[94.9303,50.0438],[94.8112,50.0482],[94.7181,50.0433],[94.6755,50.0281],[94.6147,50.0237],[94.5646,50.0879],[94.4969,50.1328],[94.4585,50.1657],[94.4002,50.1796],[94.3547,50.2218],[94.3469,50.3034],[94.3193,50.4049],[94.287,50.5114],[94.2511,50.5564],[94.0758,50.5729],[93.9898,50.5688],[93.7954,50.5776],[93.662,50.5837],[93.6256,50.5855],[93.5011,50.5975],[93.3868,50.6085],[93.2705,50.6156],[93.2226,50.6065],[93.1031,50.6039],[93.0099,50.6545],[92.9707,50.7125],[92.9636,50.7449],[92.9413,50.7782],[92.8564,50.7891],[92.7793,50.7787],[92.7387,50.7109],[92.6813,50.6832],[92.6267,50.6883],[92.5789,50.7254],[92.4864,50.7651],[92.4264,50.8031],[92.3548,50.8642],[92.2958,50.8498],[92.279,50.8122],[92.2653,50.7752],[92.1924,50.7006],[92.104,50.692],[91.9565,50.6976],[91.8043,50.6936],[91.7063,50.6655],[91.6342,50.6151],[91.5969,50.5755],[91.5217,50.562],[91.4465,50.5222],[91.415,50.468],[91.3408,50.4701],[91.3006,50.4634],[91.2338,50.4524],[91.0628,50.4226],[91.0216,50.4155],[90.9172,50.3642],[90.8381,50.3237],[90.7607,50.306],[90.7144,50.2594],[90.6551,50.2224],[90.5169,50.2133],[90.3648,50.1669],[90.3113,50.1512],[90.2245,50.1167],[90.1037,50.1033],[90.0537,50.0938],[90.005,50.0693],[89.9773,49.9843],[89.878,49.9535],[89.7442,49.9481],[89.6438,49.903],[89.6343,49.8233],[89.6695,49.7505],[89.6541,49.7175],[89.5792,49.6997],[89.475,49.6605],[89.3956,49.6115],[89.2992,49.6111],[89.2439,49.6271],[89.2029,49.5957],[89.18,49.5322],[89.1095,49.5014],[89.0084,49.4728],[88.9706,49.4837],[88.9454,49.5077],[88.9002,49.5397],[88.8639,49.5276],[88.8604,49.4815],[88.8316,49.4484],[88.7479,49.4462],[88.6827,49.4646],[88.6332,49.4861],[88.5443,49.4826],[88.4524,49.4727],[88.3934,49.4829],[88.3378,49.4726],[88.1926,49.4517],[88.1355,49.3815],[88.1343,49.2984],[88.1157,49.2563],[88.0285,49.2198],[87.9881,49.1869],[87.9348,49.1646],[87.8183,49.1621],[87.8143,49.1623],[87.7625,49.1658],[87.6684,49.1472],[87.5766,49.1324],[87.5158,49.1224],[87.4762,49.0915],[87.4167,49.0766],[87.3229,49.0858],[87.2969,49.1477],[87.2337,49.2162],[87.148,49.2398],[87.0706,49.2546],[87.001,49.2873],[86.9529,49.3221],[86.8121,49.4879],[86.7144,49.5586],[86.6265,49.5627],[86.6143,49.6097],[86.6653,49.6567],[86.7307,49.6956],[86.7287,49.7487],[86.6755,49.7773],[86.6102,49.7691],[86.5223,49.7078],[86.418,49.6385],[86.2924,49.5875],[86.2422,49.5463],[86.1809,49.4993],[86.093,49.5055],[86.0296,49.5034],[85.9744,49.4993],[85.9336,49.5504],[85.8805,49.5565],[85.4984,49.6054],[85.3716,49.6239],[85.2919,49.5995],[85.2326,49.6158],[85.2102,49.6648],[85.1365,49.7507],[85.0765,49.8216],[85.0008,49.8941],[84.9752,49.9511],[84.9997,50.0103],[84.9895,50.0614],[84.924,50.088],[84.839,50.0913],[84.6073,50.2024],[84.499,50.2188],[84.401,50.2392],[84.3232,50.2392],[84.2578,50.2882],[84.1945,50.4375],[84.176,50.5206],[84.0993,50.6047],[84.0023,50.6769],[83.9451,50.7747],[83.8598,50.818],[83.7178,50.8872],[83.5814,50.9357],[83.3573,50.9946],[83.2737,50.9946],[83.1603,50.9892],[83.0928,50.9606],[83.0192,50.8973],[82.919,50.8931],[82.7608,50.8934],[82.7186,50.8695],[82.693,50.8263],[82.6117,50.7715],[82.4939,50.7276],[82.3264,50.7419],[82.2119,50.7194],[82.098,50.7108],[81.9337,50.7664],[81.7521,50.7644],[81.6339,50.7391],[81.4659,50.7398],[81.4314,50.7711],[81.4516,50.8237],[81.4377,50.871],[81.4102,50.9098],[81.3883,50.9565],[81.3191,50.9664],[81.1246,50.9463],[81.0715,50.9688],[81.0775,51.0149],[81.1124,51.0724],[81.141,51.1466],[81.1272,51.1911],[81.0268,51.1857],[80.9656,51.1898],[80.9341,51.2428],[80.8773,51.2814],[80.8131,51.2835],[80.7353,51.2934],[80.6505,51.2773],[80.6055,51.2242],[80.5507,51.2166],[80.491,51.2018],[80.448,51.1833],[80.4215,51.1364],[80.4336,51.0926],[80.4522,50.9976],[80.4236,50.9463],[80.3452,50.9191],[80.2704,50.9246],[80.2202,50.9118],[80.1272,50.8584],[80.0863,50.84],[80.0721,50.8073],[80.0659,50.7582],[79.9862,50.7746],[79.8597,50.9555],[79.7164,51.16],[79.5543,51.378],[79.4688,51.4931],[79.1487,51.8681],[78.9921,52.0474],[78.7215,52.357],[78.4755,52.6384],[78.198,52.9297],[78.0335,53.095],[77.86,53.2692],[77.7994,53.3174],[77.7044,53.3792],[77.4692,53.4988],[77.1324,53.6701],[76.8207,53.8227],[76.5757,53.9425],[76.5131,53.9932],[76.4848,54.0226],[76.4586,54.0553],[76.4221,54.1135],[76.4217,54.1515],[76.6546,54.1453],[76.703,54.1825],[76.789,54.3219],[76.8373,54.4424],[76.7594,54.4369],[76.6155,54.3871],[76.5392,54.3511],[76.4965,54.3357],[76.2666,54.312],[76.1405,54.2585],[75.8807,54.168],[75.6929,54.1148],[75.6568,54.106],[75.4372,54.0896],[75.3981,54.0685],[75.3924,54.0217],[75.3771,53.9701],[75.2202,53.8938],[75.0521,53.8267],[74.989,53.8192],[74.8868,53.834],[74.8342,53.8257],[74.6814,53.7544],[74.452,53.6473],[74.4305,53.6037],[74.4293,53.5507],[74.4027,53.5044],[74.3516,53.4876],[74.2773,53.5277],[74.21,53.5765],[74.0687,53.6114],[73.859,53.6197],[73.7312,53.6028],[73.643,53.5763],[73.4699,53.4689],[73.4069,53.4476],[73.3719,53.4544],[73.3619,53.5062],[73.3269,53.5432],[73.2857,53.5984],[73.3057,53.7072],[73.3994,53.8115],[73.5542,53.8683],[73.6789,53.9294],[73.7155,53.9962],[73.7124,54.0424],[73.6664,54.0635],[73.618,54.0674],[73.5899,54.045],[73.5057,53.9993],[73.3807,53.9628],[73.2766,53.9556],[73.2299,53.9578],[73.1193,53.9808],[72.9141,54.1073],[72.741,54.1245],[72.6223,54.1343],[72.5827,54.1216],[72.5643,54.0904],[72.5756,54.0565],[72.5992,54.023],[72.5859,53.9959],[72.5303,53.9758],[72.4468,53.9418],[72.4043,53.9645],[72.383,54.0537],[72.3873,54.123],[72.3295,54.1814],[72.2691,54.2721],[72.186,54.3256],[72.1054,54.3084],[72.0656,54.2316],[72.0045,54.2057],[71.8874,54.2215],[71.6771,54.178],[71.3364,54.1583],[71.0932,54.2122],[71.0527,54.2605],[71.1521,54.3641],[71.1598,54.4554],[71.1592,54.5386],[71.1855,54.5993],[71.1263,54.715],[70.9918,54.9505],[70.9102,55.128],[70.7903,55.2611],[70.7381,55.3052],[70.4863,55.2824],[70.4172,55.2532],[70.3715,55.2123],[70.2934,55.1836],[70.1824,55.1625],[70.0874,55.1768],[69.9817,55.1991],[69.8702,55.2457],[69.7402,55.3074],[69.4933,55.3569],[69.247,55.3725],[68.9772,55.3896],[68.843,55.3584],[68.7129,55.3085],[68.5248,55.2048],[68.4385,55.1944],[68.302,55.1865],[68.2062,55.1609],[68.2253,55.1152],[68.244,55.0524],[68.2094,55.003],[68.1559,54.9767],[68.0738,54.9596],[67.9399,54.9537],[67.8299,54.9436],[67.6934,54.8724],[67.4847,54.8545],[67.2573,54.8288],[67.0983,54.7882],[66.7545,54.7379],[66.5554,54.7154],[66.2227,54.6674],[65.9547,54.6595],[65.9143,54.6933],[65.7078,54.6187],[65.477,54.6233],[65.4344,54.5933],[65.3781,54.5645],[65.3159,54.5516],[65.2374,54.5161],[65.1922,54.4411],[65.1578,54.3644],[65.0884,54.3402],[64.9954,54.3687],[64.9268,54.3966],[64.8093,54.3686],[64.6499,54.3522],[64.5251,54.3622],[64.4612,54.3842],[64.1994,54.3474],[64.0629,54.3029],[64.0374,54.2797],[64.0039,54.2671],[63.8471,54.2365],[63.7212,54.245],[63.7014,54.2432],[63.582,54.2219],[63.4137,54.1832],[63.2927,54.1705],[63.1913,54.171],[63.1266,54.1393],[63.0739,54.1052],[62.6327,54.0693],[62.5883,54.0444],[62.499,54.0132],[62.0402,54.0026],[62.0023,53.9799],[61.9856,53.9544],[61.9287,53.9465],[61.5981,53.9949],[61.3337,54.0493],[61.2311,54.0195],[61.1437,53.9638],[61.1132,53.8825],[61.1132,53.813],[61.1132,53.7535],[61.0735,53.7104],[60.9855,53.6574],[60.9795,53.6217],[61.0985,53.5831],[61.2479,53.551],[61.3361,53.5652],[61.41,53.5871],[61.4741,53.5803],[61.5191,53.5545],[61.535,53.5233],[61.5266,53.5016],[61.4985,53.4847],[61.401,53.4558],[61.3116,53.4657],[61.2289,53.4459],[61.1859,53.4062],[61.1628,53.3368],[61.1992,53.2872],[61.3109,53.2752],[61.4368,53.2394],[61.5762,53.2225],[61.6599,53.2285],[61.7662,53.1739],[62.0146,53.1079],[62.0811,53.0574],[62.0827,53.0054],[62.0371,52.9661],[61.9742,52.9438],[61.8886,52.9559],[61.7193,52.9694],[61.5336,52.9785],[61.4008,52.996],[61.2069,52.9891],[61.0475,52.9725],[61.0065,52.9333],[60.9447,52.8602],[60.8933,52.8194],[60.8023,52.7447],[60.7744,52.6758],[60.8213,52.5698],[60.9795,52.3948],[60.9945,52.3369],[60.9376,52.2806],[60.8284,52.2334],[60.6703,52.1508],[60.4993,52.1463],[60.4255,52.1256],[60.2337,52.0245],[60.0655,51.9765],[60.0303,51.9333],[60.0675,51.8906],[60.2804,51.8346],[60.3875,51.773],[60.4184,51.7039],[60.4647,51.6512],[60.6304,51.6169],[60.9735,51.5371],[60.9934,51.5287],[61.0148,51.4924],[61.3631,51.4419],[61.4113,51.4147],[61.5547,51.3246],[61.5851,51.2297],[61.5122,51.137],[61.465,50.9902],[61.3895,50.861],[61.2269,50.7748],[60.9423,50.6955],[60.638,50.6637],[60.5085,50.6692],[60.4248,50.6791],[60.2881,50.7041],[60.1867,50.7698],[60.1121,50.8342],[60.0586,50.8503],[60.0053,50.8397],[59.9552,50.7993],[59.8878,50.6902],[59.8124,50.582],[59.7512,50.5439],[59.523,50.4929],[59.4979,50.5111],[59.5239,50.5828],[59.4951,50.6043],[59.4523,50.6204],[59.1709,50.6479],[59.0644,50.6682],[58.9849,50.6761],[58.8837,50.6944],[58.8141,50.7372],[58.6646,50.8683],[58.5475,50.971],[58.3592,51.0638],[58.1885,51.0817],[58.1747,51.0723],[58.0451,51.0688],[57.8389,51.0917],[57.8289,51.089],[57.7648,51.0469],[57.717,50.981],[57.6538,50.9251],[57.5578,50.8956],[57.4422,50.8889],[57.3125,50.9465],[57.179,51.036],[57.0117,51.0652],[56.8496,51.0456],[56.7903,51.0316],[56.6202,50.9809],[56.5669,51.0045],[56.4914,51.0195],[56.3256,50.9361],[56.1439,50.8446],[56.1045,50.7763],[56.0497,50.7135],[55.9292,50.6538],[55.7977,50.6021],[55.6862,50.5829],[55.5423,50.6018],[55.3611,50.6653],[55.1952,50.7447],[55.0148,50.8698],[54.868,50.9414],[54.7271,50.9981],[54.6416,51.0116],[54.5729,50.9902],[54.5461,50.946],[54.5656,50.9113],[54.6063,50.8799],[54.6379,50.7811],[54.65,50.6602],[54.6361,50.5916],[54.5962,50.5507],[54.5553,50.5358],[54.5174,50.5412],[54.4715,50.5838],[54.4434,50.6739],[54.4215,50.7803],[54.2979,50.9141],[54.1911,50.9957],[54.1397,51.0408],[54.0415,51.1152],[53.9568,51.1612],[53.7765,51.2137],[53.6881,51.2518],[53.5347,51.3996],[53.4486,51.4445],[53.3381,51.4824],[53.2473,51.4936],[53.2273,51.485],[53.0384,51.4637],[52.9026,51.4669],[52.8205,51.4946],[52.7351,51.4979],[52.7281,51.4981],[52.6352,51.4795],[52.6178,51.4808],[52.5712,51.4816],[52.4962,51.5122],[52.423,51.5942],[52.3311,51.6813],[52.2191,51.7094],[52.0071,51.6727],[51.7754,51.5542],[51.6091,51.484],[51.4734,51.482],[51.396,51.4713],[51.3445,51.4753],[51.3011,51.4974],[51.2907,51.5402],[51.2699,51.5945],[51.1635,51.6475],[51.0179,51.6816],[50.8824,51.7192],[50.7939,51.7292],[50.7562,51.6751],[50.6439,51.5892],[50.5163,51.5056],[50.3537,51.3697],[50.3093,51.3216],[50.2469,51.2895],[50.1049,51.2546],[49.9323,51.1972],[49.8223,51.1319],[49.6663,51.1023],[49.498,51.0836],[49.4246,51.027],[49.3795,50.9347],[49.3234,50.8517],[49.0587,50.7261],[48.9138,50.6446],[48.8084,50.6013],[48.7348,50.6069],[48.6552,50.6199],[48.6251,50.6127],[48.666,50.5503],[48.7005,50.3538],[48.7494,50.2285],[48.7848,50.1564],[48.818,50.0999],[48.8433,50.0131],[48.8103,49.9624],[48.759,49.9283],[48.6,49.8747],[48.4343,49.8285],[48.335,49.8583],[48.2248,49.9319],[48.1813,49.97],[48.0607,50.0936],[47.8496,50.2823],[47.7058,50.378],[47.5996,50.4136],[47.5036,50.4027],[47.4292,50.358],[47.3764,50.3181],[47.3265,50.2735],[47.2947,50.2175],[47.2977,50.1402],[47.2952,50.0585],[47.2483,50.0009],[47.1296,49.9391],[46.992,49.8527],[46.8896,49.697],[46.8231,49.5022],[46.8021,49.3671],[46.8529,49.3039],[46.9534,49.2526],[47.0182,49.1999],[47.0313,49.1503],[47.0143,49.0983],[46.9622,49.0383],[46.8529,48.9696],[46.7026,48.8056],[46.6092,48.5739],[46.6609,48.4123],[46.8531,48.3236],[47.0043,48.2845],[47.0646,48.2325],[47.119,48.127],[47.1115,48.0201],[47.0933,47.9477],[47.1308,47.8768],[47.2021,47.7925],[47.2924,47.7409],[47.3873,47.7687],[47.4819,47.8039],[47.6002,47.79],[47.9347,47.7607],[48.11,47.7454],[48.167,47.7088],[48.2757,47.5899],[48.4131,47.4565],[48.5525,47.321],[48.6007,47.2623],[48.7144,47.1005],[48.8318,46.9549],[48.9594,46.7746],[48.9503,46.7258],[48.8836,46.7054],[48.7764,46.7104],[48.6936,46.7368],[48.6471,46.7587],[48.6053,46.7659],[48.5584,46.7571],[48.5186,46.7343],[48.5023,46.6986],[48.5092,46.65],[48.5412,46.6056],[48.586,46.5771],[48.6102,46.5665],[48.7743,46.508],[48.959,46.4421],[49.1843,46.3488],[49.2322,46.3372],[49.2459,46.2916],[49.1255,46.2817],[49.1106,46.2285],[49.0796,46.1892],[48.81,46.1005],[48.7426,46.1007],[48.6837,46.0862],[48.6873,46.0288],[48.7034,45.9762],[48.7496,45.9206],[48.7296,45.8968],[48.6896,45.8889],[48.6374,45.9058],[48.5891,45.9349],[48.5373,45.9421],[48.487,45.9349],[48.2576,45.7778],[48.1592,45.737],[48.0528,45.721],[47.8302,45.663],[47.764,45.666],[47.7011,45.6862],[47.6498,45.6567],[47.6333,45.584],[47.574,45.6343],[47.5084,45.6742],[47.4794,45.6876],[47.4633,45.6797],[47.5242,45.6017],[47.5295,45.5302],[47.5146,45.4909],[47.4887,45.4551],[47.4545,45.4331],[47.4131,45.421],[47.3911,45.2948],[47.3513,45.2177],[47.2962,45.1495],[47.2215,45.0243],[47.1615,44.9696],[47.1147,44.906],[47.0838,44.817],[47.0393,44.8379],[47.0029,44.8761],[46.9837,44.8256],[46.9574,44.7826],[46.8412,44.7183],[46.7553,44.6565],[46.7161,44.5607],[46.7072,44.5033],[46.7209,44.4517],[46.753,44.4207],[46.9157,44.3872],[47.0236,44.3433],[47.1227,44.2617],[47.2299,44.1924],[47.307,44.1031],[47.3615,43.9934],[47.4292,43.7799],[47.4628,43.555],[47.5626,43.8347],[47.6465,43.8846],[47.6278,43.806],[47.568,43.685],[47.509,43.5097],[47.4898,43.3817],[47.5116,43.2708],[47.5129,43.2188],[47.4632,43.0351],[47.4889,42.9998],[47.529,42.9671],[47.6349,42.9035],[47.7091,42.8109],[47.7277,42.6807],[47.7697,42.6448],[47.8224,42.6135],[48.0802,42.3537],[48.2286,42.181],[48.303,42.0802],[48.3838,41.9534],[48.4264,41.924],[48.4768,41.9051],[48.5729,41.8445],[48.5187,41.7793],[48.4307,41.6633],[48.3914,41.6019],[48.2981,41.545],[48.1423,41.4848],[48.0561,41.4587],[47.9637,41.334],[47.8611,41.2127],[47.791,41.1993],[47.5918,41.2181],[47.5206,41.2291],[47.3177,41.2824],[47.2611,41.3151],[47.2053,41.4556],[47.1426,41.5161],[47.064,41.5547],[47.0102,41.5875],[46.9878,41.6214],[46.9309,41.6704],[46.8256,41.7434],[46.7493,41.8126],[46.6903,41.8313],[46.616,41.8069],[46.5713,41.8001],[46.5521,41.8123],[46.5377,41.8704],[46.4299,41.891],[46.4115,41.9046],[46.2678,41.9604],[46.2127,41.9899],[46.1598,41.992],[46.0484,42.0087],[45.954,42.0354],[45.9104,42.0707],[45.846,42.11],[45.7266,42.1589],[45.6386,42.2051],[45.6343,42.2347],[45.6884,42.3574],[45.7275,42.475],[45.7053,42.4981],[45.6556,42.5177],[45.5629,42.5357],[45.3438,42.5298],[45.2082,42.6482],[45.1603,42.675],[45.0716,42.6941],[44.9434,42.7303],[44.871,42.7564],[44.8505,42.7468],[44.7711,42.6168],[44.6918,42.7096],[44.6443,42.7347],[44.5765,42.7485],[44.5059,42.7486],[44.3295,42.7035],[44.1997,42.6536],[44.1027,42.6164],[44.0047,42.5956],[43.9574,42.5666],[43.826,42.5715],[43.7599,42.5938],[43.7384,42.617],[43.7499,42.6575],[43.7954,42.703],[43.7987,42.7278],[43.7826,42.747],[43.623,42.8077],[43.5578,42.8445],[43.3479,42.8967],[43.0892,42.9891],[43.0002,43.0497],[42.9916,43.0915],[42.89,43.1326],[42.7606,43.1696],[42.6603,43.1591],[42.566,43.1551],[42.419,43.2242],[42.2797,43.2281],[42.1223,43.2073],[42.0878,43.1991],[42.05,43.1901],[41.5806,43.2192],[41.4607,43.2763],[41.3582,43.3334],[41.0831,43.3745],[40.942,43.4181],[40.8017,43.4799],[40.648,43.5339],[40.5189,43.512],[40.3423,43.5427],[40.1502,43.5698],[40.0846,43.5531],[40.0237,43.4849],[39.9783,43.4198],[39.8736,43.4728],[39.5167,43.7279],[39.3294,43.8973],[38.7173,44.2881],[38.6358,44.318],[38.3118,44.3745],[38.1812,44.4197],[37.8515,44.6988],[37.7049,44.6614],[37.5725,44.6709],[37.4951,44.6953],[37.4113,44.7354],[37.3523,44.7884],[37.2841,44.905],[37.2048,44.972],[36.9444,45.0696],[36.6508,45.1265],[36.6276,45.1513],[36.6191,45.1855],[36.873,45.2518],[36.9412,45.2897],[36.811,45.34],[36.7616,45.3483],[36.7204,45.3719],[36.7938,45.4097],[36.8659,45.4271],[36.9778,45.3836],[37.1035,45.3029],[37.2136,45.2723],[37.2643,45.3109],[37.6472,45.3772],[37.6729,45.4297],[37.6719,45.4884],[37.6344,45.4863],[37.61,45.4995],[37.6124,45.5647],[37.6692,45.6541],[37.8409,45.7996],[37.9331,46.0017],[38.0143,46.0478],[38.0738,46.0171],[38.0697,45.9699],[38.0796,45.9348],[38.1328,46.0028],[38.1836,46.0948],[38.3118,46.0954],[38.4004,46.08],[38.4923,46.0905],[38.3152,46.2419],[38.0777,46.3943],[37.9775,46.3829],[37.9139,46.4065],[37.8096,46.5321],[37.7665,46.6361],[37.8674,46.6338],[37.968,46.618],[38.1595,46.6907],[38.23,46.7013],[38.3435,46.6783],[38.501,46.6637],[38.488,46.7322],[38.4387,46.8131],[38.6308,46.873],[38.8011,46.9062],[39.1268,47.0234],[39.2707,47.0441],[39.2891,47.0709],[39.2935,47.1058],[39.2445,47.1995],[39.1957,47.2688],[39.0237,47.2722],[38.9283,47.1757],[38.6682,47.1439],[38.5524,47.1503],[38.6443,47.2122],[38.736,47.2358],[38.7619,47.2616],[38.5772,47.2391],[38.4848,47.1755],[38.2144,47.0915],[38.2059,47.1356],[38.2014,47.1752],[38.2212,47.2127],[38.2653,47.237],[38.2808,47.259],[38.2808,47.2767],[38.241,47.2877],[38.208,47.2965],[38.2014,47.3208],[38.2124,47.3428],[38.2433,47.3737],[38.2565,47.4089],[38.2588,47.4795],[38.2874,47.5592],[38.3688,47.61],[38.5109,47.6224],[38.6406,47.6659],[38.7189,47.7141],[38.8223,47.837],[38.9003,47.8551],[39.0578,47.8485],[39.1585,47.8374],[39.391,47.8337],[39.6585,47.8412],[39.7359,47.8448],[39.7787,47.8875],[39.7758,47.9645],[39.814,48.0353],[39.8851,48.1684],[39.961,48.2379],[39.9579,48.2689],[39.9182,48.2819],[39.8663,48.2884],[39.8475,48.3028],[39.8499,48.3319],[39.8898,48.3604],[39.8826,48.4191],[39.8575,48.4842],[39.8356,48.5428],[39.7654,48.5719],[39.6447,48.5912],[39.6704,48.6625],[39.7046,48.7394],[39.7559,48.7821],[39.7929,48.8077],[39.9041,48.7938],[39.9845,48.8074],[40.0036,48.8221],[39.9892,48.8514],[39.8638,48.878],[39.7533,48.9145],[39.7057,48.9596],[39.6865,49.0079],[39.7595,49.0366],[39.8897,49.0641],[39.9764,49.1298],[40.07,49.2003],[40.1088,49.2516],[40.1283,49.3072],[40.1262,49.3688],[40.0578,49.4315],[40.0578,49.4971],[40.0949,49.5427],[40.0807,49.5769],[40.0307,49.5967],[39.9585,49.5908],[39.8769,49.5677],[39.7806,49.572],[39.6266,49.6507],[39.4628,49.728],[39.3685,49.7307],[39.3029,49.742],[39.246,49.7819],[39.2118,49.8332],[39.1748,49.856],[39.1149,49.8417],[39.0277,49.8184],[38.9184,49.8247],[38.7767,49.8843],[38.6478,49.9529],[38.552,49.9546],[38.4512,49.9641],[38.2586,50.0523],[38.2087,50.0515],[38.1775,50.0254],[38.1627,49.9545],[38.1468,49.9394],[38.1125,49.9278],[38.0469,49.92],[37.9503,49.9642],[37.7042,50.1091],[37.6051,50.2149],[37.5823,50.2918],[37.5014,50.3407],[37.4229,50.4115],[37.3432,50.4176],[37.2549,50.395],[37.1711,50.3609],[37.1313,50.3515],[36.9885,50.3396],[36.7591,50.2918],[36.6964,50.2462],[36.6194,50.2092],[36.5597,50.2349],[36.4998,50.2805],[36.3688,50.2968],[36.3061,50.2805],[36.2434,50.3118],[36.1895,50.3678],[36.1164,50.4085],[36.0078,50.4197],[35.8902,50.4371],[35.7962,50.4058],[35.6737,50.346],[35.5911,50.3687],[35.5455,50.44],[35.4885,50.4599],[35.4116,50.5397],[35.3917,50.6109],[35.4116,50.6422],[35.4401,50.6821],[35.4401,50.7277],[35.4174,50.7676],[35.3832,50.7989],[35.3461,50.9043],[35.3147,50.9499],[35.3091,50.9869],[35.3348,51.0211],[35.3119,51.0439],[35.2691,51.0468],[35.198,51.0439],[35.1581,51.061],[35.1153,51.1208],[35.0926,51.1807],[35.0641,51.2034],[34.9902,51.2018],[34.8686,51.1892],[34.7604,51.1693],[34.7123,51.1722],[34.6168,51.2031],[34.491,51.2371],[34.2342,51.2438],[34.2139,51.2554],[34.2284,51.2769],[34.2807,51.3117],[34.275,51.3402],[34.2299,51.3632],[34.2065,51.4199],[34.2093,51.4841],[34.2009,51.5538],[34.1468,51.608],[34.1154,51.645],[34.1211,51.6791],[34.2392,51.6922],[34.3793,51.7165],[34.4027,51.7415],[34.3979,51.7804],[34.1131,51.9796],[34.0153,52.156],[33.9221,52.2515],[33.8188,52.3156],[33.7353,52.3448],[33.6134,52.3326],[33.4519,52.3338],[33.2871,52.3536],[33.1484,52.3404],[32.8997,52.2563],[32.8064,52.2526],[32.6454,52.2791],[32.5079,52.3085],[32.4354,52.3072],[32.3913,52.2948],[32.363,52.2721],[32.2828,52.114],[32.2168,52.083],[32.1223,52.0506],[32.0416,52.045],[31.9738,52.0466],[31.8756,52.0709],[31.7824,52.0994],[31.7634,52.1011],[31.7586,52.1258],[31.6906,52.2207],[31.6499,52.2622],[31.6016,52.2848],[31.5773,52.3123],[31.5766,52.426],[31.5855,52.5325],[31.6159,52.5462],[31.5262,52.633],[31.5194,52.6987],[31.5635,52.7314],[31.5648,52.7592],[31.5352,52.7982],[31.4428,52.8618],[31.353,52.9334],[31.2951,52.9898],[31.2588,53.0167],[31.3029,53.0609],[31.3646,53.139],[31.3884,53.1848],[31.4179,53.196],[31.563,53.2025],[31.6683,53.2009],[31.7475,53.1842],[31.7774,53.1469],[31.8497,53.1062],[32.0555,53.0895],[32.142,53.0912],[32.2507,53.1284],[32.4263,53.2106],[32.4693,53.2703],[32.578,53.3124],[32.6444,53.3289],[32.7043,53.3363],[32.7103,53.3714],[32.7064,53.4194],[32.6857,53.4481],[32.4696,53.547],[32.4424,53.5792],[32.4252,53.6173],[32.451,53.6533],[32.4502,53.6929],[32.2004,53.7812],[31.9922,53.7969],[31.8208,53.7919],[31.7542,53.8104],[31.783,53.855],[31.8253,53.935],[31.8378,54.0008],[31.826,54.0307],[31.792,54.0559],[31.6284,54.1112],[31.4036,54.1959],[31.2991,54.2917],[31.2455,54.3916],[31.1848,54.453],[31.0748,54.4918],[31.0819,54.5171],[31.1549,54.6109],[31.1521,54.6253],[31.1213,54.6485],[30.9842,54.6959],[30.7988,54.7833],[30.791,54.806],[30.8045,54.8609],[30.8299,54.915],[30.8668,54.9407],[30.9777,55.0505],[30.9777,55.0878],[30.9589,55.1376],[30.8774,55.2234],[30.8145,55.2787],[30.8105,55.307],[30.821,55.3303],[30.8618,55.3604],[30.9006,55.3974],[30.9088,55.5253],[30.9068,55.57],[30.8822,55.5964],[30.856,55.6075],[30.8008,55.6011],[30.7217,55.6221],[30.6623,55.6555],[30.6256,55.6663],[30.5867,55.7003],[30.4754,55.7688],[30.4563,55.7868],[30.2336,55.8452],[30.0427,55.8364],[29.937,55.8453],[29.8816,55.8323],[29.8239,55.7951],[29.7441,55.7704],[29.6846,55.7697],[29.6301,55.7512],[29.4822,55.6846],[29.413,55.7249],[29.3534,55.7844],[29.3731,55.8347],[29.3979,55.8811],[29.3961,55.9122],[29.375,55.9387],[29.283,55.9679],[29.0874,56.0211],[29.0317,56.0218],[28.9475,56.0021],[28.7947,55.9426],[28.7408,55.9554],[28.6908,56.0026],[28.6369,56.0618],[28.564,56.092],[28.407,56.089],[28.3921,56.0867],[28.3163,56.0525],[28.2843,56.0559],[28.1479,56.1429],[28.1733,56.1903],[28.2021,56.2604],[28.1917,56.3156],[28.1692,56.3869],[28.1108,56.5107],[28.1031,56.5457],[28.0075,56.5999],[27.9916,56.6453],[27.9414,56.7037],[27.8921,56.7411],[27.8815,56.8242],[27.8486,56.8534],[27.8061,56.8671],[27.6557,56.8432],[27.6395,56.8457],[27.7111,56.9781],[27.7174,57.0546],[27.7628,57.1351],[27.8146,57.1669],[27.8303,57.1945],[27.8383,57.2477],[27.8286,57.2933],[27.7969,57.3169],[27.6728,57.3681],[27.5387,57.4298],[27.5111,57.5082],[27.4697,57.524],[27.352,57.5281],[27.3543,57.5503],[27.3718,57.6125],[27.4,57.6668],[27.492,57.725],[27.5147,57.7642],[27.5421,57.7994],[27.7528,57.841],[27.777,57.8567],[27.7785,57.8707],[27.7688,57.8841],[27.722,57.9055],[27.6734,57.9346],[27.6441,58.0139],[27.5711,58.1381],[27.5024,58.2213],[27.4878,58.2701],[27.5056,58.3263],[27.5301,58.3815],[27.5313,58.4353],[27.4271,58.7331],[27.4342,58.7873],[27.4645,58.8413],[27.5131,58.8863],[27.6218,58.945],[27.7576,59.052],[27.8495,59.1927],[27.8977,59.2776],[27.9382,59.297],[28.0164,59.3017],[28.0461,59.3278],[28.0613,59.3433],[28.1283,59.3576],[28.1511,59.3744],[28.133,59.4031],[28.0658,59.4532],[28.0125,59.4843],[28.064,59.554],[28.0463,59.6472],[28.014,59.7248],[28.058,59.7815],[28.1312,59.7865],[28.2125,59.7247],[28.3346,59.6925],[28.4237,59.7341],[28.4539,59.8143],[28.5182,59.8496],[28.6039,59.8181],[28.7477,59.8067],[28.8669,59.8119],[28.9473,59.8288],[28.9815,59.8548],[29.0134,59.9016],[29.0791,59.961],[29.1473,59.9998],[29.6697,59.9557],[30.1226,59.8736],[30.1568,59.9043],[30.1727,59.9571],[30.06,60.0026],[29.9768,60.0264],[29.8723,60.1208],[29.7212,60.1953],[29.5693,60.2019],[29.3704,60.1759],[29.0691,60.1915],[28.8127,60.3315],[28.6432,60.3753],[28.5223,60.483],[28.4916,60.5401],[28.6225,60.4916],[28.6403,60.5429],[28.6506,60.611],[28.5778,60.6525],[28.5128,60.6773],[28.1793,60.571],[27.7977,60.5361],[28.152,60.7458],[28.4074,60.8969],[28.4551,60.9196],[28.5682,60.9602],[28.6629,61.0028],[28.7391,61.0587],[28.993,61.169],[29.2517,61.2878],[29.4924,61.4442],[29.5794,61.4935],[29.6901,61.5461],[29.9332,61.7116],[30.01,61.7574],[30.3064,61.9648],[30.4797,62.0682],[30.5656,62.1276],[30.9357,62.3238],[31.1867,62.4814],[31.2856,62.5678],[31.3824,62.6917],[31.4373,62.7761],[31.534,62.8854],[31.5365,62.9216],[31.5093,62.9553],[31.437,63.0077],[31.3367,63.0681],[31.2475,63.1419],[31.1809,63.2083],[30.9748,63.3006],[30.6553,63.4175],[30.4186,63.5041],[30.0554,63.689],[29.9915,63.7352],[30.0041,63.7473],[30.2103,63.8033],[30.4153,63.9475],[30.5039,64.0206],[30.5261,64.0773],[30.5279,64.1411],[30.5138,64.2],[30.4879,64.2365],[30.3906,64.2824],[30.1081,64.3661],[30.0419,64.4434],[29.9866,64.5243],[29.9855,64.5577],[30.1201,64.6446],[30.1262,64.6881],[30.1103,64.7326],[30.0729,64.765],[29.7832,64.8043],[29.7017,64.8458],[29.6375,64.9118],[29.6042,64.9684],[29.6009,65.002],[29.6225,65.0395],[29.72,65.0803],[29.8108,65.1079],[29.827,65.1451],[29.8262,65.1853],[29.8105,65.2047],[29.6297,65.2239],[29.6124,65.2348],[29.608,65.2487],[29.6172,65.2653],[29.7148,65.337],[29.728,65.4734],[29.8194,65.5687],[29.7159,65.6246],[29.7239,65.6344],[29.8826,65.6636],[30.029,65.6707],[30.0953,65.6817],[30.1027,65.7263],[30.0875,65.7865],[29.9366,66.0229],[29.9034,66.0911],[29.8035,66.1771],[29.7207,66.2349],[29.6709,66.2761],[29.5907,66.3568],[29.5443,66.4397],[29.4644,66.5322],[29.3712,66.617],[29.2933,66.6955],[29.0931,66.8492],[29.0662,66.8917],[29.069,66.9302],[29.087,66.9709],[29.2434,67.0966],[29.3877,67.2014],[29.5723,67.3244],[29.7506,67.4264],[29.9412,67.5475],[29.9881,67.6683],[29.9792,67.6886],[29.8216,67.754],[29.5242,67.9291],[29.3438,68.0619],[29.063,68.118],[28.6852,68.1898],[28.5602,68.3514],[28.4707,68.4884],[28.4793,68.5376],[28.7521,68.7714],[28.7776,68.8138],[28.7729,68.84],[28.7448,68.8564],[28.706,68.8655],[28.4535,68.8723],[28.4141,68.9042],[28.566,68.9282],[28.6922,68.961],[28.8989,69.0097],[28.9658,69.022],[29.1186,69.05],[29.1709,69.0715],[29.21,69.097],[29.353,69.2706],[29.3883,69.2981],[29.8327,69.3604],[29.994,69.3925],[30.0873,69.4329],[30.1318,69.4643],[30.1638,69.5016],[30.1867,69.5428],[30.1965,69.5806],[30.1598,69.6299],[30.1802,69.6358],[30.2275,69.6338],[30.3797,69.5847],[30.6154,69.5326],[30.7889,69.5285],[30.8607,69.5384],[30.8967,69.5612],[30.9225,69.6058],[30.9241,69.6518],[30.8697,69.7834],[31.0495,69.7692],[31.4527,69.6896],[31.547,69.6969],[31.6662,69.721],[31.7886,69.8158],[31.8794,69.832],[31.9979,69.8099],[32.0306,69.8353],[31.9693,69.9139],[31.9846,69.9537],[32.3916,69.8687],[32.5654,69.8065],[32.9417,69.7519],[33.0078,69.7221],[33.0126,69.6705],[32.9946,69.6262],[32.915,69.6017],[32.7543,69.6057],[32.1768,69.674],[32.0915,69.6326],[32.1613,69.5966],[32.3306,69.5542],[32.3777,69.4791],[32.6368,69.4895],[32.8838,69.4608],[32.9998,69.4701],[33.021,69.4456],[32.9416,69.3833],[32.9789,69.3673],[33.2559,69.4277],[33.3849,69.4443],[33.4543,69.4282],[33.4637,69.3782],[33.418,69.3153],[33.413,69.2674],[33.3277,69.1519],[33.1964,69.1168],[33.1412,69.0687],[33.3334,69.0982],[33.4356,69.1304],[33.6271,69.2892],[33.6844,69.3103],[34.2294,69.3131],[34.3527,69.3029],[34.864,69.2281],[35.0096,69.2212],[35.1759,69.2308],[35.2332,69.2656],[35.2898,69.2754],[35.8579,69.1917],[36.6183,69.0035],[37.7306,68.6921],[38.3576,68.4151],[38.4302,68.3556],[38.6568,68.3219],[38.7056,68.3447],[38.8315,68.3249],[39.5689,68.0717],[39.8233,68.0586],[39.7897,68.1122],[39.7463,68.1622],[39.8093,68.1508],[39.8956,68.1145],[40.0357,68.0154],[40.2066,67.9419],[40.3807,67.8319],[40.5258,67.7897],[40.6565,67.7741],[40.7663,67.743],[40.9664,67.7135],[41.0609,67.4442],[41.1339,67.386],[41.1339,67.2669],[41.2617,67.2185],[41.3588,67.2097],[41.3543,67.1214],[41.2756,66.9143],[41.189,66.8262],[40.5216,66.4466],[40.1033,66.3],[39.2891,66.132],[38.6539,66.069],[38.3976,66.0645],[37.9007,66.0956],[37.6282,66.1296],[37.2948,66.225],[36.9837,66.2726],[36.7699,66.2936],[36.3734,66.3023],[35.5135,66.3958],[35.364,66.4287],[34.8246,66.6111],[34.6103,66.5596],[34.4826,66.5503],[34.3961,66.6132],[34.4309,66.6298],[34.4516,66.6512],[34.1461,66.7033],[33.8937,66.7067],[33.7596,66.751],[33.5954,66.7846],[33.5229,66.7644],[33.482,66.7646],[33.1502,66.8439],[33.002,66.9083],[32.8476,67.0215],[32.8853,67.0611],[32.9305,67.0868],[32.3999,67.1527],[31.8953,67.1614],[31.983,67.1298],[32.2016,67.1132],[32.3406,67.0679],[32.501,67.0039],[32.4637,66.9163],[32.6864,66.8295],[32.8573,66.7469],[32.8624,66.7214],[32.9287,66.7041],[33.1806,66.6799],[33.2244,66.6039],[33.1829,66.5739],[33.2174,66.5316],[33.4053,66.4843],[33.5177,66.4714],[33.656,66.4426],[33.5933,66.3846],[33.477,66.3469],[33.3605,66.3295],[33.4158,66.3156],[33.5667,66.321],[34.1127,66.2252],[34.3998,66.1284],[34.6918,65.9519],[34.7863,65.8646],[34.7932,65.8164],[34.777,65.7683],[34.7348,65.7163],[34.7155,65.6641],[34.6157,65.5099],[34.5441,65.4567],[34.4064,65.3958],[34.5359,65.2779],[34.6711,65.1681],[34.8035,64.986],[34.8271,64.9127],[34.8326,64.8002],[34.9522,64.756],[34.9055,64.7387],[34.8583,64.7067],[34.8695,64.56],[35.0354,64.4402],[35.2841,64.3625],[35.432,64.3468],[35.6471,64.3783],[35.8021,64.3354],[36.1465,64.189],[36.302,64.0344],[36.3649,64.0028],[36.7138,63.9451],[36.9752,63.9095],[37.3728,63.8167],[37.4422,63.8134],[37.6354,63.8934],[37.968,63.9491],[38.0708,64.0258],[38.0622,64.091],[37.9771,64.207],[37.9537,64.3201],[37.8436,64.3663],[37.7406,64.397],[37.4296,64.3736],[37.2896,64.3779],[37.1837,64.4085],[37.0404,64.4892],[36.7693,64.6853],[36.6242,64.7505],[36.5787,64.791],[36.5282,64.8474],[36.5346,64.9386],[36.6529,64.9354],[36.7859,64.9872],[36.8828,65.1724],[37.0502,65.1959],[37.1408,65.1943],[37.5281,65.1083],[38.0094,64.8788],[38.1157,64.8546],[38.2282,64.8512],[38.4121,64.8571],[38.442,64.8271],[38.5409,64.7913],[38.6131,64.7867],[39.0535,64.7139],[39.5674,64.5706],[39.758,64.5771],[39.833,64.6564],[39.8486,64.6905],[40.0578,64.7708],[40.2037,64.784],[40.4078,64.7549],[40.4449,64.7787],[40.3754,64.8963],[40.2812,64.9981],[40.1427,65.0633],[39.8965,65.2548],[39.798,65.3499],[39.7491,65.4479],[39.7812,65.5347],[39.8165,65.5979],[40.3278,65.7517],[40.5128,65.8438],[40.6916,65.9634],[40.7744,65.9879],[41.0761,66.0211],[41.4758,66.1234],[41.7809,66.2593],[42.0836,66.4659],[42.2105,66.5197],[42.3137,66.5147],[42.4508,66.4824],[42.6021,66.4225],[42.8065,66.4113],[43.006,66.4209],[43.2332,66.4155],[43.5509,66.3213],[43.6033,66.2912],[43.6531,66.251],[43.5504,66.1734],[43.5419,66.1234],[43.6239,66.1467],[43.737,66.1584],[43.8438,66.1424],[43.9441,66.0987],[44.0167,66.0498],[44.1044,66.0086],[44.1324,66.0646],[44.1453,66.1127],[44.0972,66.2351],[44.2207,66.4071],[44.3164,66.4817],[44.4887,66.6718],[44.4371,66.7946],[44.4293,66.9377],[44.4039,67.0042],[44.2918,67.0997],[44.0744,67.1673],[43.8554,67.1886],[43.7824,67.2545],[43.7957,67.3296],[43.8563,67.4393],[44.0364,67.6707],[44.2254,67.9956],[44.2315,68.0712],[44.2139,68.1126],[44.2265,68.1544],[44.2047,68.2538],[44.1691,68.3271],[43.404,68.6085],[43.358,68.6358],[43.3332,68.6734],[43.4133,68.6817],[43.472,68.6798],[44.048,68.5488],[44.1753,68.5417],[45.0781,68.5782],[45.5194,68.5465],[45.892,68.4797],[46.1584,68.2914],[46.4297,68.1188],[46.6836,67.9705],[46.6904,67.8488],[46.4289,67.8237],[46.1742,67.8182],[45.5287,67.7576],[45.3741,67.6889],[44.9395,67.4774],[44.9021,67.4131],[44.9395,67.3508],[45.1389,67.2847],[45.5622,67.1856],[45.7525,66.9892],[45.8854,66.8911],[45.986,66.8531],[46.084,66.8435],[46.2978,66.8428],[46.4485,66.819],[46.4924,66.8002],[46.5523,66.819],[46.6908,66.8255],[47.4965,66.9298],[47.6559,66.9759],[47.7091,67.045],[47.7681,67.2756],[47.8393,67.3557],[47.9082,67.4547],[47.8826,67.5153],[47.8747,67.5842],[48.2787,67.6504],[48.6538,67.6953],[48.8332,67.6815],[48.8779,67.7313],[48.7627,67.827],[48.6957,67.8742],[48.7543,67.8959],[48.8406,67.8697],[48.9539,67.8538],[49.1553,67.8704],[49.9312,68.0651],[50.2332,68.1753],[50.4141,68.2184],[50.6994,68.3177],[50.8389,68.35],[51.0785,68.3633],[51.3361,68.4024],[51.6167,68.4763],[51.9947,68.5388],[52.0557,68.5413],[52.1288,68.532],[52.2854,68.4594],[52.2274,68.4186],[52.1835,68.3743],[52.2592,68.3509],[52.3223,68.3397],[52.3967,68.3517],[52.475,68.3821],[52.6697,68.4268],[52.7227,68.484],[52.6477,68.5062],[52.5501,68.5924],[52.4351,68.6102],[52.344,68.6082],[52.6836,68.7312],[53.4129,68.9125],[53.802,68.9959],[54.1858,69.0033],[54.4912,68.9923],[54.3763,68.9647],[53.8744,68.9266],[53.7977,68.9075],[53.7982,68.8847],[53.9195,68.8712],[53.9706,68.8443],[53.9293,68.8119],[53.8912,68.8015],[53.8339,68.7089],[53.7589,68.634],[53.9177,68.537],[53.9309,68.4355],[53.8295,68.3827],[53.69,68.4025],[53.5667,68.3671],[53.3426,68.3432],[53.2934,68.3117],[53.2605,68.2675],[53.4031,68.2568],[53.5151,68.2597],[53.9137,68.2312],[53.9679,68.2273],[54.0992,68.259],[54.2329,68.2663],[54.3939,68.2751],[54.4762,68.2941],[54.5612,68.273],[54.718,68.1842],[54.8613,68.2019],[54.923,68.3738],[55.1509,68.48],[55.4181,68.5678],[55.6753,68.5759],[55.9246,68.6373],[56.0437,68.6489],[56.2757,68.6241],[56.6202,68.619],[56.9094,68.5667],[57.1269,68.554],[57.4443,68.6415],[58.173,68.8897],[58.237,68.8339],[58.3539,68.9162],[58.9189,69.0038],[59.0573,69.0061],[59.0599,68.9726],[59.1102,68.8963],[59.2204,68.8496],[59.3705,68.7384],[59.2983,68.7084],[59.2226,68.6913],[59.1123,68.6163],[59.099,68.4443],[59.3107,68.4003],[59.6043,68.3511],[59.7257,68.3516],[59.8275,68.3803],[59.8588,68.396],[59.8974,68.4219],[59.9229,68.4713],[59.9414,68.5105],[59.8651,68.6049],[59.896,68.7063],[60.1603,68.6995],[60.4892,68.729],[60.6377,68.787],[60.8151,68.8952],[60.9336,68.9868],[60.8586,69.1455],[60.6646,69.1103],[60.3373,69.457],[60.1706,69.5909],[60.2765,69.6526],[60.5587,69.6923],[60.813,69.8211],[60.9091,69.8471],[61.0159,69.8515],[61.7705,69.763],[62.6313,69.7431],[63.3614,69.6753],[64.1904,69.5347],[64.5922,69.4356],[64.9285,69.3254],[64.8963,69.2478],[65.0315,69.2698],[65.3268,69.2014],[65.5279,69.1734],[65.7357,69.1323],[65.8127,69.077],[66.0848,69.0363],[66.3656,68.9613],[66.4161,68.9479],[66.7564,68.892],[67.0024,68.8736],[67.1492,68.754],[67.6396,68.5793],[67.7308,68.5137],[68.1569,68.4037],[68.3712,68.3143],[68.5042,68.3484],[68.8295,68.5674],[69.0243,68.818],[69.1405,68.9506],[68.9244,68.9562],[68.7629,68.9174],[68.6596,68.9274],[68.5428,68.9671],[68.3551,69.0676],[68.1174,69.2362],[68.073,69.4208],[68.0059,69.48],[67.7743,69.53],[67.6241,69.5844],[67.0645,69.6937],[66.9641,69.6556],[66.9342,69.5967],[66.8967,69.5538],[66.8402,69.6092],[66.804,69.6592],[66.8029,69.7401],[66.8322,69.8422],[66.9264,70.0143],[67.069,70.0056],[67.1444,70.0306],[67.2393,70.1081],[67.1975,70.1716],[67.1465,70.2199],[67.1568,70.2951],[67.2469,70.5001],[67.2848,70.7387],[67.2115,70.7984],[67.1434,70.8375],[66.8225,70.7974],[66.7022,70.8185],[66.6752,70.8647],[66.6661,70.9006],[66.7588,70.9624],[66.8471,71.0637],[66.6926,71.0417],[66.6396,71.0814],[66.7681,71.1399],[66.9176,71.2824],[67.2742,71.3479],[67.5418,71.412],[67.9594,71.5484],[68.2692,71.6828],[68.4694,71.8526],[68.6074,72.0127],[68.8297,72.3916],[69.0391,72.6699],[69.3914,72.9555],[69.6118,72.9819],[69.6943,72.9775],[69.709,72.9564],[69.6588,72.9318],[69.6451,72.8976],[69.7383,72.885],[69.8875,72.8826],[70.1722,72.9012],[70.6554,72.8904],[71.5002,72.9137],[71.617,72.9021],[71.9296,72.8197],[72.101,72.829],[72.4464,72.7903],[72.6338,72.7445],[72.8121,72.6914],[72.7874,72.483],[72.7529,72.3432],[72.6244,72.0794],[72.5741,72.0125],[72.375,71.8216],[72.2795,71.6955],[72.1297,71.6092],[71.912,71.5479],[71.8844,71.5114],[71.8673,71.4574],[72.0793,71.3067],[72.5813,71.1511],[72.7045,70.9632],[72.7316,70.8229],[72.7,70.4573],[72.6533,70.4034],[72.5619,70.3456],[72.4694,70.275],[72.5297,70.1725],[72.5994,69.7932],[72.6156,69.484],[72.5573,69.3784],[72.5271,69.1542],[72.5273,69.0805],[72.5768,68.9687],[72.6783,68.8749],[72.8119,68.8152],[73.1907,68.7068],[73.548,68.5745],[73.5734,68.5326],[73.5917,68.4819],[73.4652,68.4308],[73.2664,68.2945],[73.1395,68.1813],[73.1294,68.0909],[73.173,67.973],[73.1521,67.865],[73.0668,67.7669],[72.9487,67.6962],[72.5943,67.587],[71.8475,67.0076],[71.6682,66.9397],[71.3652,66.9615],[71.4489,66.879],[71.5512,66.7604],[71.5396,66.6831],[71.342,66.6867],[71.0656,66.6045],[70.9395,66.5481],[70.7249,66.5194],[70.5614,66.5487],[70.3828,66.6025],[70.4089,66.6476],[70.4426,66.6683],[70.568,66.7009],[70.6907,66.7453],[70.6308,66.7542],[70.5791,66.7538],[70.4439,66.6973],[70.2834,66.6858],[70.0938,66.7543],[69.9486,66.83],[69.8771,66.8455],[69.7404,66.8146],[69.2178,66.8286],[69.0787,66.8159],[69.0135,66.7883],[69.0512,66.7664],[69.0911,66.7236],[69.1439,66.6407],[69.1943,66.5787],[69.412,66.5107],[69.701,66.4846],[69.9824,66.4014],[70.3395,66.3424],[71.1455,66.3667],[71.358,66.3594],[71.5656,66.3337],[71.917,66.2467],[72.0676,66.2533],[72.3216,66.3321],[72.384,66.5065],[72.4174,66.5608],[73.3416,66.8068],[73.5136,66.8611],[73.7921,66.9953],[73.8833,67.085],[73.9862,67.3277],[74.0745,67.4141],[74.6761,67.6946],[74.7695,67.7664],[74.7873,67.8975],[74.7782,67.9859],[74.7427,68.0735],[74.6324,68.2183],[74.5112,68.3031],[74.3914,68.4206],[74.481,68.6589],[74.5796,68.7512],[75.1246,68.8617],[75.5896,68.9012],[76.1075,68.9757],[76.316,68.9915],[76.4592,68.9783],[76.6058,68.8976],[76.7351,68.7769],[77.1117,68.5962],[77.2385,68.4696],[77.261,68.3156],[77.2484,67.941],[77.1744,67.7785],[77.3251,67.7356],[77.3956,67.6987],[77.5792,67.6439],[77.6751,67.5896],[77.7716,67.5703],[77.9855,67.5592],[78.5896,67.5785],[78.9225,67.5891],[78.8876,67.6131],[78.8391,67.6312],[78.5591,67.6391],[78.1612,67.6784],[77.5883,67.7519],[77.5201,67.9096],[77.5359,68.0077],[77.6648,68.1904],[77.7568,68.2224],[77.8683,68.2347],[77.9951,68.2595],[77.9587,68.3771],[77.9068,68.4823],[77.7853,68.6305],[77.6507,68.903],[77.4663,68.9051],[77.3283,68.9586],[76.6449,69.1174],[76.001,69.2351],[75.5611,69.2518],[75.42,69.2386],[75.0535,69.1163],[74.8148,69.0906],[74.3626,69.1446],[73.9774,69.1146],[73.836,69.1432],[73.7757,69.1982],[73.8909,69.418],[73.8327,69.5039],[73.6633,69.6171],[73.5602,69.7072],[73.5781,69.803],[73.8302,70.1757],[73.9374,70.2729],[74.2067,70.4455],[74.3434,70.5787],[74.3109,70.6536],[73.7315,71.0687],[73.5766,71.2165],[73.5072,71.2635],[73.3652,71.3198],[73.1505,71.3852],[73.0862,71.4449],[73.6718,71.8451],[73.9395,71.9147],[74.3112,71.9578],[74.4891,71.997],[74.8041,72.0774],[74.9922,72.1448],[75.0532,72.1992],[75.0899,72.2631],[75.0971,72.4207],[75.0604,72.5488],[75.008,72.6194],[74.8969,72.7101],[74.7868,72.8119],[74.8649,72.8384],[74.9422,72.8538],[75.1524,72.8527],[75.3693,72.7966],[75.4749,72.685],[75.6035,72.5811],[75.6031,72.5122],[75.5914,72.4572],[75.6443,72.3823],[75.6911,72.35],[75.7414,72.2962],[75.6944,72.2535],[75.6443,72.2323],[75.5502,72.1708],[75.3945,71.9832],[75.2738,71.9589],[75.2475,71.8134],[75.5032,71.6546],[75.4686,71.5344],[75.4172,71.4947],[75.2803,71.4301],[75.298,71.3785],[75.332,71.3417],[75.7336,71.2659],[76.1104,71.2186],[76.742,71.2021],[76.929,71.1279],[76.9952,71.1811],[77.5896,71.1679],[78.0683,70.9863],[78.3206,70.9304],[78.5258,70.9118],[78.9422,70.9338],[79.0154,70.9502],[79.0839,71.002],[78.8887,70.9972],[78.8035,70.9735],[78.7239,70.976],[78.5877,70.9939],[78.4914,71.0254],[78.3865,71.0871],[78.2126,71.2663],[77.9084,71.3241],[77.7066,71.3006],[77.4811,71.3116],[77.1137,71.4094],[76.8712,71.4466],[76.4334,71.5525],[76.3121,71.5955],[76.2157,71.6829],[76.1036,71.829],[76.0324,71.9104],[76.124,71.9266],[76.4217,72.006],[76.8714,72.033],[77.0613,72.0042],[77.5508,71.8421],[77.7775,71.8364],[78.1869,71.9071],[78.2324,71.9523],[78.1408,72.0447],[78.0164,72.092],[77.7807,72.1143],[77.4929,72.0717],[77.4108,72.1078],[77.4397,72.1565],[77.4716,72.1921],[77.6253,72.2014],[77.7332,72.2292],[77.9682,72.3287],[78.2254,72.3774],[78.4826,72.395],[79.4221,72.3808],[79.9539,72.223],[80.474,72.1531],[80.6992,72.0983],[80.7625,72.0892],[80.8147,72.0543],[80.8561,71.9702],[81.5112,71.7461],[81.6616,71.716],[82.0799,71.7068],[82.5473,71.7586],[82.7578,71.7641],[82.9861,71.7487],[83.1066,71.7205],[83.2336,71.6682],[83.1655,71.6022],[83.1057,71.5625],[82.9771,71.4514],[82.918,71.4199],[82.4932,71.2929],[82.3229,71.26],[82.277,71.0935],[82.2543,71.0562],[82.2392,70.9977],[82.316,70.8794],[82.3359,70.8074],[82.2707,70.7067],[82.1632,70.5981],[82.1824,70.5115],[82.2212,70.3957],[82.2358,70.4303],[82.2314,70.4829],[82.2584,70.5436],[82.4517,70.6901],[82.5925,70.8899],[82.7378,70.9421],[82.8691,70.9548],[83.0102,70.8954],[83.0511,70.8152],[83.0584,70.6947],[83.0302,70.5805],[82.9198,70.4074],[82.7425,70.2865],[82.6823,70.2177],[82.7673,70.1541],[82.8565,70.1045],[82.961,70.0883],[83.0808,70.093],[83.1096,70.1096],[83.132,70.1572],[83.0941,70.2211],[83.0738,70.2767],[83.2935,70.3213],[83.4971,70.3453],[83.6599,70.4184],[83.7005,70.4664],[83.7359,70.5465],[83.6513,70.6722],[83.5789,70.7659],[83.3339,70.9885],[83.1513,71.1036],[83.266,71.2759],[83.4576,71.4675],[83.5311,71.5143],[83.5505,71.5437],[83.5713,71.5944],[83.5535,71.6498],[83.5344,71.6839],[83.3404,71.8275],[83.2003,71.8747],[82.7551,71.9028],[82.6454,71.9252],[82.3191,72.0718],[82.2807,72.1051],[82.2093,72.2112],[82.1836,72.2375],[82.0937,72.2654],[81.7929,72.3266],[81.5862,72.3517],[81.2827,72.3588],[81.0981,72.3897],[80.8271,72.4883],[80.7978,72.52],[80.7196,72.6479],[80.6562,72.712],[80.6754,72.7592],[80.7737,72.8608],[80.8416,72.9492],[80.7574,73.0252],[80.6387,73.0492],[80.5097,73.0861],[80.4555,73.1552],[80.4245,73.2312],[80.4189,73.2896],[80.398,73.3568],[80.4583,73.4137],[80.5959,73.474],[80.5619,73.515],[80.5832,73.5685],[81.4688,73.6404],[81.817,73.6588],[83.5447,73.6665],[83.667,73.6865],[84.4174,73.722],[84.7379,73.7628],[85.0774,73.7195],[85.2006,73.7215],[85.4483,73.7346],[85.6114,73.8216],[85.9793,73.8569],[86.5914,73.8943],[86.893,73.8871],[86.9613,73.8607],[87.0295,73.8242],[86.6977,73.7168],[86.3659,73.6198],[86.0941,73.5783],[85.8271,73.4928],[85.8005,73.4589],[85.7926,73.4383],[85.8024,73.3717],[85.8182,73.327],[86.0981,73.2726],[86.3079,73.1958],[86.5144,73.1405],[86.6771,73.1068],[86.715,73.1258],[86.1217,73.3067],[85.9708,73.3471],[85.9101,73.3904],[85.939,73.4565],[85.9989,73.4858],[86.0924,73.5191],[86.1551,73.5347],[86.3763,73.5688],[87.1201,73.615],[87.2944,73.7047],[87.3695,73.7559],[87.5712,73.8107],[87.5032,73.8325],[87.3375,73.846],[87.2097,73.8787],[86.6971,74.1953],[86.5711,74.2438],[86.1778,74.2794],[86.0014,74.316],[86.1829,74.423],[86.3958,74.4501],[86.5385,74.4442],[86.6647,74.4143],[86.8979,74.3253],[87.2297,74.3639],[87.1062,74.4036],[86.8942,74.4497],[86.7001,74.5225],[86.4257,74.5855],[86.1161,74.6286],[85.791,74.6451],[85.8808,74.7402],[86.0589,74.7282],[86.1195,74.7574],[86.2013,74.8162],[86.6515,74.6824],[86.8629,74.7179],[87.0418,74.7789],[87.4193,74.9409],[87.4676,75.0132],[87.2874,75.0525],[87.1407,75.0723],[86.9391,75.0681],[86.9217,75.1128],[87.006,75.1698],[87.1708,75.1917],[87.6714,75.1296],[88.5037,75.2905],[88.7331,75.3692],[89.3103,75.4701],[89.5951,75.4583],[90.185,75.5911],[91.0047,75.6496],[91.4795,75.6497],[91.8454,75.7237],[92.4075,75.7497],[92.6025,75.7791],[93.5498,75.8541],[94.0752,75.9129],[94.1563,75.9592],[93.687,75.9216],[93.574,75.9563],[93.4755,75.9329],[93.4061,75.9013],[93.1781,75.959],[93.1163,75.9446],[93.0687,75.9128],[92.9866,75.9027],[92.8904,75.91],[92.8586,75.9795],[92.9716,76.0751],[93.1049,76.0258],[93.2593,76.0988],[93.3596,76.1007],[93.6484,76.0542],[93.8429,76.1013],[94.1023,76.1236],[94.3883,76.1028],[94.5067,76.108],[94.5756,76.1518],[95.0385,76.1135],[95.3593,76.1396],[95.5787,76.1373],[95.9199,76.1131],[96.0755,76.082],[95.986,76.0097],[95.6533,75.8922],[95.7438,75.8723],[95.9348,75.926],[96.5086,76.0056],[96.6006,75.9899],[96.5377,75.9216],[96.4971,75.8912],[96.8792,75.9311],[97.2055,76.0187],[97.3507,76.0334],[97.4992,75.9802],[97.6377,76.0291],[97.6698,76.078],[97.9184,76.0887],[98.02,76.1337],[98.1946,76.1664],[98.342,76.1806],[98.662,76.2427],[98.7713,76.224],[98.9847,76.2076],[99.1873,76.1776],[99.5627,76.1093],[99.6156,76.0823],[99.6632,76.078],[99.7704,76.0288],[99.6893,75.9563],[99.6023,75.8521],[99.4422,75.8032],[99.5407,75.7986],[99.6094,75.8113],[99.7375,75.8807],[99.8514,75.9303],[99.8254,76.1359],[99.6168,76.2402],[99.4606,76.2751],[99.0938,76.3843],[98.9695,76.4308],[98.8057,76.4807],[98.8694,76.5096],[99.5763,76.4714],[99.9357,76.4899],[100.3224,76.4792],[100.8438,76.5252],[101.0607,76.4772],[101.3107,76.4789],[101.5978,76.4392],[101.6838,76.4855],[101.213,76.5357],[101.0026,76.5305],[100.928,76.5567],[101.0062,76.6151],[101.0993,76.704],[101.0082,76.7813],[100.9204,76.8225],[100.9059,76.9007],[100.9899,76.9905],[101.1857,77.0286],[101.2929,77.1016],[101.5177,77.1981],[102.6102,77.5085],[103.1314,77.6265],[103.3312,77.6411],[103.5607,77.6319],[104.0146,77.7304],[104.1849,77.7305],[104.8143,77.6521],[104.9652,77.5947],[105.309,77.5492],[105.7103,77.5252],[105.8945,77.4889],[105.9834,77.4476],[106.0596,77.3905],[105.7342,77.352],[105.3846,77.2378],[104.9119,77.1747],[104.3236,77.1327],[104.2024,77.1018],[105.3202,77.0923],[105.6459,77.1007],[105.712,77.0015],[105.8222,76.9975],[106.1454,77.0453],[106.3387,77.0479],[106.7051,77.0138],[106.7837,77.0318],[106.9416,77.0344],[107.2789,76.991],[107.4298,76.9266],[107.1902,76.822],[106.9409,76.7305],[106.6388,76.5734],[106.5455,76.5863],[106.3847,76.5895],[106.4136,76.5123],[106.6832,76.5147],[106.8254,76.4801],[107.1577,76.5241],[107.6242,76.5101],[107.7222,76.5223],[107.9022,76.5697],[107.9499,76.6606],[108.0279,76.7185],[108.1816,76.7378],[108.3521,76.7195],[108.6384,76.7201],[109.3693,76.7492],[109.9812,76.7119],[110.4715,76.7584],[111.1148,76.723],[111.3925,76.6867],[111.6006,76.6223],[111.7861,76.6036],[111.9387,76.5534],[112.0939,76.4803],[112.0168,76.4206],[111.9427,76.3805],[112.1428,76.424],[112.2971,76.4347],[112.4133,76.4083],[112.6195,76.3835],[112.6842,76.2188],[112.7426,76.1869],[112.7984,76.1296],[112.7219,76.0772],[112.6562,76.0536],[112.8189,76.0586],[113.0467,76.1141],[113.094,76.1329],[113.1504,76.1745],[113.066,76.2152],[112.988,76.2397],[113.086,76.2581],[113.2727,76.2517],[113.3655,76.1789],[113.4277,76.1121],[113.5639,75.8916],[113.8572,75.9213],[113.871,75.856],[113.7487,75.7048],[113.6199,75.5927],[113.5676,75.5684],[113.4859,75.564],[113.5172,75.6219],[113.469,75.6567],[113.3916,75.6779],[113.1264,75.6987],[112.6292,75.8354],[112.4967,75.8499],[112.4661,75.8437],[112.453,75.8302],[112.7296,75.7376],[112.9557,75.5719],[113.1615,75.6205],[113.243,75.6114],[113.3563,75.5343],[113.5589,75.5021],[113.7262,75.4506],[113.6136,75.293],[112.9249,75.015],[112.192,74.8532],[111.8683,74.74],[111.299,74.6584],[110.8928,74.5481],[110.3735,74.4661],[110.2259,74.3787],[109.8403,74.322],[109.8664,74.2931],[109.9113,74.2613],[109.8639,74.2089],[109.8103,74.1692],[109.5108,74.0888],[109.075,74.0323],[108.1995,73.6941],[107.7654,73.625],[107.2711,73.621],[107.167,73.5894],[106.7942,73.3767],[106.6794,73.3307],[106.1887,73.308],[105.6771,72.9593],[105.3928,72.841],[105.1439,72.7771],[105.4027,72.7899],[105.7082,72.8367],[106.0667,72.9499],[106.1596,73.002],[106.2088,73.0605],[106.315,73.1064],[106.4779,73.1394],[107.1088,73.1773],[107.3688,73.1631],[107.7504,73.1731],[108.0013,73.2356],[108.151,73.2579],[108.2854,73.2659],[108.3515,73.3102],[108.5754,73.319],[109.0899,73.3784],[109.1656,73.3996],[109.3311,73.4875],[109.6371,73.454],[109.8553,73.4725],[110.4287,73.6289],[110.7733,73.6892],[110.8682,73.7307],[110.7992,73.7598],[110.7224,73.7799],[110.3883,73.726],[110.0912,73.7085],[109.7527,73.7226],[109.7067,73.7438],[109.6656,73.8002],[109.7741,73.8812],[109.8691,73.9306],[110.0839,73.9944],[110.2614,74.0174],[110.9201,73.9479],[111.0563,73.9394],[111.1309,74.0528],[111.3414,74.0474],[111.5506,74.0285],[111.46,74.0048],[111.2281,73.9686],[111.2995,73.8849],[111.4004,73.8277],[111.8037,73.7453],[112.1473,73.7089],[112.4,73.7111],[112.7954,73.7461],[112.856,73.7711],[112.9396,73.8356],[112.8359,73.9621],[112.935,73.9457],[113.0328,73.9139],[113.1815,73.8374],[113.3269,73.7074],[113.4162,73.6476],[113.3645,73.5828],[113.1569,73.4596],[113.277,73.3915],[113.4909,73.3461],[113.4876,73.1451],[113.4746,73.0479],[113.3693,72.9419],[113.2474,72.8972],[113.1278,72.8307],[113.1582,72.7695],[113.1861,72.7302],[113.3122,72.6574],[113.6646,72.6345],[113.7119,72.6542],[113.6301,72.6771],[113.3914,72.711],[113.2981,72.7389],[113.2155,72.8059],[113.3115,72.8783],[113.4175,72.9322],[113.5428,73.0543],[113.5814,73.1422],[113.5589,73.2326],[113.6392,73.2736],[113.7652,73.318],[113.8293,73.3266],[113.8862,73.3458],[113.7951,73.3674],[113.7113,73.3786],[113.5395,73.4336],[113.5104,73.505],[113.8569,73.5334],[114.0605,73.5847],[114.816,73.6072],[115.3377,73.7026],[116.4955,73.6761],[117.3086,73.5992],[118.4502,73.5898],[118.8709,73.5379],[118.9112,73.5184],[118.9364,73.4812],[118.7545,73.4645],[118.457,73.4644],[118.3766,73.3672],[118.4303,73.2465],[118.9604,73.1173],[119.4253,73.064],[119.7504,72.9791],[119.9217,72.9713],[120.5979,72.9811],[120.9972,72.9367],[121.3543,72.9708],[121.7479,72.9697],[121.886,72.9609],[122.0298,72.8972],[122.2602,72.8806],[122.5375,72.8778],[122.6921,72.8908],[122.752,72.9065],[122.7309,72.9313],[122.502,72.9707],[122.5268,73.0167],[122.6152,73.0279],[122.9993,72.9646],[123.1604,72.9549],[123.3012,73.0018],[123.4046,73.0856],[123.4616,73.1442],[123.5219,73.1729],[123.5725,73.1773],[123.6223,73.1933],[123.501,73.2616],[123.3839,73.3473],[123.3553,73.4025],[123.3227,73.4308],[123.3051,73.5329],[123.4162,73.6369],[123.4911,73.6664],[123.7969,73.6268],[123.9339,73.6893],[124.019,73.7123],[124.3881,73.7548],[124.5412,73.7513],[124.7963,73.7118],[125.6171,73.5206],[125.5985,73.4474],[125.7944,73.4685],[125.8879,73.4981],[126.1074,73.5175],[126.2545,73.5482],[126.296,73.5367],[126.3449,73.5063],[126.3089,73.4637],[126.2574,73.4198],[126.2925,73.3942],[126.3354,73.3888],[126.5525,73.3349],[126.8385,73.4342],[126.9552,73.5282],[127.0313,73.5475],[127.7403,73.4815],[127.9551,73.4456],[127.9969,73.4256],[128.0257,73.3908],[128.1417,73.3524],[128.2814,73.3306],[128.2642,73.3007],[128.2578,73.2675],[128.587,73.2624],[128.7305,73.2334],[128.8887,73.1902],[128.8717,73.1394],[128.9134,73.1106],[129.0592,73.1075],[129.1006,73.1124],[129.0537,73.0454],[128.8535,72.9726],[128.7353,72.9433],[128.599,72.8952],[128.674,72.8859],[129.0173,72.8725],[129.2291,72.7757],[129.2504,72.7052],[129.1176,72.677],[128.8153,72.5859],[128.6334,72.5501],[128.5085,72.5473],[128.4183,72.5352],[128.5494,72.4959],[129.1166,72.4857],[129.2813,72.4377],[129.4117,72.3155],[129.4106,72.1663],[129.2835,72.092],[128.935,72.0795],[128.4752,72.2456],[128.197,72.3096],[127.8034,72.434],[127.7261,72.4132],[127.8414,72.3083],[128.0266,72.25],[128.3588,72.0883],[128.9114,71.7553],[129.0401,71.7824],[129.1166,71.8246],[129.1542,71.8787],[129.1216,71.9532],[129.2103,71.9169],[129.2918,71.8502],[129.4608,71.7393],[129.2342,71.7448],[128.949,71.7076],[128.8433,71.6635],[128.9227,71.6018],[129.1343,71.5929],[129.2245,71.5088],[129.3898,71.4049],[129.7619,71.1195],[130.026,71.0654],[130.2812,70.9473],[130.5371,70.8925],[130.6685,70.8883],[130.7571,70.9624],[130.8319,70.9359],[130.898,70.8036],[131.0216,70.7461],[131.1574,70.7422],[131.2683,70.7655],[131.4323,70.8283],[131.562,70.901],[131.769,71.1014],[131.9064,71.2026],[132.0354,71.244],[131.9908,71.2932],[132.0037,71.3502],[132.0988,71.484],[132.2276,71.6428],[132.3258,71.7262],[132.5623,71.8953],[132.6539,71.926],[132.7158,71.8715],[132.7686,71.7987],[132.8036,71.7676],[132.8393,71.7552],[133.1309,71.6067],[133.4262,71.491],[133.6889,71.4342],[134.1028,71.379],[134.7027,71.3868],[134.8139,71.4606],[135.0224,71.515],[135.3594,71.5435],[135.5592,71.6104],[135.8848,71.6306],[136.0903,71.6196],[136.4062,71.5708],[137.1158,71.4157],[137.3154,71.3594],[137.4175,71.299],[137.6506,71.2082],[137.7979,71.1639],[137.9396,71.1334],[137.9917,71.1427],[137.9737,71.1687],[137.902,71.194],[137.844,71.2268],[138.0127,71.2608],[138.0325,71.2858],[138.0906,71.3074],[138.3141,71.3255],[138.0972,71.3586],[138.0222,71.3634],[137.9184,71.3841],[137.9273,71.4298],[137.9957,71.4635],[138.0483,71.526],[138.1185,71.5662],[138.2342,71.5963],[138.3181,71.6028],[138.5252,71.5627],[138.67,71.6348],[138.7802,71.629],[139.0049,71.5561],[139.2094,71.4448],[139.3202,71.4447],[139.6321,71.4893],[139.9842,71.4915],[139.9388,71.5577],[139.6951,71.7004],[139.7229,71.885],[139.5523,71.9267],[139.3593,71.9514],[139.6402,71.9983],[139.8471,72.1486],[140.0141,72.1621],[140.1877,72.1913],[140.1344,72.2096],[139.617,72.2257],[139.5053,72.2077],[139.4305,72.1635],[139.1764,72.1635],[139.145,72.2644],[139.1408,72.3297],[139.4736,72.4665],[139.6012,72.4961],[140.4506,72.4931],[140.7051,72.5189],[141.0793,72.5869],[140.9832,72.63],[140.9729,72.717],[140.6523,72.8428],[140.676,72.8716],[140.7081,72.89],[140.8082,72.891],[141.3098,72.8577],[141.5184,72.7887],[142.0614,72.7208],[143.5158,72.6982],[143.681,72.6732],[144.3039,72.643],[144.5687,72.6099],[145.1993,72.5702],[145.4857,72.5421],[145.7142,72.4974],[146.0833,72.4714],[146.2529,72.4422],[146.2348,72.3497],[145.4671,72.3621],[145.2129,72.3927],[144.8975,72.3962],[144.7764,72.3823],[144.5876,72.3055],[144.3609,72.2653],[144.1692,72.2588],[144.2949,72.1926],[144.4707,72.1748],[145.0392,72.2599],[146.5941,72.3024],[146.8318,72.2954],[146.807,72.2366],[146.5992,72.1235],[146.4017,72.0355],[146.1133,71.945],[146.0059,71.9455],[146.2303,72.1375],[146.1373,72.1465],[146.0515,72.1423],[145.7994,72.2219],[145.7586,72.2259],[145.7097,72.2063],[145.7102,72.1776],[145.6641,72.067],[145.7567,72.0207],[145.7567,71.9413],[145.4072,71.8901],[145.2712,71.8946],[145.1258,71.9271],[145.064,71.9261],[145.0469,71.901],[145.0777,71.8546],[145.0737,71.8309],[145.0179,71.7937],[144.9896,71.7534],[145.0756,71.7074],[145.1886,71.6958],[145.8048,71.7465],[146.0732,71.8084],[146.368,71.9221],[146.8947,72.1975],[147.1271,72.292],[147.2618,72.3279],[147.434,72.3409],[148.4021,72.312],[148.9648,72.2523],[149.5016,72.1643],[149.7662,72.0913],[149.9631,71.9922],[149.9981,71.9505],[150.0169,71.8957],[149.8811,71.843],[149.2797,71.8255],[149.0487,71.7958],[148.9653,71.7628],[148.9549,71.7441],[148.9233,71.7146],[148.9682,71.6905],[149.2379,71.6879],[149.498,71.664],[149.8571,71.6015],[149.9127,71.5807],[150.0265,71.5213],[150.0608,71.5108],[150.5998,71.5201],[150.6349,71.4989],[150.6678,71.4552],[150.5251,71.3858],[150.3848,71.3388],[150.0977,71.2266],[150.243,71.2672],[150.8217,71.3629],[150.9678,71.3805],[151.1453,71.3737],[151.5824,71.287],[151.7598,71.2178],[152.0928,71.0233],[151.9998,71.0025],[151.762,70.9825],[152.5088,70.8345],[152.7983,70.8356],[153.4606,70.8786],[153.7941,70.88],[154.414,70.9745],[155.0295,71.0342],[155.5959,71.0386],[155.8952,71.0955],[156.6846,71.0938],[157.4474,71.0745],[158.037,71.0393],[158.7021,70.935],[159.3507,70.7907],[159.7279,70.6497],[159.8047,70.6049],[159.9118,70.5061],[159.9586,70.4236],[160.0064,70.3097],[159.9834,70.2214],[159.8896,70.1588],[159.8314,70.0814],[159.8392,69.99],[159.7294,69.8702],[159.8325,69.785],[160.1191,69.7298],[160.7395,69.6552],[160.9107,69.6063],[160.9289,69.4585],[160.982,69.3345],[161.0355,69.0982],[161.1408,69.0389],[161.3099,68.9823],[161.3406,68.9052],[161.129,68.6539],[160.9967,68.6075],[160.8561,68.5383],[161.1045,68.5625],[161.2302,68.6539],[161.3651,68.823],[161.4953,68.8499],[161.5656,68.9052],[161.5656,69.064],[161.4801,69.2017],[161.4801,69.3001],[161.5369,69.3795],[161.9451,69.5451],[162.166,69.6116],[162.3757,69.6491],[162.9446,69.6828],[163.2014,69.7147],[163.498,69.6933],[163.7053,69.7018],[163.946,69.7352],[164.1596,69.7193],[164.5133,69.6091],[165.7607,69.5844],[165.9805,69.546],[166.8203,69.4996],[166.8844,69.4999],[167.0731,69.5544],[167.6281,69.7403],[167.8568,69.7282],[167.9501,69.6992],[168.0477,69.6256],[168.15,69.5774],[168.23,69.447],[168.303,69.2715],[168.423,69.2395],[168.5876,69.2284],[168.9462,69.1633],[169.3106,69.0795],[169.4146,68.9196],[169.6099,68.786],[170.0656,68.7987],[170.5376,68.8254],[170.9954,69.0453],[170.9967,69.1347],[170.8838,69.2636],[170.7142,69.3882],[170.5822,69.5833],[170.1609,69.6266],[170.2012,69.6832],[170.3596,69.751],[170.5031,69.8565],[170.5254,69.9379],[170.4868,70.1076],[170.868,70.096],[171.2467,70.0761],[171.9705,70.0003],[172.5596,69.9684],[172.8692,69.9198],[173.0563,69.8649],[173.2774,69.8238],[173.3533,69.924],[173.4387,69.9468],[173.7334,69.8911],[173.948,69.8741],[174.3194,69.8816],[174.7855,69.8557],[175.2956,69.8601],[175.7512,69.9042],[175.9215,69.8953],[176.1075,69.8603],[176.4104,69.7685],[176.9244,69.646],[177.3945,69.6116],[177.9337,69.4956],[178.4428,69.453],[178.8483,69.3872],[178.9069,69.3621],[178.925,69.326],[178.9507,69.2958],[179.2727,69.2597],[179.8683,69.0127],[180.0,68.9834],[180.0,65.0672],[179.8273,65.0342],[179.6514,64.9209],[179.4482,64.822],[179.15,64.7816],[178.6984,64.6311],[178.5195,64.603],[178.2854,64.6723],[177.7486,64.717],[177.5816,64.7779],[177.337,64.9313],[177.2519,64.9536],[177.1792,65.0141],[176.8809,65.0819],[176.6248,65.0376],[176.4131,65.0712],[176.341,65.0473],[176.4521,65.0252],[176.6455,65.0072],[176.94,65.016],[177.0373,64.9997],[177.1234,64.947],[177.2229,64.8617],[177.1482,64.8048],[177.0687,64.7867],[176.8311,64.8492],[176.5566,64.84],[176.4295,64.8552],[176.0611,64.9609],[175.7812,64.844],[175.3965,64.7837],[175.0978,64.7769],[174.5488,64.6839],[174.6986,64.6814],[175.0971,64.7466],[175.3307,64.7466],[175.6779,64.7825],[175.8586,64.8253],[175.9459,64.8652],[176.0565,64.9047],[176.1692,64.8848],[176.247,64.843],[176.3009,64.7838],[176.351,64.7051],[176.2832,64.6638],[176.2194,64.6419],[176.1409,64.5858],[176.5076,64.6824],[176.731,64.6249],[176.8429,64.6338],[177.0498,64.7192],[177.3875,64.774],[177.4274,64.7634],[177.4672,64.7368],[177.4099,64.5728],[177.4329,64.4445],[177.6875,64.3047],[177.9533,64.2223],[178.0447,64.2196],[178.1306,64.2353],[178.164,64.3091],[178.2295,64.3644],[178.313,64.3144],[178.3814,64.2609],[178.4771,64.1279],[178.4748,64.089],[178.4514,64.0114],[178.536,63.9756],[178.6503,63.9653],[178.6925,63.8423],[178.7314,63.6671],[178.6813,63.6507],[178.626,63.6507],[178.4404,63.6056],[178.4661,63.5741],[178.6537,63.5566],[178.7064,63.5215],[178.6688,63.4399],[178.6787,63.4023],[178.744,63.3948],[178.7867,63.4424],[178.7754,63.5103],[178.793,63.5403],[178.9186,63.4002],[178.9215,63.345],[179.0281,63.2824],[179.3323,63.1902],[179.3886,63.1472],[179.4051,63.0777],[179.329,63.0579],[179.2596,63.0083],[179.3021,62.9398],[179.3811,62.8837],[179.5109,62.8628],[179.5705,62.7735],[179.5705,62.6875],[179.4772,62.6131],[179.2887,62.5104],[179.177,62.4692],[179.1339,62.3964],[179.1207,62.3204],[179.0446,62.3237],[178.9639,62.3553],[178.0192,62.547],[177.6631,62.5828],[177.3513,62.5875],[177.2926,62.599],[177.2959,62.6445],[177.3158,62.6853],[177.3597,62.737],[177.339,62.7813],[177.2983,62.7842],[177.2587,62.7504],[177.1727,62.7503],[177.0912,62.7896],[177.0235,62.7772],[176.99,62.7222],[176.9635,62.6933],[176.9647,62.6586],[177.008,62.6266],[177.1896,62.5916],[177.1595,62.561],[176.9074,62.5361],[176.7025,62.5058],[176.4365,62.4108],[176.3284,62.346],[175.6139,62.1844],[175.442,62.1279],[175.3658,62.1213],[175.2679,62.1024],[175.1924,62.0344],[174.7976,61.9389],[174.715,61.9479],[174.6105,61.8676],[174.5144,61.8236],[174.285,61.8175],[174.1389,61.7952],[173.8224,61.6794],[173.6234,61.7161],[173.3907,61.5567],[173.1318,61.4066],[173.0546,61.4062],[172.8565,61.4692],[172.8068,61.4361],[172.8379,61.3756],[172.908,61.3116],[172.8678,61.2931],[172.7891,61.3107],[172.7307,61.3144],[172.69,61.2952],[172.697,61.2493],[172.5848,61.1904],[172.4971,61.1859],[172.3961,61.1674],[172.3624,61.1166],[172.3928,61.0618],[172.2133,60.9979],[172.0673,60.9157],[171.9977,60.9007],[171.918,60.8641],[171.8306,60.8374],[171.7295,60.8431],[171.4897,60.7257],[170.9493,60.5229],[170.7993,60.4965],[170.6082,60.4349],[170.5897,60.3937],[170.5886,60.3429],[170.5123,60.2595],[170.4234,60.0478],[170.3965,60.0098],[170.351,59.9655],[170.1541,59.9861],[169.9826,60.0671],[169.9272,60.1042],[169.8976,60.1479],[169.887,60.2179],[169.8543,60.2502],[169.8147,60.2654],[169.6184,60.438],[169.2757,60.5566],[169.2268,60.5959],[168.7883,60.5638],[168.6703,60.5629],[168.4628,60.5922],[168.1375,60.5739],[167.746,60.5093],[167.6261,60.4689],[167.2268,60.4063],[166.9641,60.307],[166.4525,59.947],[166.3318,59.8724],[166.273,59.8563],[166.1865,59.8495],[166.1489,59.9221],[166.136,59.9793],[166.1684,60.0888],[166.2298,60.1783],[166.2925,60.3461],[166.3081,60.4143],[166.3521,60.4848],[166.1802,60.4804],[165.942,60.3569],[165.583,60.2365],[165.4158,60.2052],[165.2853,60.1349],[165.1926,60.1248],[165.0846,60.0986],[165.0736,59.9456],[165.0189,59.8607],[164.9537,59.8436],[164.8543,59.841],[164.7794,59.8742],[164.6697,59.9975],[164.5253,60.0613],[164.44,60.0727],[164.3769,60.0581],[164.2516,59.9738],[164.1133,59.8976],[164.1351,59.9844],[164.0176,60.0173],[163.9129,60.0371],[163.7801,60.0411],[163.7438,60.028],[163.69,59.9784],[163.5743,59.9141],[163.4938,59.8868],[163.41,59.835],[163.3648,59.7814],[163.3212,59.7054],[163.269,59.52],[163.2729,59.3026],[163.0849,59.1314],[163.0102,59.1483],[162.9749,59.1371],[162.94,59.1143],[163.0043,59.0202],[162.9698,58.9865],[162.9346,58.964],[162.8473,58.9393],[162.6434,58.7999],[162.453,58.7086],[162.1416,58.4474],[162.0492,58.2729],[161.9601,58.0769],[162.002,57.981],[162.0396,57.9183],[162.0979,57.8747],[162.1975,57.8291],[162.4114,57.7784],[162.3922,57.745],[162.3914,57.7172],[162.467,57.7662],[162.522,57.9041],[162.6543,57.9482],[162.7184,57.9461],[163.145,57.8373],[163.2258,57.7904],[163.2139,57.6868],[163.1879,57.6374],[163.1088,57.5648],[162.957,57.4775],[162.7793,57.3576],[162.7623,57.2841],[162.7615,57.2439],[162.8081,57.1028],[162.8148,57.0234],[162.7911,56.8754],[162.8026,56.8115],[162.8499,56.7568],[162.9221,56.7227],[163.0464,56.7413],[163.1654,56.7255],[163.2565,56.688],[163.2433,56.5646],[163.294,56.4477],[163.3355,56.2325],[163.2613,56.1737],[163.1893,56.137],[163.0474,56.0447],[162.9717,56.0338],[162.8403,56.0656],[162.6281,56.2323],[162.7132,56.3309],[162.8933,56.3995],[162.9752,56.449],[163.0384,56.5219],[162.9441,56.5081],[162.8776,56.4764],[162.6715,56.4901],[162.5891,56.4549],[162.4887,56.3991],[162.5282,56.2607],[162.4611,56.2355],[162.3341,56.1877],[162.1461,56.1283],[162.085,56.0896],[161.924,55.8404],[161.7756,55.6548],[161.7239,55.4961],[161.7294,55.358],[161.785,55.2053],[161.8242,55.1389],[161.9961,54.998],[162.0803,54.8861],[162.1056,54.7521],[161.9669,54.6887],[161.7257,54.533],[161.6248,54.5163],[161.294,54.5206],[161.1299,54.5982],[160.9355,54.5784],[160.7727,54.5414],[160.5172,54.4309],[160.2889,54.2882],[160.0744,54.1892],[160.0102,54.1309],[159.9218,54.0084],[159.8438,53.7836],[159.8709,53.6727],[159.9143,53.6208],[159.9559,53.5522],[159.8991,53.4477],[159.8977,53.3808],[160.0021,53.2749],[160.0251,53.1296],[159.9475,53.1251],[159.7716,53.2297],[159.5859,53.2377],[159.1361,53.1171],[158.9521,53.0476],[158.7454,52.9089],[158.6837,52.9354],[158.6396,53.0148],[158.5646,53.05],[158.4721,53.0324],[158.4323,52.9574],[158.5602,52.9222],[158.6088,52.8736],[158.5337,52.6884],[158.4808,52.6267],[158.5004,52.4603],[158.4932,52.3832],[158.4635,52.305],[158.3316,52.0909],[158.1035,51.8096],[157.8232,51.6053],[157.6289,51.5346],[157.531,51.4799],[157.4898,51.4089],[157.2022,51.2127],[156.8475,51.0066],[156.7478,50.9693],[156.7243,51.0471],[156.7135,51.1241],[156.6708,51.2269],[156.5435,51.3116],[156.5212,51.3803],[156.5004,51.4751],[156.4898,51.913],[156.3773,52.3666],[156.3647,52.5094],[156.2286,52.6263],[156.1544,52.7473],[156.1104,52.8662],[156.0988,53.0065],[155.9502,53.7443],[155.9049,53.9281],[155.7064,54.5215],[155.6203,54.8646],[155.5639,55.1991],[155.5549,55.3485],[155.6435,55.7936],[155.7166,56.0722],[155.9825,56.6952],[156.0254,56.752],[156.0675,56.7816],[156.5293,57.0212],[156.7284,57.1522],[156.8488,57.2902],[156.9768,57.4663],[156.9636,57.5609],[156.9482,57.6158],[156.8999,57.6769],[156.7916,57.7479],[156.8299,57.7796],[156.872,57.8037],[156.9857,57.8302],[157.2168,57.7768],[157.4504,57.7993],[157.6664,58.0198],[157.9746,57.9859],[158.2104,58.0253],[158.2752,58.009],[158.3211,58.0834],[158.4494,58.1628],[158.687,58.2813],[159.0369,58.4239],[159.2106,58.5194],[159.3084,58.6105],[159.4526,58.6959],[159.5915,58.8037],[159.8474,59.1271],[160.3504,59.394],[160.5475,59.5474],[160.7114,59.6017],[160.8553,59.6269],[161.2189,59.8456],[161.4493,60.0273],[161.7535,60.1523],[161.846,60.2322],[162.0036,60.4202],[162.0682,60.4664],[162.2663,60.5367],[162.7132,60.6595],[162.9731,60.7829],[163.3523,60.8004],[163.4664,60.8498],[163.5852,60.8771],[163.71,60.9168],[163.5535,61.0256],[163.5893,61.0844],[163.6196,61.1113],[163.8934,61.2405],[164.0055,61.3438],[163.9921,61.3882],[163.9728,61.4199],[163.8044,61.4614],[163.8371,61.5583],[163.8827,61.6401],[164.0195,61.7107],[164.068,61.8739],[164.0742,62.045],[164.2072,62.2922],[164.2875,62.3466],[164.5983,62.4706],[164.6707,62.4738],[164.8877,62.4319],[165.1241,62.4115],[165.2081,62.374],[165.2257,62.4058],[165.2139,62.4482],[165.2804,62.463],[165.4174,62.4471],[165.3966,62.4939],[165.044,62.517],[164.7924,62.5711],[164.567,62.6755],[164.4184,62.7046],[164.2557,62.6966],[163.3317,62.5509],[163.2871,62.5114],[163.2442,62.4554],[163.3021,62.373],[163.258,62.3369],[163.2133,62.3134],[163.1635,62.2596],[163.1185,62.1529],[163.1311,62.0499],[163.0177,61.8911],[163.0093,61.7915],[163.2076,61.7366],[163.2578,61.6995],[163.1979,61.6448],[163.1389,61.6114],[163.0853,61.5706],[163.0473,61.5541],[162.9939,61.5442],[162.9217,61.5977],[162.856,61.705],[162.7523,61.7113],[162.7179,61.6951],[162.699,61.6526],[162.6076,61.65],[162.5064,61.6701],[162.3926,61.6621],[162.1884,61.5407],[161.0371,60.9629],[160.915,60.8927],[160.7666,60.7533],[160.482,60.7398],[160.3682,60.7085],[160.2873,60.667],[160.1736,60.6384],[160.1773,60.6907],[160.2011,60.7296],[160.2258,60.8315],[160.3789,61.0255],[160.2812,61.0448],[160.1843,61.0477],[160.004,61.0074],[159.8831,60.9434],[159.7904,60.9566],[159.8346,61.014],[159.9492,61.1286],[159.914,61.2345],[159.8831,61.2918],[159.9309,61.3239],[160.1627,61.5375],[160.2469,61.6476],[160.3174,61.7934],[160.3215,61.8386],[160.3094,61.8944],[160.2378,61.9039],[160.1825,61.9028],[159.7222,61.7584],[159.5523,61.7195],[159.4963,61.7814],[159.423,61.8081],[159.295,61.9142],[159.1893,61.9294],[159.0767,61.9223],[158.8243,61.8502],[158.5472,61.8109],[158.3337,61.8257],[158.1516,61.7648],[158.0701,61.7536],[157.7993,61.7953],[157.4693,61.7989],[157.3707,61.7471],[157.0842,61.6757],[156.8918,61.5652],[156.7906,61.5296],[156.6803,61.4806],[156.6297,61.2725],[156.4826,61.206],[156.3441,61.1551],[156.056,60.9956],[155.8533,60.7771],[155.7161,60.6824],[155.4278,60.5499],[154.9708,60.3767],[154.5782,60.095],[154.4407,59.8838],[154.3898,59.8768],[154.2931,59.8334],[154.2666,59.7304],[154.2688,59.6584],[154.2092,59.6003],[154.1498,59.5285],[154.2129,59.4834],[154.2722,59.4751],[154.3576,59.4814],[154.5825,59.5401],[154.9713,59.4496],[155.1667,59.3602],[155.153,59.2702],[155.1604,59.1901],[155.0167,59.1956],[154.8237,59.1875],[154.7035,59.1413],[154.458,59.2166],[154.376,59.1878],[154.2467,59.1086],[154.0109,59.0755],[153.8917,59.1142],[153.6952,59.2248],[153.3611,59.2148],[153.2729,59.0913],[153.1961,59.0944],[153.0777,59.0819],[152.8822,58.9391],[152.8179,58.9263],[152.5756,58.9541],[152.4007,59.0264],[152.3196,59.0308],[152.1652,58.997],[152.0879,58.9104],[151.7046,58.8667],[151.3268,58.8751],[151.1211,59.0825],[151.505,59.164],[151.7335,59.1467],[151.99,59.1601],[152.2606,59.2236],[152.1695,59.2779],[152.1045,59.2906],[151.9424,59.2841],[151.798,59.3232],[151.4857,59.5241],[151.3482,59.5611],[151.1703,59.5833],[151.0336,59.5856],[150.9825,59.5713],[150.9119,59.523],[150.8633,59.4754],[150.8234,59.4607],[150.7295,59.4691],[150.6152,59.5065],[150.4836,59.4944],[150.5398,59.525],[150.6673,59.5563],[150.4572,59.5907],[150.3256,59.6389],[150.2025,59.6513],[149.6426,59.7704],[149.4245,59.761],[149.2904,59.7285],[149.0652,59.6305],[149.1277,59.5588],[149.1754,59.5268],[149.205,59.4882],[149.133,59.4805],[148.925,59.475],[148.7971,59.5323],[148.7089,59.4485],[148.7441,59.3735],[148.8896,59.4],[148.9646,59.3691],[148.9141,59.2827],[148.7267,59.2579],[148.4912,59.2623],[148.2574,59.4142],[147.8746,59.388],[147.6879,59.2907],[147.5145,59.2686],[147.04,59.3657],[146.8037,59.3729],[146.5372,59.457],[146.4443,59.4305],[146.2734,59.2215],[146.0495,59.1706],[145.9316,59.1984],[145.8291,59.3303],[145.7564,59.3737],[145.5546,59.4135],[144.4834,59.3763],[144.1234,59.4083],[143.8688,59.4114],[143.5238,59.3437],[143.1922,59.3701],[142.5803,59.2401],[142.3304,59.1526],[142.0254,58.9997],[141.7547,58.7453],[141.6029,58.649],[141.3471,58.5281],[140.9877,58.4168],[140.7902,58.3035],[140.685,58.2122],[140.4951,57.8654],[140.4469,57.8137],[140.0023,57.6875],[139.8615,57.5493],[139.8033,57.5142],[139.6192,57.4557],[139.5066,57.3583],[139.4438,57.3297],[139.1816,57.2615],[138.9657,57.0881],[138.6621,56.9655],[138.2178,56.629],[138.1801,56.5885],[138.1406,56.4987],[138.0738,56.4331],[137.6915,56.1394],[137.5729,56.1121],[137.3841,55.9748],[137.1898,55.8923],[137.0121,55.7953],[136.7936,55.6942],[136.4603,55.5767],[136.3512,55.51],[136.1752,55.3522],[135.7508,55.1606],[135.5406,55.1138],[135.2625,54.9433],[135.2348,54.9032],[135.2115,54.8408],[135.2577,54.7315],[135.3254,54.7074],[135.4378,54.6925],[135.8516,54.5839],[136.238,54.6141],[136.5803,54.6136],[136.7146,54.6243],[136.7973,54.621],[136.8237,54.5615],[136.8204,54.4523],[136.7704,54.3533],[136.7294,54.0606],[136.683,53.9313],[136.7188,53.8041],[136.8026,53.782],[136.8864,53.8394],[137.0188,53.8481],[137.1554,53.8217],[137.258,54.0252],[137.1725,54.0569],[137.0962,54.1286],[137.1416,54.1822],[137.3777,54.2823],[137.5251,54.2912],[137.666,54.2833],[137.5132,54.1564],[137.4513,54.1305],[137.4034,54.1235],[137.3393,54.1005],[137.4765,54.0276],[137.6228,53.9705],[137.8348,53.9467],[137.7861,53.9033],[137.6448,53.8658],[137.517,53.7071],[137.3137,53.6316],[137.2215,53.5792],[137.2537,53.5461],[137.3283,53.539],[137.7382,53.5603],[137.9505,53.6036],[138.2529,53.7264],[138.3789,53.9093],[138.4936,53.9597],[138.5279,53.9599],[138.5682,53.9472],[138.5691,53.8188],[138.407,53.6742],[138.2922,53.5924],[138.2497,53.524],[138.3203,53.5229],[138.4507,53.537],[138.5109,53.57],[138.6607,53.7448],[138.6994,53.8697],[138.7217,54.0438],[138.7047,54.1477],[138.7159,54.2227],[138.6572,54.2983],[138.6957,54.32],[139.1051,54.2178],[139.3197,54.193],[139.7074,54.2771],[139.7955,54.2564],[139.8584,54.2053],[140.1787,54.0516],[140.2417,54.001],[140.3471,53.8126],[140.6876,53.5964],[141.0057,53.4946],[141.015,53.4542],[141.2177,53.3345],[141.3737,53.2928],[141.4021,53.184],[141.3279,53.0973],[141.1813,53.0153],[140.8873,53.0915],[140.8396,53.0879],[140.8745,53.0398],[141.0868,52.8976],[141.2559,52.8401],[141.2659,52.6526],[141.245,52.5501],[141.1324,52.4357],[141.1698,52.3684],[141.3297,52.2711],[141.4091,52.2343],[141.4853,52.1785],[141.3855,52.0572],[141.3669,51.9207],[141.2584,51.8607],[141.1294,51.7278],[140.9326,51.6199],[140.8386,51.4142],[140.6877,51.2323],[140.6707,51.0513],[140.6456,50.9868],[140.5209,50.8002],[140.4764,50.546],[140.5354,50.1308],[140.5641,50.1067],[140.6245,50.0824],[140.6133,50.0537],[140.5846,50.0333],[140.4627,49.9115],[140.4646,49.8256],[140.5113,49.7617],[140.5172,49.5961],[140.4311,49.3315],[140.3991,49.2898],[140.3644,49.2208],[140.3486,49.1592],[140.3256,49.12],[140.309,49.0539],[140.3337,48.9948],[140.3783,48.9641],[140.2242,48.7729],[140.1706,48.5237],[140.1133,48.4227],[139.9984,48.3238],[139.7607,48.1806],[139.6763,48.0899],[139.5205,47.9753],[139.3727,47.8874],[139.167,47.6349],[139.0014,47.3833],[138.5868,47.0572],[138.5297,46.9762],[138.5005,46.8898],[138.3918,46.7451],[138.3369,46.5434],[138.2102,46.4629],[138.1063,46.2507],[137.7691,45.9285],[137.6854,45.8184],[137.4252,45.64],[137.147,45.3935],[136.8035,45.1711],[136.7372,45.08],[136.6041,44.9782],[136.4604,44.8221],[136.2512,44.6668],[136.2087,44.562],[136.1423,44.4891],[135.987,44.4398],[135.8746,44.3735],[135.5332,43.9715],[135.4891,43.8988],[135.4834,43.835],[135.2602,43.6846],[135.1311,43.5257],[134.917,43.4266],[134.6918,43.2906],[134.1564,43.0421],[134.0104,42.9475],[133.7094,42.8299],[133.5867,42.8282],[133.3295,42.7639],[133.16,42.697],[133.0594,42.7228],[132.9966,42.808],[132.9239,42.8053],[132.8636,42.7938],[132.709,42.8758],[132.5765,42.8716],[132.4813,42.9098],[132.3038,42.8833],[132.3344,43.2387],[132.3096,43.3135],[132.2332,43.2451],[132.0287,43.1189],[131.9473,43.0954],[131.8666,43.0952],[131.8983,43.1708],[132.0131,43.28],[131.9763,43.296],[131.939,43.302],[131.7947,43.2553],[131.7221,43.2026],[131.5164,42.9964],[131.3933,42.8223],[131.2925,42.7721],[131.2453,42.6974],[131.1583,42.626],[131.0248,42.6452],[130.9457,42.6339],[130.7562,42.6733],[130.7094,42.6564],[130.8342,42.5229],[130.7299,42.3258],[130.6873,42.3025]]],[[[47.442,80.8537],[47.8995,80.8127],[48.2433,80.8235],[48.3452,80.819],[48.4457,80.806],[48.5474,80.7791],[48.6865,80.7178],[48.6836,80.6333],[48.6255,80.6293],[48.0443,80.6682],[47.7773,80.7562],[47.7053,80.7652],[47.6001,80.7419],[47.5123,80.6879],[47.4142,80.6745],[47.3039,80.6062],[47.1982,80.6149],[47.1449,80.609],[47.011,80.5621],[46.6775,80.5613],[46.6239,80.5407],[46.5137,80.4755],[46.3781,80.4568],[46.1414,80.4467],[46.0599,80.4838],[46.0236,80.5409],[45.969,80.5695],[45.6408,80.537],[45.3893,80.5603],[45.1492,80.5987],[44.905,80.6113],[45.1245,80.6522],[46.3274,80.7352],[46.7991,80.7552],[47.0206,80.8144],[47.3523,80.8529],[47.442,80.8537]]],[[[50.2781,80.9272],[50.4314,80.9109],[50.8011,80.9142],[50.9177,80.8904],[51.4548,80.7447],[51.591,80.7408],[51.7036,80.6876],[51.1462,80.604],[50.9608,80.5405],[50.2797,80.5273],[49.846,80.4977],[49.7498,80.4721],[49.7941,80.4253],[49.5859,80.3766],[48.8961,80.3692],[48.811,80.3537],[48.6771,80.3],[48.689,80.2903],[48.922,80.2768],[48.9596,80.2657],[48.9908,80.2424],[49.0107,80.2074],[48.9775,80.1626],[48.8919,80.1553],[48.7974,80.1611],[48.5817,80.1954],[48.5546,80.1833],[48.5326,80.1583],[48.4668,80.1101],[48.3862,80.0958],[48.1672,80.1328],[48.0959,80.1223],[48.0258,80.0995],[47.9399,80.0886],[47.7373,80.0817],[47.6324,80.112],[47.7231,80.1514],[47.9775,80.2125],[47.893,80.2393],[47.6424,80.2453],[47.4443,80.2301],[47.3431,80.1885],[47.2486,80.1802],[46.991,80.1828],[46.8459,80.2372],[46.7382,80.2577],[46.6444,80.3003],[47.4029,80.4448],[47.6561,80.5005],[47.8958,80.5291],[48.2082,80.5439],[48.3062,80.5616],[48.4026,80.5688],[48.4647,80.5581],[48.6251,80.5083],[49.0878,80.5158],[49.1853,80.5586],[49.1927,80.656],[49.1475,80.7121],[49.2443,80.8214],[49.5078,80.8653],[50.1243,80.9239],[50.2781,80.9272]]],[[[67.7653,76.2376],[67.3652,76.1613],[67.127,76.1082],[66.8932,76.0723],[66.6574,76.047],[66.2824,75.9837],[65.6191,75.9046],[65.2016,75.8395],[64.7445,75.7882],[64.2626,75.7197],[63.7793,75.6726],[63.6595,75.6688],[63.3167,75.6031],[63.046,75.5757],[62.0661,75.4277],[61.6162,75.3196],[61.4865,75.3108],[61.356,75.3148],[61.2488,75.281],[61.1473,75.2226],[60.9356,75.1637],[60.8292,75.1108],[60.7192,75.0686],[60.6554,75.055],[60.5338,75.0593],[60.4756,75.0547],[60.2769,75.0076],[60.2411,74.9708],[60.4549,74.9461],[60.5014,74.9046],[60.4392,74.8753],[60.3008,74.837],[60.2225,74.7966],[60.0801,74.7559],[59.9823,74.7446],[59.7473,74.7459],[59.7347,74.6955],[59.7715,74.6645],[59.7527,74.637],[59.674,74.6102],[59.596,74.6137],[59.2401,74.693],[59.182,74.6658],[59.157,74.6108],[59.1461,74.5519],[59.101,74.5075],[59.0404,74.4855],[58.9282,74.4627],[58.5347,74.4989],[58.5021,74.4642],[58.562,74.4218],[58.6457,74.328],[58.665,74.2893],[58.6179,74.2274],[58.4414,74.1289],[57.7674,74.0138],[57.7784,73.9739],[57.8534,73.8979],[57.8723,73.8504],[57.8449,73.8051],[57.756,73.7692],[57.6574,73.7682],[57.6037,73.7755],[57.4485,73.8256],[57.3131,73.838],[57.2909,73.8146],[57.4643,73.746],[57.5426,73.6582],[57.4598,73.6103],[57.1344,73.5044],[56.9639,73.3666],[56.6342,73.3043],[56.4304,73.2972],[56.2283,73.3141],[56.0346,73.3459],[55.5492,73.3568],[55.2802,73.392],[55.0068,73.4539],[54.7687,73.4494],[54.5658,73.4185],[54.2999,73.351],[54.1315,73.481],[54.2046,73.542],[53.8387,73.6971],[53.7629,73.7662],[53.8514,73.8005],[53.9635,73.8223],[54.174,73.8857],[54.3863,73.9356],[54.6057,73.9513],[54.6427,73.9596],[54.7334,74.034],[54.8312,74.0958],[54.9203,74.1291],[55.0229,74.1866],[55.3409,74.4196],[55.4164,74.4361],[56.0783,74.4813],[56.1371,74.4961],[55.9475,74.5422],[55.7518,74.5412],[55.6615,74.5561],[55.6104,74.5905],[55.5822,74.6277],[55.6597,74.6563],[55.9137,74.7961],[56.2179,74.8975],[56.4987,74.9571],[56.4285,74.9729],[56.34,75.0135],[55.998,75.0034],[55.8632,75.0587],[55.8212,75.0906],[55.8101,75.1249],[55.9207,75.1684],[56.0355,75.1942],[56.1622,75.1866],[56.2887,75.1643],[56.3891,75.1382],[56.4853,75.0961],[56.5703,75.0978],[56.8763,75.2444],[56.8293,75.2777],[56.8095,75.3284],[56.8444,75.3514],[56.9895,75.3751],[57.0875,75.3838],[57.3018,75.3732],[57.6068,75.3413],[57.6315,75.3564],[57.7082,75.4545],[57.7834,75.5067],[58.0937,75.5925],[58.0726,75.619],[58.0583,75.6631],[58.4184,75.7198],[58.6527,75.7768],[58.8813,75.8548],[58.9947,75.8717],[59.1104,75.8737],[59.3466,75.907],[59.7819,75.9458],[60.0361,75.9838],[60.1182,76.0666],[60.2793,76.0962],[60.6062,76.1086],[60.7306,76.1041],[60.8012,76.0688],[60.9422,76.0713],[60.9978,76.0893],[61.0539,76.1199],[61.0369,76.169],[61.0344,76.233],[61.1569,76.2735],[61.2017,76.282],[61.5694,76.2985],[61.7871,76.291],[62.2373,76.2416],[62.4711,76.2305],[62.782,76.2452],[62.9715,76.2367],[63.5262,76.3095],[64.4635,76.3782],[64.7076,76.426],[64.95,76.4843],[65.0729,76.4967],[65.1972,76.4997],[65.3098,76.5179],[65.5284,76.5678],[65.6369,76.5787],[65.7552,76.5793],[65.8629,76.6133],[65.9589,76.6879],[66.063,76.7461],[66.3452,76.821],[66.8288,76.9238],[67.2637,76.9638],[67.535,77.0078],[67.6519,77.0116],[68.0173,76.9906],[68.4857,76.9337],[68.6991,76.8707],[68.8733,76.7896],[68.9117,76.7605],[68.9417,76.7077],[68.8905,76.6597],[68.858,76.6105],[68.8998,76.5729],[68.5586,76.4494],[68.2224,76.3135],[68.1654,76.2849],[67.7653,76.2376]]],[[[55.3198,73.3083],[55.7873,73.2686],[56.1377,73.2562],[56.3505,73.2255],[56.4296,73.2012],[56.3975,73.1392],[56.3347,73.1137],[56.189,73.033],[56.167,72.9832],[56.1929,72.905],[56.1705,72.8481],[56.1217,72.8066],[56.0838,72.7894],[55.8197,72.7895],[55.7234,72.7664],[55.7185,72.7215],[55.701,72.6717],[55.6164,72.5991],[55.4413,72.5754],[55.4033,72.5491],[55.4169,72.5013],[55.356,72.4651],[55.3596,72.4087],[55.3904,72.3778],[55.3991,72.3136],[55.5181,72.2207],[55.4949,72.1823],[55.4033,72.1069],[55.375,72.0149],[55.2979,71.9354],[55.4711,71.8692],[55.5467,71.7833],[55.6137,71.6899],[55.8193,71.5076],[56.0432,71.3456],[56.4544,71.1074],[56.8948,70.927],[57.0656,70.876],[57.4836,70.7923],[57.5564,70.7658],[57.6254,70.7288],[57.4472,70.661],[57.2637,70.636],[57.247,70.6051],[57.1459,70.5891],[56.6488,70.6465],[56.6217,70.6554],[56.5687,70.6975],[56.5101,70.7288],[56.3857,70.7341],[56.2601,70.7147],[56.3348,70.6767],[56.4172,70.6649],[56.5613,70.5936],[56.4997,70.5664],[56.4346,70.563],[56.1425,70.6579],[56.1147,70.6461],[56.0871,70.6184],[55.9416,70.6493],[55.9072,70.6263],[55.7969,70.6156],[55.7067,70.6419],[55.7064,70.6752],[55.6873,70.6922],[55.2369,70.666],[55.0517,70.6667],[54.8671,70.6781],[54.6451,70.7418],[54.6082,70.7132],[54.6012,70.6801],[54.5174,70.6933],[54.3326,70.7447],[54.1994,70.7649],[53.7224,70.8145],[53.3836,70.8735],[53.4678,70.9006],[53.6136,70.9146],[53.6156,70.9508],[53.5926,71.0007],[53.5878,71.0523],[53.6705,71.0869],[53.857,71.0704],[53.8343,71.1267],[53.9223,71.1376],[54.0939,71.1052],[54.1557,71.1255],[53.8861,71.1963],[53.5908,71.2967],[53.6222,71.3328],[53.5152,71.3425],[53.41,71.3401],[53.319,71.3992],[53.3325,71.4772],[53.4116,71.5301],[53.3639,71.5417],[52.909,71.495],[52.6787,71.5057],[52.4188,71.5369],[52.18,71.4902],[51.9379,71.4747],[51.8126,71.4913],[51.6916,71.5251],[51.5904,71.5711],[51.5113,71.6481],[51.4387,71.7768],[51.4286,71.8255],[51.4436,71.9344],[51.4822,71.9798],[51.5825,72.0712],[51.6531,72.0994],[51.8055,72.1421],[51.8854,72.1532],[52.0687,72.1312],[52.2521,72.1297],[52.3323,72.154],[52.4067,72.1967],[52.4619,72.2523],[52.5861,72.284],[52.6221,72.301],[52.6619,72.3369],[52.7058,72.391],[52.7139,72.437],[52.7487,72.483],[52.8637,72.5499],[52.8232,72.5913],[52.8391,72.6193],[52.9166,72.6689],[52.6831,72.6823],[52.605,72.7041],[52.5285,72.7374],[52.5506,72.7686],[52.5793,72.7914],[52.8122,72.8752],[52.9132,72.9],[53.0242,72.9136],[53.135,72.9132],[53.2535,72.9038],[53.3698,72.9167],[53.2473,72.9731],[53.2371,73.0112],[53.189,73.104],[53.1979,73.1476],[53.2512,73.183],[53.3576,73.2246],[53.5122,73.2384],[53.6337,73.2603],[53.7532,73.2933],[53.8656,73.299],[54.091,73.2765],[54.2023,73.2813],[54.3276,73.2995],[54.6761,73.37],[54.8039,73.3876],[54.9406,73.3833],[55.1214,73.3568],[55.3198,73.3083]]],[[[96.5266,81.0756],[96.5631,81.0301],[96.6933,80.9942],[96.755,80.9579],[97.4137,80.8418],[97.703,80.8267],[97.8318,80.7983],[97.8699,80.7633],[97.8564,80.6981],[97.7472,80.6987],[97.6654,80.6781],[97.2214,80.6524],[97.1131,80.6141],[97.0254,80.5355],[97.0726,80.5199],[97.115,80.4966],[97.2502,80.363],[97.2868,80.3425],[97.417,80.3231],[97.2984,80.2728],[97.1752,80.241],[95.8558,80.177],[94.9613,80.1504],[94.6612,80.1228],[94.565,80.1261],[94.3284,80.076],[93.8724,80.0101],[93.6547,80.0096],[93.0023,80.1021],[92.2016,80.1793],[92.0922,80.2233],[91.8916,80.2493],[91.6374,80.2699],[91.5238,80.3585],[91.6878,80.4185],[91.8967,80.4775],[92.2467,80.4991],[92.5779,80.5333],[92.8268,80.6186],[92.9811,80.703],[93.2625,80.7913],[92.7729,80.7687],[92.5926,80.7809],[92.6102,80.81],[92.7104,80.8722],[92.7646,80.8931],[92.9387,80.9258],[93.0651,80.9885],[93.3587,81.0317],[93.4974,81.0392],[93.6367,81.0381],[93.8889,81.0584],[94.1401,81.0895],[94.3755,81.1074],[94.6116,81.1146],[94.8379,81.1394],[95.0609,81.1881],[95.1596,81.271],[95.8007,81.2805],[95.902,81.2606],[95.984,81.2114],[96.0752,81.1928],[96.1869,81.1839],[96.4711,81.0993],[96.5266,81.0756]]],[[[97.6745,80.1583],[97.9036,80.095],[98.0178,80.0229],[97.9067,80.0038],[97.8079,79.9563],[97.76,79.8958],[97.627,79.8504],[97.5913,79.775],[97.6517,79.7606],[97.7245,79.7814],[97.8707,79.8526],[98.0646,79.9011],[98.2732,79.8741],[98.3531,79.8843],[98.499,79.9531],[98.4719,80.0091],[98.5318,80.0436],[98.5965,80.0522],[98.8659,80.0454],[99.2949,80.0164],[99.3707,79.9864],[99.473,79.9702],[99.5361,79.9413],[99.7266,79.9199],[99.8184,79.8982],[99.9466,79.849],[100.0612,79.7771],[99.9158,79.7383],[99.8393,79.6689],[99.8055,79.6531],[99.7816,79.6283],[99.7711,79.5677],[99.7488,79.5152],[99.7212,79.4918],[99.7062,79.4635],[99.7216,79.3851],[99.6807,79.3233],[99.5373,79.2766],[99.3878,79.2748],[99.1671,79.3063],[99.1044,79.3054],[99.0418,79.293],[99.3174,79.2272],[99.5173,79.1302],[99.7508,79.1077],[99.8146,79.0958],[99.8996,79.0064],[99.9293,78.9614],[99.5408,78.8527],[99.4396,78.8342],[98.8195,78.8183],[98.4111,78.7878],[98.2825,78.795],[98.0542,78.821],[97.9052,78.8102],[97.6886,78.8273],[97.5555,78.8266],[97.2481,78.868],[96.9329,78.9339],[96.8712,78.9638],[96.8078,78.985],[96.43,79.003],[96.3474,79.0159],[95.7965,79.0014],[95.7028,79.012],[95.5311,79.0981],[95.4369,79.0993],[95.1332,79.0496],[95.0204,79.0527],[94.791,79.0866],[94.6523,79.1275],[94.6316,79.1409],[94.6197,79.1924],[94.4821,79.2186],[94.3138,79.3075],[94.2188,79.4023],[93.7586,79.4514],[93.4787,79.4627],[93.2723,79.4584],[93.0708,79.4953],[93.4047,79.6316],[93.8473,79.7017],[94.0382,79.756],[94.2571,79.8297],[94.3473,79.9419],[94.7194,80.0112],[94.815,80.0348],[94.9468,80.0893],[94.9873,80.0968],[95.2813,80.0305],[95.338,80.0421],[95.3907,80.0728],[95.4976,80.1056],[95.8578,80.11],[96.1625,80.0968],[96.2773,80.1101],[96.4166,80.1043],[97.1205,80.153],[97.5868,80.1683],[97.6745,80.1583]]],[[[102.8848,79.254],[102.7873,79.1764],[102.7458,79.1061],[102.4479,78.8767],[102.4123,78.8354],[102.5873,78.8713],[102.7477,78.9496],[102.8448,79.0144],[102.9504,79.0558],[103.0757,79.0565],[103.1991,79.0713],[103.4334,79.1261],[103.6729,79.15],[103.8008,79.1493],[103.9257,79.1232],[104.004,79.0625],[104.0911,79.0132],[104.4042,78.9771],[104.4492,78.9639],[104.477,78.9233],[104.4521,78.88],[104.6332,78.8352],[104.8811,78.8549],[105.0146,78.8433],[105.146,78.8188],[105.2046,78.7799],[105.2561,78.733],[105.3102,78.6662],[105.3427,78.5939],[105.3126,78.4999],[104.8326,78.3527],[104.7418,78.3397],[104.5194,78.3492],[104.2975,78.3351],[103.7193,78.2583],[103.0031,78.2559],[102.7967,78.1879],[102.7344,78.1899],[102.6731,78.2017],[102.6172,78.2246],[102.1805,78.2053],[101.6924,78.1943],[101.2041,78.1919],[101.0399,78.143],[100.5412,78.0475],[100.0822,77.975],[99.845,77.9568],[99.5003,77.9761],[99.3917,78.0007],[99.2871,78.0381],[99.4387,78.0839],[99.5456,78.1786],[99.6779,78.2335],[100.0189,78.3389],[100.0575,78.3804],[100.1235,78.4705],[100.163,78.504],[100.215,78.5358],[100.2572,78.5738],[100.2627,78.6315],[100.284,78.6792],[100.4164,78.7532],[100.5156,78.7878],[100.6196,78.7974],[100.8756,78.7836],[100.9558,78.7885],[100.8979,78.8125],[100.8563,78.8978],[100.8646,78.9258],[100.9014,78.9801],[100.9654,79.0065],[101.0309,79.0233],[101.0682,79.0962],[101.0522,79.1232],[101.1488,79.1569],[101.1961,79.2044],[101.3104,79.2326],[101.5431,79.2544],[101.5553,79.3126],[101.5906,79.3504],[101.6434,79.3614],[101.7613,79.372],[101.8242,79.3702],[101.9121,79.3116],[102.0053,79.2637],[102.1285,79.2525],[102.2513,79.2561],[102.1772,79.3126],[102.1807,79.3734],[102.2251,79.4129],[102.2824,79.4301],[102.4049,79.4332],[102.7898,79.3921],[103.0416,79.3315],[103.0979,79.2991],[103.0524,79.2825],[102.9396,79.2712],[102.8848,79.254]]],[[[140.0487,75.829],[140.1521,75.8098],[140.2744,75.8224],[140.3891,75.7959],[140.4963,75.6898],[140.5467,75.6632],[140.6021,75.6439],[140.6567,75.6341],[140.8159,75.6307],[140.8893,75.652],[140.9441,75.7005],[140.9404,75.7495],[140.9266,75.7989],[140.9258,75.8668],[140.9503,75.9273],[140.9854,75.9645],[141.0326,75.989],[141.2993,76.0638],[141.4854,76.1372],[141.7423,76.1081],[142.0015,76.0436],[142.4604,75.9036],[142.6695,75.8634],[142.9268,75.8269],[143.1852,75.8136],[143.3111,75.8223],[143.56,75.8604],[143.6858,75.8637],[145.2553,75.5856],[145.3098,75.5641],[145.36,75.5305],[145.0234,75.4897],[144.8031,75.4161],[144.7268,75.3656],[144.8143,75.3245],[144.8835,75.2689],[144.4078,75.1023],[144.216,75.0592],[144.0197,75.0447],[143.6259,75.084],[143.3961,75.0829],[143.1703,75.1169],[142.9221,75.2174],[142.8201,75.2678],[142.7295,75.3376],[142.6996,75.4489],[142.7345,75.5446],[142.8676,75.5718],[142.986,75.6333],[143.0024,75.6599],[142.9418,75.7133],[142.5516,75.7209],[142.3079,75.6917],[142.0862,75.6606],[142.1511,75.4576],[142.1988,75.3927],[142.2647,75.3461],[142.6168,75.1333],[142.697,75.1031],[142.9297,75.0624],[143.1279,74.9703],[142.7782,74.8678],[142.6261,74.8374],[142.4728,74.8204],[142.3784,74.8286],[142.2874,74.8499],[142.1842,74.8996],[142.1,74.951],[141.9873,74.9913],[141.7484,74.9826],[141.53,74.9472],[141.3104,74.9232],[140.6607,74.8818],[140.4639,74.8561],[140.2679,74.8469],[140.011,74.8948],[139.7582,74.9638],[139.6813,74.9641],[139.6059,74.9456],[139.548,74.9041],[139.5123,74.8378],[139.4301,74.7492],[139.3256,74.6868],[139.2153,74.6597],[139.0991,74.6565],[138.9817,74.6737],[138.8656,74.7009],[138.0923,74.7975],[138.0014,74.827],[137.915,74.8709],[137.683,75.0085],[137.5681,75.0406],[137.447,75.0542],[137.218,75.1237],[137.0062,75.235],[136.9623,75.2704],[136.9477,75.3255],[136.9824,75.3653],[137.166,75.3466],[137.2897,75.3486],[137.2152,75.5544],[137.2688,75.7494],[137.3585,75.7816],[137.7065,75.7596],[137.5936,75.8234],[137.5012,75.9097],[137.5605,75.9552],[137.6254,75.9882],[137.7744,76.0157],[137.9771,76.0278],[138.0387,76.0473],[138.096,76.0805],[138.2076,76.1149],[138.4307,76.1301],[138.814,76.1997],[138.9195,76.1967],[139.0176,76.1601],[139.1092,76.1084],[139.2113,76.0807],[139.5285,76.0134],[139.7434,75.9531],[140.0487,75.829]]],[[[146.7952,75.3708],[147.0604,75.3643],[147.4436,75.438],[147.497,75.4405],[148.4324,75.4135],[148.5089,75.3875],[148.5188,75.3365],[148.4892,75.3094],[148.475,75.2724],[148.5901,75.2364],[148.8922,75.2281],[149.0832,75.2621],[149.6453,75.2446],[150.1039,75.2192],[150.2807,75.164],[150.4172,75.1343],[150.5306,75.0999],[150.6129,75.1202],[150.6903,75.1553],[150.7569,75.1624],[150.8224,75.1565],[150.6463,74.9446],[150.5803,74.9189],[150.3313,74.8668],[149.8381,74.7953],[149.5969,74.7726],[149.0502,74.7725],[148.2969,74.8004],[148.0924,74.8257],[147.9719,74.8573],[147.7409,74.932],[147.6269,74.9589],[147.257,74.9843],[147.144,74.9984],[146.9249,75.0625],[146.7033,75.1142],[146.1485,75.1983],[146.1861,75.2956],[146.2576,75.3937],[146.343,75.4809],[146.4385,75.5582],[146.5375,75.5818],[146.751,75.5104],[146.7482,75.4287],[146.7952,75.3708]]],[[[178.8615,70.8264],[178.7926,70.8221],[178.6482,71.0006],[178.6283,71.0474],[178.6839,71.1057],[178.829,71.1779],[178.8911,71.2311],[179.2351,71.3245],[179.5477,71.4477],[179.7159,71.4662],[179.8864,71.5233],[180.0,71.5377],[180.0,70.993],[179.8813,70.9757],[179.6477,70.8989],[179.1525,70.8803],[178.8615,70.8264]]],[[[142.761,54.3939],[142.9762,54.141],[142.9859,54.0857],[142.9671,54.0288],[142.9266,53.9556],[142.9114,53.8784],[142.9364,53.8109],[142.918,53.7942],[143.0955,53.4887],[143.2236,53.296],[143.26,53.2173],[143.2879,53.1344],[143.3247,52.9631],[143.3326,52.7],[143.3236,52.6136],[143.2951,52.5292],[143.2643,52.4787],[143.201,52.4429],[143.1723,52.3494],[143.1556,52.0837],[143.1906,51.9445],[143.2506,51.8479],[143.2947,51.7443],[143.2995,51.6324],[143.3205,51.5833],[143.4178,51.5206],[143.4555,51.4715],[143.4674,51.4019],[143.4729,51.2992],[143.4888,51.2771],[143.5342,51.2463],[143.736,50.5067],[143.816,50.2826],[144.0479,49.8958],[144.1413,49.6615],[144.1996,49.5498],[144.2399,49.432],[144.2721,49.3113],[144.3412,49.1805],[144.4317,49.0511],[144.6068,48.9358],[144.6855,48.8712],[144.7066,48.8195],[144.7138,48.6403],[144.6727,48.6786],[144.621,48.8148],[144.5363,48.8936],[144.4118,48.9864],[144.2838,49.0698],[144.1255,49.2085],[144.0487,49.2492],[143.9678,49.2763],[143.8191,49.3086],[143.7323,49.312],[143.3822,49.2907],[143.2363,49.2628],[143.105,49.1988],[143.0269,49.1054],[142.9717,48.9178],[142.651,48.2469],[142.5742,48.0722],[142.5459,47.8849],[142.5569,47.7379],[142.579,47.684],[142.6701,47.5369],[142.7454,47.4524],[142.8008,47.4162],[142.864,47.3918],[142.9055,47.3619],[142.9403,47.3228],[143.0056,47.2227],[143.0893,47.0008],[143.1779,46.844],[143.2177,46.7949],[143.3187,46.8074],[143.3844,46.8057],[143.4473,46.792],[143.4856,46.7521],[143.5403,46.5751],[143.5787,46.4061],[143.5807,46.3607],[143.5086,46.2302],[143.4906,46.1746],[143.4823,46.1158],[143.4635,46.0695],[143.4316,46.0287],[143.4187,46.222],[143.3703,46.3585],[143.3521,46.4762],[143.2823,46.559],[143.0479,46.5926],[142.8293,46.6053],[142.7955,46.6202],[142.7474,46.6707],[142.6919,46.7108],[142.6357,46.7162],[142.578,46.7008],[142.4788,46.6442],[142.4064,46.5547],[142.35,46.4587],[142.304,46.3576],[142.2086,46.0889],[142.1497,45.9993],[142.0771,45.917],[142.0156,45.9616],[141.9616,46.0135],[141.93,46.0883],[141.9163,46.1708],[141.8304,46.4511],[141.8665,46.6942],[142.011,47.0303],[142.0387,47.1403],[142.0169,47.2447],[141.9842,47.3477],[141.9625,47.5438],[141.9641,47.5875],[142.0156,47.7006],[142.076,47.8083],[142.1492,47.9021],[142.1817,48.0134],[142.1354,48.2901],[142.0287,48.4771],[141.8973,48.6547],[141.873,48.702],[141.8663,48.7501],[141.9796,48.9722],[142.0201,49.0785],[142.0665,49.3121],[142.1087,49.4396],[142.1423,49.5691],[142.1531,50.2167],[142.1431,50.3121],[142.0711,50.515],[142.066,50.6305],[142.1005,50.7765],[142.1473,50.8902],[142.2079,50.9985],[142.2067,51.2226],[142.0907,51.4294],[142.006,51.5205],[141.8729,51.63],[141.7719,51.6902],[141.7224,51.7363],[141.7719,51.7518],[141.8081,51.7892],[141.721,51.8468],[141.6685,51.9333],[141.6608,52.2729],[141.6824,52.3591],[141.7476,52.4548],[141.8033,52.5556],[141.8556,52.7935],[141.8736,53.0389],[141.8389,53.1385],[141.8235,53.3395],[141.8524,53.3895],[141.9645,53.4564],[142.142,53.4956],[142.1799,53.484],[142.3189,53.4055],[142.3705,53.4025],[142.424,53.4107],[142.5262,53.4475],[142.5835,53.5368],[142.5092,53.5876],[142.5525,53.6526],[142.6796,53.6744],[142.6889,53.7302],[142.6429,53.7368],[142.683,53.816],[142.706,53.8957],[142.6702,53.9684],[142.4666,54.1485],[142.335,54.2807],[142.5517,54.279],[142.6156,54.3036],[142.6662,54.3582],[142.6928,54.4161],[142.761,54.3939]]],[[[-178.8765,71.5771],[-178.439,71.5412],[-178.3536,71.5292],[-178.2147,71.4816],[-178.1339,71.4655],[-178.0566,71.4376],[-177.9748,71.3905],[-177.817,71.34],[-177.5841,71.2817],[-177.5322,71.2631],[-177.4985,71.2191],[-177.5236,71.1669],[-177.8218,71.0676],[-178.0627,71.0419],[-178.528,71.0148],[-179.1569,70.9398],[-179.4157,70.919],[-179.5067,70.9234],[-179.734,70.9717],[-180.0,70.993],[-180.0,71.1842],[-180.0,71.3997],[-180.0,71.5377],[-179.8449,71.551],[-179.691,71.578],[-179.5464,71.5824],[-179.4021,71.5666],[-179.2565,71.5717],[-179.1116,71.5962],[-178.994,71.5932],[-178.8765,71.5771]]],[[[35.8161,65.1821],[35.8484,65.1427],[35.8584,65.0779],[35.8273,65.0365],[35.8423,65.0015],[35.7787,64.9767],[35.6801,65.0576],[35.6214,65.0588],[35.5586,65.0936],[35.5289,65.1511],[35.5857,65.1671],[35.6087,65.1571],[35.7291,65.1976],[35.8161,65.1821]]],[[[42.7137,66.7017],[42.6756,66.6881],[42.4773,66.7351],[42.4601,66.7704],[42.4686,66.7855],[42.5475,66.7955],[42.6314,66.7822],[42.6907,66.7353],[42.7137,66.7017]]],[[[52.9033,71.365],[52.9941,71.2913],[53.074,71.2379],[53.1414,71.2419],[53.1926,71.2153],[53.2052,71.1597],[53.0715,71.065],[53.0481,71.031],[53.1058,70.9993],[53.121,70.982],[53.0227,70.9687],[53.0045,71.0116],[52.9496,71.0536],[52.8354,71.0858],[52.789,71.1149],[52.7384,71.1807],[52.5466,71.2504],[52.4255,71.2393],[52.2895,71.2704],[52.2496,71.2849],[52.2398,71.325],[52.2966,71.3568],[52.5126,71.3851],[52.6174,71.3833],[52.7297,71.3551],[52.7203,71.3898],[52.7322,71.4037],[52.7768,71.3998],[52.9033,71.365]]],[[[168.0391,54.565],[168.0813,54.5127],[167.6773,54.6977],[167.4881,54.795],[167.4415,54.8559],[167.5117,54.8569],[167.5925,54.7978],[167.7106,54.7702],[167.8826,54.6905],[168.0391,54.565]]],[[[160.7189,70.8227],[160.6514,70.8059],[160.5048,70.8197],[160.4369,70.851],[160.4404,70.9227],[160.4485,70.934],[160.5658,70.9238],[160.6449,70.8835],[160.7189,70.8227]]],[[[161.4671,68.901],[161.4225,68.8997],[161.4563,68.966],[161.4611,68.9956],[161.3641,69.0444],[161.1825,69.0816],[161.1365,69.1103],[161.1255,69.197],[161.1646,69.3336],[161.0828,69.4057],[161.1107,69.4698],[161.3233,69.5409],[161.4098,69.5957],[161.5052,69.6395],[161.5207,69.634],[161.6178,69.5924],[161.6093,69.5009],[161.5403,69.4365],[161.3744,69.4137],[161.3509,69.3693],[161.3727,69.2928],[161.3775,69.1944],[161.3942,69.1064],[161.4947,69.016],[161.517,68.9696],[161.5067,68.9276],[161.4671,68.901]]],[[[152.8859,76.1217],[152.7863,76.0858],[152.5586,76.1436],[152.6428,76.1748],[152.7994,76.1948],[152.8351,76.1852],[152.8638,76.1634],[152.8859,76.1217]]],[[[149.1502,76.6599],[148.3986,76.6482],[148.4481,76.677],[148.7196,76.7466],[149.4064,76.7821],[149.2684,76.7472],[149.2048,76.677],[149.1502,76.6599]]],[[[137.9599,71.5077],[137.7118,71.4232],[137.6129,71.4339],[137.5118,71.4746],[137.4578,71.4835],[137.4032,71.4773],[137.3442,71.4605],[137.2655,71.4559],[137.0787,71.5022],[137.0641,71.5299],[137.0818,71.5427],[137.1295,71.5562],[137.1682,71.5571],[137.2818,71.5799],[137.8168,71.5879],[137.8576,71.5831],[137.9338,71.5428],[137.9599,71.5077]]],[[[107.6955,78.1309],[107.6063,78.0826],[107.4816,78.0578],[107.3438,78.0986],[107.0017,78.0957],[106.4155,78.1398],[106.5833,78.1676],[107.5083,78.1894],[107.5732,78.1855],[107.6955,78.1309]]],[[[112.478,76.6209],[112.6325,76.553],[112.6608,76.5096],[112.6142,76.4993],[112.5865,76.483],[112.5748,76.4524],[112.5316,76.45],[112.3948,76.4838],[112.2969,76.538],[112.1538,76.5493],[112.0027,76.603],[111.9689,76.6262],[112.0111,76.6329],[112.2814,76.6184],[112.3941,76.6438],[112.478,76.6209]]],[[[96.5324,76.2781],[96.614,76.2638],[96.5896,76.2212],[96.4867,76.2337],[96.3508,76.2122],[96.3534,76.1775],[96.3006,76.1217],[96.1088,76.1555],[95.8445,76.1603],[95.6786,76.1937],[95.3111,76.2147],[95.3221,76.2616],[95.3799,76.2891],[95.5944,76.2496],[95.7862,76.2939],[96.151,76.2719],[96.2707,76.3054],[96.5324,76.2781]]],[[[96.2854,77.0267],[96.2535,77.0073],[96.2099,76.9921],[96.0914,77.0025],[95.8547,76.975],[95.7658,76.9906],[95.6809,77.0213],[95.3641,77.0115],[95.2703,77.0188],[95.4207,77.0565],[95.8541,77.0976],[96.5284,77.2055],[96.5619,77.1541],[96.5613,77.1296],[96.4243,77.0712],[96.2854,77.0267]]],[[[89.5143,77.1888],[89.2995,77.184],[89.1793,77.2099],[89.1417,77.2268],[89.2005,77.272],[89.2815,77.3015],[89.6162,77.311],[89.6796,77.2803],[89.6658,77.2545],[89.5143,77.1888]]],[[[74.6605,72.8734],[74.6384,72.8638],[74.5881,72.8812],[74.4348,72.9077],[74.1807,72.9753],[74.1002,73.0215],[74.1424,73.0744],[74.1985,73.1091],[74.4088,73.1305],[74.5999,73.1218],[74.7253,73.1082],[74.9615,73.0625],[74.7426,73.0327],[74.6473,72.969],[74.6602,72.9293],[74.6972,72.9077],[74.6605,72.8734]]],[[[75.5037,73.4566],[75.3443,73.4323],[75.375,73.4774],[75.5697,73.5406],[75.9302,73.5736],[76.0395,73.5599],[76.0516,73.5493],[75.901,73.4815],[75.8271,73.4591],[75.5037,73.4566]]],[[[83.549,74.0718],[83.4958,74.0484],[83.45,74.0517],[83.4106,74.0396],[83.159,74.0753],[82.8178,74.0916],[82.9029,74.1289],[83.1498,74.1516],[83.5135,74.1224],[83.6184,74.0895],[83.549,74.0718]]],[[[67.3449,69.5298],[67.264,69.4425],[67.0979,69.4472],[67.0473,69.467],[67.0259,69.4832],[67.2161,69.5754],[67.3289,69.5721],[67.3449,69.5298]]],[[[66.5609,70.5417],[66.5686,70.5015],[66.5158,70.5149],[66.4486,70.561],[66.4076,70.6158],[66.3948,70.7273],[66.4182,70.7571],[66.4402,70.7727],[66.4629,70.7693],[66.4577,70.6988],[66.5609,70.5417]]],[[[70.0207,66.5022],[69.8447,66.4897],[69.6514,66.5653],[69.4693,66.716],[69.5027,66.7511],[69.6164,66.739],[69.8004,66.7365],[69.9176,66.7117],[70.0767,66.6959],[70.0576,66.6272],[70.0572,66.5995],[70.1101,66.5691],[70.0592,66.5176],[70.0207,66.5022]]],[[[50.0518,80.0743],[49.9709,80.0607],[49.5883,80.1361],[49.5561,80.1589],[49.8837,80.2302],[50.251,80.2195],[50.31,80.1856],[50.3191,80.1724],[50.0723,80.1095],[50.0518,80.0743]]],[[[51.4093,79.9442],[51.4352,79.9319],[51.4312,79.9205],[51.0763,79.932],[50.4541,79.9244],[50.0914,79.9806],[50.4727,80.0354],[50.6758,80.0485],[50.9363,80.0942],[51.2544,80.0486],[51.2379,80.0104],[51.2428,79.9913],[51.327,79.9723],[51.4093,79.9442]]],[[[50.7537,81.0474],[50.616,81.0413],[50.5182,81.0456],[50.4119,81.0844],[50.3774,81.1027],[50.3685,81.1225],[50.4649,81.1262],[50.506,81.1442],[50.5216,81.1582],[50.5918,81.1694],[50.7159,81.1707],[50.8786,81.1509],[50.9462,81.1082],[50.7888,81.0718],[50.7537,81.0474]]],[[[55.4797,80.2738],[55.1951,80.2268],[55.0484,80.2284],[54.9797,80.2564],[55.0916,80.2956],[55.24,80.3254],[55.3532,80.3177],[55.4348,80.3022],[55.4797,80.2738]]],[[[54.4153,80.4728],[54.2759,80.4213],[53.8119,80.4762],[53.85,80.5039],[53.9002,80.5154],[53.9016,80.5425],[53.8589,80.563],[53.8772,80.6053],[54.1768,80.5744],[54.2054,80.5618],[54.4071,80.5401],[54.4373,80.4987],[54.4153,80.4728]]],[[[59.6889,79.9558],[59.3307,79.923],[59.2026,79.933],[59.1692,79.9483],[59.1004,79.9642],[58.9192,79.9846],[58.9461,80.0423],[59.0015,80.0539],[59.5445,80.1188],[59.8017,80.0827],[59.911,79.9943],[59.6889,79.9558]]],[[[58.6224,81.0417],[58.7615,80.991],[58.8153,80.9336],[58.9025,80.8977],[58.9306,80.8317],[58.86,80.7794],[58.6419,80.768],[58.2856,80.7649],[57.9379,80.7934],[57.7498,80.8891],[57.4052,80.9151],[57.2109,81.0171],[57.4103,81.0468],[57.6562,81.0315],[58.0495,81.1185],[58.1023,81.1143],[58.1899,81.0946],[58.5076,81.0618],[58.6224,81.0417]]],[[[47.983,45.4882],[47.9677,45.47],[47.9203,45.5621],[47.9176,45.6182],[47.9472,45.6471],[47.9871,45.5541],[47.983,45.4882]]],[[[50.2652,69.1856],[50.283,69.0889],[50.2206,69.0488],[50.1645,69.0375],[50.1409,69.0981],[50.0939,69.1255],[49.9208,69.0533],[49.8398,68.9738],[49.6263,68.8597],[49.1805,68.7784],[48.9104,68.7431],[48.667,68.7332],[48.4391,68.8049],[48.3159,68.9424],[48.2944,68.9842],[48.2788,69.0403],[48.2803,69.0966],[48.2963,69.1839],[48.3199,69.2692],[48.4139,69.3457],[48.6313,69.436],[48.8449,69.4947],[48.9533,69.5093],[49.2252,69.5112],[49.9963,69.3094],[50.1673,69.2571],[50.2652,69.1856]]],[[[63.3738,80.7001],[63.1876,80.6976],[63.0021,80.7128],[62.7604,80.7627],[62.5203,80.8219],[62.5926,80.853],[62.8193,80.8938],[63.1158,80.9668],[63.6147,80.9809],[63.856,80.9812],[64.0957,80.9983],[64.1659,81.0357],[64.2104,81.1063],[64.2559,81.1444],[64.3102,81.1752],[64.5754,81.1985],[64.8021,81.1973],[65.0277,81.1695],[65.172,81.144],[65.3098,81.0964],[65.382,81.0567],[65.3601,81.0082],[65.3721,80.968],[65.4374,80.9307],[64.9975,80.8189],[64.5483,80.7554],[63.3738,80.7001]]],[[[57.9562,80.1232],[57.8001,80.1041],[57.3923,80.1392],[57.3323,80.1581],[57.2814,80.1939],[57.2141,80.3283],[57.2117,80.3685],[57.1862,80.3962],[57.0834,80.4452],[57.0111,80.4683],[57.075,80.4939],[57.522,80.4754],[58.4805,80.4647],[58.9717,80.4159],[59.1159,80.3884],[59.2555,80.3432],[58.3979,80.3187],[58.2839,80.2978],[58.2857,80.2481],[58.2555,80.2018],[58.1632,80.1965],[57.9562,80.1232]]],[[[62.1678,80.8348],[62.2277,80.7944],[62.1918,80.7302],[62.1146,80.6837],[62.0758,80.6169],[61.7691,80.601],[61.6812,80.5863],[61.5975,80.535],[61.2852,80.5047],[61.0513,80.4186],[60.7223,80.4347],[60.2783,80.4944],[59.9002,80.4461],[59.6498,80.4313],[59.3464,80.505],[59.3044,80.5215],[59.2882,80.5727],[59.3062,80.6178],[59.3865,80.7125],[59.4951,80.7665],[59.5494,80.7836],[59.5923,80.8165],[59.7158,80.8364],[60.0945,80.8486],[60.235,80.8377],[60.278,80.8015],[60.4815,80.8042],[60.8202,80.8266],[61.3132,80.8626],[61.5975,80.8929],[61.8506,80.8859],[62.1029,80.8666],[62.1678,80.8348]]],[[[61.1408,80.9503],[60.8268,80.9297],[60.3211,80.9555],[60.0582,80.9846],[60.0783,80.9992],[60.1476,81.0166],[60.5866,81.0877],[61.4574,81.104],[61.5674,81.0503],[61.472,81.011],[61.1408,80.9503]]],[[[53.5214,80.1852],[52.8563,80.1732],[52.6359,80.1789],[52.607,80.1912],[52.5505,80.2019],[52.3436,80.2132],[52.2134,80.2637],[52.2702,80.2763],[52.5767,80.2969],[52.6806,80.3185],[52.716,80.3476],[52.8539,80.4024],[53.1856,80.4126],[53.3292,80.4024],[53.3459,80.3663],[53.4861,80.3234],[53.8517,80.2684],[53.7779,80.2283],[53.6529,80.2226],[53.5214,80.1852]]],[[[57.0787,80.3509],[57.1227,80.317],[57.1189,80.1939],[57.0728,80.1394],[57.0802,80.0947],[56.9869,80.0715],[56.2006,80.0765],[55.8116,80.0872],[55.724,80.1047],[55.9423,80.1633],[56.0122,80.2039],[55.9898,80.3201],[56.0244,80.3413],[56.6551,80.3303],[56.7072,80.3633],[56.9445,80.3662],[57.0787,80.3509]]],[[[57.8103,81.546],[57.8627,81.5064],[58.0166,81.4838],[58.436,81.4642],[58.5639,81.4184],[58.3719,81.387],[57.8587,81.3681],[57.9119,81.3033],[58.0153,81.2548],[57.9129,81.1975],[57.7697,81.1697],[57.451,81.1355],[57.1595,81.1785],[56.8219,81.2379],[56.6692,81.1983],[56.5125,81.1752],[56.364,81.1786],[56.192,81.224],[55.7167,81.1885],[55.5727,81.2281],[55.466,81.3112],[55.7819,81.3294],[56.1568,81.3031],[56.4047,81.387],[56.7188,81.4234],[56.973,81.5105],[57.0915,81.5412],[57.365,81.5353],[57.4564,81.5429],[57.7166,81.5646],[57.8103,81.546]]],[[[54.7189,81.116],[55.4707,81.0199],[56.1701,81.0292],[56.4723,80.9982],[56.9097,80.9129],[57.5678,80.8197],[57.6941,80.7923],[57.5804,80.7555],[56.8147,80.6636],[56.3155,80.6329],[55.8834,80.6284],[55.7125,80.6373],[55.5406,80.7033],[55.1172,80.7519],[54.6682,80.7387],[54.6233,80.7652],[54.5328,80.783],[54.3761,80.787],[54.0666,80.8136],[54.0454,80.872],[54.2405,80.9019],[54.3673,80.9038],[54.4168,80.9865],[54.634,81.1132],[54.7189,81.116]]],[[[63.651,81.6093],[63.5285,81.5966],[62.885,81.6089],[62.573,81.6331],[62.5312,81.647],[62.5152,81.6591],[62.1064,81.6793],[62.284,81.7065],[62.7949,81.7189],[63.7096,81.6873],[63.7674,81.6642],[63.7824,81.6498],[63.651,81.6093]]],[[[58.2954,81.7152],[57.9648,81.6957],[57.9206,81.7105],[57.9093,81.7219],[57.9451,81.7479],[57.985,81.797],[58.1346,81.828],[59.2618,81.8542],[59.4085,81.8254],[59.3568,81.781],[59.3564,81.759],[58.2954,81.7152]]],[[[92.6835,79.6852],[92.4406,79.6755],[92.1537,79.6847],[91.6836,79.7906],[91.3763,79.8355],[91.1261,79.9049],[91.0703,79.9815],[91.2293,80.0307],[91.426,80.0492],[91.752,80.0523],[92.1734,80.0455],[92.5928,79.9965],[93.4815,79.9411],[93.8031,79.9045],[93.6035,79.8167],[93.382,79.7839],[93.1551,79.7376],[92.9263,79.7045],[92.6835,79.6852]]],[[[91.5672,81.1412],[91.2229,81.0638],[89.9758,81.1131],[89.9194,81.1487],[89.9012,81.1707],[90.0699,81.2137],[91.109,81.1991],[91.4778,81.1839],[91.5672,81.1412]]],[[[141.0103,73.9995],[140.5072,73.9187],[140.4095,73.9217],[140.1832,74.0046],[140.1016,74.1843],[140.1936,74.2367],[140.3003,74.2572],[140.4074,74.2665],[140.8492,74.2738],[140.9443,74.2646],[141.0386,74.2427],[141.0795,74.2093],[141.0975,74.1678],[141.0469,74.0504],[141.0103,73.9995]]],[[[142.1849,73.8959],[142.4351,73.8516],[142.6392,73.8031],[143.3438,73.5687],[143.4107,73.5208],[143.464,73.4589],[143.4913,73.2464],[143.4515,73.2313],[143.1933,73.2208],[142.8416,73.2448],[142.5869,73.2533],[142.3422,73.2529],[142.1264,73.2817],[141.5967,73.3108],[141.1827,73.3892],[140.754,73.446],[140.6628,73.452],[140.3925,73.4354],[140.027,73.3614],[139.9251,73.3552],[139.7855,73.3552],[139.6855,73.4257],[139.9201,73.4486],[140.1552,73.4575],[140.3807,73.483],[140.5936,73.5646],[140.6975,73.6291],[140.8838,73.7775],[140.9836,73.8315],[141.0848,73.8659],[141.1899,73.8765],[141.3119,73.8719],[141.6819,73.9042],[141.9318,73.9149],[142.1849,73.8959]]],[[[135.9486,75.4096],[135.7459,75.382],[135.452,75.3896],[135.473,75.4632],[135.5234,75.4959],[135.5927,75.5765],[135.5612,75.6365],[135.5784,75.71],[135.6139,75.7663],[135.6986,75.8453],[135.7883,75.7985],[135.8492,75.7292],[135.9048,75.6944],[136.1273,75.6256],[136.1689,75.6056],[135.9834,75.5219],[135.9651,75.4861],[136.0205,75.4384],[135.9486,75.4096]]],[[[136.1975,73.9136],[136.1217,73.885],[136.0515,73.9291],[135.7146,74.0595],[135.6334,74.1214],[135.4486,74.1797],[135.4024,74.2017],[135.387,74.2534],[135.6283,74.2199],[136.0368,74.0903],[136.2592,73.985],[136.1975,73.9136]]],[[[137.9405,55.0926],[138.0312,55.0533],[138.1721,55.0601],[138.2062,55.0335],[138.0965,54.9909],[138.0166,54.9009],[137.9912,54.8207],[137.9595,54.789],[137.8701,54.7496],[137.7902,54.6969],[137.7215,54.6632],[137.6611,54.6533],[137.5256,54.8258],[137.4627,54.8734],[137.2761,54.7924],[137.2329,54.7906],[137.2752,54.891],[137.3844,55.0007],[137.4355,55.016],[137.5437,55.1631],[137.5773,55.197],[137.9104,55.1101],[137.9405,55.0926]]],[[[169.2008,69.5805],[168.9157,69.5714],[168.348,69.6644],[168.1443,69.7133],[167.9927,69.7758],[167.8213,69.8196],[167.7889,69.8369],[167.814,69.873],[167.8647,69.9011],[168.0596,69.9749],[168.1963,70.0084],[168.3579,70.0157],[169.3748,69.8826],[169.4207,69.8561],[169.4336,69.8322],[169.4182,69.7792],[169.3324,69.7696],[169.2991,69.7348],[169.2634,69.6287],[169.2458,69.6011],[169.2008,69.5805]]],[[[163.6352,58.6034],[163.4714,58.5094],[163.4473,58.5247],[163.4318,58.5461],[163.4272,58.579],[163.5768,58.6409],[163.7266,58.7985],[163.7845,58.9297],[163.7666,58.9724],[163.7609,59.015],[164.2021,59.0962],[164.5174,59.2268],[164.5727,59.2211],[164.6293,59.1122],[164.6616,58.9708],[164.6157,58.8856],[164.2788,58.8381],[163.9601,58.7437],[163.6352,58.6034]]],[[[166.6503,54.8391],[166.6451,54.6941],[166.5213,54.7676],[166.4637,54.8269],[166.3817,54.8381],[166.3248,54.8646],[166.2299,54.9365],[166.1197,55.0304],[166.0823,55.0766],[166.0663,55.1357],[165.9919,55.1905],[165.7511,55.2945],[165.8305,55.3069],[165.9313,55.3515],[166.2119,55.324],[166.2758,55.312],[166.23,55.2423],[166.248,55.1654],[166.4043,55.0056],[166.4795,54.9499],[166.5773,54.9077],[166.6503,54.8391]]],[[[154.8104,49.312],[154.7148,49.2677],[154.6109,49.294],[154.613,49.3806],[154.8249,49.6469],[154.8996,49.6304],[154.8833,49.5664],[154.8023,49.4683],[154.8299,49.3479],[154.8104,49.312]]],[[[156.4051,50.6576],[156.3654,50.6338],[156.3258,50.6391],[156.1963,50.7021],[156.168,50.7319],[156.2131,50.7847],[156.3765,50.8621],[156.4559,50.8596],[156.4875,50.843],[156.4831,50.7512],[156.4051,50.6576]]],[[[155.9211,50.3022],[155.7924,50.2021],[155.6075,50.1772],[155.5164,50.1456],[155.4489,50.0778],[155.3972,50.0413],[155.2887,50.0612],[155.2431,50.0946],[155.2431,50.2128],[155.1951,50.2646],[155.2184,50.2979],[155.3268,50.2933],[155.4339,50.3689],[155.6802,50.4007],[155.7728,50.4824],[155.8848,50.6841],[156.0017,50.7569],[156.0969,50.7719],[156.1229,50.6713],[156.1006,50.5593],[156.0444,50.4518],[155.9211,50.3022]]],[[[154.0813,48.7903],[154.043,48.7388],[154.0007,48.7557],[153.9923,48.7725],[154.0917,48.8321],[154.1264,48.9044],[154.199,48.9049],[154.2284,48.8921],[154.2047,48.8572],[154.0813,48.7903]]],[[[155.6448,50.8219],[155.5535,50.8106],[155.5128,50.8373],[155.4835,50.8696],[155.4674,50.9136],[155.5686,50.9345],[155.6396,50.9105],[155.6536,50.8454],[155.6448,50.8219]]],[[[153.1011,47.7629],[153.0538,47.7061],[153.0041,47.7135],[152.9843,47.7279],[153.0491,47.797],[153.0792,47.8087],[153.1011,47.7629]]],[[[152.0021,46.8972],[151.8156,46.7871],[151.7541,46.7883],[151.7234,46.8288],[151.7153,46.8527],[151.8644,46.869],[152.0398,47.015],[152.1658,47.1104],[152.2347,47.1434],[152.2889,47.1422],[152.0021,46.8972]]],[[[149.6877,45.642],[149.5389,45.5914],[149.4471,45.5934],[149.6659,45.8398],[149.7963,45.8761],[149.9623,46.0219],[150.3088,46.2003],[150.3486,46.2134],[150.5531,46.2085],[150.2346,46.0123],[150.195,45.9332],[150.0566,45.8494],[149.9541,45.8225],[149.8834,45.7832],[149.6877,45.642]]],[[[148.5995,45.3176],[148.4146,45.2472],[148.2623,45.2168],[148.0053,45.0702],[147.9138,44.9904],[147.7841,44.9586],[147.6578,44.9771],[147.6219,44.9447],[147.6096,44.8866],[147.5631,44.8355],[147.3102,44.6776],[147.2074,44.5536],[147.0984,44.5312],[146.8975,44.4043],[146.9335,44.5131],[146.9742,44.5657],[147.1409,44.6633],[147.1548,44.7662],[147.2466,44.8561],[147.4305,44.9452],[147.5578,45.0625],[147.6579,45.093],[147.7694,45.1907],[147.8855,45.2256],[147.8727,45.3003],[147.924,45.3833],[147.9646,45.3777],[148.0561,45.2621],[148.1301,45.2582],[148.3242,45.2824],[148.6123,45.4847],[148.7066,45.5207],[148.7727,45.5265],[148.8122,45.51],[148.8262,45.4861],[148.8254,45.4559],[148.803,45.4135],[148.8371,45.3627],[148.7907,45.324],[148.5995,45.3176]]],[[[146.714,43.7438],[146.683,43.7164],[146.6086,43.7405],[146.6135,43.797],[146.622,43.813],[146.8246,43.8605],[146.8841,43.8291],[146.899,43.8041],[146.714,43.7438]]],[[[146.2076,44.4977],[146.356,44.4246],[146.5678,44.4404],[146.5162,44.3747],[146.4365,44.3757],[146.2962,44.281],[146.1729,44.2687],[146.1123,44.2459],[145.9141,44.1037],[145.8873,44.0478],[145.767,43.9407],[145.5868,43.8451],[145.5559,43.6646],[145.4393,43.7371],[145.4262,43.8104],[145.4617,43.8709],[145.6663,43.9991],[145.7483,44.0715],[145.7733,44.129],[145.852,44.193],[145.8902,44.2486],[145.9404,44.2727],[146.1121,44.5001],[146.2076,44.4977]]],[[[113.3872,74.4004],[113.3531,74.353],[113.2992,74.3171],[113.2589,74.2727],[113.1902,74.2393],[112.9776,74.1968],[112.8113,74.1029],[112.7824,74.0951],[112.1958,74.1462],[112.1051,74.1632],[111.9121,74.2192],[111.643,74.2729],[111.5034,74.3531],[111.5701,74.3683],[111.6375,74.3743],[111.8798,74.3638],[111.9492,74.3888],[111.9828,74.4563],[111.9894,74.4962],[112.0076,74.5268],[112.0845,74.549],[112.9518,74.4796],[113.2862,74.441],[113.3872,74.4004]]],[[[76.2489,79.6511],[76.3726,79.6152],[76.4674,79.6432],[77.3602,79.5568],[77.5493,79.5244],[77.589,79.5019],[76.8102,79.4895],[76.6495,79.4934],[76.6365,79.5444],[76.4576,79.5455],[76.1537,79.5788],[76.0719,79.6256],[76.0516,79.6447],[76.1484,79.6645],[76.2489,79.6511]]],[[[80.0267,80.8481],[79.0985,80.8121],[79.0068,80.8348],[78.9776,80.8482],[79.1099,80.9236],[79.2174,80.9604],[79.8066,80.9754],[80.2796,80.9498],[80.4279,80.9277],[80.3733,80.8826],[80.3448,80.8679],[80.0267,80.8481]]],[[[70.6739,73.095],[70.3804,73.0481],[70.2983,73.0445],[70.1187,73.0563],[70.0407,73.0372],[69.9201,73.0845],[69.9304,73.1266],[69.9856,73.1692],[70.0187,73.2243],[69.9959,73.3594],[70.1496,73.4447],[70.35,73.4776],[70.9402,73.5144],[71.0232,73.5042],[71.1412,73.478],[71.2316,73.4478],[71.3512,73.3722],[71.4449,73.3421],[71.5896,73.2832],[71.6305,73.2248],[71.6262,73.174],[71.3557,73.1625],[70.8867,73.1196],[70.6739,73.095]]],[[[77.6325,72.2913],[77.1456,72.2819],[76.906,72.2977],[76.8711,72.317],[76.9031,72.3656],[77.1495,72.4392],[77.2604,72.4861],[77.3778,72.5653],[77.5787,72.6309],[77.7485,72.6312],[78.2791,72.5532],[78.3529,72.5043],[78.3651,72.4824],[78.1545,72.417],[78.0072,72.3925],[77.7809,72.3085],[77.6325,72.2913]]],[[[79.5015,72.7219],[79.4307,72.7107],[78.8806,72.7516],[78.6902,72.8034],[78.6332,72.8507],[78.6568,72.8923],[79.1643,73.0943],[79.3565,73.0386],[79.4125,72.9831],[79.5413,72.9187],[79.5379,72.7693],[79.5015,72.7219]]],[[[82.1724,75.4194],[82.2088,75.387],[82.2216,75.3505],[82.1793,75.339],[82.0501,75.341],[81.9785,75.2471],[81.9051,75.2628],[81.8605,75.3165],[81.6977,75.2805],[81.6548,75.2889],[81.5793,75.331],[81.5321,75.3396],[81.5006,75.3679],[81.7121,75.4514],[81.8422,75.407],[81.9266,75.41],[81.9098,75.46],[81.9128,75.4977],[82.0219,75.5135],[82.1656,75.5156],[82.1724,75.4194]]],[[[60.4505,69.9349],[60.4807,69.8855],[60.4772,69.7937],[60.4402,69.7259],[60.3271,69.7153],[60.2159,69.6877],[60.0262,69.717],[59.9195,69.697],[59.8128,69.6957],[59.7246,69.7062],[59.637,69.721],[59.5782,69.7386],[59.5812,69.7909],[59.5026,69.8662],[59.3815,69.8904],[59.2684,69.8984],[59.1442,69.9219],[59.0825,69.9108],[59.004,69.8833],[58.9527,69.8928],[58.6801,70.051],[58.6342,70.088],[58.6056,70.1292],[58.5681,70.1557],[58.473,70.2668],[58.5199,70.3183],[58.6153,70.3508],[58.678,70.3596],[58.7942,70.433],[59.0053,70.4652],[59.048,70.4605],[59.0883,70.4371],[59.3099,70.3617],[59.426,70.3109],[59.5291,70.249],[59.6363,70.197],[59.9559,70.1084],[60.1723,70.0229],[60.3926,69.9624],[60.4505,69.9349]]],[[[20.9578,55.2789],[20.8594,55.1836],[20.5948,54.9824],[20.6777,54.9557],[20.774,54.947],[20.8875,54.9095],[20.9959,54.9027],[21.1889,54.9352],[21.2229,55.1078],[21.2357,55.2641],[21.2976,55.2645],[21.3893,55.2755],[21.4471,55.2344],[21.5547,55.1953],[21.6827,55.1604],[21.8739,55.1007],[22.0724,55.0637],[22.1379,55.0594],[22.3464,55.0643],[22.5673,55.0591],[22.6274,54.9707],[22.7365,54.9289],[22.8247,54.8713],[22.8313,54.8385],[22.7097,54.6326],[22.6845,54.5629],[22.6799,54.493],[22.7243,54.4056],[22.7662,54.3568],[22.7318,54.3501],[22.1685,54.3599],[21.6342,54.3765],[21.1405,54.3918],[20.6647,54.4066],[20.2082,54.4208],[19.9243,54.434],[19.6442,54.4471],[19.6044,54.4592],[19.7585,54.5448],[19.8589,54.6338],[19.9441,54.75],[19.9532,54.8305],[19.9745,54.9212],[20.1076,54.9565],[20.3967,54.9513],[20.5203,54.9949],[20.6789,55.1026],[20.8457,55.232],[20.8998,55.2867],[20.9578,55.2789]]],[[[33.5941,46.0962],[33.6543,46.1462],[33.66,46.2196],[33.8067,46.2083],[34.0267,46.1067],[34.1283,46.0898],[34.2242,46.1011],[34.354,46.0616],[34.4499,45.9657],[34.5232,45.977],[34.6869,45.977],[34.7941,45.8923],[34.7997,45.7908],[34.9464,45.7287],[35.0017,45.7334],[35.0229,45.701],[35.2602,45.4469],[35.3739,45.3536],[35.4575,45.3163],[35.558,45.3109],[35.751,45.3894],[35.8335,45.4016],[36.0129,45.3717],[36.0771,45.4241],[36.1705,45.4531],[36.2903,45.4567],[36.4271,45.4333],[36.575,45.3936],[36.5143,45.3038],[36.4508,45.2323],[36.4284,45.1533],[36.3934,45.0654],[36.2299,45.026],[36.0548,45.0308],[35.8701,45.0053],[35.8036,45.0396],[35.7595,45.0709],[35.6775,45.102],[35.5695,45.1193],[35.4726,45.0985],[35.3578,44.9784],[35.1548,44.8963],[35.0877,44.8026],[34.8878,44.8236],[34.7169,44.8071],[34.4699,44.7217],[34.2817,44.5384],[34.0744,44.4238],[33.91,44.3876],[33.7557,44.3989],[33.6559,44.4332],[33.4507,44.5537],[33.4627,44.5968],[33.4913,44.6186],[33.5301,44.6805],[33.6122,44.9078],[33.6012,44.9815],[33.5552,45.0977],[33.3925,45.1878],[33.2615,45.1708],[33.1869,45.1948],[32.9187,45.3481],[32.7727,45.359],[32.6113,45.3281],[32.5519,45.3504],[32.508,45.4038],[32.828,45.593],[33.1423,45.7492],[33.2801,45.7652],[33.4662,45.8379],[33.6648,45.9471],[33.6367,46.0329],[33.5941,46.0962]]]]}},{"type":"Feature","properties":{"NAME":"China"},"geometry":{"type":"MultiPolygon","coordinates":[[[[118.183,24.4963],[118.1495,24.4361],[118.0905,24.4461],[118.0888,24.4889],[118.0768,24.5014],[118.093,24.5412],[118.1038,24.5523],[118.1707,24.5185],[118.183,24.4963]]],[[[121.8627,31.4923],[121.7805,31.4638],[121.5199,31.5496],[121.3364,31.6438],[121.2269,31.7581],[121.2111,31.8054],[121.339,31.7974],[121.4642,31.7564],[121.4918,31.6937],[121.5423,31.6739],[121.5766,31.6373],[121.8083,31.5521],[121.8437,31.5264],[121.8627,31.4923]]],[[[122.2959,29.9634],[122.2815,29.9438],[122.1578,30.0013],[122.024,30.0133],[121.9778,30.0638],[121.9694,30.1431],[122.1105,30.1397],[122.2845,30.068],[122.3223,30.0314],[122.2959,29.9634]]],[[[122.1726,29.679],[122.169,29.6603],[122.0838,29.7253],[122.0427,29.7359],[122.0623,29.7728],[122.1196,29.7822],[122.165,29.7008],[122.1726,29.679]]],[[[122.4039,29.8924],[122.394,29.8461],[122.3676,29.8527],[122.3318,29.935],[122.351,29.9552],[122.4016,29.9502],[122.4039,29.8924]]],[[[119.8209,25.457],[119.7467,25.4107],[119.7003,25.4327],[119.6994,25.4947],[119.723,25.5506],[119.696,25.5909],[119.7226,25.6388],[119.7779,25.6532],[119.7975,25.6232],[119.8287,25.6074],[119.8384,25.5911],[119.8387,25.5597],[119.8091,25.5078],[119.8324,25.4796],[119.8209,25.457]]],[[[110.3852,21.0932],[110.4224,21.0586],[110.5216,21.0831],[110.5396,21.039],[110.5389,21.0185],[110.5039,20.9677],[110.4219,21.0069],[110.3399,20.9978],[110.281,21.0012],[110.2646,21.0252],[110.3099,21.0748],[110.3852,21.0932]]],[[[121.2514,28.0864],[121.1643,28.0625],[121.1315,28.0626],[121.134,28.1353],[121.2055,28.2044],[121.2344,28.1813],[121.251,28.1452],[121.2514,28.0864]]],[[[113.5553,22.8042],[113.5637,22.7579],[113.4856,22.8283],[113.4634,22.8324],[113.4261,22.8586],[113.4044,22.9028],[113.4649,22.9045],[113.5205,22.8521],[113.5553,22.8042]]],[[[112.7902,21.6019],[112.7711,21.5818],[112.742,21.6181],[112.7335,21.6699],[112.7127,21.6979],[112.7605,21.7333],[112.782,21.7723],[112.8391,21.7645],[112.8626,21.7526],[112.8126,21.7122],[112.8007,21.6949],[112.7902,21.6019]]],[[[112.6437,21.6396],[112.5456,21.6185],[112.525,21.623],[112.559,21.6748],[112.6477,21.7103],[112.6437,21.6396]]],[[[107.9727,21.508],[107.9084,21.5604],[107.8021,21.6452],[107.7593,21.655],[107.641,21.6139],[107.4714,21.5983],[107.4335,21.6423],[107.3512,21.6089],[107.2721,21.7106],[107.1785,21.7171],[107.0616,21.7942],[107.0198,21.8349],[107.0064,21.8934],[106.971,21.9239],[106.9252,21.9201],[106.8745,21.9513],[106.7941,21.982],[106.7295,22.0003],[106.6977,21.9862],[106.6636,21.9789],[106.6577,22.0182],[106.6601,22.1365],[106.6542,22.2415],[106.6365,22.2886],[106.5932,22.3245],[106.5536,22.3417],[106.5363,22.3954],[106.5504,22.5014],[106.5824,22.5732],[106.6331,22.586],[106.7016,22.6377],[106.7363,22.7109],[106.7803,22.7789],[106.624,22.8743],[106.5418,22.9083],[106.4509,22.8939],[106.3381,22.8635],[106.279,22.8575],[106.2494,22.8694],[106.184,22.9551],[106.1484,22.9701],[106.0685,22.9755],[106.001,22.9748],[105.9623,22.9375],[105.9026,22.925],[105.843,22.9228],[105.7823,22.9693],[105.6912,23.0299],[105.5481,23.0727],[105.5309,23.122],[105.4945,23.1809],[105.4401,23.2354],[105.3505,23.3077],[105.2754,23.3452],[105.2388,23.3221],[105.1891,23.2811],[104.9957,23.1943],[104.9102,23.1605],[104.8647,23.1364],[104.8266,23.1002],[104.8147,23.0108],[104.7957,22.9111],[104.74,22.8605],[104.6873,22.8222],[104.6317,22.8182],[104.5775,22.82],[104.5269,22.8041],[104.3718,22.7041],[104.2983,22.712],[104.2383,22.7685],[104.2125,22.8094],[104.1431,22.8001],[104.0539,22.7523],[104.0127,22.6664],[103.9908,22.5861],[103.9714,22.5505],[103.9415,22.5401],[103.915,22.5382],[103.6373,22.77],[103.6202,22.782],[103.5707,22.7344],[103.5254,22.6116],[103.493,22.588],[103.471,22.5974],[103.3561,22.7547],[103.3267,22.7698],[103.3006,22.7644],[103.2663,22.7135],[103.1934,22.6385],[103.1376,22.593],[103.1363,22.5422],[103.0759,22.4975],[103.0054,22.453],[102.9819,22.4482],[102.9352,22.4662],[102.8742,22.5254],[102.8301,22.5872],[102.721,22.6485],[102.5985,22.7004],[102.5172,22.741],[102.4709,22.7509],[102.4279,22.7328],[102.4064,22.708],[102.3758,22.6466],[102.3022,22.546],[102.237,22.466],[102.176,22.4146],[102.1274,22.3792],[102.0915,22.4123],[102.0244,22.4392],[101.9454,22.4394],[101.8418,22.3885],[101.76,22.4903],[101.7388,22.4953],[101.7075,22.4866],[101.6715,22.4623],[101.6462,22.4054],[101.6199,22.3274],[101.5679,22.2764],[101.5245,22.2537],[101.5373,22.2099],[101.5618,22.1624],[101.5603,22.1209],[101.5758,22.0553],[101.6029,21.9897],[101.6996,21.8825],[101.7365,21.8265],[101.7439,21.778],[101.7473,21.6058],[101.7435,21.5338],[101.7242,21.395],[101.7229,21.3149],[101.7631,21.2789],[101.8021,21.236],[101.8006,21.2126],[101.7835,21.2041],[101.7281,21.1564],[101.7048,21.1501],[101.6686,21.1696],[101.6217,21.1844],[101.5839,21.2036],[101.5424,21.2343],[101.4436,21.2308],[101.2814,21.1841],[101.2479,21.1973],[101.2244,21.2237],[101.2118,21.2782],[101.2199,21.3424],[101.2056,21.3833],[101.1754,21.4075],[101.1967,21.5221],[101.1389,21.5675],[101.1473,21.5816],[101.1281,21.7051],[101.1309,21.7355],[101.1207,21.7461],[101.0798,21.7559],[101.0193,21.7364],[100.8352,21.6552],[100.6771,21.5049],[100.6046,21.4718],[100.5313,21.4581],[100.4457,21.4841],[100.3506,21.501],[100.2147,21.463],[100.1477,21.4805],[100.1168,21.5112],[100.0893,21.5579],[100.1058,21.617],[100.0955,21.6606],[100.0412,21.6828],[99.9782,21.7016],[99.9407,21.7587],[99.9256,21.8208],[99.9404,21.9016],[99.9479,21.9883],[99.9177,22.028],[99.8254,22.0497],[99.5927,22.0892],[99.3887,22.1108],[99.3031,22.1006],[99.2334,22.1102],[99.193,22.126],[99.1734,22.1533],[99.1724,22.1925],[99.2054,22.2826],[99.2431,22.3704],[99.3377,22.498],[99.3432,22.5865],[99.3383,22.6887],[99.3852,22.8251],[99.4668,22.9273],[99.5071,22.9591],[99.4973,23.0046],[99.4646,23.0462],[99.4181,23.0692],[99.3408,23.0959],[99.2203,23.1033],[99.0551,23.1306],[98.8638,23.1913],[98.8855,23.3075],[98.8826,23.3803],[98.8589,23.4401],[98.8197,23.4825],[98.7979,23.5204],[98.8322,23.6244],[98.7877,23.7378],[98.7351,23.7831],[98.6809,23.8418],[98.6768,23.9051],[98.7016,23.9641],[98.834,24.0906],[98.8351,24.1212],[98.8023,24.1187],[98.7644,24.1161],[98.5834,24.0698],[98.5642,24.0988],[98.4994,24.1157],[98.3673,24.119],[98.2125,24.1106],[98.0169,24.0654],[97.8377,23.9863],[97.7557,23.9319],[97.686,23.8981],[97.6297,23.8872],[97.5646,23.911],[97.5683,23.9885],[97.6906,24.1308],[97.7082,24.2288],[97.6707,24.3127],[97.6666,24.38],[97.6236,24.4229],[97.5633,24.4438],[97.5314,24.4917],[97.5294,24.6312],[97.5833,24.7748],[97.6707,24.8201],[97.7238,24.842],[97.7379,24.8699],[97.7107,24.9704],[97.7149,25.0343],[97.7674,25.1581],[97.8195,25.2519],[97.918,25.2361],[97.962,25.2593],[98.0107,25.2925],[98.0641,25.349],[98.0996,25.4157],[98.1429,25.5711],[98.1726,25.5945],[98.2966,25.5688],[98.3338,25.5868],[98.4017,25.678],[98.4655,25.7889],[98.5584,25.8232],[98.6254,25.8267],[98.6562,25.8636],[98.6547,25.9178],[98.591,26.0037],[98.5641,26.0724],[98.572,26.1141],[98.6632,26.1395],[98.6855,26.1894],[98.6719,26.2985],[98.7095,26.4297],[98.7318,26.5834],[98.7394,26.6981],[98.7385,26.7857],[98.7295,26.8774],[98.7165,27.0449],[98.6748,27.1906],[98.6824,27.2453],[98.6768,27.4219],[98.6512,27.5725],[98.5998,27.5988],[98.5045,27.6477],[98.4525,27.6572],[98.4089,27.6395],[98.3924,27.5871],[98.3505,27.5381],[98.2988,27.5501],[98.2742,27.5991],[98.241,27.6632],[98.1305,27.9676],[98.1184,28.0552],[98.0989,28.1423],[98.0616,28.1859],[98.0223,28.2115],[97.9341,28.3138],[97.8876,28.3565],[97.8649,28.3636],[97.8165,28.3563],[97.769,28.3562],[97.7301,28.4071],[97.6946,28.4693],[97.6589,28.5],[97.5992,28.517],[97.5379,28.5102],[97.5021,28.4563],[97.4777,28.4256],[97.4314,28.3539],[97.3564,28.2545],[97.3225,28.218],[97.2895,28.2368],[97.1451,28.3403],[97.0754,28.3689],[96.9809,28.3377],[96.833,28.3624],[96.7758,28.367],[96.6528,28.4498],[96.6026,28.4599],[96.4277,28.406],[96.3891,28.3679],[96.3664,28.3673],[96.3198,28.3865],[96.2814,28.4121],[96.2789,28.4282],[96.3262,28.4686],[96.3299,28.4968],[96.3273,28.5254],[96.3956,28.6065],[96.5809,28.7637],[96.55,28.8296],[96.4771,28.9593],[96.4671,29.0223],[96.4357,29.0507],[96.3469,29.0274],[96.1622,28.9097],[96.1371,28.9226],[96.1414,28.9635],[96.1224,29.0821],[96.1809,29.1177],[96.2705,29.1612],[96.3397,29.2098],[96.3559,29.2491],[96.3372,29.261],[96.235,29.2458],[96.1947,29.2725],[96.1285,29.3814],[96.0796,29.4241],[96.0354,29.4472],[95.8851,29.3909],[95.7104,29.3138],[95.5158,29.2063],[95.517,29.1512],[95.4938,29.137],[95.4565,29.1023],[95.4202,29.0543],[95.3893,29.0374],[95.3531,29.0359],[95.2791,29.0496],[95.1447,29.1041],[94.9988,29.1492],[94.9675,29.144],[94.7694,29.1759],[94.7631,29.2013],[94.7334,29.2516],[94.6771,29.297],[94.623,29.3124],[94.4681,29.2162],[94.2933,29.1446],[94.1935,29.0599],[94.1115,28.9759],[94.0177,28.9595],[94.0133,28.9075],[93.9736,28.8608],[93.9022,28.8032],[93.7607,28.7298],[93.6649,28.6902],[93.3605,28.6541],[93.252,28.6295],[93.2065,28.5908],[93.1578,28.4927],[93.1192,28.4023],[93.035,28.3276],[92.8818,28.2281],[92.7019,28.1471],[92.6525,28.0934],[92.6435,28.0615],[92.6656,28.0499],[92.6875,28.0257],[92.6878,27.989],[92.6644,27.9489],[92.5467,27.8792],[92.4807,27.8459],[92.4148,27.8246],[92.341,27.8208],[92.2701,27.8302],[92.2505,27.8415],[92.2223,27.827],[92.1576,27.8123],[92.1013,27.8076],[91.9776,27.7304],[91.9094,27.7297],[91.8247,27.7464],[91.7126,27.7598],[91.6319,27.76],[91.6294,27.8009],[91.6419,27.9232],[91.6056,27.9517],[91.4934,27.9818],[91.3676,28.0216],[91.3068,28.064],[91.273,28.0784],[91.2259,28.0712],[91.1499,28.0268],[91.0777,27.9745],[91.0208,27.9701],[90.9625,27.9946],[90.9066,28.0265],[90.7157,28.0717],[90.6301,28.0786],[90.4773,28.0709],[90.3527,28.0802],[90.3331,28.094],[90.3338,28.1191],[90.3521,28.1682],[90.363,28.2165],[90.3482,28.2439],[90.2208,28.2777],[90.1045,28.3021],[89.9811,28.3112],[89.8979,28.2941],[89.8169,28.2563],[89.7498,28.1882],[89.6527,28.1583],[89.5369,28.1074],[89.4807,28.06],[89.3959,27.9582],[89.2727,27.8332],[89.1604,27.7113],[89.1023,27.5926],[89.0255,27.5179],[88.9476,27.464],[88.8914,27.3161],[88.8325,27.3628],[88.7648,27.4299],[88.749,27.5219],[88.8299,27.7674],[88.8488,27.8687],[88.8286,27.9073],[88.8037,28.0069],[88.7562,28.0397],[88.6211,28.0918],[88.5779,28.0934],[88.5316,28.0574],[88.4861,28.0345],[88.426,28.0117],[88.2752,27.9688],[88.1411,27.9489],[88.109,27.933],[88.0989,27.9045],[88.1098,27.8706],[88.0233,27.8834],[87.9334,27.8908],[87.8607,27.8861],[87.6827,27.8214],[87.6226,27.8152],[87.5553,27.8218],[87.4642,27.8238],[87.2907,27.8219],[87.1414,27.8383],[87.0201,27.9287],[86.9338,27.9685],[86.8424,27.9992],[86.7504,28.0221],[86.7196,28.0707],[86.6905,28.0949],[86.6145,28.103],[86.5545,28.0852],[86.5169,27.9635],[86.485,27.9396],[86.4087,27.9287],[86.3286,27.9595],[86.218,28.0221],[86.1742,28.0917],[86.137,28.1144],[86.0787,28.0836],[86.0755,27.9946],[86.0642,27.9347],[85.9945,27.9104],[85.9541,27.9282],[85.9217,27.9897],[85.8402,28.1354],[85.7595,28.2207],[85.6783,28.2774],[85.4106,28.276],[85.2121,28.2926],[85.1225,28.316],[85.0886,28.3723],[85.1215,28.4843],[85.1602,28.5719],[85.1591,28.5922],[85.1264,28.6026],[85.0691,28.6097],[84.8551,28.5536],[84.7969,28.5602],[84.7594,28.5792],[84.7143,28.5956],[84.6768,28.6215],[84.6506,28.6596],[84.4654,28.7529],[84.4107,28.8039],[84.3121,28.8681],[84.2287,28.9118],[84.1756,29.0364],[84.1278,29.1563],[84.1014,29.22],[84.022,29.2539],[83.9359,29.2795],[83.7904,29.2274],[83.6711,29.1876],[83.5835,29.1836],[83.4566,29.3063],[83.3552,29.4392],[83.2352,29.5546],[83.1555,29.6126],[83.014,29.6181],[82.8543,29.6834],[82.6408,29.8312],[82.4865,29.9415],[82.2207,30.0639],[82.159,30.1152],[82.1354,30.159],[82.0989,30.2451],[82.0434,30.3268],[81.8549,30.3624],[81.6419,30.3875],[81.4172,30.3376],[81.2551,30.0933],[81.1771,30.0399],[81.1104,30.0368],[81.0556,30.099],[81.0103,30.1645],[80.9854,30.2371],[80.8735,30.2906],[80.7468,30.3604],[80.6821,30.4148],[80.6089,30.4489],[80.541,30.4635],[80.4096,30.5095],[80.2609,30.5613],[80.1912,30.5684],[80.1862,30.6053],[80.2071,30.6837],[80.1943,30.7592],[80.1494,30.7898],[80.0814,30.7819],[79.9245,30.8888],[79.9186,30.8899],[79.9166,30.8942],[79.8719,30.9246],[79.7946,30.9683],[79.6643,30.9652],[79.5654,30.9491],[79.4932,30.9937],[79.3885,31.0642],[79.3696,31.0799],[79.3388,31.1057],[79.2326,31.2417],[79.1071,31.4026],[79.0438,31.4262],[79.0111,31.4141],[78.9739,31.3286],[78.946,31.3372],[78.8995,31.3313],[78.8445,31.3015],[78.7916,31.2937],[78.7578,31.3025],[78.7436,31.3238],[78.7586,31.4366],[78.7268,31.4718],[78.7551,31.5503],[78.8029,31.6181],[78.7539,31.6684],[78.6935,31.7404],[78.687,31.8055],[78.7197,31.8876],[78.7354,31.958],[78.7256,31.9838],[78.6777,32.023],[78.4959,32.2158],[78.4861,32.2362],[78.4553,32.3003],[78.4413,32.3974],[78.4175,32.4667],[78.3896,32.5199],[78.3917,32.5447],[78.4125,32.5577],[78.5264,32.5708],[78.6315,32.579],[78.7009,32.597],[78.7367,32.5584],[78.7535,32.4993],[78.7713,32.4681],[78.8379,32.412],[78.9189,32.3582],[78.9977,32.3651],[79.067,32.3882],[79.1273,32.4758],[79.1699,32.4972],[79.2193,32.5011],[79.219,32.5076],[79.2165,32.564],[79.2339,32.7031],[79.2279,32.7588],[79.2056,32.809],[79.2096,32.8648],[79.2022,32.946],[79.1455,33.0015],[79.1086,33.0227],[79.1028,33.0525],[79.1217,33.1081],[79.1352,33.1719],[79.1125,33.2263],[79.0665,33.2504],[79.0126,33.2915],[78.9484,33.3465],[78.9167,33.3868],[78.865,33.4311],[78.8019,33.4997],[78.7899,33.6503],[78.7838,33.8088],[78.7617,33.8876],[78.7267,34.0134],[78.7317,34.0556],[78.753,34.0877],[78.9317,34.189],[78.9706,34.2282],[78.977,34.2581],[78.9701,34.3026],[78.9364,34.352],[78.8648,34.3903],[78.7631,34.4529],[78.6708,34.5182],[78.5157,34.558],[78.327,34.6064],[78.282,34.6539],[78.2361,34.7698],[78.1585,34.9465],[78.0758,35.1349],[78.0122,35.251],[78.0092,35.3069],[78.0475,35.4494],[78.0427,35.4798],[78.0095,35.4902],[77.9459,35.4716],[77.8949,35.449],[77.8516,35.4608],[77.8109,35.4845],[77.8025,35.4928],[77.7994,35.4959],[77.724,35.4806],[77.5726,35.4718],[77.52,35.4734],[77.4465,35.4756],[77.2948,35.5082],[77.09,35.5521],[76.8789,35.6133],[76.7669,35.6617],[76.7275,35.6787],[76.6318,35.7294],[76.5635,35.773],[76.5513,35.8871],[76.5021,35.8782],[76.3857,35.8372],[76.2517,35.8109],[76.1778,35.8105],[76.1479,35.829],[76.1033,35.9492],[76.0709,35.983],[76.0104,35.9963],[75.9451,36.0176],[75.9123,36.049],[75.9049,36.0885],[75.9341,36.1339],[75.9687,36.1688],[75.9744,36.3824],[75.9519,36.4581],[75.933,36.5216],[75.885,36.6007],[75.8402,36.6497],[75.7722,36.6949],[75.6672,36.742],[75.5737,36.7593],[75.4603,36.725],[75.4242,36.7382],[75.3769,36.8837],[75.3467,36.9135],[75.1452,36.9732],[75.0539,36.9872],[74.9491,36.9684],[74.8893,36.9524],[74.8412,36.9791],[74.766,37.0127],[74.6922,37.0357],[74.6006,37.0367],[74.5414,37.0222],[74.5265,37.0307],[74.4979,37.0572],[74.3762,37.1374],[74.3722,37.1577],[74.559,37.2366],[74.6689,37.2667],[74.7267,37.2907],[74.739,37.2856],[74.7674,37.2492],[74.8402,37.225],[74.8913,37.2316],[74.9182,37.25],[75.0084,37.2936],[75.079,37.344],[75.1188,37.3857],[75.0975,37.4513],[74.9864,37.5304],[74.9158,37.5728],[74.8942,37.6014],[74.9123,37.6873],[74.9383,37.7725],[74.9213,37.805],[74.9003,37.8327],[74.8908,37.9258],[74.8425,38.0381],[74.7896,38.1036],[74.7751,38.1919],[74.7721,38.2748],[74.8359,38.4043],[74.8123,38.4603],[74.745,38.51],[74.5141,38.6],[74.2774,38.6598],[74.1873,38.6575],[74.1313,38.6612],[74.0653,38.6085],[74.0256,38.5398],[73.97,38.5337],[73.8691,38.5629],[73.8017,38.6069],[73.7541,38.6989],[73.7168,38.8172],[73.6961,38.8543],[73.7068,38.8862],[73.73,38.9147],[73.7945,38.9413],[73.8053,38.9687],[73.7956,39.0021],[73.7438,39.0445],[73.6904,39.1045],[73.6073,39.2292],[73.6231,39.2979],[73.6363,39.3967],[73.6316,39.4489],[73.7157,39.4623],[73.8229,39.489],[73.8728,39.5333],[73.9071,39.5785],[73.9146,39.6065],[73.8825,39.7146],[73.8397,39.7628],[73.8354,39.8001],[73.8563,39.8287],[73.8846,39.8779],[73.9388,39.9788],[73.9916,40.0431],[74.0205,40.0594],[74.0852,40.0743],[74.2427,40.092],[74.4119,40.1372],[74.6131,40.2722],[74.6799,40.3106],[74.7678,40.3299],[74.8305,40.3285],[74.8418,40.345],[74.8013,40.4285],[74.8111,40.4588],[74.8352,40.4826],[74.8656,40.4935],[75.0045,40.4495],[75.1113,40.4541],[75.241,40.4803],[75.5208,40.6275],[75.5556,40.6252],[75.5835,40.6053],[75.6174,40.5166],[75.656,40.3292],[75.6771,40.3058],[75.872,40.3032],[76.0043,40.3714],[76.0623,40.3875],[76.1566,40.3765],[76.2061,40.4084],[76.2583,40.4308],[76.3186,40.3522],[76.3964,40.3898],[76.4802,40.4495],[76.5209,40.5112],[76.5779,40.5779],[76.6222,40.6624],[76.6398,40.7422],[76.6611,40.7796],[76.7084,40.8181],[76.824,40.9823],[76.9077,41.0242],[76.9866,41.0392],[77.182,41.0107],[77.284,41.0144],[77.5817,40.9928],[77.7193,41.0243],[77.8152,41.0556],[77.9564,41.0507],[78.1234,41.0756],[78.3463,41.2814],[78.3488,41.3252],[78.3624,41.3716],[78.4429,41.4175],[78.5432,41.4596],[78.7426,41.5601],[79.1484,41.7191],[79.2936,41.7828],[79.3544,41.7811],[79.5039,41.821],[79.7661,41.8989],[79.8404,41.9958],[79.9097,42.015],[80.2162,42.0324],[80.2352,42.0435],[80.2462,42.0598],[80.2292,42.1298],[80.2094,42.19],[80.233,42.2078],[80.2591,42.2354],[80.2551,42.2742],[80.2058,42.3994],[80.1793,42.5184],[80.1619,42.6255],[80.165,42.6655],[80.2022,42.7345],[80.2503,42.7973],[80.424,42.8558],[80.539,42.8735],[80.5438,42.9117],[80.4507,42.9355],[80.3834,42.9738],[80.3713,42.9956],[80.3745,43.0204],[80.3902,43.0431],[80.507,43.0858],[80.617,43.1283],[80.7512,43.1025],[80.7777,43.1189],[80.7857,43.1616],[80.757,43.2043],[80.7298,43.2743],[80.6678,43.3101],[80.6654,43.353],[80.7038,43.4271],[80.6508,43.5642],[80.5935,43.6851],[80.496,43.8921],[80.4315,43.9518],[80.3958,44.0472],[80.3553,44.0973],[80.359,44.1713],[80.3653,44.2233],[80.3549,44.3265],[80.3363,44.4384],[80.3551,44.552],[80.391,44.6268],[80.3814,44.6554],[80.4006,44.6769],[80.4555,44.6841],[80.4815,44.7146],[80.4555,44.7461],[80.3608,44.7703],[80.2551,44.8081],[80.1278,44.8038],[79.9972,44.7972],[79.9321,44.8252],[79.8753,44.8608],[79.8719,44.8838],[79.9502,44.9441],[80.0592,45.0064],[80.2282,45.034],[80.4149,45.0751],[80.5092,45.105],[80.6348,45.1265],[80.7801,45.1355],[80.8533,45.1293],[81.0403,45.1691],[81.3348,45.2462],[81.6021,45.3108],[81.692,45.3494],[81.7589,45.3108],[81.7896,45.226],[81.8675,45.1821],[81.9449,45.1608],[81.9893,45.1619],[82.1228,45.1949],[82.2666,45.2191],[82.3234,45.2059],[82.3967,45.1625],[82.4787,45.1236],[82.5215,45.1255],[82.559,45.1554],[82.597,45.216],[82.6211,45.2931],[82.6258,45.3744],[82.6116,45.4243],[82.5825,45.4426],[82.4517,45.472],[82.3267,45.5199],[82.3122,45.5637],[82.3152,45.5949],[82.3481,45.6715],[82.4297,45.8119],[82.5117,46.0058],[82.5551,46.1587],[82.6922,46.3867],[82.8,46.6245],[82.9749,46.966],[83.0041,47.0335],[83.0201,47.1415],[83.0295,47.1859],[83.0903,47.2094],[83.1931,47.1866],[83.4436,47.1086],[83.6341,47.0432],[83.714,47.021],[83.8326,46.9979],[84.016,46.9705],[84.1221,46.9786],[84.2151,46.9947],[84.3389,46.9961],[84.5324,46.9758],[84.5923,46.975],[84.6666,46.9724],[84.7195,46.9394],[84.746,46.8644],[84.7861,46.8307],[84.8582,46.8432],[85.0122,46.9092],[85.1105,46.9612],[85.2335,47.0364],[85.3554,47.0467],[85.4848,47.0635],[85.5297,47.1008],[85.5772,47.1885],[85.6566,47.2546],[85.6698,47.3384],[85.6418,47.3974],[85.5866,47.4937],[85.5883,47.5585],[85.5616,47.7465],[85.526,47.9156],[85.5623,48.0519],[85.6264,48.204],[85.6516,48.2505],[85.6922,48.3118],[85.7494,48.3851],[85.8299,48.4081],[86.0562,48.4237],[86.2656,48.4545],[86.3726,48.4862],[86.4833,48.5054],[86.5494,48.5286],[86.6638,48.6355],[86.718,48.6972],[86.7578,48.8607],[86.7286,48.9394],[86.7531,49.0088],[86.8083,49.0497],[86.8859,49.0906],[86.938,49.0976],[87.0485,49.1099],[87.23,49.1059],[87.3229,49.0858],[87.4167,49.0766],[87.4762,49.0915],[87.5158,49.1224],[87.5766,49.1324],[87.6684,49.1472],[87.7625,49.1658],[87.8143,49.1623],[87.8252,49.1163],[87.8163,49.0803],[87.8347,49.0319],[87.8722,49.0001],[87.8599,48.9655],[87.8068,48.9455],[87.7547,48.9186],[87.7432,48.8816],[87.8092,48.8357],[87.8318,48.7916],[87.9422,48.7653],[88.0279,48.7356],[88.0601,48.7072],[88.0502,48.675],[88.0106,48.6404],[87.9723,48.6033],[87.9674,48.5811],[87.9797,48.5551],[88.0626,48.5378],[88.1582,48.5091],[88.31,48.4721],[88.414,48.4034],[88.5171,48.3845],[88.5668,48.3174],[88.576,48.2202],[88.6818,48.1706],[88.8383,48.1017],[88.9178,48.089],[88.9711,48.05],[89.0477,48.0025],[89.1156,47.9877],[89.1963,47.9809],[89.3299,48.0249],[89.4792,48.0291],[89.5609,48.004],[89.6385,47.9091],[89.6932,47.8792],[89.7256,47.8525],[89.7781,47.827],[89.8313,47.8233],[89.9104,47.8443],[89.9587,47.8863],[90.0279,47.8777],[90.0539,47.8505],[90.0666,47.8036],[90.1032,47.7454],[90.191,47.7021],[90.3133,47.6762],[90.3307,47.6552],[90.3475,47.597],[90.3807,47.5566],[90.4252,47.5041],[90.4675,47.4082],[90.4765,47.3288],[90.4962,47.2852],[90.5529,47.214],[90.6434,47.1003],[90.7155,47.0039],[90.799,46.9852],[90.8699,46.9545],[90.9105,46.8833],[90.9857,46.749],[90.9979,46.6611],[91.0043,46.5958],[91.0289,46.5661],[91.0339,46.529],[90.9715,46.388],[90.9183,46.3243],[90.9115,46.2707],[90.9476,46.1773],[90.9968,46.105],[91.0018,46.0358],[90.9598,45.9851],[90.8871,45.9216],[90.8524,45.8854],[90.7959,45.8535],[90.7097,45.7308],[90.6707,45.5952],[90.6618,45.5252],[90.6944,45.4747],[90.7496,45.4189],[90.7632,45.3707],[90.8532,45.2629],[90.8772,45.1961],[90.914,45.1939],[90.9536,45.2159],[91.05,45.2174],[91.1377,45.1939],[91.2218,45.1445],[91.3121,45.1181],[91.441,45.1248],[91.5101,45.0982],[91.5844,45.0765],[91.7378,45.0689],[91.8528,45.0693],[92.0298,45.0685],[92.1727,45.0353],[92.4238,45.0089],[92.5789,45.011],[92.7879,45.0357],[92.916,45.0202],[93.2943,44.9832],[93.5162,44.9445],[93.6564,44.901],[93.7553,44.8319],[93.8682,44.7242],[93.9579,44.675],[94.1993,44.6452],[94.3647,44.5195],[94.4943,44.4725],[94.712,44.3508],[94.866,44.3033],[95.0498,44.2594],[95.3503,44.2781],[95.3668,44.2615],[95.3437,44.1954],[95.3256,44.1049],[95.3256,44.0394],[95.3564,44.006],[95.4713,43.9862],[95.5256,43.954],[95.5672,43.8922],[95.5912,43.8536],[95.6873,43.6641],[95.842,43.3837],[95.8596,43.276],[95.9125,43.2065],[96.0803,43.0961],[96.1685,43.0145],[96.2995,42.9287],[96.3425,42.8493],[96.3523,42.7468],[96.3854,42.7204],[96.6253,42.7438],[96.833,42.7603],[97.2057,42.7898],[97.7189,42.7363],[98.2482,42.6845],[98.7163,42.6387],[98.9469,42.6162],[99.4679,42.5682],[99.7574,42.6294],[99.9838,42.6773],[100.0863,42.6708],[100.519,42.6168],[100.7726,42.5878],[101.092,42.5513],[101.3138,42.5379],[101.4953,42.5388],[101.5791,42.5235],[101.66,42.5],[101.7139,42.4658],[101.8799,42.2923],[101.9729,42.2159],[102.1566,42.1581],[102.5752,42.0921],[102.8068,42.052],[103.0729,42.006],[103.2479,41.9366],[103.4497,41.8559],[103.7111,41.7513],[103.9973,41.797],[104.3052,41.8461],[104.4982,41.877],[104.4982,41.6587],[104.7736,41.6412],[104.8604,41.6437],[104.982,41.5955],[105.0506,41.6159],[105.1154,41.6633],[105.1971,41.738],[105.3144,41.7709],[105.5171,41.8547],[105.5664,41.8751],[105.8676,41.994],[106.3172,42.1406],[106.5187,42.2116],[106.5791,42.2273],[106.6932,42.2636],[106.77,42.2887],[106.9061,42.3089],[107.0907,42.3215],[107.2924,42.3493],[107.7487,42.401],[107.806,42.4059],[108.0623,42.4272],[108.1712,42.4473],[108.334,42.4368],[108.5465,42.4293],[108.6873,42.4161],[108.8745,42.4265],[109.1316,42.4406],[109.3398,42.4384],[109.4432,42.456],[109.5955,42.5105],[109.698,42.5538],[109.8588,42.6063],[110.058,42.6606],[110.1969,42.71],[110.2889,42.7427],[110.4004,42.7737],[110.4296,42.8136],[110.4617,42.8441],[110.5209,42.8953],[110.6275,42.9905],[110.7086,43.0739],[110.7485,43.1108],[110.8396,43.1941],[110.9133,43.2569],[111.0072,43.3414],[111.0865,43.3687],[111.1868,43.392],[111.4511,43.4749],[111.5035,43.4928],[111.5474,43.4963],[111.6408,43.5632],[111.7197,43.6211],[111.7711,43.6646],[111.8781,43.6802],[111.9332,43.7114],[111.9429,43.7524],[111.9317,43.8149],[111.8803,43.8789],[111.8369,43.9347],[111.6838,44.0411],[111.6026,44.1071],[111.5197,44.1919],[111.4862,44.2716],[111.4296,44.3224],[111.4022,44.3673],[111.4109,44.4192],[111.4895,44.5116],[111.5147,44.5698],[111.5475,44.6729],[111.6213,44.8271],[111.6814,44.8992],[111.7511,44.9695],[111.898,45.0641],[112.0326,45.0816],[112.1129,45.0629],[112.2921,45.063],[112.4113,45.0582],[112.4993,45.0109],[112.5968,44.9177],[112.7067,44.8834],[113.0494,44.8104],[113.1961,44.7948],[113.301,44.7916],[113.4557,44.7674],[113.5079,44.7624],[113.587,44.7457],[113.6526,44.7635],[113.7521,44.8259],[113.8771,44.8962],[113.9309,44.9123],[114.0303,44.9426],[114.0803,44.9711],[114.1674,45.0499],[114.2811,45.1109],[114.4191,45.2026],[114.4873,45.2717],[114.5022,45.3163],[114.5172,45.3646],[114.5602,45.39],[114.6443,45.4133],[114.7388,45.4196],[114.9192,45.3783],[115.1626,45.3902],[115.2175,45.3962],[115.4395,45.42],[115.5395,45.4395],[115.6811,45.4583],[115.7892,45.5348],[115.9342,45.6262],[116.0396,45.677],[116.1099,45.6867],[116.1977,45.7394],[116.2406,45.796],[116.2291,45.8458],[116.213,45.8869],[116.2646,45.963],[116.3576,46.0966],[116.4448,46.1588],[116.5167,46.2091],[116.5626,46.2898],[116.6193,46.3131],[116.6889,46.322],[116.787,46.3767],[116.8591,46.3879],[116.9788,46.3618],[117.156,46.3551],[117.269,46.3522],[117.3334,46.362],[117.3569,46.3913],[117.3563,46.4367],[117.3922,46.5376],[117.4056,46.5709],[117.4381,46.5862],[117.5469,46.5883],[117.6205,46.552],[117.6711,46.5221],[117.7412,46.5182],[117.8135,46.5377],[117.9104,46.6193],[118.0713,46.6666],[118.1568,46.6786],[118.3087,46.717],[118.4044,46.7032],[118.5805,46.6919],[118.6487,46.7017],[118.7229,46.6919],[118.7903,46.7471],[118.8439,46.7602],[118.9571,46.7349],[119.0285,46.6922],[119.1621,46.6387],[119.3318,46.6138],[119.474,46.6267],[119.6202,46.604],[119.7066,46.606],[119.7475,46.6272],[119.8672,46.6722],[119.8959,46.7329],[119.8842,46.7915],[119.8979,46.8578],[119.8627,46.9066],[119.7885,46.9788],[119.7599,47.027],[119.7572,47.09],[119.7111,47.15],[119.6002,47.2225],[119.527,47.2559],[119.3767,47.3809],[119.326,47.4102],[119.3086,47.4307],[119.2908,47.4727],[119.2353,47.4926],[119.1624,47.5252],[119.1229,47.5585],[119.0973,47.6163],[119.0819,47.6542],[119.0176,47.6854],[118.9531,47.7029],[118.8803,47.7251],[118.76,47.7576],[118.6905,47.8223],[118.5678,47.9433],[118.4984,47.984],[118.2396,47.9995],[118.1471,48.0289],[118.0419,48.0189],[117.9792,47.9996],[117.8404,47.9999],[117.7684,47.9879],[117.6767,47.9083],[117.5554,47.8047],[117.4551,47.7414],[117.384,47.6757],[117.3508,47.6522],[117.2859,47.6664],[117.1971,47.7403],[117.0697,47.8064],[116.9517,47.8366],[116.9012,47.8531],[116.7605,47.8698],[116.652,47.8645],[116.5135,47.8396],[116.3782,47.844],[116.3172,47.8599],[116.2312,47.8582],[116.0748,47.7896],[115.9938,47.7113],[115.8982,47.6869],[115.8117,47.7382],[115.7117,47.7989],[115.6164,47.8748],[115.5576,47.945],[115.5251,48.1309],[115.6395,48.1862],[115.7855,48.2482],[115.7966,48.3463],[115.7917,48.4557],[115.8205,48.5772],[115.9538,48.6894],[116.0255,48.7823],[116.0344,48.84],[116.0982,48.9361],[116.1597,49.0375],[116.2434,49.1704],[116.4021,49.4062],[116.5897,49.6848],[116.6833,49.8238],[116.889,49.7378],[117.0217,49.693],[117.2456,49.6249],[117.4771,49.6094],[117.6984,49.5358],[117.8126,49.5135],[117.8734,49.5135],[118.1866,49.6928],[118.4516,49.8445],[118.756,49.9628],[118.9795,49.9789],[119.1475,50.0134],[119.2599,50.0664],[119.3261,50.1549],[119.3463,50.279],[119.3016,50.3539],[119.1919,50.3798],[119.1637,50.406],[119.2167,50.4325],[119.2559,50.4842],[119.2807,50.561],[119.344,50.6339],[119.4457,50.7028],[119.5018,50.7792],[119.5123,50.8631],[119.5734,50.9468],[119.685,51.0301],[119.746,51.1077],[119.7566,51.1795],[119.8132,51.267],[119.967,51.4221],[120.0669,51.6007],[120.237,51.723],[120.5105,51.8485],[120.6814,51.973],[120.7498,52.0965],[120.7445,52.2055],[120.6654,52.2999],[120.6504,52.3959],[120.6992,52.4936],[120.6562,52.5667],[120.5211,52.615],[120.3601,52.627],[120.1728,52.6025],[120.0676,52.6329],[120.0443,52.7182],[120.0945,52.7872],[120.2182,52.8399],[120.4213,52.9681],[120.7041,53.1718],[120.9854,53.2846],[121.4055,53.317],[121.7439,53.3836],[122.0889,53.4515],[122.3378,53.485],[122.3802,53.4625],[122.5158,53.457],[122.7447,53.4685],[122.9576,53.4977],[123.1541,53.5446],[123.3096,53.5556],[123.424,53.5308],[123.4895,53.5294],[123.5348,53.5265],[123.5598,53.5267],[123.6078,53.5465],[123.7409,53.511],[123.9947,53.4056],[124.1543,53.3587],[124.2199,53.3701],[124.2914,53.3409],[124.3691,53.2709],[124.4659,53.2296],[124.6398,53.2106],[124.8123,53.1338],[124.8821,53.1297],[124.9066,53.1727],[124.9709,53.1973],[125.075,53.2037],[125.2256,53.1658],[125.4225,53.0837],[125.546,53.0476],[125.596,53.0575],[125.649,53.0423],[125.6917,53.0037],[125.6953,52.9563],[125.6808,52.9308],[125.7281,52.8907],[125.7828,52.8907],[125.8719,52.8715],[125.9416,52.8007],[126.0043,52.7679],[126.0481,52.7395],[126.0561,52.7159],[126.0602,52.692],[126.0471,52.6735],[126.0232,52.643],[126.016,52.6102],[126.0459,52.5733],[126.1566,52.5466],[126.1944,52.5191],[126.2029,52.4838],[126.2376,52.4448],[126.3129,52.3998],[126.3417,52.362],[126.3242,52.3316],[126.3463,52.3062],[126.3835,52.2865],[126.3915,52.2145],[126.3948,52.173],[126.4556,52.1265],[126.4681,52.0313],[126.5105,51.9258],[126.6537,51.7813],[126.7008,51.703],[126.6887,51.6099],[126.7092,51.5663],[126.7745,51.5451],[126.8055,51.5057],[126.8018,51.448],[126.8273,51.4123],[126.8478,51.3742],[126.8338,51.3149],[126.8544,51.2614],[126.8877,51.2301],[126.9115,51.1723],[126.9248,51.1001],[127.0204,50.9859],[127.1982,50.8294],[127.307,50.708],[127.3469,50.6213],[127.3472,50.5501],[127.3082,50.4942],[127.3061,50.4535],[127.3408,50.4281],[127.3512,50.3936],[127.3372,50.3501],[127.3953,50.2986],[127.5902,50.209],[127.5123,50.0717],[127.4918,49.975],[127.5024,49.8734],[127.5508,49.8018],[127.6367,49.7602],[127.6901,49.7167],[127.7111,49.6715],[127.8143,49.6221],[127.9996,49.5686],[128.2371,49.5593],[128.5268,49.5942],[128.704,49.6001],[128.769,49.577],[128.791,49.5418],[128.7703,49.4947],[128.8193,49.4638],[128.9383,49.4489],[129.0203,49.4192],[129.0651,49.3747],[129.1201,49.3621],[129.1852,49.3814],[129.2484,49.3787],[129.3099,49.3539],[129.3501,49.3624],[129.3847,49.3895],[129.4407,49.3895],[129.4981,49.3888],[129.5337,49.3234],[129.5914,49.2867],[129.6711,49.2785],[129.7926,49.1989],[130.0371,48.9723],[130.196,48.8916],[130.3553,48.8664],[130.5531,48.8612],[130.6172,48.7732],[130.5656,48.6801],[130.5521,48.6025],[130.5973,48.5747],[130.6592,48.4834],[130.7469,48.4304],[130.7635,48.3884],[130.8043,48.3415],[130.7872,48.2546],[130.7121,48.1276],[130.7326,48.0192],[130.8486,47.9294],[130.9154,47.8429],[130.9328,47.7598],[130.9619,47.7093],[131.0027,47.6915],[131.1219,47.6977],[131.3193,47.7278],[131.4643,47.7226],[131.5567,47.682],[131.7853,47.6805],[132.1498,47.718],[132.3802,47.7295],[132.4763,47.715],[132.5619,47.7685],[132.6369,47.8901],[132.7072,47.9473],[132.7729,47.9401],[132.8771,47.9791],[133.0201,48.0644],[133.144,48.1057],[133.3012,48.1015],[133.4684,48.0972],[133.5732,48.133],[133.6718,48.2077],[133.8422,48.2737],[134.2059,48.3599],[134.2934,48.3734],[134.335,48.3688],[134.4562,48.3553],[134.5636,48.3217],[134.6652,48.2539],[134.6809,48.2104],[134.6693,48.1533],[134.6473,48.1202],[134.6054,48.0829],[134.566,48.0225],[134.5913,47.9752],[134.6503,47.8743],[134.6986,47.8014],[134.7523,47.7154],[134.7281,47.6845],[134.6958,47.6249],[134.5962,47.5239],[134.5419,47.4852],[134.4835,47.4474],[134.3825,47.4382],[134.3395,47.4295],[134.2908,47.4136],[134.2601,47.3777],[134.2252,47.3526],[134.1677,47.3022],[134.163,47.2587],[134.1893,47.1942],[134.2021,47.1281],[134.1369,47.069],[134.0864,46.9781],[134.0714,46.9508],[134.046,46.882],[134.0386,46.8582],[134.0227,46.7132],[133.9575,46.6143],[133.8666,46.4991],[133.8867,46.4306],[133.9027,46.3669],[133.8803,46.336],[133.8748,46.3091],[133.8613,46.2478],[133.8328,46.2243],[133.7502,46.1859],[133.7007,46.1397],[133.7111,46.0696],[133.6857,46.0089],[133.6479,45.9552],[133.608,45.9203],[133.5512,45.8978],[133.5131,45.8788],[133.4847,45.8104],[133.4758,45.7577],[133.4491,45.7051],[133.4656,45.6512],[133.4364,45.6047],[133.3555,45.5722],[133.3096,45.5531],[133.267,45.5453],[133.186,45.4948],[133.1134,45.3214],[133.0969,45.2205],[133.1135,45.1307],[133.0117,45.0746],[132.936,45.0299],[132.8888,45.046],[132.8387,45.0611],[132.7231,45.0806],[132.6656,45.0937],[132.549,45.1228],[132.363,45.16],[132.1813,45.2033],[132.0674,45.226],[131.9775,45.244],[131.9093,45.2737],[131.8519,45.3269],[131.7949,45.3053],[131.7421,45.2426],[131.654,45.2054],[131.614,45.1366],[131.5787,45.0836],[131.4875,45.0131],[131.4469,44.984],[131.2683,44.9361],[131.2279,44.9202],[131.0823,44.91],[131.033,44.8889],[130.9816,44.8443],[130.9678,44.8],[131.0039,44.7532],[131.0606,44.6597],[131.0869,44.5957],[131.1258,44.4692],[131.2553,44.0716],[131.2133,44.0029],[131.1742,43.7047],[131.1836,43.6509],[131.1801,43.5671],[131.1824,43.5056],[131.2092,43.4904],[131.2439,43.469],[131.2618,43.4331],[131.2573,43.3781],[131.2394,43.3376],[131.2119,43.2578],[131.1756,43.1422],[131.1355,43.0976],[131.109,43.0625],[131.0861,43.0381],[131.0835,42.9563],[131.0686,42.9022],[131.0056,42.8831],[130.9429,42.8518],[130.8686,42.8633],[130.8033,42.8568],[130.7225,42.8358],[130.5772,42.8116],[130.493,42.7791],[130.4527,42.7554],[130.4248,42.7271],[130.4199,42.6999],[130.4393,42.6855],[130.5206,42.6743],[130.5766,42.6232],[130.5845,42.5673],[130.527,42.5354],[130.4982,42.5705],[130.4503,42.5817],[130.3607,42.6309],[130.2956,42.685],[130.2467,42.7448],[130.2488,42.8726],[130.2403,42.8918],[130.1513,42.918],[130.1248,42.956],[130.0826,42.9742],[130.0223,42.9626],[129.977,42.9749],[129.9412,42.9957],[129.8982,42.9981],[129.861,42.9651],[129.8415,42.8942],[129.7792,42.7766],[129.7734,42.7055],[129.7465,42.6038],[129.7197,42.475],[129.6979,42.4481],[129.6279,42.4443],[129.6039,42.4359],[129.5676,42.3921],[129.5237,42.3847],[129.4849,42.4103],[129.4236,42.4359],[129.3658,42.4392],[129.3137,42.4136],[129.2525,42.3579],[129.2178,42.3127],[129.2054,42.2706],[129.1955,42.2185],[129.1337,42.1685],[129.0772,42.1424],[128.9606,42.0688],[128.9234,42.0382],[128.8398,42.0378],[128.749,42.0407],[128.6268,42.0209],[128.4272,42.0107],[128.3078,42.0256],[128.1602,42.0116],[128.0452,41.9875],[128.0287,41.9516],[128.0329,41.8985],[128.0561,41.8638],[128.0842,41.8406],[128.1319,41.7691],[128.1817,41.7],[128.2578,41.6554],[128.2893,41.6074],[128.2909,41.5628],[128.2549,41.5065],[128.2003,41.433],[128.1494,41.3877],[128.1112,41.3893],[128.0527,41.4156],[128.0131,41.4487],[127.9187,41.4611],[127.6877,41.44],[127.5722,41.4547],[127.517,41.4817],[127.4203,41.4838],[127.2708,41.5198],[127.1797,41.5313],[127.1367,41.5545],[127.1284,41.6074],[127.0854,41.6438],[127.0613,41.6874],[127.0069,41.742],[126.9548,41.7695],[126.9035,41.7811],[126.8473,41.748],[126.7877,41.7182],[126.7431,41.7249],[126.7216,41.7166],[126.697,41.6919],[126.6013,41.641],[126.5783,41.5943],[126.5401,41.4956],[126.5136,41.394],[126.4904,41.3581],[126.4515,41.3519],[126.4118,41.3213],[126.3287,41.2257],[126.2536,41.1378],[126.1445,41.0783],[126.0932,41.0237],[126.0668,40.9741],[125.9891,40.9046],[125.8749,40.8922],[125.784,40.872],[125.7283,40.8667],[125.6883,40.8387],[125.6592,40.7959],[125.6451,40.779],[125.5938,40.779],[125.5426,40.7426],[125.4169,40.6599],[125.3145,40.6446],[125.1859,40.5894],[125.0729,40.5475],[125.026,40.5239],[125.0134,40.4979],[124.9969,40.4647],[124.9423,40.4582],[124.8894,40.4598],[124.772,40.3837],[124.7124,40.3192],[124.4811,40.1816],[124.3866,40.1042],[124.3621,40.0041],[124.35,40.0116],[124.2675,39.9242],[124.1058,39.841],[123.7602,39.8224],[123.6509,39.8816],[123.6112,39.8408],[123.5807,39.7861],[123.49,39.7679],[123.3481,39.7629],[123.2689,39.7269],[123.2266,39.6866],[123.0322,39.6735],[122.9609,39.6199],[122.84,39.6008],[122.3349,39.3661],[122.225,39.2673],[122.1209,39.1519],[122.0477,39.0938],[121.9823,39.0532],[121.9227,39.0365],[121.8644,38.9965],[121.8052,38.9914],[121.7448,39.0097],[121.6772,39.0034],[121.6328,38.9548],[121.6704,38.8918],[121.6499,38.8651],[121.5172,38.8308],[121.3201,38.8082],[121.2363,38.7669],[121.2074,38.7435],[121.1636,38.7316],[121.1217,38.8133],[121.1067,38.9208],[121.1883,38.9467],[121.2633,38.9603],[121.6799,39.1087],[121.6276,39.2202],[121.6646,39.2687],[121.7578,39.3476],[121.8185,39.3865],[121.7854,39.4008],[121.5125,39.3749],[121.3557,39.3768],[121.2755,39.3848],[121.2998,39.4522],[121.2863,39.5194],[121.2675,39.5447],[121.4064,39.6212],[121.4695,39.6401],[121.5176,39.639],[121.5143,39.6853],[121.4742,39.7549],[121.5174,39.8448],[121.801,39.9505],[121.8689,40.0464],[121.9828,40.1358],[122.1909,40.3583],[122.2033,40.396],[122.2639,40.5002],[122.275,40.5418],[122.1787,40.6027],[122.1404,40.6882],[121.8588,40.8421],[121.8349,40.9743],[121.8086,40.9685],[121.7656,40.8759],[121.7293,40.8461],[121.5989,40.8434],[121.5371,40.8784],[121.1745,40.9013],[121.0859,40.8416],[121.0029,40.7491],[120.9223,40.6831],[120.8413,40.6492],[120.7707,40.5891],[120.4791,40.231],[120.3689,40.2039],[119.8504,39.9875],[119.5911,39.9026],[119.3911,39.7525],[119.3224,39.6616],[119.2613,39.5609],[119.2246,39.4081],[119.0401,39.2224],[118.977,39.1826],[118.9123,39.1664],[118.8265,39.1721],[118.7524,39.1605],[118.6264,39.1769],[118.472,39.118],[118.2979,39.0671],[118.1479,39.1951],[118.0409,39.2268],[117.8657,39.1913],[117.7847,39.1345],[117.6167,38.8529],[117.5538,38.6915],[117.5578,38.6251],[117.6561,38.4242],[117.7667,38.3117],[118.0149,38.1834],[118.5433,38.0949],[118.6671,38.1264],[118.8,38.1267],[118.94,38.0428],[119.0275,37.904],[119.0356,37.8092],[119.0385,37.7765],[119.0703,37.7486],[119.0892,37.7007],[119.0335,37.661],[118.9908,37.6414],[118.9549,37.4941],[118.9526,37.3312],[118.9981,37.2771],[119.1118,37.2012],[119.2874,37.1383],[119.4499,37.1248],[119.7605,37.1551],[119.8875,37.2534],[119.88,37.2958],[119.8829,37.3508],[120.1559,37.495],[120.3115,37.6227],[120.2871,37.6565],[120.2572,37.679],[120.2847,37.6921],[120.3701,37.701],[120.75,37.8339],[121.049,37.7252],[121.2195,37.6001],[121.3881,37.579],[121.5053,37.515],[121.6402,37.4604],[121.8164,37.4566],[121.9648,37.4453],[122.0102,37.4958],[122.0566,37.5289],[122.1096,37.5223],[122.1691,37.4562],[122.3377,37.4053],[122.4933,37.408],[122.6023,37.4264],[122.667,37.4028],[122.5733,37.3179],[122.5873,37.1811],[122.5155,37.1378],[122.4467,37.0681],[122.4874,37.0223],[122.5234,37.0026],[122.5197,36.9468],[122.457,36.9151],[122.3409,36.8322],[122.2742,36.8338],[122.2423,36.8499],[122.2197,36.8795],[122.2032,36.9272],[122.1624,36.9586],[122.0495,36.9708],[121.9327,36.9595],[121.6696,36.8364],[121.4131,36.7384],[121.144,36.6604],[121.0538,36.6114],[120.9899,36.5979],[120.8785,36.6352],[120.8108,36.6328],[120.7967,36.6072],[120.8826,36.5389],[120.905,36.4853],[120.8958,36.4441],[120.8471,36.4261],[120.7762,36.4563],[120.7115,36.4133],[120.6822,36.3407],[120.681,36.1684],[120.6379,36.1299],[120.5193,36.1087],[120.3931,36.0539],[120.3482,36.0792],[120.3303,36.1101],[120.3435,36.1895],[120.3277,36.2282],[120.2701,36.2262],[120.1833,36.2024],[120.117,36.1503],[120.0941,36.1189],[120.1814,36.0175],[120.2647,36.0072],[120.2848,35.9844],[120.219,35.9349],[120.0547,35.8611],[120.0274,35.7994],[119.9787,35.7402],[119.9117,35.6932],[119.8662,35.6437],[119.8105,35.6177],[119.7197,35.5887],[119.6084,35.4699],[119.5265,35.3586],[119.4297,35.3014],[119.3528,35.1138],[119.2158,35.0118],[119.1653,34.8488],[119.201,34.7484],[119.3514,34.7494],[119.4268,34.7142],[119.5829,34.5822],[119.7697,34.4962],[119.9637,34.4478],[120.2015,34.3257],[120.2667,34.274],[120.3227,34.169],[120.4257,33.8663],[120.4998,33.7165],[120.5048,33.6382],[120.6156,33.4905],[120.7345,33.2366],[120.8711,33.0165],[120.8974,32.8432],[120.853,32.7641],[120.8532,32.6614],[120.9899,32.567],[121.2934,32.4573],[121.3417,32.425],[121.401,32.3719],[121.4039,32.2062],[121.4508,32.1533],[121.4905,32.1211],[121.6742,32.051],[121.7511,31.9929],[121.8324,31.8998],[121.8563,31.8165],[121.8663,31.7036],[121.7636,31.6995],[121.6809,31.7122],[121.352,31.8588],[121.2664,31.8627],[121.1458,31.8423],[120.9735,31.8694],[120.7917,32.0317],[120.6605,32.0811],[120.5201,32.1059],[120.1841,31.9662],[120.0987,31.976],[120.0739,31.9603],[120.0359,31.9363],[120.1916,31.9063],[120.3475,31.9521],[120.4972,32.0198],[120.7155,31.9837],[120.7522,31.9229],[120.7878,31.8198],[120.9375,31.7502],[121.0554,31.7194],[121.2049,31.6281],[121.351,31.4854],[121.6606,31.3197],[121.7859,31.1629],[121.8345,31.0616],[121.8779,30.917],[121.7694,30.8704],[121.6752,30.8638],[121.5275,30.841],[121.4189,30.7898],[121.31,30.6997],[120.9977,30.5583],[120.9383,30.4697],[120.8975,30.3926],[120.8215,30.3546],[120.63,30.3909],[120.4498,30.3878],[120.2455,30.2835],[120.1946,30.2413],[120.2285,30.2496],[120.2605,30.263],[120.3525,30.2474],[120.4945,30.3031],[120.6334,30.1332],[120.9045,30.1606],[121.1594,30.3018],[121.258,30.3041],[121.3406,30.2824],[121.4327,30.2267],[121.6779,29.9791],[121.8123,29.9521],[121.9443,29.8941],[122.0173,29.8877],[122.0829,29.8704],[121.9058,29.7797],[121.6766,29.5838],[121.5746,29.537],[121.5062,29.4846],[121.6904,29.511],[121.8219,29.6046],[121.888,29.6278],[121.9412,29.6059],[121.9684,29.4906],[121.9178,29.135],[121.8535,29.1289],[121.7908,29.2257],[121.7175,29.2563],[121.656,29.2361],[121.5337,29.2367],[121.4871,29.1932],[121.4477,29.1313],[121.5209,29.1185],[121.6649,29.0106],[121.6797,28.9531],[121.641,28.9159],[121.54,28.9319],[121.6625,28.8514],[121.6301,28.7679],[121.5903,28.7348],[121.5191,28.7137],[121.4752,28.6414],[121.5381,28.5211],[121.6021,28.3666],[121.61,28.2921],[121.51,28.3243],[121.3546,28.2299],[121.2723,28.2221],[121.2168,28.3462],[121.1457,28.3267],[121.0984,28.2905],[121.0354,28.1573],[120.9586,28.037],[120.8925,28.0039],[120.813,28.0134],[120.7477,28.01],[120.7635,27.9774],[120.833,27.9378],[120.833,27.8915],[120.6852,27.7446],[120.6613,27.6879],[120.6648,27.6395],[120.5875,27.5808],[120.6291,27.4821],[120.6075,27.4124],[120.5398,27.3184],[120.4687,27.2563],[120.3846,27.1555],[120.2787,27.0971],[120.1386,26.8861],[120.0975,26.7807],[120.0867,26.6716],[120.043,26.6338],[119.9678,26.5864],[119.8822,26.6104],[119.8795,26.683],[119.8424,26.6893],[119.8213,26.7369],[119.8151,26.7976],[119.8242,26.8464],[119.7887,26.8315],[119.7667,26.7747],[119.7104,26.7287],[119.6516,26.7473],[119.5882,26.785],[119.5899,26.7305],[119.6236,26.6759],[119.6382,26.6212],[119.726,26.6094],[119.7848,26.5466],[119.8312,26.4502],[119.8403,26.4142],[119.8765,26.3709],[119.8811,26.3342],[119.7973,26.3001],[119.6927,26.2364],[119.5671,26.1273],[119.4631,26.0547],[119.3697,26.0541],[119.3131,26.0625],[119.2321,26.1044],[119.1395,26.1218],[119.2638,25.9748],[119.332,25.9487],[119.4178,25.9543],[119.5009,26.0092],[119.6188,26.0036],[119.6482,25.9187],[119.6169,25.8229],[119.5528,25.6987],[119.5395,25.5913],[119.6191,25.4375],[119.6225,25.3912],[119.5928,25.368],[119.4992,25.4086],[119.4218,25.4596],[119.3438,25.4463],[119.2631,25.468],[119.1801,25.4498],[119.1463,25.4143],[119.1693,25.3557],[119.2436,25.307],[119.2855,25.2322],[119.2355,25.206],[119.0246,25.2234],[118.9775,25.2093],[118.9145,25.1268],[118.9557,25.0048],[118.9091,24.9289],[118.8221,24.9111],[118.7075,24.8498],[118.6369,24.8355],[118.6402,24.8091],[118.6918,24.7823],[118.7191,24.7461],[118.657,24.6214],[118.5604,24.5804],[118.412,24.6007],[118.2953,24.5728],[118.1945,24.6258],[118.0871,24.627],[118.0139,24.5599],[118.006,24.482],[117.9351,24.4742],[117.8969,24.4798],[117.8427,24.4743],[117.8482,24.4325],[117.879,24.3959],[118.0242,24.3796],[118.0506,24.3271],[118.0561,24.2461],[117.9041,24.1064],[117.8395,24.0123],[117.7417,24.0148],[117.6679,23.9393],[117.6282,23.8367],[117.5792,23.857],[117.4664,23.8406],[117.4331,23.7917],[117.4596,23.7715],[117.4622,23.7362],[117.417,23.621],[117.3677,23.5886],[117.3467,23.6357],[117.3308,23.7088],[117.2908,23.7144],[117.225,23.647],[117.1481,23.5988],[117.0825,23.5788],[117.0328,23.6234],[116.9106,23.6467],[116.8609,23.4531],[116.7596,23.3825],[116.7121,23.3605],[116.6294,23.3539],[116.6823,23.3274],[116.6988,23.2778],[116.6691,23.2282],[116.5864,23.2183],[116.5383,23.1797],[116.5198,23.0066],[116.4707,22.9459],[116.3455,22.9411],[116.2519,22.9813],[116.2221,22.9496],[116.2063,22.9187],[116.1574,22.8875],[116.0626,22.8791],[115.8521,22.8016],[115.7559,22.8239],[115.6404,22.8534],[115.5611,22.8247],[115.5347,22.7652],[115.4983,22.7188],[115.3825,22.7188],[115.2899,22.776],[115.1958,22.8173],[115.0915,22.7817],[115.0121,22.7089],[114.9145,22.6846],[114.8964,22.6395],[114.8538,22.6168],[114.7504,22.6263],[114.7111,22.7387],[114.6517,22.7553],[114.5928,22.6984],[114.572,22.6541],[114.5444,22.6206],[114.5542,22.5289],[114.4962,22.5271],[114.4201,22.5833],[114.3406,22.5932],[114.266,22.541],[114.2282,22.554],[114.1882,22.565],[114.1229,22.565],[114.0979,22.5513],[114.0504,22.543],[114.0183,22.5145],[114.0154,22.5119],[113.9312,22.5311],[113.8283,22.6072],[113.7545,22.7336],[113.6611,22.8017],[113.6196,22.8614],[113.6034,22.9689],[113.5863,23.02],[113.5922,23.077],[113.6205,23.1275],[113.5197,23.1021],[113.4453,23.0551],[113.4604,22.9957],[113.4419,22.9406],[113.3311,22.912],[113.3378,22.8888],[113.3448,22.8646],[113.432,22.7894],[113.4498,22.7261],[113.4848,22.6924],[113.553,22.594],[113.5515,22.4042],[113.5889,22.3505],[113.5765,22.2973],[113.5491,22.2252],[113.5468,22.2241],[113.5271,22.2459],[113.4941,22.2416],[113.4811,22.2175],[113.4789,22.1956],[113.4734,22.1944],[113.4157,22.1784],[113.3674,22.1648],[113.3277,22.1454],[113.2664,22.0888],[113.149,22.075],[113.0888,22.208],[113.0082,22.1193],[112.9838,21.9382],[112.9539,21.9073],[112.9038,21.8814],[112.8086,21.9446],[112.7254,21.9023],[112.6607,21.8595],[112.6341,21.8199],[112.5863,21.7769],[112.4947,21.8183],[112.4213,21.8806],[112.4395,21.9273],[112.4293,21.9581],[112.3961,21.9813],[112.3597,21.978],[112.3774,21.9175],[112.3897,21.8012],[112.3564,21.7676],[112.305,21.7417],[112.1934,21.7631],[112.1172,21.8065],[112.0252,21.843],[111.9439,21.8497],[111.9265,21.7763],[111.8734,21.7171],[111.8246,21.7098],[111.776,21.7192],[111.7119,21.6552],[111.6816,21.6085],[111.6027,21.5591],[111.3924,21.5351],[111.3191,21.4861],[111.2206,21.4939],[111.1442,21.4822],[111.1006,21.4847],[111.0611,21.511],[111.0169,21.5117],[110.9968,21.4303],[110.878,21.3959],[110.7711,21.3865],[110.6521,21.2791],[110.5672,21.2141],[110.5043,21.2074],[110.458,21.2306],[110.4346,21.3269],[110.4109,21.3381],[110.3975,21.2477],[110.3746,21.1724],[110.3312,21.1313],[110.1936,21.0376],[110.154,20.9446],[110.1804,20.8586],[110.3654,20.8376],[110.3885,20.7905],[110.3705,20.7521],[110.3262,20.7199],[110.3131,20.6717],[110.5115,20.5183],[110.5176,20.46],[110.4869,20.4269],[110.4495,20.3554],[110.3447,20.2948],[110.1231,20.2637],[109.9385,20.2951],[109.8825,20.3641],[109.8858,20.4131],[109.9316,20.3989],[109.9839,20.4033],[109.9684,20.4481],[109.9464,20.4744],[109.861,20.5143],[109.792,20.6219],[109.8053,20.7115],[109.7674,20.7807],[109.7263,20.8388],[109.6848,20.8736],[109.6626,20.9169],[109.7045,21.0527],[109.6813,21.1316],[109.7602,21.2284],[109.7796,21.3375],[109.9211,21.3765],[109.9308,21.4806],[109.8296,21.4836],[109.7594,21.5601],[109.7434,21.528],[109.6869,21.5246],[109.5943,21.672],[109.5664,21.6906],[109.5215,21.6934],[109.544,21.5379],[109.4355,21.4795],[109.3467,21.454],[109.2204,21.4434],[109.1486,21.4255],[109.0815,21.4403],[109.0981,21.4874],[109.1335,21.5436],[109.1018,21.5905],[109.0306,21.6265],[108.9218,21.6244],[108.8464,21.6345],[108.7717,21.6305],[108.7439,21.6513],[108.6745,21.7247],[108.6158,21.7705],[108.5894,21.816],[108.6158,21.8689],[108.5938,21.901],[108.4799,21.9046],[108.4809,21.8288],[108.4926,21.7394],[108.5257,21.6714],[108.5021,21.6334],[108.4443,21.6073],[108.3828,21.6792],[108.3546,21.6969],[108.3248,21.6935],[108.3021,21.6219],[108.2463,21.5584],[108.1456,21.5652],[108.0674,21.526],[107.9727,21.508]]],[[[110.8888,19.9919],[110.9383,19.9476],[110.9707,19.8833],[110.9977,19.7647],[111.0137,19.6555],[110.9127,19.5861],[110.8223,19.5579],[110.6409,19.2912],[110.6031,19.207],[110.5722,19.1719],[110.5625,19.1352],[110.566,19.0985],[110.5193,18.9702],[110.4776,18.8126],[110.4513,18.7479],[110.3995,18.6983],[110.3337,18.6733],[110.2908,18.6695],[110.2518,18.6558],[110.1562,18.5698],[110.0485,18.5052],[110.0664,18.4756],[110.0674,18.4476],[110.0202,18.4163],[109.9677,18.4221],[109.8156,18.3967],[109.7598,18.3483],[109.7027,18.2591],[109.6811,18.2471],[109.5896,18.2263],[109.5193,18.2183],[109.4001,18.2811],[109.3409,18.2996],[109.1832,18.3251],[109.0299,18.3678],[108.9223,18.4161],[108.7016,18.5353],[108.6761,18.7502],[108.6381,18.8663],[108.6356,18.9077],[108.65,19.265],[108.6655,19.3041],[108.6936,19.3383],[108.791,19.4182],[108.9028,19.4813],[109.0629,19.6136],[109.1791,19.6741],[109.2767,19.7611],[109.2195,19.7575],[109.1774,19.7685],[109.2189,19.8428],[109.2635,19.8827],[109.3148,19.9044],[109.4182,19.8888],[109.5137,19.9042],[109.5843,19.9703],[109.6514,19.9844],[109.9062,19.9627],[110.083,19.9929],[110.1716,20.0537],[110.2134,20.0561],[110.3439,20.0388],[110.3923,19.9756],[110.388,20.018],[110.3936,20.0592],[110.4176,20.0547],[110.5882,19.9764],[110.5888,20.0725],[110.5983,20.0976],[110.6518,20.1377],[110.6785,20.1371],[110.7445,20.0595],[110.8091,20.0144],[110.8888,19.9919]]]]}}]}