{"type":"FeatureCollection","note":"Natural Earth 1:50m admin-0 (public domain), East Asia, 2 dp","features":[{"type":"Feature","properties":{"NAME":"Vietnam"},"geometry":{"type":"MultiPolygon","coordinates":[[[[104.06,10.39],[104.08,10.34],[104.08,10.22],[104.04,10.11],[104.05,10.06],[104.02,10.03],[103.95,10.24],[103.87,10.34],[103.85,10.37],[103.9,10.37],[103.99,10.43],[104.03,10.43],[104.06,10.39]]],[[[107.97,21.51],[107.93,21.5],[107.81,21.5],[107.71,21.41],[107.64,21.37],[107.53,21.34],[107.41,21.28],[107.38,21.19],[107.37,21.13],[107.35,21.06],[107.16,20.95],[107.11,20.96],[107.08,21.0],[107.02,20.99],[106.98,20.97],[106.94,20.97],[106.89,20.95],[106.82,20.96],[106.76,20.99],[106.73,21.0],[106.68,21.0],[106.68,20.96],[106.74,20.81],[106.75,20.74],[106.55,20.53],[106.57,20.39],[106.52,20.29],[106.4,20.21],[106.17,19.99],[106.06,19.99],[105.98,19.94],[105.81,19.59],[105.81,19.47],[105.79,19.38],[105.79,19.29],[105.72,19.13],[105.64,19.06],[105.62,18.97],[105.73,18.78],[105.74,18.75],[105.81,18.65],[105.84,18.57],[105.89,18.5],[106.07,18.32],[106.14,18.26],[106.24,18.22],[106.41,18.05],[106.5,17.95],[106.46,17.87],[106.48,17.72],[106.36,17.77],[106.37,17.75],[106.52,17.66],[106.74,17.37],[106.93,17.22],[107.12,17.06],[107.18,16.9],[107.36,16.79],[107.55,16.64],[107.54,16.61],[107.59,16.57],[107.72,16.49],[107.8,16.4],[107.83,16.32],[107.88,16.31],[107.94,16.33],[107.99,16.34],[108.03,16.33],[108.09,16.24],[108.17,16.16],[108.21,16.09],[108.24,16.1],[108.27,16.09],[108.27,16.03],[108.29,15.99],[108.4,15.87],[108.45,15.76],[108.58,15.58],[108.67,15.48],[108.74,15.43],[108.82,15.38],[108.9,15.18],[108.94,15.0],[109.02,14.8],[109.08,14.72],[109.09,14.55],[109.14,14.38],[109.19,14.27],[109.21,14.15],[109.22,14.1],[109.24,14.05],[109.3,13.86],[109.29,13.77],[109.25,13.85],[109.25,13.59],[109.29,13.45],[109.27,13.28],[109.31,13.22],[109.38,13.03],[109.42,12.96],[109.42,12.72],[109.44,12.6],[109.38,12.67],[109.34,12.75],[109.27,12.71],[109.22,12.65],[109.3,12.39],[109.21,12.42],[109.22,12.07],[109.26,11.99],[109.26,11.95],[109.25,11.91],[109.22,11.96],[109.21,12.01],[109.2,12.0],[109.2,11.97],[109.17,11.91],[109.16,11.84],[109.19,11.77],[109.2,11.72],[109.17,11.66],[109.13,11.6],[109.04,11.59],[109.02,11.47],[108.99,11.34],[108.82,11.32],[108.7,11.2],[108.55,11.16],[108.42,11.04],[108.27,10.93],[108.18,10.92],[108.09,10.9],[108.0,10.72],[107.85,10.7],[107.56,10.56],[107.47,10.49],[107.38,10.46],[107.26,10.4],[107.24,10.42],[107.19,10.47],[107.09,10.5],[107.04,10.56],[107.02,10.63],[107.01,10.66],[106.98,10.62],[106.97,10.44],[106.95,10.4],[106.9,10.38],[106.81,10.43],[106.73,10.54],[106.61,10.46],[106.64,10.46],[106.7,10.46],[106.74,10.44],[106.78,10.38],[106.78,10.34],[106.76,10.3],[106.64,10.29],[106.49,10.3],[106.46,10.3],[106.6,10.23],[106.73,10.19],[106.79,10.15],[106.79,10.12],[106.71,10.06],[106.66,9.99],[106.66,9.95],[106.66,9.9],[106.6,9.86],[106.56,9.87],[106.45,9.94],[106.14,10.22],[106.18,10.14],[106.51,9.82],[106.56,9.72],[106.57,9.64],[106.54,9.6],[106.48,9.56],[106.38,9.56],[106.2,9.68],[105.93,9.96],[105.83,10.0],[106.11,9.67],[106.16,9.59],[106.21,9.5],[106.19,9.45],[106.17,9.4],[105.5,9.09],[105.4,8.96],[105.32,8.8],[105.19,8.71],[105.11,8.63],[104.89,8.58],[104.77,8.6],[104.9,8.75],[104.82,8.8],[104.81,9.19],[104.85,9.61],[104.9,9.82],[104.99,9.87],[105.09,9.9],[105.09,9.95],[105.08,10.0],[105.03,10.07],[104.97,10.1],[104.87,10.11],[104.8,10.2],[104.75,10.2],[104.66,10.17],[104.61,10.21],[104.59,10.27],[104.52,10.34],[104.43,10.41],[104.47,10.42],[104.51,10.46],[104.56,10.52],[104.69,10.52],[104.82,10.52],[104.85,10.53],[104.9,10.59],[104.98,10.66],[105.05,10.7],[105.06,10.73],[105.04,10.81],[105.02,10.89],[105.05,10.91],[105.16,10.9],[105.28,10.86],[105.31,10.85],[105.39,10.94],[105.41,10.95],[105.45,10.95],[105.58,10.97],[105.7,10.99],[105.76,10.99],[105.81,10.93],[105.85,10.86],[105.88,10.86],[105.94,10.89],[105.99,10.85],[106.1,10.8],[106.16,10.79],[106.13,10.92],[106.17,11.01],[106.16,11.04],[106.1,11.08],[105.89,11.24],[105.86,11.29],[105.86,11.37],[105.85,11.49],[105.84,11.56],[105.84,11.6],[105.85,11.64],[105.89,11.65],[105.93,11.65],[105.96,11.68],[106.01,11.76],[106.1,11.75],[106.24,11.71],[106.34,11.68],[106.4,11.69],[106.41,11.7],[106.41,11.74],[106.42,11.91],[106.41,11.95],[106.5,11.97],[106.63,11.97],[106.7,11.98],[106.76,12.05],[106.93,12.08],[107.05,12.18],[107.16,12.28],[107.21,12.3],[107.28,12.32],[107.33,12.32],[107.39,12.26],[107.45,12.3],[107.51,12.36],[107.54,12.43],[107.56,12.54],[107.54,12.71],[107.51,12.84],[107.48,12.93],[107.48,13.03],[107.55,13.23],[107.61,13.44],[107.59,13.52],[107.53,13.65],[107.46,13.82],[107.39,13.99],[107.36,14.02],[107.34,14.07],[107.33,14.13],[107.36,14.31],[107.36,14.37],[107.45,14.45],[107.49,14.55],[107.54,14.65],[107.52,14.71],[107.51,14.82],[107.52,14.87],[107.5,14.92],[107.48,14.98],[107.5,15.02],[107.56,15.06],[107.59,15.12],[107.63,15.19],[107.65,15.26],[107.62,15.31],[107.56,15.39],[107.46,15.47],[107.34,15.56],[107.28,15.62],[107.23,15.68],[107.19,15.75],[107.17,15.8],[107.19,15.84],[107.36,15.92],[107.39,15.95],[107.41,16.0],[107.4,16.04],[107.35,16.07],[107.3,16.08],[107.22,16.14],[107.07,16.28],[107.0,16.31],[106.93,16.35],[106.89,16.4],[106.85,16.52],[106.83,16.53],[106.79,16.49],[106.74,16.45],[106.7,16.46],[106.66,16.49],[106.64,16.54],[106.59,16.6],[106.55,16.65],[106.53,16.82],[106.53,16.88],[106.5,16.95],[106.47,16.98],[106.43,17.0],[106.33,17.14],[106.27,17.22],[106.01,17.42],[105.97,17.45],[105.9,17.53],[105.78,17.64],[105.69,17.74],[105.63,17.83],[105.6,17.92],[105.59,17.98],[105.52,18.08],[105.46,18.15],[105.4,18.18],[105.33,18.19],[105.27,18.24],[105.16,18.34],[105.11,18.41],[105.09,18.45],[105.09,18.5],[105.11,18.57],[105.15,18.62],[105.15,18.65],[105.12,18.68],[104.99,18.73],[104.72,18.8],[104.61,18.86],[104.52,18.93],[104.45,18.98],[104.11,19.2],[104.01,19.23],[103.92,19.27],[103.89,19.3],[103.9,19.34],[103.93,19.37],[104.03,19.42],[104.06,19.48],[104.05,19.56],[104.01,19.65],[104.03,19.68],[104.06,19.68],[104.13,19.68],[104.26,19.69],[104.55,19.61],[104.59,19.62],[104.74,19.75],[104.8,19.84],[104.82,19.9],[104.85,19.95],[104.93,20.02],[104.93,20.08],[104.89,20.17],[104.85,20.2],[104.81,20.22],[104.7,20.21],[104.68,20.22],[104.66,20.29],[104.66,20.33],[104.62,20.37],[104.5,20.41],[104.39,20.42],[104.37,20.44],[104.41,20.49],[104.48,20.53],[104.53,20.55],[104.58,20.6],[104.58,20.65],[104.53,20.69],[104.46,20.73],[104.35,20.82],[104.2,20.91],[104.1,20.95],[104.05,20.94],[103.88,20.86],[103.79,20.81],[103.71,20.72],[103.64,20.7],[103.55,20.74],[103.46,20.78],[103.21,20.84],[103.1,20.89],[102.88,21.2],[102.85,21.27],[102.87,21.34],[102.89,21.44],[102.91,21.51],[102.95,21.57],[102.96,21.63],[102.95,21.68],[102.92,21.71],[102.88,21.72],[102.85,21.73],[102.82,21.81],[102.8,21.8],[102.77,21.71],[102.74,21.68],[102.7,21.66],[102.66,21.68],[102.64,21.71],[102.63,21.77],[102.61,21.85],[102.58,21.9],[102.49,21.96],[102.44,22.03],[102.3,22.18],[102.18,22.28],[102.13,22.38],[102.18,22.41],[102.24,22.47],[102.3,22.55],[102.38,22.65],[102.41,22.71],[102.43,22.73],[102.47,22.75],[102.52,22.74],[102.6,22.7],[102.72,22.65],[102.83,22.59],[102.87,22.53],[102.94,22.47],[102.98,22.45],[103.01,22.45],[103.08,22.5],[103.14,22.54],[103.14,22.59],[103.19,22.64],[103.27,22.71],[103.3,22.76],[103.33,22.77],[103.36,22.75],[103.47,22.6],[103.49,22.59],[103.53,22.61],[103.57,22.73],[103.62,22.78],[103.64,22.77],[103.92,22.54],[103.94,22.54],[103.97,22.55],[103.99,22.59],[104.01,22.67],[104.05,22.75],[104.14,22.8],[104.21,22.81],[104.24,22.77],[104.3,22.71],[104.37,22.7],[104.53,22.8],[104.58,22.82],[104.63,22.82],[104.69,22.82],[104.74,22.86],[104.8,22.91],[104.81,23.01],[104.83,23.1],[104.86,23.14],[104.91,23.16],[105.0,23.19],[105.19,23.28],[105.24,23.32],[105.28,23.35],[105.35,23.31],[105.44,23.24],[105.49,23.18],[105.53,23.12],[105.55,23.07],[105.69,23.03],[105.78,22.97],[105.84,22.92],[105.9,22.92],[105.96,22.94],[106.0,22.97],[106.07,22.98],[106.15,22.97],[106.18,22.96],[106.25,22.87],[106.28,22.86],[106.34,22.86],[106.45,22.89],[106.54,22.91],[106.62,22.87],[106.78,22.78],[106.74,22.71],[106.7,22.64],[106.63,22.59],[106.58,22.57],[106.55,22.5],[106.54,22.4],[106.55,22.34],[106.59,22.32],[106.64,22.29],[106.65,22.24],[106.66,22.14],[106.66,22.02],[106.66,21.98],[106.7,21.99],[106.73,22.0],[106.79,21.98],[106.87,21.95],[106.93,21.92],[106.97,21.92],[107.01,21.89],[107.02,21.83],[107.06,21.79],[107.18,21.72],[107.27,21.71],[107.35,21.61],[107.43,21.64],[107.47,21.6],[107.64,21.61],[107.76,21.66],[107.8,21.65],[107.91,21.56],[107.97,21.51]]],[[[106.62,8.68],[106.59,8.68],[106.57,8.7],[106.66,8.77],[106.65,8.72],[106.65,8.7],[106.62,8.68]]],[[[107.17,10.4],[107.08,10.34],[107.08,10.39],[107.15,10.42],[107.18,10.45],[107.19,10.45],[107.17,10.4]]],[[[106.87,20.82],[106.85,20.8],[106.8,20.84],[106.77,20.86],[106.8,20.93],[106.86,20.86],[106.87,20.82]]],[[[107.6,21.22],[107.46,21.09],[107.4,21.09],[107.45,21.24],[107.48,21.27],[107.56,21.22],[107.6,21.22]]],[[[107.52,20.93],[107.47,20.9],[107.4,20.9],[107.48,20.95],[107.52,21.01],[107.55,21.03],[107.55,20.98],[107.52,20.93]]],[[[107.03,20.75],[106.99,20.74],[106.91,20.82],[106.95,20.87],[107.04,20.84],[107.06,20.82],[107.06,20.8],[107.04,20.76],[107.03,20.75]]]]}},{"type":"Feature","properties":{"NAME":"Taiwan"},"geometry":{"type":"MultiPolygon","coordinates":[[[[121.01,22.62],[120.95,22.5],[120.9,22.38],[120.88,22.26],[120.88,22.14],[120.86,22.03],[120.84,21.93],[120.74,21.96],[120.69,22.03],[120.68,22.16],[120.61,22.31],[120.58,22.36],[120.48,22.44],[120.39,22.48],[120.32,22.55],[120.33,22.54],[120.27,22.63],[120.23,22.72],[120.15,22.97],[120.12,23.04],[120.08,23.09],[120.07,23.15],[120.09,23.21],[120.12,23.31],[120.14,23.4],[120.13,23.53],[120.13,23.65],[120.16,23.71],[120.63,24.48],[120.76,24.64],[120.84,24.72],[120.9,24.81],[120.96,24.93],[121.04,25.03],[121.1,25.07],[121.37,25.16],[121.45,25.25],[121.52,25.28],[121.59,25.28],[121.64,25.23],[121.69,25.18],[121.73,25.15],[121.85,25.1],[121.91,25.06],[121.93,24.97],[121.86,24.9],[121.82,24.82],[121.81,24.75],[121.83,24.64],[121.83,24.53],[121.74,24.29],[121.64,24.13],[121.61,24.05],[121.58,23.86],[121.53,23.67],[121.48,23.42],[121.4,23.17],[121.35,23.07],[121.3,22.97],[121.16,22.78],[121.01,22.62]]],[[[118.41,24.52],[118.45,24.46],[118.43,24.41],[118.3,24.44],[118.29,24.48],[118.34,24.47],[118.41,24.52]]]]}},{"type":"Feature","properties":{"NAME":"South Korea"},"geometry":{"type":"MultiPolygon","coordinates":[[[[126.63,37.78],[126.66,37.8],[126.67,37.83],[126.67,37.92],[126.75,37.98],[126.88,38.11],[126.94,38.18],[127.01,38.24],[127.09,38.28],[127.17,38.3],[127.29,38.31],[127.53,38.3],[127.58,38.31],[127.75,38.32],[127.78,38.31],[127.91,38.3],[128.04,38.31],[128.11,38.33],[128.17,38.36],[128.22,38.42],[128.28,38.52],[128.34,38.61],[128.37,38.62],[128.62,38.18],[128.85,37.89],[129.05,37.68],[129.34,37.27],[129.42,37.06],[129.43,36.93],[129.47,36.74],[129.43,36.64],[129.45,36.47],[129.43,36.39],[129.39,36.32],[129.39,36.2],[129.4,36.14],[129.4,36.05],[129.43,36.02],[129.46,36.01],[129.51,36.04],[129.57,36.05],[129.56,35.95],[129.49,35.69],[129.42,35.5],[129.33,35.33],[129.21,35.18],[129.08,35.12],[128.98,35.1],[128.8,35.09],[128.64,35.12],[128.51,35.1],[128.46,35.07],[128.42,35.02],[128.45,34.93],[128.44,34.87],[128.39,34.88],[128.28,34.91],[128.15,34.92],[128.09,34.93],[128.04,35.02],[127.98,35.02],[127.87,34.97],[127.71,34.95],[127.66,34.93],[127.64,34.89],[127.66,34.84],[127.74,34.78],[127.72,34.72],[127.63,34.69],[127.57,34.77],[127.52,34.84],[127.48,34.84],[127.4,34.82],[127.39,34.74],[127.42,34.69],[127.48,34.63],[127.4,34.55],[127.38,34.5],[127.32,34.46],[127.17,34.55],[127.19,34.61],[127.26,34.66],[127.27,34.72],[127.25,34.76],[127.03,34.61],[126.9,34.44],[126.83,34.45],[126.8,34.49],[126.75,34.51],[126.61,34.4],[126.58,34.32],[126.53,34.31],[126.51,34.35],[126.51,34.43],[126.48,34.49],[126.33,34.59],[126.26,34.67],[126.3,34.72],[126.43,34.69],[126.52,34.7],[126.5,34.74],[126.47,34.76],[126.54,34.78],[126.59,34.82],[126.55,34.84],[126.48,34.81],[126.42,34.82],[126.4,34.93],[126.33,35.05],[126.29,35.15],[126.36,35.22],[126.4,35.31],[126.46,35.46],[126.49,35.5],[126.58,35.53],[126.61,35.57],[126.56,35.59],[126.49,35.61],[126.49,35.65],[126.54,35.67],[126.6,35.71],[126.72,35.77],[126.75,35.87],[126.72,35.9],[126.65,35.92],[126.66,35.97],[126.69,36.01],[126.68,36.04],[126.6,36.11],[126.54,36.17],[126.56,36.24],[126.54,36.34],[126.55,36.43],[126.55,36.48],[126.51,36.59],[126.49,36.69],[126.43,36.68],[126.39,36.65],[126.23,36.69],[126.18,36.69],[126.16,36.77],[126.22,36.87],[126.35,36.96],[126.43,36.97],[126.49,37.01],[126.58,37.02],[126.69,36.96],[126.78,36.95],[126.84,36.85],[126.87,36.82],[126.88,36.86],[126.96,36.91],[126.98,36.94],[126.96,36.96],[126.87,36.98],[126.79,37.1],[126.78,37.16],[126.75,37.19],[126.79,37.29],[126.7,37.41],[126.65,37.45],[126.66,37.55],[126.61,37.62],[126.58,37.65],[126.56,37.72],[126.58,37.74],[126.62,37.76],[126.63,37.78]]],[[[128.74,34.8],[128.65,34.74],[128.52,34.82],[128.49,34.87],[128.59,34.93],[128.67,35.01],[128.72,35.01],[128.74,34.8]]],[[[128.07,34.81],[128.05,34.71],[127.98,34.7],[127.94,34.77],[127.9,34.74],[127.87,34.73],[127.84,34.81],[127.83,34.87],[127.92,34.92],[127.97,34.89],[128.04,34.88],[128.07,34.81]]],[[[126.23,34.37],[126.17,34.36],[126.13,34.39],[126.11,34.4],[126.12,34.44],[126.23,34.53],[126.25,34.56],[126.34,34.54],[126.38,34.5],[126.34,34.43],[126.23,34.37]]],[[[126.52,37.74],[126.52,37.6],[126.46,37.61],[126.42,37.62],[126.41,37.65],[126.37,37.77],[126.41,37.82],[126.49,37.78],[126.52,37.74]]],[[[126.75,34.34],[126.77,34.3],[126.69,34.31],[126.65,34.35],[126.65,34.39],[126.7,34.4],[126.75,34.34]]],[[[127.8,34.62],[127.79,34.58],[127.74,34.63],[127.79,34.68],[127.8,34.62]]],[[[126.42,36.49],[126.4,36.43],[126.34,36.47],[126.32,36.61],[126.39,36.57],[126.42,36.49]]],[[[126.17,34.73],[126.16,34.71],[126.12,34.71],[126.07,34.78],[126.05,34.84],[126.01,34.87],[126.08,34.91],[126.17,34.83],[126.17,34.73]]],[[[130.92,37.48],[130.87,37.45],[130.82,37.48],[130.81,37.51],[130.84,37.54],[130.9,37.55],[130.93,37.53],[130.92,37.48]]],[[[126.33,33.22],[126.28,33.2],[126.24,33.21],[126.23,33.23],[126.18,33.28],[126.17,33.31],[126.2,33.37],[126.34,33.46],[126.7,33.55],[126.76,33.55],[126.9,33.52],[126.93,33.44],[126.91,33.38],[126.87,33.34],[126.71,33.27],[126.58,33.24],[126.33,33.22]]]]}},{"type":"Feature","properties":{"NAME":"Russia"},"geometry":{"type":"MultiPolygon","coordinates":[[[[145.88,43.46],[145.9,43.45],[145.91,43.46],[145.93,43.46],[145.94,43.45],[145.94,43.43],[145.93,43.43],[145.91,43.42],[145.89,43.42],[145.89,43.43],[145.88,43.44],[145.87,43.45],[145.87,43.46],[145.88,43.46]]],[[[146.36,43.63],[146.33,43.62],[146.29,43.63],[146.27,43.63],[146.28,43.64],[146.31,43.65],[146.33,43.65],[146.35,43.64],[146.36,43.63]]],[[[146.05,43.41],[146.03,43.41],[146.03,43.42],[146.05,43.43],[146.09,43.45],[146.1,43.44],[146.09,43.43],[146.07,43.42],[146.05,43.41]]],[[[137.18,55.1],[137.06,54.93],[136.97,54.92],[136.9,54.96],[136.77,54.95],[136.71,54.96],[136.8,55.01],[137.0,55.09],[137.08,55.09],[137.16,55.11],[137.18,55.1]]],[[[150.59,59.02],[150.51,59.01],[150.47,59.03],[150.47,59.05],[150.59,59.1],[150.67,59.16],[150.71,59.12],[150.73,59.1],[150.59,59.02]]],[[[120.26,73.09],[120.01,73.04],[119.79,73.05],[119.64,73.12],[119.76,73.16],[119.96,73.17],[120.08,73.16],[120.24,73.11],[120.26,73.09]]],[[[124.54,73.85],[124.48,73.85],[124.37,73.87],[124.34,73.91],[124.34,73.93],[124.43,73.94],[124.55,73.93],[124.64,73.9],[124.65,73.89],[124.54,73.85]]],[[[106.27,78.21],[106.15,78.2],[106.02,78.22],[106.06,78.26],[106.35,78.27],[106.46,78.34],[106.64,78.34],[106.69,78.32],[106.72,78.29],[106.72,78.26],[106.68,78.26],[106.5,78.26],[106.47,78.25],[106.27,78.21]]],[[[107.41,77.24],[107.3,77.24],[107.27,77.29],[107.37,77.35],[107.49,77.35],[107.59,77.33],[107.63,77.32],[107.66,77.3],[107.68,77.27],[107.41,77.24]]],[[[97.59,76.6],[97.54,76.58],[97.43,76.59],[97.34,76.63],[97.31,76.69],[97.38,76.71],[97.59,76.6]]],[[[96.85,76.2],[96.8,76.19],[96.75,76.2],[96.74,76.21],[96.74,76.26],[96.83,76.32],[96.84,76.34],[96.88,76.36],[96.99,76.34],[97.05,76.32],[97.05,76.3],[96.97,76.24],[96.85,76.2]]],[[[100.14,79.61],[99.92,79.6],[99.94,79.67],[99.96,79.69],[100.07,79.7],[100.14,79.68],[100.3,79.67],[100.14,79.61]]],[[[76.76,73.45],[76.66,73.44],[76.23,73.48],[76.08,73.52],[76.14,73.55],[76.25,73.56],[76.76,73.45]]],[[[82.71,74.09],[82.61,74.06],[82.48,74.08],[82.38,74.1],[82.33,74.13],[82.38,74.15],[82.53,74.16],[82.61,74.15],[82.69,74.11],[82.71,74.09]]],[[[84.76,74.46],[84.71,74.4],[84.43,74.43],[84.39,74.45],[84.54,74.49],[84.68,74.51],[84.87,74.52],[84.76,74.46]]],[[[86.65,74.98],[86.74,74.96],[87.0,74.99],[87.05,74.98],[87.12,74.94],[87.01,74.86],[86.93,74.83],[86.69,74.85],[86.39,74.85],[86.26,74.89],[86.33,74.94],[86.5,74.97],[86.61,74.99],[86.65,74.98]]],[[[59.31,81.31],[59.1,81.29],[58.72,81.31],[58.61,81.34],[58.63,81.36],[58.88,81.39],[59.08,81.4],[59.28,81.37],[59.37,81.33],[59.31,81.31]]],[[[-179.8,68.94],[-179.6,68.91],[-179.51,68.92],[-179.47,68.91],[-179.36,68.85],[-179.28,68.83],[-178.87,68.75],[-178.69,68.68],[-178.54,68.59],[-178.61,68.6],[-178.75,68.66],[-178.74,68.59],[-178.69,68.55],[-178.47,68.5],[-178.24,68.47],[-178.1,68.42],[-178.05,68.39],[-178.02,68.32],[-178.06,68.26],[-177.92,68.29],[-177.8,68.34],[-177.86,68.38],[-178.28,68.52],[-178.37,68.57],[-178.25,68.54],[-177.68,68.36],[-177.53,68.29],[-177.59,68.28],[-177.64,68.24],[-177.59,68.22],[-177.52,68.24],[-177.41,68.25],[-177.3,68.22],[-177.17,68.17],[-176.91,68.12],[-175.35,67.68],[-175.31,67.6],[-175.27,67.57],[-175.24,67.52],[-175.23,67.45],[-175.37,67.36],[-175.16,67.37],[-175.12,67.38],[-175.07,67.41],[-175.0,67.44],[-174.92,67.41],[-174.85,67.35],[-174.87,67.27],[-174.93,67.2],[-174.94,67.09],[-174.89,67.0],[-174.83,66.96],[-174.78,66.92],[-174.77,66.78],[-174.87,66.72],[-174.92,66.62],[-174.86,66.61],[-174.67,66.6],[-174.61,66.59],[-174.5,66.54],[-174.48,66.49],[-174.45,66.43],[-174.42,66.37],[-174.39,66.34],[-174.37,66.35],[-174.26,66.43],[-174.21,66.45],[-174.08,66.47],[-174.02,66.38],[-174.07,66.23],[-174.03,66.23],[-173.99,66.25],[-173.96,66.29],[-173.9,66.31],[-173.83,66.37],[-173.77,66.43],[-173.84,66.49],[-173.92,66.52],[-174.1,66.54],[-174.2,66.58],[-174.23,66.63],[-174.14,66.65],[-174.06,66.69],[-174.01,66.78],[-174.02,66.83],[-174.04,66.88],[-174.09,66.94],[-174.15,66.98],[-174.28,67.0],[-174.34,67.04],[-174.43,67.04],[-174.52,67.05],[-174.55,67.06],[-174.55,67.09],[-174.45,67.1],[-173.88,67.11],[-173.68,67.14],[-173.59,67.13],[-173.49,67.11],[-173.16,67.07],[-173.17,67.05],[-173.22,67.04],[-173.32,66.95],[-173.34,66.91],[-173.35,66.85],[-173.26,66.84],[-173.18,66.86],[-173.22,66.91],[-173.23,66.97],[-173.19,66.99],[-173.15,67.0],[-173.06,66.96],[-172.96,66.94],[-172.64,66.92],[-172.55,66.93],[-172.52,66.95],[-172.58,66.98],[-173.0,67.03],[-173.01,67.06],[-172.62,67.03],[-172.45,66.99],[-172.27,66.97],[-172.03,66.97],[-171.8,66.93],[-171.57,66.82],[-171.36,66.68],[-171.15,66.59],[-170.93,66.53],[-170.56,66.36],[-170.51,66.34],[-170.47,66.32],[-170.54,66.29],[-170.6,66.25],[-170.48,66.28],[-170.36,66.3],[-170.3,66.29],[-170.25,66.27],[-170.21,66.24],[-170.19,66.2],[-170.24,66.17],[-169.89,66.16],[-169.78,66.14],[-169.73,66.06],[-169.83,66.0],[-169.89,66.01],[-169.95,66.03],[-170.0,66.03],[-170.16,66.01],[-170.4,65.93],[-170.54,65.87],[-170.56,65.82],[-170.54,65.71],[-170.56,65.66],[-170.67,65.62],[-170.9,65.64],[-171.0,65.66],[-171.12,65.7],[-171.23,65.74],[-171.38,65.8],[-171.42,65.81],[-171.45,65.79],[-171.4,65.75],[-171.3,65.7],[-171.13,65.63],[-171.05,65.55],[-171.11,65.51],[-171.17,65.5],[-171.22,65.5],[-171.36,65.53],[-171.47,65.53],[-171.79,65.51],[-171.91,65.5],[-171.95,65.51],[-171.96,65.54],[-172.13,65.57],[-172.23,65.57],[-172.28,65.58],[-172.32,65.62],[-172.44,65.67],[-172.61,65.69],[-172.72,65.69],[-172.78,65.68],[-172.56,65.61],[-172.35,65.5],[-172.39,65.47],[-172.42,65.45],[-172.31,65.45],[-172.23,65.46],[-172.21,65.43],[-172.27,65.3],[-172.31,65.28],[-172.66,65.25],[-172.57,65.23],[-172.48,65.22],[-172.38,65.23],[-172.29,65.21],[-172.22,65.13],[-172.21,65.05],[-172.3,65.0],[-172.4,64.96],[-172.59,64.91],[-172.79,64.88],[-172.9,64.89],[-173.0,64.88],[-173.07,64.85],[-173.09,64.82],[-173.0,64.84],[-172.9,64.83],[-172.8,64.79],[-172.81,64.76],[-172.9,64.73],[-172.92,64.7],[-172.89,64.66],[-172.9,64.63],[-172.85,64.61],[-172.75,64.6],[-172.62,64.58],[-172.49,64.54],[-172.44,64.52],[-172.39,64.47],[-172.38,64.43],[-172.4,64.41],[-172.69,64.41],[-172.74,64.41],[-172.76,64.46],[-172.79,64.5],[-172.9,64.53],[-172.95,64.51],[-172.92,64.37],[-172.96,64.33],[-173.01,64.3],[-173.16,64.28],[-173.28,64.29],[-173.38,64.35],[-173.38,64.41],[-173.31,64.44],[-173.31,64.49],[-173.33,64.54],[-173.4,64.48],[-173.47,64.43],[-173.6,64.37],[-173.67,64.36],[-173.73,64.36],[-173.9,64.41],[-174.0,64.45],[-174.2,64.58],[-174.32,64.64],[-174.57,64.72],[-174.83,64.78],[-175.04,64.81],[-175.15,64.81],[-175.26,64.79],[-175.4,64.8],[-175.44,64.82],[-175.48,64.85],[-175.52,64.87],[-175.72,64.95],[-175.85,65.01],[-175.86,65.05],[-175.83,65.11],[-175.86,65.23],[-175.92,65.35],[-176.09,65.47],[-176.55,65.55],[-176.92,65.6],[-177.06,65.61],[-177.18,65.6],[-177.49,65.5],[-177.7,65.49],[-178.31,65.48],[-178.41,65.5],[-178.5,65.54],[-178.53,65.59],[-178.5,65.7],[-178.5,65.74],[-178.53,65.76],[-178.56,65.75],[-178.68,65.8],[-178.79,65.86],[-178.88,65.94],[-178.94,66.03],[-178.86,66.04],[-178.75,66.01],[-178.73,66.04],[-178.69,66.12],[-178.62,66.17],[-178.59,66.2],[-178.53,66.32],[-178.53,66.4],[-178.62,66.36],[-178.75,66.24],[-178.82,66.2],[-178.87,66.19],[-178.92,66.18],[-179.03,66.2],[-179.11,66.23],[-179.11,66.35],[-179.14,66.38],[-179.18,66.35],[-179.19,66.31],[-179.29,66.31],[-179.34,66.29],[-179.32,66.22],[-179.33,66.16],[-179.42,66.14],[-179.62,66.13],[-179.68,66.18],[-179.74,66.11],[-179.78,66.02],[-179.79,65.9],[-179.73,65.8],[-179.64,65.76],[-179.45,65.69],[-179.37,65.64],[-179.34,65.58],[-179.35,65.52],[-179.45,65.45],[-179.52,65.39],[-179.64,65.24],[-179.7,65.19],[-180.0,65.07],[-180.0,65.31],[-180.0,65.56],[-180.0,65.8],[-180.0,66.05],[-180.0,66.29],[-180.0,66.54],[-180.0,66.78],[-180.0,67.03],[-180.0,67.27],[-180.0,67.51],[-180.0,67.76],[-180.0,68.0],[-180.0,68.25],[-180.0,68.49],[-180.0,68.74],[-180.0,68.98],[-179.8,68.94]]],[[[130.69,42.3],[130.66,42.33],[130.65,42.37],[130.62,42.42],[130.55,42.47],[130.53,42.54],[130.58,42.57],[130.58,42.62],[130.52,42.67],[130.44,42.69],[130.42,42.7],[130.42,42.73],[130.45,42.76],[130.49,42.78],[130.58,42.81],[130.72,42.84],[130.8,42.86],[130.87,42.86],[130.94,42.85],[131.01,42.88],[131.07,42.9],[131.08,42.96],[131.09,43.04],[131.11,43.06],[131.14,43.1],[131.18,43.14],[131.21,43.26],[131.24,43.34],[131.26,43.38],[131.26,43.43],[131.24,43.47],[131.21,43.49],[131.18,43.51],[131.18,43.57],[131.18,43.65],[131.17,43.7],[131.21,44.0],[131.26,44.07],[131.13,44.47],[131.09,44.6],[131.06,44.66],[131.0,44.75],[130.97,44.8],[130.98,44.84],[131.03,44.89],[131.08,44.91],[131.23,44.92],[131.27,44.94],[131.45,44.98],[131.49,45.01],[131.58,45.08],[131.61,45.14],[131.65,45.21],[131.74,45.24],[131.79,45.31],[131.85,45.33],[131.91,45.27],[131.98,45.24],[132.07,45.23],[132.18,45.2],[132.36,45.16],[132.55,45.12],[132.67,45.09],[132.72,45.08],[132.84,45.06],[132.89,45.05],[132.94,45.03],[133.01,45.07],[133.11,45.13],[133.1,45.22],[133.11,45.32],[133.19,45.49],[133.27,45.55],[133.31,45.55],[133.36,45.57],[133.44,45.6],[133.47,45.65],[133.45,45.71],[133.48,45.76],[133.48,45.81],[133.51,45.88],[133.55,45.9],[133.61,45.92],[133.65,45.96],[133.69,46.01],[133.71,46.07],[133.7,46.14],[133.75,46.19],[133.83,46.22],[133.86,46.25],[133.87,46.31],[133.88,46.34],[133.9,46.37],[133.89,46.43],[133.87,46.5],[133.96,46.61],[134.02,46.71],[134.04,46.86],[134.05,46.88],[134.07,46.95],[134.09,46.98],[134.14,47.07],[134.2,47.13],[134.19,47.19],[134.16,47.26],[134.17,47.3],[134.23,47.35],[134.26,47.38],[134.29,47.41],[134.34,47.43],[134.38,47.44],[134.48,47.45],[134.54,47.49],[134.6,47.52],[134.7,47.62],[134.73,47.68],[134.75,47.72],[134.7,47.8],[134.65,47.87],[134.59,47.98],[134.57,48.02],[134.61,48.08],[134.65,48.12],[134.67,48.15],[134.68,48.21],[134.67,48.25],[134.56,48.32],[134.46,48.36],[134.33,48.37],[134.29,48.37],[134.21,48.36],[133.84,48.27],[133.67,48.21],[133.57,48.13],[133.47,48.1],[133.3,48.1],[133.14,48.11],[133.02,48.06],[132.88,47.98],[132.77,47.94],[132.71,47.95],[132.64,47.89],[132.56,47.77],[132.48,47.71],[132.38,47.73],[132.15,47.72],[131.79,47.68],[131.56,47.68],[131.46,47.72],[131.32,47.73],[131.12,47.7],[131.0,47.69],[130.96,47.71],[130.93,47.76],[130.92,47.84],[130.85,47.93],[130.73,48.02],[130.71,48.13],[130.79,48.25],[130.8,48.34],[130.76,48.39],[130.75,48.43],[130.66,48.48],[130.6,48.57],[130.55,48.6],[130.57,48.68],[130.62,48.77],[130.55,48.86],[130.36,48.87],[130.2,48.89],[130.04,48.97],[129.79,49.2],[129.67,49.28],[129.59,49.29],[129.53,49.32],[129.5,49.39],[129.44,49.39],[129.38,49.39],[129.35,49.36],[129.31,49.35],[129.25,49.38],[129.19,49.38],[129.12,49.36],[129.07,49.37],[129.02,49.42],[128.94,49.45],[128.82,49.46],[128.77,49.49],[128.79,49.54],[128.77,49.58],[128.7,49.6],[128.53,49.59],[128.24,49.56],[128.0,49.57],[127.81,49.62],[127.71,49.67],[127.69,49.72],[127.64,49.76],[127.55,49.8],[127.5,49.87],[127.49,49.98],[127.51,50.07],[127.59,50.21],[127.4,50.3],[127.34,50.35],[127.35,50.39],[127.34,50.43],[127.31,50.45],[127.31,50.49],[127.35,50.55],[127.35,50.62],[127.31,50.71],[127.2,50.83],[127.02,50.99],[126.92,51.1],[126.91,51.17],[126.89,51.23],[126.85,51.26],[126.83,51.31],[126.85,51.37],[126.83,51.41],[126.8,51.45],[126.81,51.51],[126.77,51.55],[126.71,51.57],[126.69,51.61],[126.7,51.7],[126.65,51.78],[126.51,51.93],[126.47,52.03],[126.46,52.13],[126.39,52.17],[126.39,52.21],[126.38,52.29],[126.35,52.31],[126.32,52.33],[126.34,52.36],[126.31,52.4],[126.24,52.44],[126.2,52.48],[126.19,52.52],[126.16,52.55],[126.05,52.57],[126.02,52.61],[126.02,52.64],[126.05,52.67],[126.06,52.69],[126.06,52.72],[126.05,52.74],[126.0,52.77],[125.94,52.8],[125.87,52.87],[125.78,52.89],[125.73,52.89],[125.68,52.93],[125.7,52.96],[125.69,53.0],[125.65,53.04],[125.6,53.06],[125.55,53.05],[125.42,53.08],[125.23,53.17],[125.08,53.2],[124.97,53.2],[124.91,53.17],[124.88,53.13],[124.81,53.13],[124.64,53.21],[124.47,53.23],[124.37,53.27],[124.29,53.34],[124.22,53.37],[124.15,53.36],[123.99,53.41],[123.74,53.51],[123.61,53.55],[123.56,53.53],[123.53,53.53],[123.49,53.53],[123.42,53.53],[123.31,53.56],[123.15,53.54],[122.96,53.5],[122.74,53.47],[122.52,53.46],[122.38,53.46],[122.34,53.49],[122.09,53.45],[121.74,53.38],[121.41,53.32],[120.99,53.28],[120.7,53.17],[120.42,52.97],[120.22,52.84],[120.09,52.79],[120.04,52.72],[120.07,52.63],[120.17,52.6],[120.36,52.63],[120.52,52.62],[120.66,52.57],[120.7,52.49],[120.65,52.4],[120.67,52.3],[120.74,52.21],[120.75,52.1],[120.68,51.97],[120.51,51.85],[120.24,51.72],[120.07,51.6],[119.97,51.42],[119.81,51.27],[119.76,51.18],[119.75,51.11],[119.68,51.03],[119.57,50.95],[119.51,50.86],[119.5,50.78],[119.45,50.7],[119.34,50.63],[119.28,50.56],[119.26,50.48],[119.22,50.43],[119.16,50.41],[119.19,50.38],[119.3,50.35],[119.35,50.28],[119.33,50.15],[119.26,50.07],[119.15,50.01],[118.98,49.98],[118.76,49.96],[118.45,49.84],[118.19,49.69],[117.87,49.51],[117.81,49.51],[117.7,49.54],[117.48,49.61],[117.25,49.62],[117.02,49.69],[116.89,49.74],[116.68,49.82],[116.63,49.88],[116.55,49.92],[116.35,49.98],[116.22,50.01],[116.13,50.01],[115.93,49.95],[115.8,49.91],[115.72,49.88],[115.59,49.89],[115.43,49.9],[115.37,49.91],[115.27,49.95],[115.1,50.06],[115.0,50.14],[114.88,50.18],[114.74,50.23],[114.67,50.25],[114.55,50.24],[114.39,50.26],[114.3,50.27],[114.22,50.26],[114.07,50.2],[113.88,50.1],[113.73,50.06],[113.57,50.01],[113.45,49.94],[113.32,49.87],[113.16,49.8],[113.09,49.69],[113.06,49.62],[112.91,49.57],[112.81,49.52],[112.7,49.51],[112.49,49.53],[112.38,49.51],[112.08,49.42],[111.93,49.42],[111.83,49.4],[111.74,49.4],[111.57,49.38],[111.51,49.36],[111.43,49.34],[111.34,49.36],[111.2,49.3],[110.83,49.17],[110.71,49.14],[110.63,49.14],[110.53,49.19],[110.43,49.22],[110.32,49.22],[110.2,49.17],[109.99,49.21],[109.75,49.24],[109.53,49.27],[109.45,49.3],[109.24,49.33],[108.92,49.34],[108.73,49.34],[108.61,49.32],[108.52,49.34],[108.41,49.4],[108.21,49.52],[108.1,49.56],[108.03,49.59],[108.01,49.65],[107.97,49.65],[107.94,49.69],[107.94,49.74],[107.93,49.85],[107.95,49.92],[107.92,49.95],[107.79,49.96],[107.63,49.98],[107.35,49.99],[107.23,49.99],[107.14,50.03],[107.04,50.09],[106.94,50.2],[106.85,50.25],[106.71,50.31],[106.57,50.33],[106.37,50.32],[106.22,50.3],[106.08,50.33],[106.0,50.37],[105.88,50.41],[105.69,50.41],[105.54,50.44],[105.38,50.47],[105.27,50.46],[105.19,50.43],[105.09,50.39],[104.98,50.38],[104.69,50.34],[104.6,50.32],[104.47,50.31],[104.35,50.28],[104.26,50.21],[104.18,50.17],[104.08,50.15],[103.96,50.16],[103.86,50.17],[103.8,50.18],[103.72,50.15],[103.63,50.14],[103.5,50.16],[103.42,50.19],[103.3,50.2],[103.23,50.26],[103.16,50.29],[103.04,50.3],[102.86,50.33],[102.77,50.37],[102.68,50.39],[102.55,50.46],[102.47,50.53],[102.41,50.54],[102.34,50.54],[102.29,50.59],[102.29,50.63],[102.3,50.67],[102.32,50.72],[102.28,50.77],[102.24,50.79],[102.22,50.83],[102.23,50.9],[102.21,50.97],[102.19,51.05],[102.15,51.11],[102.14,51.22],[102.16,51.26],[102.16,51.31],[102.11,51.35],[101.98,51.38],[101.82,51.42],[101.57,51.47],[101.46,51.47],[101.38,51.45],[101.3,51.47],[101.22,51.51],[101.09,51.55],[100.9,51.6],[100.71,51.66],[100.54,51.71],[100.47,51.73],[100.23,51.73],[100.03,51.74],[99.92,51.76],[99.79,51.83],[99.72,51.87],[99.61,51.89],[99.53,51.9],[99.41,51.92],[99.18,52.0],[99.09,52.03],[99.03,52.04],[98.96,52.1],[98.89,52.12],[98.85,52.07],[98.8,51.96],[98.76,51.91],[98.64,51.8],[98.35,51.72],[98.3,51.67],[98.28,51.63],[98.24,51.58],[98.22,51.51],[98.18,51.49],[98.1,51.48],[98.04,51.45],[97.99,51.38],[97.95,51.35],[97.92,51.28],[97.93,51.25],[97.92,51.22],[97.91,51.17],[97.84,51.05],[97.83,50.99],[97.86,50.94],[97.92,50.89],[97.95,50.86],[97.96,50.82],[97.96,50.77],[98.0,50.7],[98.03,50.64],[98.08,50.6],[98.15,50.57],[98.22,50.56],[98.28,50.53],[98.29,50.49],[98.28,50.42],[98.25,50.3],[98.2,50.23],[98.17,50.18],[98.12,50.11],[98.1,50.08],[98.0,50.01],[97.94,50.0],[97.85,49.95],[97.79,49.94],[97.72,49.94],[97.65,49.93],[97.59,49.91],[97.54,49.84],[97.42,49.77],[97.36,49.74],[97.21,49.73],[97.14,49.76],[97.1,49.81],[97.05,49.83],[96.99,49.88],[96.71,49.91],[96.64,49.9],[96.6,49.88],[96.54,49.89],[96.51,49.92],[96.47,49.91],[96.38,49.9],[96.32,49.9],[96.23,49.95],[96.11,49.98],[96.07,50.0],[96.02,50.0],[95.99,49.97],[95.94,49.96],[95.9,49.99],[95.85,50.01],[95.79,50.01],[95.71,49.97],[95.57,49.94],[95.52,49.91],[95.44,49.92],[95.39,49.94],[95.33,49.94],[95.17,49.94],[95.11,49.94],[95.04,49.96],[95.01,50.01],[94.93,50.04],[94.81,50.05],[94.72,50.04],[94.68,50.03],[94.61,50.02],[94.56,50.09],[94.5,50.13],[94.46,50.17],[94.4,50.18],[94.35,50.22],[94.35,50.3],[94.32,50.4],[94.29,50.51],[94.25,50.56],[94.08,50.57],[93.99,50.57],[93.8,50.58],[93.66,50.58],[93.63,50.59],[93.5,50.6],[93.39,50.61],[93.27,50.62],[93.22,50.61],[93.1,50.6],[93.01,50.65],[92.97,50.71],[92.96,50.74],[92.94,50.78],[92.86,50.79],[92.78,50.78],[92.74,50.71],[92.68,50.68],[92.63,50.69],[92.58,50.73],[92.49,50.77],[92.43,50.8],[92.35,50.86],[92.3,50.85],[92.28,50.81],[92.27,50.78],[92.19,50.7],[92.1,50.69],[91.96,50.7],[91.8,50.69],[91.71,50.67],[91.63,50.62],[91.6,50.58],[91.52,50.56],[91.45,50.52],[91.42,50.47],[91.34,50.47],[91.3,50.46],[91.23,50.45],[91.06,50.42],[91.02,50.42],[90.92,50.36],[90.84,50.32],[90.76,50.31],[90.71,50.26],[90.66,50.22],[90.52,50.21],[90.36,50.17],[90.31,50.15],[90.22,50.12],[90.1,50.1],[90.05,50.09],[90.0,50.07],[89.98,49.98],[89.88,49.95],[89.74,49.95],[89.64,49.9],[89.63,49.82],[89.67,49.75],[89.65,49.72],[89.58,49.7],[89.47,49.66],[89.4,49.61],[89.3,49.61],[89.24,49.63],[89.2,49.6],[89.18,49.53],[89.11,49.5],[89.01,49.47],[88.97,49.48],[88.95,49.51],[88.9,49.54],[88.86,49.53],[88.86,49.48],[88.83,49.45],[88.75,49.45],[88.68,49.46],[88.63,49.49],[88.54,49.48],[88.45,49.47],[88.39,49.48],[88.34,49.47],[88.19,49.45],[88.14,49.38],[88.13,49.3],[88.12,49.26],[88.03,49.22],[87.99,49.19],[87.93,49.16],[87.82,49.16],[87.81,49.16],[87.76,49.17],[87.67,49.15],[87.58,49.13],[87.52,49.12],[87.48,49.09],[87.42,49.08],[87.32,49.09],[87.3,49.15],[87.23,49.22],[87.15,49.24],[87.07,49.25],[87.0,49.29],[86.95,49.32],[86.81,49.49],[86.71,49.56],[86.63,49.56],[86.61,49.61],[86.67,49.66],[86.73,49.7],[86.73,49.75],[86.68,49.78],[86.61,49.77],[86.52,49.71],[86.42,49.64],[86.29,49.59],[86.24,49.55],[86.18,49.5],[86.09,49.51],[86.03,49.5],[85.97,49.5],[85.93,49.55],[85.88,49.56],[85.5,49.61],[85.37,49.62],[85.29,49.6],[85.23,49.62],[85.21,49.66],[85.14,49.75],[85.08,49.82],[85.0,49.89],[84.98,49.95],[85.0,50.01],[84.99,50.06],[84.92,50.09],[84.84,50.09],[84.61,50.2],[84.5,50.22],[84.4,50.24],[84.32,50.24],[84.26,50.29],[84.19,50.44],[84.18,50.52],[84.1,50.6],[84.0,50.68],[83.95,50.77],[83.86,50.82],[83.72,50.89],[83.58,50.94],[83.36,50.99],[83.27,50.99],[83.16,50.99],[83.09,50.96],[83.02,50.9],[82.92,50.89],[82.76,50.89],[82.72,50.87],[82.69,50.83],[82.61,50.77],[82.49,50.73],[82.33,50.74],[82.21,50.72],[82.1,50.71],[81.93,50.77],[81.75,50.76],[81.63,50.74],[81.47,50.74],[81.43,50.77],[81.45,50.82],[81.44,50.87],[81.41,50.91],[81.39,50.96],[81.32,50.97],[81.12,50.95],[81.07,50.97],[81.08,51.01],[81.11,51.07],[81.14,51.15],[81.13,51.19],[81.03,51.19],[80.97,51.19],[80.93,51.24],[80.88,51.28],[80.81,51.28],[80.74,51.29],[80.65,51.28],[80.61,51.22],[80.55,51.22],[80.49,51.2],[80.45,51.18],[80.42,51.14],[80.43,51.09],[80.45,51.0],[80.42,50.95],[80.35,50.92],[80.27,50.92],[80.22,50.91],[80.13,50.86],[80.09,50.84],[80.07,50.81],[80.07,50.76],[79.99,50.77],[79.86,50.96],[79.72,51.16],[79.55,51.38],[79.47,51.49],[79.15,51.87],[78.99,52.05],[78.72,52.36],[78.48,52.64],[78.2,52.93],[78.03,53.09],[77.86,53.27],[77.8,53.32],[77.7,53.38],[77.47,53.5],[77.13,53.67],[76.82,53.82],[76.58,53.94],[76.51,53.99],[76.48,54.02],[76.46,54.06],[76.42,54.11],[76.42,54.15],[76.65,54.15],[76.7,54.18],[76.79,54.32],[76.84,54.44],[76.76,54.44],[76.62,54.39],[76.54,54.35],[76.5,54.34],[76.27,54.31],[76.14,54.26],[75.88,54.17],[75.69,54.11],[75.66,54.11],[75.44,54.09],[75.4,54.07],[75.39,54.02],[75.38,53.97],[75.22,53.89],[75.05,53.83],[74.99,53.82],[74.89,53.83],[74.83,53.83],[74.68,53.75],[74.45,53.65],[74.43,53.6],[74.43,53.55],[74.4,53.5],[74.35,53.49],[74.28,53.53],[74.21,53.58],[74.07,53.61],[73.86,53.62],[73.73,53.6],[73.64,53.58],[73.47,53.47],[73.41,53.45],[73.37,53.45],[73.36,53.51],[73.33,53.54],[73.29,53.6],[73.31,53.71],[73.4,53.81],[73.55,53.87],[73.68,53.93],[73.72,54.0],[73.71,54.04],[73.67,54.06],[73.62,54.07],[73.59,54.04],[73.51,54.0],[73.38,53.96],[73.28,53.96],[73.23,53.96],[73.12,53.98],[72.91,54.11],[72.74,54.12],[72.62,54.13],[72.58,54.12],[72.56,54.09],[72.58,54.06],[72.6,54.02],[72.59,54.0],[72.53,53.98],[72.45,53.94],[72.4,53.96],[72.38,54.05],[72.39,54.12],[72.33,54.18],[72.27,54.27],[72.19,54.33],[72.11,54.31],[72.07,54.23],[72.0,54.21],[71.89,54.22],[71.68,54.18],[71.34,54.16],[71.09,54.21],[71.05,54.26],[71.15,54.36],[71.16,54.46],[71.16,54.54],[71.19,54.6],[71.13,54.72],[70.99,54.95],[70.91,55.13],[70.79,55.26],[70.74,55.31],[70.49,55.28],[70.42,55.25],[70.37,55.21],[70.29,55.18],[70.18,55.16],[70.09,55.18],[69.98,55.2],[69.87,55.25],[69.74,55.31],[69.49,55.36],[69.25,55.37],[68.98,55.39],[68.84,55.36],[68.71,55.31],[68.52,55.2],[68.44,55.19],[68.3,55.19],[68.21,55.16],[68.23,55.12],[68.24,55.05],[68.21,55.0],[68.16,54.98],[68.07,54.96],[67.94,54.95],[67.83,54.94],[67.69,54.87],[67.48,54.85],[67.26,54.83],[67.1,54.79],[66.75,54.74],[66.56,54.72],[66.22,54.67],[65.95,54.66],[65.91,54.69],[65.71,54.62],[65.48,54.62],[65.43,54.59],[65.38,54.56],[65.32,54.55],[65.24,54.52],[65.19,54.44],[65.16,54.36],[65.09,54.34],[65.0,54.37],[64.93,54.4],[64.81,54.37],[64.65,54.35],[64.53,54.36],[64.46,54.38],[64.2,54.35],[64.06,54.3],[64.04,54.28],[64.0,54.27],[63.85,54.24],[63.72,54.25],[63.7,54.24],[63.58,54.22],[63.41,54.18],[63.29,54.17],[63.19,54.17],[63.13,54.14],[63.07,54.11],[62.63,54.07],[62.59,54.04],[62.5,54.01],[62.04,54.0],[62.0,53.98],[61.99,53.95],[61.93,53.95],[61.6,53.99],[61.33,54.05],[61.23,54.02],[61.14,53.96],[61.11,53.88],[61.11,53.81],[61.11,53.75],[61.07,53.71],[60.99,53.66],[60.98,53.62],[61.1,53.58],[61.25,53.55],[61.34,53.57],[61.41,53.59],[61.47,53.58],[61.52,53.55],[61.53,53.52],[61.53,53.5],[61.5,53.48],[61.4,53.46],[61.31,53.47],[61.23,53.45],[61.19,53.41],[61.16,53.34],[61.2,53.29],[61.31,53.28],[61.44,53.24],[61.58,53.22],[61.66,53.23],[61.77,53.17],[62.01,53.11],[62.08,53.06],[62.08,53.01],[62.04,52.97],[61.97,52.94],[61.89,52.96],[61.72,52.97],[61.53,52.98],[61.4,53.0],[61.21,52.99],[61.05,52.97],[61.01,52.93],[60.94,52.86],[60.89,52.82],[60.8,52.74],[60.77,52.68],[60.82,52.57],[60.98,52.39],[60.99,52.34],[60.94,52.28],[60.83,52.23],[60.67,52.15],[60.5,52.15],[60.43,52.13],[60.23,52.02],[60.07,51.98],[60.03,51.93],[60.07,51.89],[60.28,51.83],[60.39,51.77],[60.42,51.7],[60.46,51.65],[60.63,51.62],[60.97,51.54],[60.99,51.53],[61.01,51.49],[61.36,51.44],[61.41,51.41],[61.55,51.32],[61.59,51.23],[61.51,51.14],[61.47,50.99],[61.39,50.86],[61.23,50.77],[60.94,50.7],[60.64,50.66],[60.51,50.67],[60.42,50.68],[60.29,50.7],[60.19,50.77],[60.11,50.83],[60.06,50.85],[60.01,50.84],[59.96,50.8],[59.89,50.69],[59.81,50.58],[59.75,50.54],[59.52,50.49],[59.5,50.51],[59.52,50.58],[59.5,50.6],[59.45,50.62],[59.17,50.65],[59.06,50.67],[58.98,50.68],[58.88,50.69],[58.81,50.74],[58.66,50.87],[58.55,50.97],[58.36,51.06],[58.19,51.08],[58.17,51.07],[58.05,51.07],[57.84,51.09],[57.83,51.09],[57.76,51.05],[57.72,50.98],[57.65,50.93],[57.56,50.9],[57.44,50.89],[57.31,50.95],[57.18,51.04],[57.01,51.07],[56.85,51.05],[56.79,51.03],[56.62,50.98],[56.57,51.0],[56.49,51.02],[56.33,50.94],[56.14,50.84],[56.1,50.78],[56.05,50.71],[55.93,50.65],[55.8,50.6],[55.69,50.58],[55.54,50.6],[55.36,50.67],[55.2,50.74],[55.01,50.87],[54.87,50.94],[54.73,51.0],[54.64,51.01],[54.57,50.99],[54.55,50.95],[54.57,50.91],[54.61,50.88],[54.64,50.78],[54.65,50.66],[54.64,50.59],[54.6,50.55],[54.56,50.54],[54.52,50.54],[54.47,50.58],[54.44,50.67],[54.42,50.78],[54.3,50.91],[54.19,51.0],[54.14,51.04],[54.04,51.12],[53.96,51.16],[53.78,51.21],[53.69,51.25],[53.53,51.4],[53.45,51.44],[53.34,51.48],[53.25,51.49],[53.23,51.48],[53.04,51.46],[52.9,51.47],[52.82,51.49],[52.74,51.5],[52.73,51.5],[52.64,51.48],[52.62,51.48],[52.57,51.48],[52.5,51.51],[52.42,51.59],[52.33,51.68],[52.22,51.71],[52.01,51.67],[51.78,51.55],[51.61,51.48],[51.47,51.48],[51.4,51.47],[51.34,51.48],[51.3,51.5],[51.29,51.54],[51.27,51.59],[51.16,51.65],[51.02,51.68],[50.88,51.72],[50.79,51.73],[50.76,51.68],[50.64,51.59],[50.52,51.51],[50.35,51.37],[50.31,51.32],[50.25,51.29],[50.1,51.25],[49.93,51.2],[49.82,51.13],[49.67,51.1],[49.5,51.08],[49.42,51.03],[49.38,50.93],[49.32,50.85],[49.06,50.73],[48.91,50.64],[48.81,50.6],[48.73,50.61],[48.66,50.62],[48.63,50.61],[48.67,50.55],[48.7,50.35],[48.75,50.23],[48.78,50.16],[48.82,50.1],[48.84,50.01],[48.81,49.96],[48.76,49.93],[48.6,49.87],[48.43,49.83],[48.33,49.86],[48.22,49.93],[48.18,49.97],[48.06,50.09],[47.85,50.28],[47.71,50.38],[47.6,50.41],[47.5,50.4],[47.43,50.36],[47.38,50.32],[47.33,50.27],[47.29,50.22],[47.3,50.14],[47.3,50.06],[47.25,50.0],[47.13,49.94],[46.99,49.85],[46.89,49.7],[46.82,49.5],[46.8,49.37],[46.85,49.3],[46.95,49.25],[47.02,49.2],[47.03,49.15],[47.01,49.1],[46.96,49.04],[46.85,48.97],[46.7,48.81],[46.61,48.57],[46.66,48.41],[46.85,48.32],[47.0,48.28],[47.06,48.23],[47.12,48.13],[47.11,48.02],[47.09,47.95],[47.13,47.88],[47.2,47.79],[47.29,47.74],[47.39,47.77],[47.48,47.8],[47.6,47.79],[47.93,47.76],[48.11,47.75],[48.17,47.71],[48.28,47.59],[48.41,47.46],[48.55,47.32],[48.6,47.26],[48.71,47.1],[48.83,46.95],[48.96,46.77],[48.95,46.73],[48.88,46.71],[48.78,46.71],[48.69,46.74],[48.65,46.76],[48.61,46.77],[48.56,46.76],[48.52,46.73],[48.5,46.7],[48.51,46.65],[48.54,46.61],[48.59,46.58],[48.61,46.57],[48.77,46.51],[48.96,46.44],[49.18,46.35],[49.23,46.34],[49.25,46.29],[49.13,46.28],[49.11,46.23],[49.08,46.19],[48.81,46.1],[48.74,46.1],[48.68,46.09],[48.69,46.03],[48.7,45.98],[48.75,45.92],[48.73,45.9],[48.69,45.89],[48.64,45.91],[48.59,45.93],[48.54,45.94],[48.49,45.93],[48.26,45.78],[48.16,45.74],[48.05,45.72],[47.83,45.66],[47.76,45.67],[47.7,45.69],[47.65,45.66],[47.63,45.58],[47.57,45.63],[47.51,45.67],[47.48,45.69],[47.46,45.68],[47.52,45.6],[47.53,45.53],[47.51,45.49],[47.49,45.46],[47.45,45.43],[47.41,45.42],[47.39,45.29],[47.35,45.22],[47.3,45.15],[47.22,45.02],[47.16,44.97],[47.11,44.91],[47.08,44.82],[47.04,44.84],[47.0,44.88],[46.98,44.83],[46.96,44.78],[46.84,44.72],[46.76,44.66],[46.72,44.56],[46.71,44.5],[46.72,44.45],[46.75,44.42],[46.92,44.39],[47.02,44.34],[47.12,44.26],[47.23,44.19],[47.31,44.1],[47.36,43.99],[47.43,43.78],[47.46,43.56],[47.56,43.83],[47.65,43.88],[47.63,43.81],[47.57,43.68],[47.51,43.51],[47.49,43.38],[47.51,43.27],[47.51,43.22],[47.46,43.04],[47.49,43.0],[47.53,42.97],[47.63,42.9],[47.71,42.81],[47.73,42.68],[47.77,42.64],[47.82,42.61],[48.08,42.35],[48.23,42.18],[48.3,42.08],[48.38,41.95],[48.43,41.92],[48.48,41.91],[48.57,41.84],[48.52,41.78],[48.43,41.66],[48.39,41.6],[48.3,41.55],[48.14,41.48],[48.06,41.46],[47.96,41.33],[47.86,41.21],[47.79,41.2],[47.59,41.22],[47.52,41.23],[47.32,41.28],[47.26,41.32],[47.21,41.46],[47.14,41.52],[47.06,41.55],[47.01,41.59],[46.99,41.62],[46.93,41.67],[46.83,41.74],[46.75,41.81],[46.69,41.83],[46.62,41.81],[46.57,41.8],[46.55,41.81],[46.54,41.87],[46.43,41.89],[46.41,41.9],[46.27,41.96],[46.21,41.99],[46.16,41.99],[46.05,42.01],[45.95,42.04],[45.91,42.07],[45.85,42.11],[45.73,42.16],[45.64,42.21],[45.63,42.23],[45.69,42.36],[45.73,42.48],[45.71,42.5],[45.66,42.52],[45.56,42.54],[45.34,42.53],[45.21,42.65],[45.16,42.67],[45.07,42.69],[44.94,42.73],[44.87,42.76],[44.85,42.75],[44.77,42.62],[44.69,42.71],[44.64,42.73],[44.58,42.75],[44.51,42.75],[44.33,42.7],[44.2,42.65],[44.1,42.62],[44.0,42.6],[43.96,42.57],[43.83,42.57],[43.76,42.59],[43.74,42.62],[43.75,42.66],[43.8,42.7],[43.8,42.73],[43.78,42.75],[43.62,42.81],[43.56,42.84],[43.35,42.9],[43.09,42.99],[43.0,43.05],[42.99,43.09],[42.89,43.13],[42.76,43.17],[42.66,43.16],[42.57,43.16],[42.42,43.22],[42.28,43.23],[42.12,43.21],[42.09,43.2],[42.05,43.19],[41.58,43.22],[41.46,43.28],[41.36,43.33],[41.08,43.37],[40.94,43.42],[40.8,43.48],[40.65,43.53],[40.52,43.51],[40.34,43.54],[40.15,43.57],[40.08,43.55],[40.02,43.48],[39.98,43.42],[39.87,43.47],[39.52,43.73],[39.33,43.9],[38.72,44.29],[38.64,44.32],[38.31,44.37],[38.18,44.42],[37.85,44.7],[37.7,44.66],[37.57,44.67],[37.5,44.7],[37.41,44.74],[37.35,44.79],[37.28,44.91],[37.2,44.97],[36.94,45.07],[36.65,45.13],[36.63,45.15],[36.62,45.19],[36.87,45.25],[36.94,45.29],[36.81,45.34],[36.76,45.35],[36.72,45.37],[36.79,45.41],[36.87,45.43],[36.98,45.38],[37.1,45.3],[37.21,45.27],[37.26,45.31],[37.65,45.38],[37.67,45.43],[37.67,45.49],[37.63,45.49],[37.61,45.5],[37.61,45.56],[37.67,45.65],[37.84,45.8],[37.93,46.0],[38.01,46.05],[38.07,46.02],[38.07,45.97],[38.08,45.93],[38.13,46.0],[38.18,46.09],[38.31,46.1],[38.4,46.08],[38.49,46.09],[38.32,46.24],[38.08,46.39],[37.98,46.38],[37.91,46.41],[37.81,46.53],[37.77,46.64],[37.87,46.63],[37.97,46.62],[38.16,46.69],[38.23,46.7],[38.34,46.68],[38.5,46.66],[38.49,46.73],[38.44,46.81],[38.63,46.87],[38.8,46.91],[39.13,47.02],[39.27,47.04],[39.29,47.07],[39.29,47.11],[39.24,47.2],[39.2,47.27],[39.02,47.27],[38.93,47.18],[38.67,47.14],[38.55,47.15],[38.64,47.21],[38.74,47.24],[38.76,47.26],[38.58,47.24],[38.48,47.18],[38.21,47.09],[38.21,47.14],[38.2,47.18],[38.22,47.21],[38.27,47.24],[38.28,47.26],[38.28,47.28],[38.24,47.29],[38.21,47.3],[38.2,47.32],[38.21,47.34],[38.24,47.37],[38.26,47.41],[38.26,47.48],[38.29,47.56],[38.37,47.61],[38.51,47.62],[38.64,47.67],[38.72,47.71],[38.82,47.84],[38.9,47.86],[39.06,47.85],[39.16,47.84],[39.39,47.83],[39.66,47.84],[39.74,47.84],[39.78,47.89],[39.78,47.96],[39.81,48.04],[39.89,48.17],[39.96,48.24],[39.96,48.27],[39.92,48.28],[39.87,48.29],[39.85,48.3],[39.85,48.33],[39.89,48.36],[39.88,48.42],[39.86,48.48],[39.84,48.54],[39.77,48.57],[39.64,48.59],[39.67,48.66],[39.7,48.74],[39.76,48.78],[39.79,48.81],[39.9,48.79],[39.98,48.81],[40.0,48.82],[39.99,48.85],[39.86,48.88],[39.75,48.91],[39.71,48.96],[39.69,49.01],[39.76,49.04],[39.89,49.06],[39.98,49.13],[40.07,49.2],[40.11,49.25],[40.13,49.31],[40.13,49.37],[40.06,49.43],[40.06,49.5],[40.09,49.54],[40.08,49.58],[40.03,49.6],[39.96,49.59],[39.88,49.57],[39.78,49.57],[39.63,49.65],[39.46,49.73],[39.37,49.73],[39.3,49.74],[39.25,49.78],[39.21,49.83],[39.17,49.86],[39.11,49.84],[39.03,49.82],[38.92,49.82],[38.78,49.88],[38.65,49.95],[38.55,49.95],[38.45,49.96],[38.26,50.05],[38.21,50.05],[38.18,50.03],[38.16,49.95],[38.15,49.94],[38.11,49.93],[38.05,49.92],[37.95,49.96],[37.7,50.11],[37.61,50.21],[37.58,50.29],[37.5,50.34],[37.42,50.41],[37.34,50.42],[37.25,50.39],[37.17,50.36],[37.13,50.35],[36.99,50.34],[36.76,50.29],[36.7,50.25],[36.62,50.21],[36.56,50.23],[36.5,50.28],[36.37,50.3],[36.31,50.28],[36.24,50.31],[36.19,50.37],[36.12,50.41],[36.01,50.42],[35.89,50.44],[35.8,50.41],[35.67,50.35],[35.59,50.37],[35.55,50.44],[35.49,50.46],[35.41,50.54],[35.39,50.61],[35.41,50.64],[35.44,50.68],[35.44,50.73],[35.42,50.77],[35.38,50.8],[35.35,50.9],[35.31,50.95],[35.31,50.99],[35.33,51.02],[35.31,51.04],[35.27,51.05],[35.2,51.04],[35.16,51.06],[35.12,51.12],[35.09,51.18],[35.06,51.2],[34.99,51.2],[34.87,51.19],[34.76,51.17],[34.71,51.17],[34.62,51.2],[34.49,51.24],[34.23,51.24],[34.21,51.26],[34.23,51.28],[34.28,51.31],[34.27,51.34],[34.23,51.36],[34.21,51.42],[34.21,51.48],[34.2,51.55],[34.15,51.61],[34.12,51.64],[34.12,51.68],[34.24,51.69],[34.38,51.72],[34.4,51.74],[34.4,51.78],[34.11,51.98],[34.02,52.16],[33.92,52.25],[33.82,52.32],[33.74,52.34],[33.61,52.33],[33.45,52.33],[33.29,52.35],[33.15,52.34],[32.9,52.26],[32.81,52.25],[32.65,52.28],[32.51,52.31],[32.44,52.31],[32.39,52.29],[32.36,52.27],[32.28,52.11],[32.22,52.08],[32.12,52.05],[32.04,52.05],[31.97,52.05],[31.88,52.07],[31.78,52.1],[31.76,52.1],[31.76,52.13],[31.69,52.22],[31.65,52.26],[31.6,52.28],[31.58,52.31],[31.58,52.43],[31.59,52.53],[31.62,52.55],[31.53,52.63],[31.52,52.7],[31.56,52.73],[31.56,52.76],[31.54,52.8],[31.44,52.86],[31.35,52.93],[31.3,52.99],[31.26,53.02],[31.3,53.06],[31.36,53.14],[31.39,53.18],[31.42,53.2],[31.56,53.2],[31.67,53.2],[31.75,53.18],[31.78,53.15],[31.85,53.11],[32.06,53.09],[32.14,53.09],[32.25,53.13],[32.43,53.21],[32.47,53.27],[32.58,53.31],[32.64,53.33],[32.7,53.34],[32.71,53.37],[32.71,53.42],[32.69,53.45],[32.47,53.55],[32.44,53.58],[32.43,53.62],[32.45,53.65],[32.45,53.69],[32.2,53.78],[31.99,53.8],[31.82,53.79],[31.75,53.81],[31.78,53.85],[31.83,53.94],[31.84,54.0],[31.83,54.03],[31.79,54.06],[31.63,54.11],[31.4,54.2],[31.3,54.29],[31.25,54.39],[31.18,54.45],[31.07,54.49],[31.08,54.52],[31.15,54.61],[31.15,54.63],[31.12,54.65],[30.98,54.7],[30.8,54.78],[30.79,54.81],[30.8,54.86],[30.83,54.91],[30.87,54.94],[30.98,55.05],[30.98,55.09],[30.96,55.14],[30.88,55.22],[30.81,55.28],[30.81,55.31],[30.82,55.33],[30.86,55.36],[30.9,55.4],[30.91,55.53],[30.91,55.57],[30.88,55.6],[30.86,55.61],[30.8,55.6],[30.72,55.62],[30.66,55.66],[30.63,55.67],[30.59,55.7],[30.48,55.77],[30.46,55.79],[30.23,55.85],[30.04,55.84],[29.94,55.85],[29.88,55.83],[29.82,55.8],[29.74,55.77],[29.68,55.77],[29.63,55.75],[29.48,55.68],[29.41,55.72],[29.35,55.78],[29.37,55.83],[29.4,55.88],[29.4,55.91],[29.38,55.94],[29.28,55.97],[29.09,56.02],[29.03,56.02],[28.95,56.0],[28.79,55.94],[28.74,55.96],[28.69,56.0],[28.64,56.06],[28.56,56.09],[28.41,56.09],[28.39,56.09],[28.32,56.05],[28.28,56.06],[28.15,56.14],[28.17,56.19],[28.2,56.26],[28.19,56.32],[28.17,56.39],[28.11,56.51],[28.1,56.55],[28.01,56.6],[27.99,56.65],[27.94,56.7],[27.89,56.74],[27.88,56.82],[27.85,56.85],[27.81,56.87],[27.66,56.84],[27.64,56.85],[27.71,56.98],[27.72,57.05],[27.76,57.14],[27.81,57.17],[27.83,57.19],[27.84,57.25],[27.83,57.29],[27.8,57.32],[27.67,57.37],[27.54,57.43],[27.51,57.51],[27.47,57.52],[27.35,57.53],[27.35,57.55],[27.37,57.61],[27.4,57.67],[27.49,57.72],[27.51,57.76],[27.54,57.8],[27.75,57.84],[27.78,57.86],[27.78,57.87],[27.77,57.88],[27.72,57.91],[27.67,57.93],[27.64,58.01],[27.57,58.14],[27.5,58.22],[27.49,58.27],[27.51,58.33],[27.53,58.38],[27.53,58.44],[27.43,58.73],[27.43,58.79],[27.46,58.84],[27.51,58.89],[27.62,58.94],[27.76,59.05],[27.85,59.19],[27.9,59.28],[27.94,59.3],[28.02,59.3],[28.05,59.33],[28.06,59.34],[28.13,59.36],[28.15,59.37],[28.13,59.4],[28.07,59.45],[28.01,59.48],[28.06,59.55],[28.05,59.65],[28.01,59.72],[28.06,59.78],[28.13,59.79],[28.21,59.72],[28.33,59.69],[28.42,59.73],[28.45,59.81],[28.52,59.85],[28.6,59.82],[28.75,59.81],[28.87,59.81],[28.95,59.83],[28.98,59.85],[29.01,59.9],[29.08,59.96],[29.15,60.0],[29.67,59.96],[30.12,59.87],[30.16,59.9],[30.17,59.96],[30.06,60.0],[29.98,60.03],[29.87,60.12],[29.72,60.2],[29.57,60.2],[29.37,60.18],[29.07,60.19],[28.81,60.33],[28.64,60.38],[28.52,60.48],[28.49,60.54],[28.62,60.49],[28.64,60.54],[28.65,60.61],[28.58,60.65],[28.51,60.68],[28.18,60.57],[27.8,60.54],[28.15,60.75],[28.41,60.9],[28.46,60.92],[28.57,60.96],[28.66,61.0],[28.74,61.06],[28.99,61.17],[29.25,61.29],[29.49,61.44],[29.58,61.49],[29.69,61.55],[29.93,61.71],[30.01,61.76],[30.31,61.96],[30.48,62.07],[30.57,62.13],[30.94,62.32],[31.19,62.48],[31.29,62.57],[31.38,62.69],[31.44,62.78],[31.53,62.89],[31.54,62.92],[31.51,62.96],[31.44,63.01],[31.34,63.07],[31.25,63.14],[31.18,63.21],[30.97,63.3],[30.66,63.42],[30.42,63.5],[30.06,63.69],[29.99,63.74],[30.0,63.75],[30.21,63.8],[30.42,63.95],[30.5,64.02],[30.53,64.08],[30.53,64.14],[30.51,64.2],[30.49,64.24],[30.39,64.28],[30.11,64.37],[30.04,64.44],[29.99,64.52],[29.99,64.56],[30.12,64.64],[30.13,64.69],[30.11,64.73],[30.07,64.77],[29.78,64.8],[29.7,64.85],[29.64,64.91],[29.6,64.97],[29.6,65.0],[29.62,65.04],[29.72,65.08],[29.81,65.11],[29.83,65.15],[29.83,65.19],[29.81,65.2],[29.63,65.22],[29.61,65.23],[29.61,65.25],[29.62,65.27],[29.71,65.34],[29.73,65.47],[29.82,65.57],[29.72,65.62],[29.72,65.63],[29.88,65.66],[30.03,65.67],[30.1,65.68],[30.1,65.73],[30.09,65.79],[29.94,66.02],[29.9,66.09],[29.8,66.18],[29.72,66.23],[29.67,66.28],[29.59,66.36],[29.54,66.44],[29.46,66.53],[29.37,66.62],[29.29,66.7],[29.09,66.85],[29.07,66.89],[29.07,66.93],[29.09,66.97],[29.24,67.1],[29.39,67.2],[29.57,67.32],[29.75,67.43],[29.94,67.55],[29.99,67.67],[29.98,67.69],[29.82,67.75],[29.52,67.93],[29.34,68.06],[29.06,68.12],[28.69,68.19],[28.56,68.35],[28.47,68.49],[28.48,68.54],[28.75,68.77],[28.78,68.81],[28.77,68.84],[28.74,68.86],[28.71,68.87],[28.45,68.87],[28.41,68.9],[28.57,68.93],[28.69,68.96],[28.9,69.01],[28.97,69.02],[29.12,69.05],[29.17,69.07],[29.21,69.1],[29.35,69.27],[29.39,69.3],[29.83,69.36],[29.99,69.39],[30.09,69.43],[30.13,69.46],[30.16,69.5],[30.19,69.54],[30.2,69.58],[30.16,69.63],[30.18,69.64],[30.23,69.63],[30.38,69.58],[30.62,69.53],[30.79,69.53],[30.86,69.54],[30.9,69.56],[30.92,69.61],[30.92,69.65],[30.87,69.78],[31.05,69.77],[31.45,69.69],[31.55,69.7],[31.67,69.72],[31.79,69.82],[31.88,69.83],[32.0,69.81],[32.03,69.84],[31.97,69.91],[31.98,69.95],[32.39,69.87],[32.57,69.81],[32.94,69.75],[33.01,69.72],[33.01,69.67],[32.99,69.63],[32.92,69.6],[32.75,69.61],[32.18,69.67],[32.09,69.63],[32.16,69.6],[32.33,69.55],[32.38,69.48],[32.64,69.49],[32.88,69.46],[33.0,69.47],[33.02,69.45],[32.94,69.38],[32.98,69.37],[33.26,69.43],[33.38,69.44],[33.45,69.43],[33.46,69.38],[33.42,69.32],[33.41,69.27],[33.33,69.15],[33.2,69.12],[33.14,69.07],[33.33,69.1],[33.44,69.13],[33.63,69.29],[33.68,69.31],[34.23,69.31],[34.35,69.3],[34.86,69.23],[35.01,69.22],[35.18,69.23],[35.23,69.27],[35.29,69.28],[35.86,69.19],[36.62,69.0],[37.73,68.69],[38.36,68.42],[38.43,68.36],[38.66,68.32],[38.71,68.34],[38.83,68.32],[39.57,68.07],[39.82,68.06],[39.79,68.11],[39.75,68.16],[39.81,68.15],[39.9,68.11],[40.04,68.02],[40.21,67.94],[40.38,67.83],[40.53,67.79],[40.66,67.77],[40.77,67.74],[40.97,67.71],[41.06,67.44],[41.13,67.39],[41.13,67.27],[41.26,67.22],[41.36,67.21],[41.35,67.12],[41.28,66.91],[41.19,66.83],[40.52,66.45],[40.1,66.3],[39.29,66.13],[38.65,66.07],[38.4,66.06],[37.9,66.1],[37.63,66.13],[37.29,66.23],[36.98,66.27],[36.77,66.29],[36.37,66.3],[35.51,66.4],[35.36,66.43],[34.82,66.61],[34.61,66.56],[34.48,66.55],[34.4,66.61],[34.43,66.63],[34.45,66.65],[34.15,66.7],[33.89,66.71],[33.76,66.75],[33.6,66.78],[33.52,66.76],[33.48,66.76],[33.15,66.84],[33.0,66.91],[32.85,67.02],[32.89,67.06],[32.93,67.09],[32.4,67.15],[31.9,67.16],[31.98,67.13],[32.2,67.11],[32.34,67.07],[32.5,67.0],[32.46,66.92],[32.69,66.83],[32.86,66.75],[32.86,66.72],[32.93,66.7],[33.18,66.68],[33.22,66.6],[33.18,66.57],[33.22,66.53],[33.41,66.48],[33.52,66.47],[33.66,66.44],[33.59,66.38],[33.48,66.35],[33.36,66.33],[33.42,66.32],[33.57,66.32],[34.11,66.23],[34.4,66.13],[34.69,65.95],[34.79,65.86],[34.79,65.82],[34.78,65.77],[34.73,65.72],[34.72,65.66],[34.62,65.51],[34.54,65.46],[34.41,65.4],[34.54,65.28],[34.67,65.17],[34.8,64.99],[34.83,64.91],[34.83,64.8],[34.95,64.76],[34.91,64.74],[34.86,64.71],[34.87,64.56],[35.04,64.44],[35.28,64.36],[35.43,64.35],[35.65,64.38],[35.8,64.34],[36.15,64.19],[36.3,64.03],[36.36,64.0],[36.71,63.95],[36.98,63.91],[37.37,63.82],[37.44,63.81],[37.64,63.89],[37.97,63.95],[38.07,64.03],[38.06,64.09],[37.98,64.21],[37.95,64.32],[37.84,64.37],[37.74,64.4],[37.43,64.37],[37.29,64.38],[37.18,64.41],[37.04,64.49],[36.77,64.69],[36.62,64.75],[36.58,64.79],[36.53,64.85],[36.53,64.94],[36.65,64.94],[36.79,64.99],[36.88,65.17],[37.05,65.2],[37.14,65.19],[37.53,65.11],[38.01,64.88],[38.12,64.85],[38.23,64.85],[38.41,64.86],[38.44,64.83],[38.54,64.79],[38.61,64.79],[39.05,64.71],[39.57,64.57],[39.76,64.58],[39.83,64.66],[39.85,64.69],[40.06,64.77],[40.2,64.78],[40.41,64.75],[40.44,64.78],[40.38,64.9],[40.28,65.0],[40.14,65.06],[39.9,65.25],[39.8,65.35],[39.75,65.45],[39.78,65.53],[39.82,65.6],[40.33,65.75],[40.51,65.84],[40.69,65.96],[40.77,65.99],[41.08,66.02],[41.48,66.12],[41.78,66.26],[42.08,66.47],[42.21,66.52],[42.31,66.51],[42.45,66.48],[42.6,66.42],[42.81,66.41],[43.01,66.42],[43.23,66.42],[43.55,66.32],[43.6,66.29],[43.65,66.25],[43.55,66.17],[43.54,66.12],[43.62,66.15],[43.74,66.16],[43.84,66.14],[43.94,66.1],[44.02,66.05],[44.1,66.01],[44.13,66.06],[44.15,66.11],[44.1,66.24],[44.22,66.41],[44.32,66.48],[44.49,66.67],[44.44,66.79],[44.43,66.94],[44.4,67.0],[44.29,67.1],[44.07,67.17],[43.86,67.19],[43.78,67.25],[43.8,67.33],[43.86,67.44],[44.04,67.67],[44.23,68.0],[44.23,68.07],[44.21,68.11],[44.23,68.15],[44.2,68.25],[44.17,68.33],[43.4,68.61],[43.36,68.64],[43.33,68.67],[43.41,68.68],[43.47,68.68],[44.05,68.55],[44.18,68.54],[45.08,68.58],[45.52,68.55],[45.89,68.48],[46.16,68.29],[46.43,68.12],[46.68,67.97],[46.69,67.85],[46.43,67.82],[46.17,67.82],[45.53,67.76],[45.37,67.69],[44.94,67.48],[44.9,67.41],[44.94,67.35],[45.14,67.28],[45.56,67.19],[45.75,66.99],[45.89,66.89],[45.99,66.85],[46.08,66.84],[46.3,66.84],[46.45,66.82],[46.49,66.8],[46.55,66.82],[46.69,66.83],[47.5,66.93],[47.66,66.98],[47.71,67.05],[47.77,67.28],[47.84,67.36],[47.91,67.45],[47.88,67.52],[47.87,67.58],[48.28,67.65],[48.65,67.7],[48.83,67.68],[48.88,67.73],[48.76,67.83],[48.7,67.87],[48.75,67.9],[48.84,67.87],[48.95,67.85],[49.16,67.87],[49.93,68.07],[50.23,68.18],[50.41,68.22],[50.7,68.32],[50.84,68.35],[51.08,68.36],[51.34,68.4],[51.62,68.48],[51.99,68.54],[52.06,68.54],[52.13,68.53],[52.29,68.46],[52.23,68.42],[52.18,68.37],[52.26,68.35],[52.32,68.34],[52.4,68.35],[52.48,68.38],[52.67,68.43],[52.72,68.48],[52.65,68.51],[52.55,68.59],[52.44,68.61],[52.34,68.61],[52.68,68.73],[53.41,68.91],[53.8,69.0],[54.19,69.0],[54.49,68.99],[54.38,68.96],[53.87,68.93],[53.8,68.91],[53.8,68.88],[53.92,68.87],[53.97,68.84],[53.93,68.81],[53.89,68.8],[53.83,68.71],[53.76,68.63],[53.92,68.54],[53.93,68.44],[53.83,68.38],[53.69,68.4],[53.57,68.37],[53.34,68.34],[53.29,68.31],[53.26,68.27],[53.4,68.26],[53.52,68.26],[53.91,68.23],[53.97,68.23],[54.1,68.26],[54.23,68.27],[54.39,68.28],[54.48,68.29],[54.56,68.27],[54.72,68.18],[54.86,68.2],[54.92,68.37],[55.15,68.48],[55.42,68.57],[55.68,68.58],[55.92,68.64],[56.04,68.65],[56.28,68.62],[56.62,68.62],[56.91,68.57],[57.13,68.55],[57.44,68.64],[58.17,68.89],[58.24,68.83],[58.35,68.92],[58.92,69.0],[59.06,69.01],[59.06,68.97],[59.11,68.9],[59.22,68.85],[59.37,68.74],[59.3,68.71],[59.22,68.69],[59.11,68.62],[59.1,68.44],[59.31,68.4],[59.6,68.35],[59.73,68.35],[59.83,68.38],[59.86,68.4],[59.9,68.42],[59.92,68.47],[59.94,68.51],[59.87,68.6],[59.9,68.71],[60.16,68.7],[60.49,68.73],[60.64,68.79],[60.82,68.9],[60.93,68.99],[60.86,69.15],[60.66,69.11],[60.34,69.46],[60.17,69.59],[60.28,69.65],[60.56,69.69],[60.81,69.82],[60.91,69.85],[61.02,69.85],[61.77,69.76],[62.63,69.74],[63.36,69.68],[64.19,69.53],[64.59,69.44],[64.93,69.33],[64.9,69.25],[65.03,69.27],[65.33,69.2],[65.53,69.17],[65.74,69.13],[65.81,69.08],[66.08,69.04],[66.37,68.96],[66.42,68.95],[66.76,68.89],[67.0,68.87],[67.15,68.75],[67.64,68.58],[67.73,68.51],[68.16,68.4],[68.37,68.31],[68.5,68.35],[68.83,68.57],[69.02,68.82],[69.14,68.95],[68.92,68.96],[68.76,68.92],[68.66,68.93],[68.54,68.97],[68.36,69.07],[68.12,69.24],[68.07,69.42],[68.01,69.48],[67.77,69.53],[67.62,69.58],[67.06,69.69],[66.96,69.66],[66.93,69.6],[66.9,69.55],[66.84,69.61],[66.8,69.66],[66.8,69.74],[66.83,69.84],[66.93,70.01],[67.07,70.01],[67.14,70.03],[67.24,70.11],[67.2,70.17],[67.15,70.22],[67.16,70.3],[67.25,70.5],[67.28,70.74],[67.21,70.8],[67.14,70.84],[66.82,70.8],[66.7,70.82],[66.68,70.86],[66.67,70.9],[66.76,70.96],[66.85,71.06],[66.69,71.04],[66.64,71.08],[66.77,71.14],[66.92,71.28],[67.27,71.35],[67.54,71.41],[67.96,71.55],[68.27,71.68],[68.47,71.85],[68.61,72.01],[68.83,72.39],[69.04,72.67],[69.39,72.96],[69.61,72.98],[69.69,72.98],[69.71,72.96],[69.66,72.93],[69.65,72.9],[69.74,72.88],[69.89,72.88],[70.17,72.9],[70.66,72.89],[71.5,72.91],[71.62,72.9],[71.93,72.82],[72.1,72.83],[72.45,72.79],[72.63,72.74],[72.81,72.69],[72.79,72.48],[72.75,72.34],[72.62,72.08],[72.57,72.01],[72.38,71.82],[72.28,71.7],[72.13,71.61],[71.91,71.55],[71.88,71.51],[71.87,71.46],[72.08,71.31],[72.58,71.15],[72.7,70.96],[72.73,70.82],[72.7,70.46],[72.65,70.4],[72.56,70.35],[72.47,70.27],[72.53,70.17],[72.6,69.79],[72.62,69.48],[72.56,69.38],[72.53,69.15],[72.53,69.08],[72.58,68.97],[72.68,68.87],[72.81,68.82],[73.19,68.71],[73.55,68.57],[73.57,68.53],[73.59,68.48],[73.47,68.43],[73.27,68.29],[73.14,68.18],[73.13,68.09],[73.17,67.97],[73.15,67.87],[73.07,67.77],[72.95,67.7],[72.59,67.59],[71.85,67.01],[71.67,66.94],[71.37,66.96],[71.45,66.88],[71.55,66.76],[71.54,66.68],[71.34,66.69],[71.07,66.6],[70.94,66.55],[70.72,66.52],[70.56,66.55],[70.38,66.6],[70.41,66.65],[70.44,66.67],[70.57,66.7],[70.69,66.75],[70.63,66.75],[70.58,66.75],[70.44,66.7],[70.28,66.69],[70.09,66.75],[69.95,66.83],[69.88,66.85],[69.74,66.81],[69.22,66.83],[69.08,66.82],[69.01,66.79],[69.05,66.77],[69.09,66.72],[69.14,66.64],[69.19,66.58],[69.41,66.51],[69.7,66.48],[69.98,66.4],[70.34,66.34],[71.15,66.37],[71.36,66.36],[71.57,66.33],[71.92,66.25],[72.07,66.25],[72.32,66.33],[72.38,66.51],[72.42,66.56],[73.34,66.81],[73.51,66.86],[73.79,67.0],[73.88,67.08],[73.99,67.33],[74.07,67.41],[74.68,67.69],[74.77,67.77],[74.79,67.9],[74.78,67.99],[74.74,68.07],[74.63,68.22],[74.51,68.3],[74.39,68.42],[74.48,68.66],[74.58,68.75],[75.12,68.86],[75.59,68.9],[76.11,68.98],[76.32,68.99],[76.46,68.98],[76.61,68.9],[76.74,68.78],[77.11,68.6],[77.24,68.47],[77.26,68.32],[77.25,67.94],[77.17,67.78],[77.33,67.74],[77.4,67.7],[77.58,67.64],[77.68,67.59],[77.77,67.57],[77.99,67.56],[78.59,67.58],[78.92,67.59],[78.89,67.61],[78.84,67.63],[78.56,67.64],[78.16,67.68],[77.59,67.75],[77.52,67.91],[77.54,68.01],[77.66,68.19],[77.76,68.22],[77.87,68.23],[78.0,68.26],[77.96,68.38],[77.91,68.48],[77.79,68.63],[77.65,68.9],[77.47,68.91],[77.33,68.96],[76.64,69.12],[76.0,69.24],[75.56,69.25],[75.42,69.24],[75.05,69.12],[74.81,69.09],[74.36,69.14],[73.98,69.11],[73.84,69.14],[73.78,69.2],[73.89,69.42],[73.83,69.5],[73.66,69.62],[73.56,69.71],[73.58,69.8],[73.83,70.18],[73.94,70.27],[74.21,70.45],[74.34,70.58],[74.31,70.65],[73.73,71.07],[73.58,71.22],[73.51,71.26],[73.37,71.32],[73.15,71.39],[73.09,71.44],[73.67,71.85],[73.94,71.91],[74.31,71.96],[74.49,72.0],[74.8,72.08],[74.99,72.14],[75.05,72.2],[75.09,72.26],[75.1,72.42],[75.06,72.55],[75.01,72.62],[74.9,72.71],[74.79,72.81],[74.86,72.84],[74.94,72.85],[75.15,72.85],[75.37,72.8],[75.47,72.69],[75.6,72.58],[75.6,72.51],[75.59,72.46],[75.64,72.38],[75.69,72.35],[75.74,72.3],[75.69,72.25],[75.64,72.23],[75.55,72.17],[75.39,71.98],[75.27,71.96],[75.25,71.81],[75.5,71.65],[75.47,71.53],[75.42,71.49],[75.28,71.43],[75.3,71.38],[75.33,71.34],[75.73,71.27],[76.11,71.22],[76.74,71.2],[76.93,71.13],[77.0,71.18],[77.59,71.17],[78.07,70.99],[78.32,70.93],[78.53,70.91],[78.94,70.93],[79.02,70.95],[79.08,71.0],[78.89,71.0],[78.8,70.97],[78.72,70.98],[78.59,70.99],[78.49,71.03],[78.39,71.09],[78.21,71.27],[77.91,71.32],[77.71,71.3],[77.48,71.31],[77.11,71.41],[76.87,71.45],[76.43,71.55],[76.31,71.6],[76.22,71.68],[76.1,71.83],[76.03,71.91],[76.12,71.93],[76.42,72.01],[76.87,72.03],[77.06,72.0],[77.55,71.84],[77.78,71.84],[78.19,71.91],[78.23,71.95],[78.14,72.04],[78.02,72.09],[77.78,72.11],[77.49,72.07],[77.41,72.11],[77.44,72.16],[77.47,72.19],[77.63,72.2],[77.73,72.23],[77.97,72.33],[78.23,72.38],[78.48,72.39],[79.42,72.38],[79.95,72.22],[80.47,72.15],[80.7,72.1],[80.76,72.09],[80.81,72.05],[80.86,71.97],[81.51,71.75],[81.66,71.72],[82.08,71.71],[82.55,71.76],[82.76,71.76],[82.99,71.75],[83.11,71.72],[83.23,71.67],[83.17,71.6],[83.11,71.56],[82.98,71.45],[82.92,71.42],[82.49,71.29],[82.32,71.26],[82.28,71.09],[82.25,71.06],[82.24,71.0],[82.32,70.88],[82.34,70.81],[82.27,70.71],[82.16,70.6],[82.18,70.51],[82.22,70.4],[82.24,70.43],[82.23,70.48],[82.26,70.54],[82.45,70.69],[82.59,70.89],[82.74,70.94],[82.87,70.95],[83.01,70.9],[83.05,70.82],[83.06,70.69],[83.03,70.58],[82.92,70.41],[82.74,70.29],[82.68,70.22],[82.77,70.15],[82.86,70.1],[82.96,70.09],[83.08,70.09],[83.11,70.11],[83.13,70.16],[83.09,70.22],[83.07,70.28],[83.29,70.32],[83.5,70.35],[83.66,70.42],[83.7,70.47],[83.74,70.55],[83.65,70.67],[83.58,70.77],[83.33,70.99],[83.15,71.1],[83.27,71.28],[83.46,71.47],[83.53,71.51],[83.55,71.54],[83.57,71.59],[83.55,71.65],[83.53,71.68],[83.34,71.83],[83.2,71.87],[82.76,71.9],[82.65,71.93],[82.32,72.07],[82.28,72.11],[82.21,72.21],[82.18,72.24],[82.09,72.27],[81.79,72.33],[81.59,72.35],[81.28,72.36],[81.1,72.39],[80.83,72.49],[80.8,72.52],[80.72,72.65],[80.66,72.71],[80.68,72.76],[80.77,72.86],[80.84,72.95],[80.76,73.03],[80.64,73.05],[80.51,73.09],[80.46,73.16],[80.42,73.23],[80.42,73.29],[80.4,73.36],[80.46,73.41],[80.6,73.47],[80.56,73.51],[80.58,73.57],[81.47,73.64],[81.82,73.66],[83.54,73.67],[83.67,73.69],[84.42,73.72],[84.74,73.76],[85.08,73.72],[85.2,73.72],[85.45,73.73],[85.61,73.82],[85.98,73.86],[86.59,73.89],[86.89,73.89],[86.96,73.86],[87.03,73.82],[86.7,73.72],[86.37,73.62],[86.09,73.58],[85.83,73.49],[85.8,73.46],[85.79,73.44],[85.8,73.37],[85.82,73.33],[86.1,73.27],[86.31,73.2],[86.51,73.14],[86.68,73.11],[86.72,73.13],[86.12,73.31],[85.97,73.35],[85.91,73.39],[85.94,73.46],[86.0,73.49],[86.09,73.52],[86.16,73.53],[86.38,73.57],[87.12,73.62],[87.29,73.7],[87.37,73.76],[87.57,73.81],[87.5,73.83],[87.34,73.85],[87.21,73.88],[86.7,74.2],[86.57,74.24],[86.18,74.28],[86.0,74.32],[86.18,74.42],[86.4,74.45],[86.54,74.44],[86.66,74.41],[86.9,74.33],[87.23,74.36],[87.11,74.4],[86.89,74.45],[86.7,74.52],[86.43,74.59],[86.12,74.63],[85.79,74.65],[85.88,74.74],[86.06,74.73],[86.12,74.76],[86.2,74.82],[86.65,74.68],[86.86,74.72],[87.04,74.78],[87.42,74.94],[87.47,75.01],[87.29,75.05],[87.14,75.07],[86.94,75.07],[86.92,75.11],[87.01,75.17],[87.17,75.19],[87.67,75.13],[88.5,75.29],[88.73,75.37],[89.31,75.47],[89.6,75.46],[90.18,75.59],[91.0,75.65],[91.48,75.65],[91.85,75.72],[92.41,75.75],[92.6,75.78],[93.55,75.85],[94.08,75.91],[94.16,75.96],[93.69,75.92],[93.57,75.96],[93.48,75.93],[93.41,75.9],[93.18,75.96],[93.12,75.94],[93.07,75.91],[92.99,75.9],[92.89,75.91],[92.86,75.98],[92.97,76.08],[93.1,76.03],[93.26,76.1],[93.36,76.1],[93.65,76.05],[93.84,76.1],[94.1,76.12],[94.39,76.1],[94.51,76.11],[94.58,76.15],[95.04,76.11],[95.36,76.14],[95.58,76.14],[95.92,76.11],[96.08,76.08],[95.99,76.01],[95.65,75.89],[95.74,75.87],[95.93,75.93],[96.51,76.01],[96.6,75.99],[96.54,75.92],[96.5,75.89],[96.88,75.93],[97.21,76.02],[97.35,76.03],[97.5,75.98],[97.64,76.03],[97.67,76.08],[97.92,76.09],[98.02,76.13],[98.19,76.17],[98.34,76.18],[98.66,76.24],[98.77,76.22],[98.98,76.21],[99.19,76.18],[99.56,76.11],[99.62,76.08],[99.66,76.08],[99.77,76.03],[99.69,75.96],[99.6,75.85],[99.44,75.8],[99.54,75.8],[99.61,75.81],[99.74,75.88],[99.85,75.93],[99.83,76.14],[99.62,76.24],[99.46,76.28],[99.09,76.38],[98.97,76.43],[98.81,76.48],[98.87,76.51],[99.58,76.47],[99.94,76.49],[100.32,76.48],[100.84,76.53],[101.06,76.48],[101.31,76.48],[101.6,76.44],[101.68,76.49],[101.21,76.54],[101.0,76.53],[100.93,76.56],[101.01,76.62],[101.1,76.7],[101.01,76.78],[100.92,76.82],[100.91,76.9],[100.99,76.99],[101.19,77.03],[101.29,77.1],[101.52,77.2],[102.61,77.51],[103.13,77.63],[103.33,77.64],[103.56,77.63],[104.01,77.73],[104.18,77.73],[104.81,77.65],[104.97,77.59],[105.31,77.55],[105.71,77.53],[105.89,77.49],[105.98,77.45],[106.06,77.39],[105.73,77.35],[105.38,77.24],[104.91,77.17],[104.32,77.13],[104.2,77.1],[105.32,77.09],[105.65,77.1],[105.71,77.0],[105.82,77.0],[106.15,77.05],[106.34,77.05],[106.71,77.01],[106.78,77.03],[106.94,77.03],[107.28,76.99],[107.43,76.93],[107.19,76.82],[106.94,76.73],[106.64,76.57],[106.55,76.59],[106.38,76.59],[106.41,76.51],[106.68,76.51],[106.83,76.48],[107.16,76.52],[107.62,76.51],[107.72,76.52],[107.9,76.57],[107.95,76.66],[108.03,76.72],[108.18,76.74],[108.35,76.72],[108.64,76.72],[109.37,76.75],[109.98,76.71],[110.47,76.76],[111.11,76.72],[111.39,76.69],[111.6,76.62],[111.79,76.6],[111.94,76.55],[112.09,76.48],[112.02,76.42],[111.94,76.38],[112.14,76.42],[112.3,76.43],[112.41,76.41],[112.62,76.38],[112.68,76.22],[112.74,76.19],[112.8,76.13],[112.72,76.08],[112.66,76.05],[112.82,76.06],[113.05,76.11],[113.09,76.13],[113.15,76.17],[113.07,76.22],[112.99,76.24],[113.09,76.26],[113.27,76.25],[113.37,76.18],[113.43,76.11],[113.56,75.89],[113.86,75.92],[113.87,75.86],[113.75,75.7],[113.62,75.59],[113.57,75.57],[113.49,75.56],[113.52,75.62],[113.47,75.66],[113.39,75.68],[113.13,75.7],[112.63,75.84],[112.5,75.85],[112.47,75.84],[112.45,75.83],[112.73,75.74],[112.96,75.57],[113.16,75.62],[113.24,75.61],[113.36,75.53],[113.56,75.5],[113.73,75.45],[113.61,75.29],[112.92,75.02],[112.19,74.85],[111.87,74.74],[111.3,74.66],[110.89,74.55],[110.37,74.47],[110.23,74.38],[109.84,74.32],[109.87,74.29],[109.91,74.26],[109.86,74.21],[109.81,74.17],[109.51,74.09],[109.08,74.03],[108.2,73.69],[107.77,73.62],[107.27,73.62],[107.17,73.59],[106.79,73.38],[106.68,73.33],[106.19,73.31],[105.68,72.96],[105.39,72.84],[105.14,72.78],[105.4,72.79],[105.71,72.84],[106.07,72.95],[106.16,73.0],[106.21,73.06],[106.32,73.11],[106.48,73.14],[107.11,73.18],[107.37,73.16],[107.75,73.17],[108.0,73.24],[108.15,73.26],[108.29,73.27],[108.35,73.31],[108.58,73.32],[109.09,73.38],[109.17,73.4],[109.33,73.49],[109.64,73.45],[109.86,73.47],[110.43,73.63],[110.77,73.69],[110.87,73.73],[110.8,73.76],[110.72,73.78],[110.39,73.73],[110.09,73.71],[109.75,73.72],[109.71,73.74],[109.67,73.8],[109.77,73.88],[109.87,73.93],[110.08,73.99],[110.26,74.02],[110.92,73.95],[111.06,73.94],[111.13,74.05],[111.34,74.05],[111.55,74.03],[111.46,74.0],[111.23,73.97],[111.3,73.88],[111.4,73.83],[111.8,73.75],[112.15,73.71],[112.4,73.71],[112.8,73.75],[112.86,73.77],[112.94,73.84],[112.84,73.96],[112.93,73.95],[113.03,73.91],[113.18,73.84],[113.33,73.71],[113.42,73.65],[113.36,73.58],[113.16,73.46],[113.28,73.39],[113.49,73.35],[113.49,73.15],[113.47,73.05],[113.37,72.94],[113.25,72.9],[113.13,72.83],[113.16,72.77],[113.19,72.73],[113.31,72.66],[113.66,72.63],[113.71,72.65],[113.63,72.68],[113.39,72.71],[113.3,72.74],[113.22,72.81],[113.31,72.88],[113.42,72.93],[113.54,73.05],[113.58,73.14],[113.56,73.23],[113.64,73.27],[113.77,73.32],[113.83,73.33],[113.89,73.35],[113.8,73.37],[113.71,73.38],[113.54,73.43],[113.51,73.5],[113.86,73.53],[114.06,73.58],[114.82,73.61],[115.34,73.7],[116.5,73.68],[117.31,73.6],[118.45,73.59],[118.87,73.54],[118.91,73.52],[118.94,73.48],[118.75,73.46],[118.46,73.46],[118.38,73.37],[118.43,73.25],[118.96,73.12],[119.43,73.06],[119.75,72.98],[119.92,72.97],[120.6,72.98],[121.0,72.94],[121.35,72.97],[121.75,72.97],[121.89,72.96],[122.03,72.9],[122.26,72.88],[122.54,72.88],[122.69,72.89],[122.75,72.91],[122.73,72.93],[122.5,72.97],[122.53,73.02],[122.62,73.03],[123.0,72.96],[123.16,72.95],[123.3,73.0],[123.4,73.09],[123.46,73.14],[123.52,73.17],[123.57,73.18],[123.62,73.19],[123.5,73.26],[123.38,73.35],[123.36,73.4],[123.32,73.43],[123.31,73.53],[123.42,73.64],[123.49,73.67],[123.8,73.63],[123.93,73.69],[124.02,73.71],[124.39,73.75],[124.54,73.75],[124.8,73.71],[125.62,73.52],[125.6,73.45],[125.79,73.47],[125.89,73.5],[126.11,73.52],[126.25,73.55],[126.3,73.54],[126.34,73.51],[126.31,73.46],[126.26,73.42],[126.29,73.39],[126.34,73.39],[126.55,73.33],[126.84,73.43],[126.96,73.53],[127.03,73.55],[127.74,73.48],[127.96,73.45],[128.0,73.43],[128.03,73.39],[128.14,73.35],[128.28,73.33],[128.26,73.3],[128.26,73.27],[128.59,73.26],[128.73,73.23],[128.89,73.19],[128.87,73.14],[128.91,73.11],[129.06,73.11],[129.1,73.11],[129.05,73.05],[128.85,72.97],[128.74,72.94],[128.6,72.9],[128.67,72.89],[129.02,72.87],[129.23,72.78],[129.25,72.71],[129.12,72.68],[128.82,72.59],[128.63,72.55],[128.51,72.55],[128.42,72.54],[128.55,72.5],[129.12,72.49],[129.28,72.44],[129.41,72.32],[129.41,72.17],[129.28,72.09],[128.93,72.08],[128.48,72.25],[128.2,72.31],[127.8,72.43],[127.73,72.41],[127.84,72.31],[128.03,72.25],[128.36,72.09],[128.91,71.76],[129.04,71.78],[129.12,71.82],[129.15,71.88],[129.12,71.95],[129.21,71.92],[129.29,71.85],[129.46,71.74],[129.23,71.74],[128.95,71.71],[128.84,71.66],[128.92,71.6],[129.13,71.59],[129.22,71.51],[129.39,71.4],[129.76,71.12],[130.03,71.07],[130.28,70.95],[130.54,70.89],[130.67,70.89],[130.76,70.96],[130.83,70.94],[130.9,70.8],[131.02,70.75],[131.16,70.74],[131.27,70.77],[131.43,70.83],[131.56,70.9],[131.77,71.1],[131.91,71.2],[132.04,71.24],[131.99,71.29],[132.0,71.35],[132.1,71.48],[132.23,71.64],[132.33,71.73],[132.56,71.9],[132.65,71.93],[132.72,71.87],[132.77,71.8],[132.8,71.77],[132.84,71.76],[133.13,71.61],[133.43,71.49],[133.69,71.43],[134.1,71.38],[134.7,71.39],[134.81,71.46],[135.02,71.52],[135.36,71.54],[135.56,71.61],[135.88,71.63],[136.09,71.62],[136.41,71.57],[137.12,71.42],[137.32,71.36],[137.42,71.3],[137.65,71.21],[137.8,71.16],[137.94,71.13],[137.99,71.14],[137.97,71.17],[137.9,71.19],[137.84,71.23],[138.01,71.26],[138.03,71.29],[138.09,71.31],[138.31,71.33],[138.1,71.36],[138.02,71.36],[137.92,71.38],[137.93,71.43],[138.0,71.46],[138.05,71.53],[138.12,71.57],[138.23,71.6],[138.32,71.6],[138.53,71.56],[138.67,71.63],[138.78,71.63],[139.0,71.56],[139.21,71.44],[139.32,71.44],[139.63,71.49],[139.98,71.49],[139.94,71.56],[139.7,71.7],[139.72,71.88],[139.55,71.93],[139.36,71.95],[139.64,72.0],[139.85,72.15],[140.01,72.16],[140.19,72.19],[140.13,72.21],[139.62,72.23],[139.51,72.21],[139.43,72.16],[139.18,72.16],[139.15,72.26],[139.14,72.33],[139.47,72.47],[139.6,72.5],[140.45,72.49],[140.71,72.52],[141.08,72.59],[140.98,72.63],[140.97,72.72],[140.65,72.84],[140.68,72.87],[140.71,72.89],[140.81,72.89],[141.31,72.86],[141.52,72.79],[142.06,72.72],[143.52,72.7],[143.68,72.67],[144.3,72.64],[144.57,72.61],[145.2,72.57],[145.49,72.54],[145.71,72.5],[146.08,72.47],[146.25,72.44],[146.23,72.35],[145.47,72.36],[145.21,72.39],[144.9,72.4],[144.78,72.38],[144.59,72.31],[144.36,72.27],[144.17,72.26],[144.29,72.19],[144.47,72.17],[145.04,72.26],[146.59,72.3],[146.83,72.3],[146.81,72.24],[146.6,72.12],[146.4,72.04],[146.11,71.94],[146.01,71.95],[146.23,72.14],[146.14,72.15],[146.05,72.14],[145.8,72.22],[145.76,72.23],[145.71,72.21],[145.71,72.18],[145.66,72.07],[145.76,72.02],[145.76,71.94],[145.41,71.89],[145.27,71.89],[145.13,71.93],[145.06,71.93],[145.05,71.9],[145.08,71.85],[145.07,71.83],[145.02,71.79],[144.99,71.75],[145.08,71.71],[145.19,71.7],[145.8,71.75],[146.07,71.81],[146.37,71.92],[146.89,72.2],[147.13,72.29],[147.26,72.33],[147.43,72.34],[148.4,72.31],[148.96,72.25],[149.5,72.16],[149.77,72.09],[149.96,71.99],[150.0,71.95],[150.02,71.9],[149.88,71.84],[149.28,71.83],[149.05,71.8],[148.97,71.76],[148.95,71.74],[148.92,71.71],[148.97,71.69],[149.24,71.69],[149.5,71.66],[149.86,71.6],[149.91,71.58],[150.03,71.52],[150.06,71.51],[150.6,71.52],[150.63,71.5],[150.67,71.46],[150.53,71.39],[150.38,71.34],[150.1,71.23],[150.24,71.27],[150.82,71.36],[150.97,71.38],[151.15,71.37],[151.58,71.29],[151.76,71.22],[152.09,71.02],[152.0,71.0],[151.76,70.98],[152.51,70.83],[152.8,70.84],[153.46,70.88],[153.79,70.88],[154.41,70.97],[155.03,71.03],[155.6,71.04],[155.9,71.1],[156.68,71.09],[157.45,71.07],[158.04,71.04],[158.7,70.94],[159.35,70.79],[159.73,70.65],[159.8,70.6],[159.91,70.51],[159.96,70.42],[160.01,70.31],[159.98,70.22],[159.89,70.16],[159.83,70.08],[159.84,69.99],[159.73,69.87],[159.83,69.78],[160.12,69.73],[160.74,69.66],[160.91,69.61],[160.93,69.46],[160.98,69.33],[161.04,69.1],[161.14,69.04],[161.31,68.98],[161.34,68.91],[161.13,68.65],[161.0,68.61],[160.86,68.54],[161.1,68.56],[161.23,68.65],[161.37,68.82],[161.5,68.85],[161.57,68.91],[161.57,69.06],[161.48,69.2],[161.48,69.3],[161.54,69.38],[161.95,69.55],[162.17,69.61],[162.38,69.65],[162.94,69.68],[163.2,69.71],[163.5,69.69],[163.71,69.7],[163.95,69.74],[164.16,69.72],[164.51,69.61],[165.76,69.58],[165.98,69.55],[166.82,69.5],[166.88,69.5],[167.07,69.55],[167.63,69.74],[167.86,69.73],[167.95,69.7],[168.05,69.63],[168.15,69.58],[168.23,69.45],[168.3,69.27],[168.42,69.24],[168.59,69.23],[168.95,69.16],[169.31,69.08],[169.41,68.92],[169.61,68.79],[170.07,68.8],[170.54,68.83],[171.0,69.05],[171.0,69.13],[170.88,69.26],[170.71,69.39],[170.58,69.58],[170.16,69.63],[170.2,69.68],[170.36,69.75],[170.5,69.86],[170.53,69.94],[170.49,70.11],[170.87,70.1],[171.25,70.08],[171.97,70.0],[172.56,69.97],[172.87,69.92],[173.06,69.86],[173.28,69.82],[173.35,69.92],[173.44,69.95],[173.73,69.89],[173.95,69.87],[174.32,69.88],[174.79,69.86],[175.3,69.86],[175.75,69.9],[175.92,69.9],[176.11,69.86],[176.41,69.77],[176.92,69.65],[177.39,69.61],[177.93,69.5],[178.44,69.45],[178.85,69.39],[178.91,69.36],[178.93,69.33],[178.95,69.3],[179.27,69.26],[179.87,69.01],[180.0,68.98],[180.0,65.07],[179.83,65.03],[179.65,64.92],[179.45,64.82],[179.15,64.78],[178.7,64.63],[178.52,64.6],[178.29,64.67],[177.75,64.72],[177.58,64.78],[177.34,64.93],[177.25,64.95],[177.18,65.01],[176.88,65.08],[176.62,65.04],[176.41,65.07],[176.34,65.05],[176.45,65.03],[176.65,65.01],[176.94,65.02],[177.04,65.0],[177.12,64.95],[177.22,64.86],[177.15,64.8],[177.07,64.79],[176.83,64.85],[176.56,64.84],[176.43,64.86],[176.06,64.96],[175.78,64.84],[175.4,64.78],[175.1,64.78],[174.55,64.68],[174.7,64.68],[175.1,64.75],[175.33,64.75],[175.68,64.78],[175.86,64.83],[175.95,64.87],[176.06,64.9],[176.17,64.88],[176.25,64.84],[176.3,64.78],[176.35,64.71],[176.28,64.66],[176.22,64.64],[176.14,64.59],[176.51,64.68],[176.73,64.62],[176.84,64.63],[177.05,64.72],[177.39,64.77],[177.43,64.76],[177.47,64.74],[177.41,64.57],[177.43,64.44],[177.69,64.3],[177.95,64.22],[178.04,64.22],[178.13,64.24],[178.16,64.31],[178.23,64.36],[178.31,64.31],[178.38,64.26],[178.48,64.13],[178.47,64.09],[178.45,64.01],[178.54,63.98],[178.65,63.97],[178.69,63.84],[178.73,63.67],[178.68,63.65],[178.63,63.65],[178.44,63.61],[178.47,63.57],[178.65,63.56],[178.71,63.52],[178.67,63.44],[178.68,63.4],[178.74,63.39],[178.79,63.44],[178.78,63.51],[178.79,63.54],[178.92,63.4],[178.92,63.35],[179.03,63.28],[179.33,63.19],[179.39,63.15],[179.41,63.08],[179.33,63.06],[179.26,63.01],[179.3,62.94],[179.38,62.88],[179.51,62.86],[179.57,62.77],[179.57,62.69],[179.48,62.61],[179.29,62.51],[179.18,62.47],[179.13,62.4],[179.12,62.32],[179.04,62.32],[178.96,62.36],[178.02,62.55],[177.66,62.58],[177.35,62.59],[177.29,62.6],[177.3,62.64],[177.32,62.69],[177.36,62.74],[177.34,62.78],[177.3,62.78],[177.26,62.75],[177.17,62.75],[177.09,62.79],[177.02,62.78],[176.99,62.72],[176.96,62.69],[176.96,62.66],[177.01,62.63],[177.19,62.59],[177.16,62.56],[176.91,62.54],[176.7,62.51],[176.44,62.41],[176.33,62.35],[175.61,62.18],[175.44,62.13],[175.37,62.12],[175.27,62.1],[175.19,62.03],[174.8,61.94],[174.72,61.95],[174.61,61.87],[174.51,61.82],[174.28,61.82],[174.14,61.8],[173.82,61.68],[173.62,61.72],[173.39,61.56],[173.13,61.41],[173.05,61.41],[172.86,61.47],[172.81,61.44],[172.84,61.38],[172.91,61.31],[172.87,61.29],[172.79,61.31],[172.73,61.31],[172.69,61.3],[172.7,61.25],[172.58,61.19],[172.5,61.19],[172.4,61.17],[172.36,61.12],[172.39,61.06],[172.21,61.0],[172.07,60.92],[172.0,60.9],[171.92,60.86],[171.83,60.84],[171.73,60.84],[171.49,60.73],[170.95,60.52],[170.8,60.5],[170.61,60.43],[170.59,60.39],[170.59,60.34],[170.51,60.26],[170.42,60.05],[170.4,60.01],[170.35,59.97],[170.15,59.99],[169.98,60.07],[169.93,60.1],[169.9,60.15],[169.89,60.22],[169.85,60.25],[169.81,60.27],[169.62,60.44],[169.28,60.56],[169.23,60.6],[168.79,60.56],[168.67,60.56],[168.46,60.59],[168.14,60.57],[167.75,60.51],[167.63,60.47],[167.23,60.41],[166.96,60.31],[166.45,59.95],[166.33,59.87],[166.27,59.86],[166.19,59.85],[166.15,59.92],[166.14,59.98],[166.17,60.09],[166.23,60.18],[166.29,60.35],[166.31,60.41],[166.35,60.48],[166.18,60.48],[165.94,60.36],[165.58,60.24],[165.42,60.21],[165.29,60.13],[165.19,60.12],[165.08,60.1],[165.07,59.95],[165.02,59.86],[164.95,59.84],[164.85,59.84],[164.78,59.87],[164.67,60.0],[164.53,60.06],[164.44,60.07],[164.38,60.06],[164.25,59.97],[164.11,59.9],[164.14,59.98],[164.02,60.02],[163.91,60.04],[163.78,60.04],[163.74,60.03],[163.69,59.98],[163.57,59.91],[163.49,59.89],[163.41,59.83],[163.36,59.78],[163.32,59.71],[163.27,59.52],[163.27,59.3],[163.08,59.13],[163.01,59.15],[162.97,59.14],[162.94,59.11],[163.0,59.02],[162.97,58.99],[162.93,58.96],[162.85,58.94],[162.64,58.8],[162.45,58.71],[162.14,58.45],[162.05,58.27],[161.96,58.08],[162.0,57.98],[162.04,57.92],[162.1,57.87],[162.2,57.83],[162.41,57.78],[162.39,57.75],[162.39,57.72],[162.47,57.77],[162.52,57.9],[162.65,57.95],[162.72,57.95],[163.15,57.84],[163.23,57.79],[163.21,57.69],[163.19,57.64],[163.11,57.56],[162.96,57.48],[162.78,57.36],[162.76,57.28],[162.76,57.24],[162.81,57.1],[162.81,57.02],[162.79,56.88],[162.8,56.81],[162.85,56.76],[162.92,56.72],[163.05,56.74],[163.17,56.73],[163.26,56.69],[163.24,56.56],[163.29,56.45],[163.34,56.23],[163.26,56.17],[163.19,56.14],[163.05,56.04],[162.97,56.03],[162.84,56.07],[162.63,56.23],[162.71,56.33],[162.89,56.4],[162.98,56.45],[163.04,56.52],[162.94,56.51],[162.88,56.48],[162.67,56.49],[162.59,56.45],[162.49,56.4],[162.53,56.26],[162.46,56.24],[162.33,56.19],[162.15,56.13],[162.08,56.09],[161.92,55.84],[161.78,55.65],[161.72,55.5],[161.73,55.36],[161.78,55.21],[161.82,55.14],[162.0,55.0],[162.08,54.89],[162.11,54.75],[161.97,54.69],[161.73,54.53],[161.62,54.52],[161.29,54.52],[161.13,54.6],[160.94,54.58],[160.77,54.54],[160.52,54.43],[160.29,54.29],[160.07,54.19],[160.01,54.13],[159.92,54.01],[159.84,53.78],[159.87,53.67],[159.91,53.62],[159.96,53.55],[159.9,53.45],[159.9,53.38],[160.0,53.27],[160.03,53.13],[159.95,53.13],[159.77,53.23],[159.59,53.24],[159.14,53.12],[158.95,53.05],[158.75,52.91],[158.68,52.94],[158.64,53.01],[158.56,53.05],[158.47,53.03],[158.43,52.96],[158.56,52.92],[158.61,52.87],[158.53,52.69],[158.48,52.63],[158.5,52.46],[158.49,52.38],[158.46,52.3],[158.33,52.09],[158.1,51.81],[157.82,51.61],[157.63,51.53],[157.53,51.48],[157.49,51.41],[157.2,51.21],[156.85,51.01],[156.75,50.97],[156.72,51.05],[156.71,51.12],[156.67,51.23],[156.54,51.31],[156.52,51.38],[156.5,51.48],[156.49,51.91],[156.38,52.37],[156.36,52.51],[156.23,52.63],[156.15,52.75],[156.11,52.87],[156.1,53.01],[155.95,53.74],[155.9,53.93],[155.71,54.52],[155.62,54.86],[155.56,55.2],[155.55,55.35],[155.64,55.79],[155.72,56.07],[155.98,56.7],[156.03,56.75],[156.07,56.78],[156.53,57.02],[156.73,57.15],[156.85,57.29],[156.98,57.47],[156.96,57.56],[156.95,57.62],[156.9,57.68],[156.79,57.75],[156.83,57.78],[156.87,57.8],[156.99,57.83],[157.22,57.78],[157.45,57.8],[157.67,58.02],[157.97,57.99],[158.21,58.03],[158.28,58.01],[158.32,58.08],[158.45,58.16],[158.69,58.28],[159.04,58.42],[159.21,58.52],[159.31,58.61],[159.45,58.7],[159.59,58.8],[159.85,59.13],[160.35,59.39],[160.55,59.55],[160.71,59.6],[160.86,59.63],[161.22,59.85],[161.45,60.03],[161.75,60.15],[161.85,60.23],[162.0,60.42],[162.07,60.47],[162.27,60.54],[162.71,60.66],[162.97,60.78],[163.35,60.8],[163.47,60.85],[163.59,60.88],[163.71,60.92],[163.55,61.03],[163.59,61.08],[163.62,61.11],[163.89,61.24],[164.01,61.34],[163.99,61.39],[163.97,61.42],[163.8,61.46],[163.84,61.56],[163.88,61.64],[164.02,61.71],[164.07,61.87],[164.07,62.05],[164.21,62.29],[164.29,62.35],[164.6,62.47],[164.67,62.47],[164.89,62.43],[165.12,62.41],[165.21,62.37],[165.23,62.41],[165.21,62.45],[165.28,62.46],[165.42,62.45],[165.4,62.49],[165.04,62.52],[164.79,62.57],[164.57,62.68],[164.42,62.7],[164.26,62.7],[163.33,62.55],[163.29,62.51],[163.24,62.46],[163.3,62.37],[163.26,62.34],[163.21,62.31],[163.16,62.26],[163.12,62.15],[163.13,62.05],[163.02,61.89],[163.01,61.79],[163.21,61.74],[163.26,61.7],[163.2,61.64],[163.14,61.61],[163.09,61.57],[163.05,61.55],[162.99,61.54],[162.92,61.6],[162.86,61.71],[162.75,61.71],[162.72,61.7],[162.7,61.65],[162.61,61.65],[162.51,61.67],[162.39,61.66],[162.19,61.54],[161.04,60.96],[160.92,60.89],[160.77,60.75],[160.48,60.74],[160.37,60.71],[160.29,60.67],[160.17,60.64],[160.18,60.69],[160.2,60.73],[160.23,60.83],[160.38,61.03],[160.28,61.04],[160.18,61.05],[160.0,61.01],[159.88,60.94],[159.79,60.96],[159.83,61.01],[159.95,61.13],[159.91,61.23],[159.88,61.29],[159.93,61.32],[160.16,61.54],[160.25,61.65],[160.32,61.79],[160.32,61.84],[160.31,61.89],[160.24,61.9],[160.18,61.9],[159.72,61.76],[159.55,61.72],[159.5,61.78],[159.42,61.81],[159.3,61.91],[159.19,61.93],[159.08,61.92],[158.82,61.85],[158.55,61.81],[158.33,61.83],[158.15,61.76],[158.07,61.75],[157.8,61.8],[157.47,61.8],[157.37,61.75],[157.08,61.68],[156.89,61.57],[156.79,61.53],[156.68,61.48],[156.63,61.27],[156.48,61.21],[156.34,61.16],[156.06,61.0],[155.85,60.78],[155.72,60.68],[155.43,60.55],[154.97,60.38],[154.58,60.1],[154.44,59.88],[154.39,59.88],[154.29,59.83],[154.27,59.73],[154.27,59.66],[154.21,59.6],[154.15,59.53],[154.21,59.48],[154.27,59.48],[154.36,59.48],[154.58,59.54],[154.97,59.45],[155.17,59.36],[155.15,59.27],[155.16,59.19],[155.02,59.2],[154.82,59.19],[154.7,59.14],[154.46,59.22],[154.38,59.19],[154.25,59.11],[154.01,59.08],[153.89,59.11],[153.7,59.22],[153.36,59.21],[153.27,59.09],[153.2,59.09],[153.08,59.08],[152.88,58.94],[152.82,58.93],[152.58,58.95],[152.4,59.03],[152.32,59.03],[152.17,59.0],[152.09,58.91],[151.7,58.87],[151.33,58.88],[151.12,59.08],[151.5,59.16],[151.73,59.15],[151.99,59.16],[152.26,59.22],[152.17,59.28],[152.1,59.29],[151.94,59.28],[151.8,59.32],[151.49,59.52],[151.35,59.56],[151.17,59.58],[151.03,59.59],[150.98,59.57],[150.91,59.52],[150.86,59.48],[150.82,59.46],[150.73,59.47],[150.62,59.51],[150.48,59.49],[150.54,59.52],[150.67,59.56],[150.46,59.59],[150.33,59.64],[150.2,59.65],[149.64,59.77],[149.42,59.76],[149.29,59.73],[149.07,59.63],[149.13,59.56],[149.18,59.53],[149.2,59.49],[149.13,59.48],[148.93,59.48],[148.8,59.53],[148.71,59.45],[148.74,59.37],[148.89,59.4],[148.96,59.37],[148.91,59.28],[148.73,59.26],[148.49,59.26],[148.26,59.41],[147.87,59.39],[147.69,59.29],[147.51,59.27],[147.04,59.37],[146.8,59.37],[146.54,59.46],[146.44,59.43],[146.27,59.22],[146.05,59.17],[145.93,59.2],[145.83,59.33],[145.76,59.37],[145.55,59.41],[144.48,59.38],[144.12,59.41],[143.87,59.41],[143.52,59.34],[143.19,59.37],[142.58,59.24],[142.33,59.15],[142.03,59.0],[141.75,58.75],[141.6,58.65],[141.35,58.53],[140.99,58.42],[140.79,58.3],[140.68,58.21],[140.5,57.87],[140.45,57.81],[140.0,57.69],[139.86,57.55],[139.8,57.51],[139.62,57.46],[139.51,57.36],[139.44,57.33],[139.18,57.26],[138.97,57.09],[138.66,56.97],[138.22,56.63],[138.18,56.59],[138.14,56.5],[138.07,56.43],[137.69,56.14],[137.57,56.11],[137.38,55.97],[137.19,55.89],[137.01,55.8],[136.79,55.69],[136.46,55.58],[136.35,55.51],[136.18,55.35],[135.75,55.16],[135.54,55.11],[135.26,54.94],[135.23,54.9],[135.21,54.84],[135.26,54.73],[135.33,54.71],[135.44,54.69],[135.85,54.58],[136.24,54.61],[136.58,54.61],[136.71,54.62],[136.8,54.62],[136.82,54.56],[136.82,54.45],[136.77,54.35],[136.73,54.06],[136.68,53.93],[136.72,53.8],[136.8,53.78],[136.89,53.84],[137.02,53.85],[137.16,53.82],[137.26,54.03],[137.17,54.06],[137.1,54.13],[137.14,54.18],[137.38,54.28],[137.53,54.29],[137.67,54.28],[137.51,54.16],[137.45,54.13],[137.4,54.12],[137.34,54.1],[137.48,54.03],[137.62,53.97],[137.83,53.95],[137.79,53.9],[137.64,53.87],[137.52,53.71],[137.31,53.63],[137.22,53.58],[137.25,53.55],[137.33,53.54],[137.74,53.56],[137.95,53.6],[138.25,53.73],[138.38,53.91],[138.49,53.96],[138.53,53.96],[138.57,53.95],[138.57,53.82],[138.41,53.67],[138.29,53.59],[138.25,53.52],[138.32,53.52],[138.45,53.54],[138.51,53.57],[138.66,53.74],[138.7,53.87],[138.72,54.04],[138.7,54.15],[138.72,54.22],[138.66,54.3],[138.7,54.32],[139.11,54.22],[139.32,54.19],[139.71,54.28],[139.8,54.26],[139.86,54.21],[140.18,54.05],[140.24,54.0],[140.35,53.81],[140.69,53.6],[141.01,53.49],[141.02,53.45],[141.22,53.33],[141.37,53.29],[141.4,53.18],[141.33,53.1],[141.18,53.02],[140.89,53.09],[140.84,53.09],[140.87,53.04],[141.09,52.9],[141.26,52.84],[141.27,52.65],[141.25,52.55],[141.13,52.44],[141.17,52.37],[141.33,52.27],[141.41,52.23],[141.49,52.18],[141.39,52.06],[141.37,51.92],[141.26,51.86],[141.13,51.73],[140.93,51.62],[140.84,51.41],[140.69,51.23],[140.67,51.05],[140.65,50.99],[140.52,50.8],[140.48,50.55],[140.54,50.13],[140.56,50.11],[140.62,50.08],[140.61,50.05],[140.58,50.03],[140.46,49.91],[140.46,49.83],[140.51,49.76],[140.52,49.6],[140.43,49.33],[140.4,49.29],[140.36,49.22],[140.35,49.16],[140.33,49.12],[140.31,49.05],[140.33,48.99],[140.38,48.96],[140.22,48.77],[140.17,48.52],[140.11,48.42],[140.0,48.32],[139.76,48.18],[139.68,48.09],[139.52,47.98],[139.37,47.89],[139.17,47.63],[139.0,47.38],[138.59,47.06],[138.53,46.98],[138.5,46.89],[138.39,46.75],[138.34,46.54],[138.21,46.46],[138.11,46.25],[137.77,45.93],[137.69,45.82],[137.43,45.64],[137.15,45.39],[136.8,45.17],[136.74,45.08],[136.6,44.98],[136.46,44.82],[136.25,44.67],[136.21,44.56],[136.14,44.49],[135.99,44.44],[135.87,44.37],[135.53,43.97],[135.49,43.9],[135.48,43.84],[135.26,43.68],[135.13,43.53],[134.92,43.43],[134.69,43.29],[134.16,43.04],[134.01,42.95],[133.71,42.83],[133.59,42.83],[133.33,42.76],[133.16,42.7],[133.06,42.72],[133.0,42.81],[132.92,42.81],[132.86,42.79],[132.71,42.88],[132.58,42.87],[132.48,42.91],[132.3,42.88],[132.33,43.24],[132.31,43.31],[132.23,43.25],[132.03,43.12],[131.95,43.1],[131.87,43.1],[131.9,43.17],[132.01,43.28],[131.98,43.3],[131.94,43.3],[131.79,43.26],[131.72,43.2],[131.52,43.0],[131.39,42.82],[131.29,42.77],[131.25,42.7],[131.16,42.63],[131.02,42.65],[130.95,42.63],[130.76,42.67],[130.71,42.66],[130.83,42.52],[130.73,42.33],[130.69,42.3]]],[[[47.44,80.85],[47.9,80.81],[48.24,80.82],[48.35,80.82],[48.45,80.81],[48.55,80.78],[48.69,80.72],[48.68,80.63],[48.63,80.63],[48.04,80.67],[47.78,80.76],[47.71,80.77],[47.6,80.74],[47.51,80.69],[47.41,80.67],[47.3,80.61],[47.2,80.61],[47.14,80.61],[47.01,80.56],[46.68,80.56],[46.62,80.54],[46.51,80.48],[46.38,80.46],[46.14,80.45],[46.06,80.48],[46.02,80.54],[45.97,80.57],[45.64,80.54],[45.39,80.56],[45.15,80.6],[44.9,80.61],[45.12,80.65],[46.33,80.74],[46.8,80.76],[47.02,80.81],[47.35,80.85],[47.44,80.85]]],[[[50.28,80.93],[50.43,80.91],[50.8,80.91],[50.92,80.89],[51.45,80.74],[51.59,80.74],[51.7,80.69],[51.15,80.6],[50.96,80.54],[50.28,80.53],[49.85,80.5],[49.75,80.47],[49.79,80.43],[49.59,80.38],[48.9,80.37],[48.81,80.35],[48.68,80.3],[48.69,80.29],[48.92,80.28],[48.96,80.27],[48.99,80.24],[49.01,80.21],[48.98,80.16],[48.89,80.16],[48.8,80.16],[48.58,80.2],[48.55,80.18],[48.53,80.16],[48.47,80.11],[48.39,80.1],[48.17,80.13],[48.1,80.12],[48.03,80.1],[47.94,80.09],[47.74,80.08],[47.63,80.11],[47.72,80.15],[47.98,80.21],[47.89,80.24],[47.64,80.25],[47.44,80.23],[47.34,80.19],[47.25,80.18],[46.99,80.18],[46.85,80.24],[46.74,80.26],[46.64,80.3],[47.4,80.44],[47.66,80.5],[47.9,80.53],[48.21,80.54],[48.31,80.56],[48.4,80.57],[48.46,80.56],[48.63,80.51],[49.09,80.52],[49.19,80.56],[49.19,80.66],[49.15,80.71],[49.24,80.82],[49.51,80.87],[50.12,80.92],[50.28,80.93]]],[[[67.77,76.24],[67.37,76.16],[67.13,76.11],[66.89,76.07],[66.66,76.05],[66.28,75.98],[65.62,75.9],[65.2,75.84],[64.74,75.79],[64.26,75.72],[63.78,75.67],[63.66,75.67],[63.32,75.6],[63.05,75.58],[62.07,75.43],[61.62,75.32],[61.49,75.31],[61.36,75.31],[61.25,75.28],[61.15,75.22],[60.94,75.16],[60.83,75.11],[60.72,75.07],[60.66,75.06],[60.53,75.06],[60.48,75.05],[60.28,75.01],[60.24,74.97],[60.45,74.95],[60.5,74.9],[60.44,74.88],[60.3,74.84],[60.22,74.8],[60.08,74.76],[59.98,74.74],[59.75,74.75],[59.73,74.7],[59.77,74.66],[59.75,74.64],[59.67,74.61],[59.6,74.61],[59.24,74.69],[59.18,74.67],[59.16,74.61],[59.15,74.55],[59.1,74.51],[59.04,74.49],[58.93,74.46],[58.53,74.5],[58.5,74.46],[58.56,74.42],[58.65,74.33],[58.67,74.29],[58.62,74.23],[58.44,74.13],[57.77,74.01],[57.78,73.97],[57.85,73.9],[57.87,73.85],[57.84,73.81],[57.76,73.77],[57.66,73.77],[57.6,73.78],[57.45,73.83],[57.31,73.84],[57.29,73.81],[57.46,73.75],[57.54,73.66],[57.46,73.61],[57.13,73.5],[56.96,73.37],[56.63,73.3],[56.43,73.3],[56.23,73.31],[56.03,73.35],[55.55,73.36],[55.28,73.39],[55.01,73.45],[54.77,73.45],[54.57,73.42],[54.3,73.35],[54.13,73.48],[54.2,73.54],[53.84,73.7],[53.76,73.77],[53.85,73.8],[53.96,73.82],[54.17,73.89],[54.39,73.94],[54.61,73.95],[54.64,73.96],[54.73,74.03],[54.83,74.1],[54.92,74.13],[55.02,74.19],[55.34,74.42],[55.42,74.44],[56.08,74.48],[56.14,74.5],[55.95,74.54],[55.75,74.54],[55.66,74.56],[55.61,74.59],[55.58,74.63],[55.66,74.66],[55.91,74.8],[56.22,74.9],[56.5,74.96],[56.43,74.97],[56.34,75.01],[56.0,75.0],[55.86,75.06],[55.82,75.09],[55.81,75.12],[55.92,75.17],[56.04,75.19],[56.16,75.19],[56.29,75.16],[56.39,75.14],[56.49,75.1],[56.57,75.1],[56.88,75.24],[56.83,75.28],[56.81,75.33],[56.84,75.35],[56.99,75.38],[57.09,75.38],[57.3,75.37],[57.61,75.34],[57.63,75.36],[57.71,75.45],[57.78,75.51],[58.09,75.59],[58.07,75.62],[58.06,75.66],[58.42,75.72],[58.65,75.78],[58.88,75.85],[58.99,75.87],[59.11,75.87],[59.35,75.91],[59.78,75.95],[60.04,75.98],[60.12,76.07],[60.28,76.1],[60.61,76.11],[60.73,76.1],[60.8,76.07],[60.94,76.07],[61.0,76.09],[61.05,76.12],[61.04,76.17],[61.03,76.23],[61.16,76.27],[61.2,76.28],[61.57,76.3],[61.79,76.29],[62.24,76.24],[62.47,76.23],[62.78,76.25],[62.97,76.24],[63.53,76.31],[64.46,76.38],[64.71,76.43],[64.95,76.48],[65.07,76.5],[65.2,76.5],[65.31,76.52],[65.53,76.57],[65.64,76.58],[65.76,76.58],[65.86,76.61],[65.96,76.69],[66.06,76.75],[66.35,76.82],[66.83,76.92],[67.26,76.96],[67.53,77.01],[67.65,77.01],[68.02,76.99],[68.49,76.93],[68.7,76.87],[68.87,76.79],[68.91,76.76],[68.94,76.71],[68.89,76.66],[68.86,76.61],[68.9,76.57],[68.56,76.45],[68.22,76.31],[68.17,76.28],[67.77,76.24]]],[[[55.32,73.31],[55.79,73.27],[56.14,73.26],[56.35,73.23],[56.43,73.2],[56.4,73.14],[56.33,73.11],[56.19,73.03],[56.17,72.98],[56.19,72.9],[56.17,72.85],[56.12,72.81],[56.08,72.79],[55.82,72.79],[55.72,72.77],[55.72,72.72],[55.7,72.67],[55.62,72.6],[55.44,72.58],[55.4,72.55],[55.42,72.5],[55.36,72.47],[55.36,72.41],[55.39,72.38],[55.4,72.31],[55.52,72.22],[55.49,72.18],[55.4,72.11],[55.38,72.01],[55.3,71.94],[55.47,71.87],[55.55,71.78],[55.61,71.69],[55.82,71.51],[56.04,71.35],[56.45,71.11],[56.89,70.93],[57.07,70.88],[57.48,70.79],[57.56,70.77],[57.63,70.73],[57.45,70.66],[57.26,70.64],[57.25,70.61],[57.15,70.59],[56.65,70.65],[56.62,70.66],[56.57,70.7],[56.51,70.73],[56.39,70.73],[56.26,70.71],[56.33,70.68],[56.42,70.66],[56.56,70.59],[56.5,70.57],[56.43,70.56],[56.14,70.66],[56.11,70.65],[56.09,70.62],[55.94,70.65],[55.91,70.63],[55.8,70.62],[55.71,70.64],[55.71,70.68],[55.69,70.69],[55.24,70.67],[55.05,70.67],[54.87,70.68],[54.65,70.74],[54.61,70.71],[54.6,70.68],[54.52,70.69],[54.33,70.74],[54.2,70.76],[53.72,70.81],[53.38,70.87],[53.47,70.9],[53.61,70.91],[53.62,70.95],[53.59,71.0],[53.59,71.05],[53.67,71.09],[53.86,71.07],[53.83,71.13],[53.92,71.14],[54.09,71.11],[54.16,71.13],[53.89,71.2],[53.59,71.3],[53.62,71.33],[53.52,71.34],[53.41,71.34],[53.32,71.4],[53.33,71.48],[53.41,71.53],[53.36,71.54],[52.91,71.5],[52.68,71.51],[52.42,71.54],[52.18,71.49],[51.94,71.47],[51.81,71.49],[51.69,71.53],[51.59,71.57],[51.51,71.65],[51.44,71.78],[51.43,71.83],[51.44,71.93],[51.48,71.98],[51.58,72.07],[51.65,72.1],[51.81,72.14],[51.89,72.15],[52.07,72.13],[52.25,72.13],[52.33,72.15],[52.41,72.2],[52.46,72.25],[52.59,72.28],[52.62,72.3],[52.66,72.34],[52.71,72.39],[52.71,72.44],[52.75,72.48],[52.86,72.55],[52.82,72.59],[52.84,72.62],[52.92,72.67],[52.68,72.68],[52.6,72.7],[52.53,72.74],[52.55,72.77],[52.58,72.79],[52.81,72.88],[52.91,72.9],[53.02,72.91],[53.13,72.91],[53.25,72.9],[53.37,72.92],[53.25,72.97],[53.24,73.01],[53.19,73.1],[53.2,73.15],[53.25,73.18],[53.36,73.22],[53.51,73.24],[53.63,73.26],[53.75,73.29],[53.87,73.3],[54.09,73.28],[54.2,73.28],[54.33,73.3],[54.68,73.37],[54.8,73.39],[54.94,73.38],[55.12,73.36],[55.32,73.31]]],[[[96.53,81.08],[96.56,81.03],[96.69,80.99],[96.75,80.96],[97.41,80.84],[97.7,80.83],[97.83,80.8],[97.87,80.76],[97.86,80.7],[97.75,80.7],[97.67,80.68],[97.22,80.65],[97.11,80.61],[97.03,80.54],[97.07,80.52],[97.12,80.5],[97.25,80.36],[97.29,80.34],[97.42,80.32],[97.3,80.27],[97.18,80.24],[95.86,80.18],[94.96,80.15],[94.66,80.12],[94.57,80.13],[94.33,80.08],[93.87,80.01],[93.65,80.01],[93.0,80.1],[92.2,80.18],[92.09,80.22],[91.89,80.25],[91.64,80.27],[91.52,80.36],[91.69,80.42],[91.9,80.48],[92.25,80.5],[92.58,80.53],[92.83,80.62],[92.98,80.7],[93.26,80.79],[92.77,80.77],[92.59,80.78],[92.61,80.81],[92.71,80.87],[92.76,80.89],[92.94,80.93],[93.07,80.99],[93.36,81.03],[93.5,81.04],[93.64,81.04],[93.89,81.06],[94.14,81.09],[94.38,81.11],[94.61,81.11],[94.84,81.14],[95.06,81.19],[95.16,81.27],[95.8,81.28],[95.9,81.26],[95.98,81.21],[96.08,81.19],[96.19,81.18],[96.47,81.1],[96.53,81.08]]],[[[97.67,80.16],[97.9,80.1],[98.02,80.02],[97.91,80.0],[97.81,79.96],[97.76,79.9],[97.63,79.85],[97.59,79.77],[97.65,79.76],[97.72,79.78],[97.87,79.85],[98.06,79.9],[98.27,79.87],[98.35,79.88],[98.5,79.95],[98.47,80.01],[98.53,80.04],[98.6,80.05],[98.87,80.05],[99.29,80.02],[99.37,79.99],[99.47,79.97],[99.54,79.94],[99.73,79.92],[99.82,79.9],[99.95,79.85],[100.06,79.78],[99.92,79.74],[99.84,79.67],[99.81,79.65],[99.78,79.63],[99.77,79.57],[99.75,79.52],[99.72,79.49],[99.71,79.46],[99.72,79.39],[99.68,79.32],[99.54,79.28],[99.39,79.27],[99.17,79.31],[99.1,79.31],[99.04,79.29],[99.32,79.23],[99.52,79.13],[99.75,79.11],[99.81,79.1],[99.9,79.01],[99.93,78.96],[99.54,78.85],[99.44,78.83],[98.82,78.82],[98.41,78.79],[98.28,78.8],[98.05,78.82],[97.91,78.81],[97.69,78.83],[97.56,78.83],[97.25,78.87],[96.93,78.93],[96.87,78.96],[96.81,78.98],[96.43,79.0],[96.35,79.02],[95.8,79.0],[95.7,79.01],[95.53,79.1],[95.44,79.1],[95.13,79.05],[95.02,79.05],[94.79,79.09],[94.65,79.13],[94.63,79.14],[94.62,79.19],[94.48,79.22],[94.31,79.31],[94.22,79.4],[93.76,79.45],[93.48,79.46],[93.27,79.46],[93.07,79.5],[93.4,79.63],[93.85,79.7],[94.04,79.76],[94.26,79.83],[94.35,79.94],[94.72,80.01],[94.82,80.03],[94.95,80.09],[94.99,80.1],[95.28,80.03],[95.34,80.04],[95.39,80.07],[95.5,80.11],[95.86,80.11],[96.16,80.1],[96.28,80.11],[96.42,80.1],[97.12,80.15],[97.59,80.17],[97.67,80.16]]],[[[102.88,79.25],[102.79,79.18],[102.75,79.11],[102.45,78.88],[102.41,78.84],[102.59,78.87],[102.75,78.95],[102.84,79.01],[102.95,79.06],[103.08,79.06],[103.2,79.07],[103.43,79.13],[103.67,79.15],[103.8,79.15],[103.93,79.12],[104.0,79.06],[104.09,79.01],[104.4,78.98],[104.45,78.96],[104.48,78.92],[104.45,78.88],[104.63,78.84],[104.88,78.85],[105.01,78.84],[105.15,78.82],[105.2,78.78],[105.26,78.73],[105.31,78.67],[105.34,78.59],[105.31,78.5],[104.83,78.35],[104.74,78.34],[104.52,78.35],[104.3,78.34],[103.72,78.26],[103.0,78.26],[102.8,78.19],[102.73,78.19],[102.67,78.2],[102.62,78.22],[102.18,78.21],[101.69,78.19],[101.2,78.19],[101.04,78.14],[100.54,78.05],[100.08,77.97],[99.85,77.96],[99.5,77.98],[99.39,78.0],[99.29,78.04],[99.44,78.08],[99.55,78.18],[99.68,78.23],[100.02,78.34],[100.06,78.38],[100.12,78.47],[100.16,78.5],[100.22,78.54],[100.26,78.57],[100.26,78.63],[100.28,78.68],[100.42,78.75],[100.52,78.79],[100.62,78.8],[100.88,78.78],[100.96,78.79],[100.9,78.81],[100.86,78.9],[100.86,78.93],[100.9,78.98],[100.97,79.01],[101.03,79.02],[101.07,79.1],[101.05,79.12],[101.15,79.16],[101.2,79.2],[101.31,79.23],[101.54,79.25],[101.56,79.31],[101.59,79.35],[101.64,79.36],[101.76,79.37],[101.82,79.37],[101.91,79.31],[102.01,79.26],[102.13,79.25],[102.25,79.26],[102.18,79.31],[102.18,79.37],[102.23,79.41],[102.28,79.43],[102.4,79.43],[102.79,79.39],[103.04,79.33],[103.1,79.3],[103.05,79.28],[102.94,79.27],[102.88,79.25]]],[[[140.05,75.83],[140.15,75.81],[140.27,75.82],[140.39,75.8],[140.5,75.69],[140.55,75.66],[140.6,75.64],[140.66,75.63],[140.82,75.63],[140.89,75.65],[140.94,75.7],[140.94,75.75],[140.93,75.8],[140.93,75.87],[140.95,75.93],[140.99,75.96],[141.03,75.99],[141.3,76.06],[141.49,76.14],[141.74,76.11],[142.0,76.04],[142.46,75.9],[142.67,75.86],[142.93,75.83],[143.19,75.81],[143.31,75.82],[143.56,75.86],[143.69,75.86],[145.26,75.59],[145.31,75.56],[145.36,75.53],[145.02,75.49],[144.8,75.42],[144.73,75.37],[144.81,75.32],[144.88,75.27],[144.41,75.1],[144.22,75.06],[144.02,75.04],[143.63,75.08],[143.4,75.08],[143.17,75.12],[142.92,75.22],[142.82,75.27],[142.73,75.34],[142.7,75.45],[142.73,75.54],[142.87,75.57],[142.99,75.63],[143.0,75.66],[142.94,75.71],[142.55,75.72],[142.31,75.69],[142.09,75.66],[142.15,75.46],[142.2,75.39],[142.26,75.35],[142.62,75.13],[142.7,75.1],[142.93,75.06],[143.13,74.97],[142.78,74.87],[142.63,74.84],[142.47,74.82],[142.38,74.83],[142.29,74.85],[142.18,74.9],[142.1,74.95],[141.99,74.99],[141.75,74.98],[141.53,74.95],[141.31,74.92],[140.66,74.88],[140.46,74.86],[140.27,74.85],[140.01,74.89],[139.76,74.96],[139.68,74.96],[139.61,74.95],[139.55,74.9],[139.51,74.84],[139.43,74.75],[139.33,74.69],[139.22,74.66],[139.1,74.66],[138.98,74.67],[138.87,74.7],[138.09,74.8],[138.0,74.83],[137.92,74.87],[137.68,75.01],[137.57,75.04],[137.45,75.05],[137.22,75.12],[137.01,75.24],[136.96,75.27],[136.95,75.33],[136.98,75.37],[137.17,75.35],[137.29,75.35],[137.22,75.55],[137.27,75.75],[137.36,75.78],[137.71,75.76],[137.59,75.82],[137.5,75.91],[137.56,75.96],[137.63,75.99],[137.77,76.02],[137.98,76.03],[138.04,76.05],[138.1,76.08],[138.21,76.11],[138.43,76.13],[138.81,76.2],[138.92,76.2],[139.02,76.16],[139.11,76.11],[139.21,76.08],[139.53,76.01],[139.74,75.95],[140.05,75.83]]],[[[146.8,75.37],[147.06,75.36],[147.44,75.44],[147.5,75.44],[148.43,75.41],[148.51,75.39],[148.52,75.34],[148.49,75.31],[148.47,75.27],[148.59,75.24],[148.89,75.23],[149.08,75.26],[149.65,75.24],[150.1,75.22],[150.28,75.16],[150.42,75.13],[150.53,75.1],[150.61,75.12],[150.69,75.16],[150.76,75.16],[150.82,75.16],[150.65,74.94],[150.58,74.92],[150.33,74.87],[149.84,74.8],[149.6,74.77],[149.05,74.77],[148.3,74.8],[148.09,74.83],[147.97,74.86],[147.74,74.93],[147.63,74.96],[147.26,74.98],[147.14,75.0],[146.92,75.06],[146.7,75.11],[146.15,75.2],[146.19,75.3],[146.26,75.39],[146.34,75.48],[146.44,75.56],[146.54,75.58],[146.75,75.51],[146.75,75.43],[146.8,75.37]]],[[[178.86,70.83],[178.79,70.82],[178.65,71.0],[178.63,71.05],[178.68,71.11],[178.83,71.18],[178.89,71.23],[179.24,71.32],[179.55,71.45],[179.72,71.47],[179.89,71.52],[180.0,71.54],[180.0,70.99],[179.88,70.98],[179.65,70.9],[179.15,70.88],[178.86,70.83]]],[[[142.76,54.39],[142.98,54.14],[142.99,54.09],[142.97,54.03],[142.93,53.96],[142.91,53.88],[142.94,53.81],[142.92,53.79],[143.1,53.49],[143.22,53.3],[143.26,53.22],[143.29,53.13],[143.32,52.96],[143.33,52.7],[143.32,52.61],[143.3,52.53],[143.26,52.48],[143.2,52.44],[143.17,52.35],[143.16,52.08],[143.19,51.94],[143.25,51.85],[143.29,51.74],[143.3,51.63],[143.32,51.58],[143.42,51.52],[143.46,51.47],[143.47,51.4],[143.47,51.3],[143.49,51.28],[143.53,51.25],[143.74,50.51],[143.82,50.28],[144.05,49.9],[144.14,49.66],[144.2,49.55],[144.24,49.43],[144.27,49.31],[144.34,49.18],[144.43,49.05],[144.61,48.94],[144.69,48.87],[144.71,48.82],[144.71,48.64],[144.67,48.68],[144.62,48.81],[144.54,48.89],[144.41,48.99],[144.28,49.07],[144.13,49.21],[144.05,49.25],[143.97,49.28],[143.82,49.31],[143.73,49.31],[143.38,49.29],[143.24,49.26],[143.1,49.2],[143.03,49.11],[142.97,48.92],[142.65,48.25],[142.57,48.07],[142.55,47.88],[142.56,47.74],[142.58,47.68],[142.67,47.54],[142.75,47.45],[142.8,47.42],[142.86,47.39],[142.91,47.36],[142.94,47.32],[143.01,47.22],[143.09,47.0],[143.18,46.84],[143.22,46.79],[143.32,46.81],[143.38,46.81],[143.45,46.79],[143.49,46.75],[143.54,46.58],[143.58,46.41],[143.58,46.36],[143.51,46.23],[143.49,46.17],[143.48,46.12],[143.46,46.07],[143.43,46.03],[143.42,46.22],[143.37,46.36],[143.35,46.48],[143.28,46.56],[143.05,46.59],[142.83,46.61],[142.8,46.62],[142.75,46.67],[142.69,46.71],[142.64,46.72],[142.58,46.7],[142.48,46.64],[142.41,46.55],[142.35,46.46],[142.3,46.36],[142.21,46.09],[142.15,46.0],[142.08,45.92],[142.02,45.96],[141.96,46.01],[141.93,46.09],[141.92,46.17],[141.83,46.45],[141.87,46.69],[142.01,47.03],[142.04,47.14],[142.02,47.24],[141.98,47.35],[141.96,47.54],[141.96,47.59],[142.02,47.7],[142.08,47.81],[142.15,47.9],[142.18,48.01],[142.14,48.29],[142.03,48.48],[141.9,48.65],[141.87,48.7],[141.87,48.75],[141.98,48.97],[142.02,49.08],[142.07,49.31],[142.11,49.44],[142.14,49.57],[142.15,50.22],[142.14,50.31],[142.07,50.51],[142.07,50.63],[142.1,50.78],[142.15,50.89],[142.21,51.0],[142.21,51.22],[142.09,51.43],[142.01,51.52],[141.87,51.63],[141.77,51.69],[141.72,51.74],[141.77,51.75],[141.81,51.79],[141.72,51.85],[141.67,51.93],[141.66,52.27],[141.68,52.36],[141.75,52.45],[141.8,52.56],[141.86,52.79],[141.87,53.04],[141.84,53.14],[141.82,53.34],[141.85,53.39],[141.96,53.46],[142.14,53.5],[142.18,53.48],[142.32,53.41],[142.37,53.4],[142.42,53.41],[142.53,53.45],[142.58,53.54],[142.51,53.59],[142.55,53.65],[142.68,53.67],[142.69,53.73],[142.64,53.74],[142.68,53.82],[142.71,53.9],[142.67,53.97],[142.47,54.15],[142.33,54.28],[142.55,54.28],[142.62,54.3],[142.67,54.36],[142.69,54.42],[142.76,54.39]]],[[[-178.88,71.58],[-178.44,71.54],[-178.35,71.53],[-178.21,71.48],[-178.13,71.47],[-178.06,71.44],[-177.97,71.39],[-177.82,71.34],[-177.58,71.28],[-177.53,71.26],[-177.5,71.22],[-177.52,71.17],[-177.82,71.07],[-178.06,71.04],[-178.53,71.01],[-179.16,70.94],[-179.42,70.92],[-179.51,70.92],[-179.73,70.97],[-180.0,70.99],[-180.0,71.18],[-180.0,71.4],[-180.0,71.54],[-179.84,71.55],[-179.69,71.58],[-179.55,71.58],[-179.4,71.57],[-179.26,71.57],[-179.11,71.6],[-178.99,71.59],[-178.88,71.58]]],[[[35.82,65.18],[35.85,65.14],[35.86,65.08],[35.83,65.04],[35.84,65.0],[35.78,64.98],[35.68,65.06],[35.62,65.06],[35.56,65.09],[35.53,65.15],[35.59,65.17],[35.61,65.16],[35.73,65.2],[35.82,65.18]]],[[[42.71,66.7],[42.68,66.69],[42.48,66.74],[42.46,66.77],[42.47,66.79],[42.55,66.8],[42.63,66.78],[42.69,66.74],[42.71,66.7]]],[[[52.9,71.36],[52.99,71.29],[53.07,71.24],[53.14,71.24],[53.19,71.22],[53.21,71.16],[53.07,71.07],[53.05,71.03],[53.11,71.0],[53.12,70.98],[53.02,70.97],[53.0,71.01],[52.95,71.05],[52.84,71.09],[52.79,71.11],[52.74,71.18],[52.55,71.25],[52.43,71.24],[52.29,71.27],[52.25,71.28],[52.24,71.33],[52.3,71.36],[52.51,71.39],[52.62,71.38],[52.73,71.36],[52.72,71.39],[52.73,71.4],[52.78,71.4],[52.9,71.36]]],[[[168.04,54.56],[168.08,54.51],[167.68,54.7],[167.49,54.79],[167.44,54.86],[167.51,54.86],[167.59,54.8],[167.71,54.77],[167.88,54.69],[168.04,54.56]]],[[[160.72,70.82],[160.65,70.81],[160.5,70.82],[160.44,70.85],[160.44,70.92],[160.45,70.93],[160.57,70.92],[160.64,70.88],[160.72,70.82]]],[[[161.47,68.9],[161.42,68.9],[161.46,68.97],[161.46,69.0],[161.36,69.04],[161.18,69.08],[161.14,69.11],[161.13,69.2],[161.16,69.33],[161.08,69.41],[161.11,69.47],[161.32,69.54],[161.41,69.6],[161.51,69.64],[161.52,69.63],[161.62,69.59],[161.61,69.5],[161.54,69.44],[161.37,69.41],[161.35,69.37],[161.37,69.29],[161.38,69.19],[161.39,69.11],[161.49,69.02],[161.52,68.97],[161.51,68.93],[161.47,68.9]]],[[[152.89,76.12],[152.79,76.09],[152.56,76.14],[152.64,76.17],[152.8,76.19],[152.84,76.19],[152.86,76.16],[152.89,76.12]]],[[[149.15,76.66],[148.4,76.65],[148.45,76.68],[148.72,76.75],[149.41,76.78],[149.27,76.75],[149.2,76.68],[149.15,76.66]]],[[[137.96,71.51],[137.71,71.42],[137.61,71.43],[137.51,71.47],[137.46,71.48],[137.4,71.48],[137.34,71.46],[137.27,71.46],[137.08,71.5],[137.06,71.53],[137.08,71.54],[137.13,71.56],[137.17,71.56],[137.28,71.58],[137.82,71.59],[137.86,71.58],[137.93,71.54],[137.96,71.51]]],[[[107.7,78.13],[107.61,78.08],[107.48,78.06],[107.34,78.1],[107.0,78.1],[106.42,78.14],[106.58,78.17],[107.51,78.19],[107.57,78.19],[107.7,78.13]]],[[[112.48,76.62],[112.63,76.55],[112.66,76.51],[112.61,76.5],[112.59,76.48],[112.57,76.45],[112.53,76.45],[112.39,76.48],[112.3,76.54],[112.15,76.55],[112.0,76.6],[111.97,76.63],[112.01,76.63],[112.28,76.62],[112.39,76.64],[112.48,76.62]]],[[[96.53,76.28],[96.61,76.26],[96.59,76.22],[96.49,76.23],[96.35,76.21],[96.35,76.18],[96.3,76.12],[96.11,76.16],[95.84,76.16],[95.68,76.19],[95.31,76.21],[95.32,76.26],[95.38,76.29],[95.59,76.25],[95.79,76.29],[96.15,76.27],[96.27,76.31],[96.53,76.28]]],[[[96.29,77.03],[96.25,77.01],[96.21,76.99],[96.09,77.0],[95.85,76.97],[95.77,76.99],[95.68,77.02],[95.36,77.01],[95.27,77.02],[95.42,77.06],[95.85,77.1],[96.53,77.21],[96.56,77.15],[96.56,77.13],[96.42,77.07],[96.29,77.03]]],[[[89.51,77.19],[89.3,77.18],[89.18,77.21],[89.14,77.23],[89.2,77.27],[89.28,77.3],[89.62,77.31],[89.68,77.28],[89.67,77.25],[89.51,77.19]]],[[[74.66,72.87],[74.64,72.86],[74.59,72.88],[74.43,72.91],[74.18,72.98],[74.1,73.02],[74.14,73.07],[74.2,73.11],[74.41,73.13],[74.6,73.12],[74.73,73.11],[74.96,73.06],[74.74,73.03],[74.65,72.97],[74.66,72.93],[74.7,72.91],[74.66,72.87]]],[[[75.5,73.46],[75.34,73.43],[75.38,73.48],[75.57,73.54],[75.93,73.57],[76.04,73.56],[76.05,73.55],[75.9,73.48],[75.83,73.46],[75.5,73.46]]],[[[83.55,74.07],[83.5,74.05],[83.45,74.05],[83.41,74.04],[83.16,74.08],[82.82,74.09],[82.9,74.13],[83.15,74.15],[83.51,74.12],[83.62,74.09],[83.55,74.07]]],[[[67.34,69.53],[67.26,69.44],[67.1,69.45],[67.05,69.47],[67.03,69.48],[67.22,69.58],[67.33,69.57],[67.34,69.53]]],[[[66.56,70.54],[66.57,70.5],[66.52,70.51],[66.45,70.56],[66.41,70.62],[66.39,70.73],[66.42,70.76],[66.44,70.77],[66.46,70.77],[66.46,70.7],[66.56,70.54]]],[[[70.02,66.5],[69.84,66.49],[69.65,66.57],[69.47,66.72],[69.5,66.75],[69.62,66.74],[69.8,66.74],[69.92,66.71],[70.08,66.7],[70.06,66.63],[70.06,66.6],[70.11,66.57],[70.06,66.52],[70.02,66.5]]],[[[50.05,80.07],[49.97,80.06],[49.59,80.14],[49.56,80.16],[49.88,80.23],[50.25,80.22],[50.31,80.19],[50.32,80.17],[50.07,80.11],[50.05,80.07]]],[[[51.41,79.94],[51.44,79.93],[51.43,79.92],[51.08,79.93],[50.45,79.92],[50.09,79.98],[50.47,80.04],[50.68,80.05],[50.94,80.09],[51.25,80.05],[51.24,80.01],[51.24,79.99],[51.33,79.97],[51.41,79.94]]],[[[50.75,81.05],[50.62,81.04],[50.52,81.05],[50.41,81.08],[50.38,81.1],[50.37,81.12],[50.46,81.13],[50.51,81.14],[50.52,81.16],[50.59,81.17],[50.72,81.17],[50.88,81.15],[50.95,81.11],[50.79,81.07],[50.75,81.05]]],[[[55.48,80.27],[55.2,80.23],[55.05,80.23],[54.98,80.26],[55.09,80.3],[55.24,80.33],[55.35,80.32],[55.43,80.3],[55.48,80.27]]],[[[54.42,80.47],[54.28,80.42],[53.81,80.48],[53.85,80.5],[53.9,80.52],[53.9,80.54],[53.86,80.56],[53.88,80.61],[54.18,80.57],[54.21,80.56],[54.41,80.54],[54.44,80.5],[54.42,80.47]]],[[[59.69,79.96],[59.33,79.92],[59.2,79.93],[59.17,79.95],[59.1,79.96],[58.92,79.98],[58.95,80.04],[59.0,80.05],[59.54,80.12],[59.8,80.08],[59.91,79.99],[59.69,79.96]]],[[[58.62,81.04],[58.76,80.99],[58.82,80.93],[58.9,80.9],[58.93,80.83],[58.86,80.78],[58.64,80.77],[58.29,80.76],[57.94,80.79],[57.75,80.89],[57.41,80.92],[57.21,81.02],[57.41,81.05],[57.66,81.03],[58.05,81.12],[58.1,81.11],[58.19,81.09],[58.51,81.06],[58.62,81.04]]],[[[47.98,45.49],[47.97,45.47],[47.92,45.56],[47.92,45.62],[47.95,45.65],[47.99,45.55],[47.98,45.49]]],[[[50.27,69.19],[50.28,69.09],[50.22,69.05],[50.16,69.04],[50.14,69.1],[50.09,69.13],[49.92,69.05],[49.84,68.97],[49.63,68.86],[49.18,68.78],[48.91,68.74],[48.67,68.73],[48.44,68.8],[48.32,68.94],[48.29,68.98],[48.28,69.04],[48.28,69.1],[48.3,69.18],[48.32,69.27],[48.41,69.35],[48.63,69.44],[48.84,69.49],[48.95,69.51],[49.23,69.51],[50.0,69.31],[50.17,69.26],[50.27,69.19]]],[[[63.37,80.7],[63.19,80.7],[63.0,80.71],[62.76,80.76],[62.52,80.82],[62.59,80.85],[62.82,80.89],[63.12,80.97],[63.61,80.98],[63.86,80.98],[64.1,81.0],[64.17,81.04],[64.21,81.11],[64.26,81.14],[64.31,81.18],[64.58,81.2],[64.8,81.2],[65.03,81.17],[65.17,81.14],[65.31,81.1],[65.38,81.06],[65.36,81.01],[65.37,80.97],[65.44,80.93],[65.0,80.82],[64.55,80.76],[63.37,80.7]]],[[[57.96,80.12],[57.8,80.1],[57.39,80.14],[57.33,80.16],[57.28,80.19],[57.21,80.33],[57.21,80.37],[57.19,80.4],[57.08,80.45],[57.01,80.47],[57.08,80.49],[57.52,80.48],[58.48,80.46],[58.97,80.42],[59.12,80.39],[59.26,80.34],[58.4,80.32],[58.28,80.3],[58.29,80.25],[58.26,80.2],[58.16,80.2],[57.96,80.12]]],[[[62.17,80.83],[62.23,80.79],[62.19,80.73],[62.11,80.68],[62.08,80.62],[61.77,80.6],[61.68,80.59],[61.6,80.53],[61.29,80.5],[61.05,80.42],[60.72,80.43],[60.28,80.49],[59.9,80.45],[59.65,80.43],[59.35,80.51],[59.3,80.52],[59.29,80.57],[59.31,80.62],[59.39,80.71],[59.5,80.77],[59.55,80.78],[59.59,80.82],[59.72,80.84],[60.09,80.85],[60.23,80.84],[60.28,80.8],[60.48,80.8],[60.82,80.83],[61.31,80.86],[61.6,80.89],[61.85,80.89],[62.1,80.87],[62.17,80.83]]],[[[61.14,80.95],[60.83,80.93],[60.32,80.96],[60.06,80.98],[60.08,81.0],[60.15,81.02],[60.59,81.09],[61.46,81.1],[61.57,81.05],[61.47,81.01],[61.14,80.95]]],[[[53.52,80.19],[52.86,80.17],[52.64,80.18],[52.61,80.19],[52.55,80.2],[52.34,80.21],[52.21,80.26],[52.27,80.28],[52.58,80.3],[52.68,80.32],[52.72,80.35],[52.85,80.4],[53.19,80.41],[53.33,80.4],[53.35,80.37],[53.49,80.32],[53.85,80.27],[53.78,80.23],[53.65,80.22],[53.52,80.19]]],[[[57.08,80.35],[57.12,80.32],[57.12,80.19],[57.07,80.14],[57.08,80.09],[56.99,80.07],[56.2,80.08],[55.81,80.09],[55.72,80.1],[55.94,80.16],[56.01,80.2],[55.99,80.32],[56.02,80.34],[56.66,80.33],[56.71,80.36],[56.94,80.37],[57.08,80.35]]],[[[57.81,81.55],[57.86,81.51],[58.02,81.48],[58.44,81.46],[58.56,81.42],[58.37,81.39],[57.86,81.37],[57.91,81.3],[58.02,81.25],[57.91,81.2],[57.77,81.17],[57.45,81.14],[57.16,81.18],[56.82,81.24],[56.67,81.2],[56.51,81.18],[56.36,81.18],[56.19,81.22],[55.72,81.19],[55.57,81.23],[55.47,81.31],[55.78,81.33],[56.16,81.3],[56.4,81.39],[56.72,81.42],[56.97,81.51],[57.09,81.54],[57.37,81.54],[57.46,81.54],[57.72,81.56],[57.81,81.55]]],[[[54.72,81.12],[55.47,81.02],[56.17,81.03],[56.47,81.0],[56.91,80.91],[57.57,80.82],[57.69,80.79],[57.58,80.76],[56.81,80.66],[56.32,80.63],[55.88,80.63],[55.71,80.64],[55.54,80.7],[55.12,80.75],[54.67,80.74],[54.62,80.77],[54.53,80.78],[54.38,80.79],[54.07,80.81],[54.05,80.87],[54.24,80.9],[54.37,80.9],[54.42,80.99],[54.63,81.11],[54.72,81.12]]],[[[63.65,81.61],[63.53,81.6],[62.88,81.61],[62.57,81.63],[62.53,81.65],[62.52,81.66],[62.11,81.68],[62.28,81.71],[62.79,81.72],[63.71,81.69],[63.77,81.66],[63.78,81.65],[63.65,81.61]]],[[[58.3,81.72],[57.96,81.7],[57.92,81.71],[57.91,81.72],[57.95,81.75],[57.98,81.8],[58.13,81.83],[59.26,81.85],[59.41,81.83],[59.36,81.78],[59.36,81.76],[58.3,81.72]]],[[[92.68,79.69],[92.44,79.68],[92.15,79.68],[91.68,79.79],[91.38,79.84],[91.13,79.9],[91.07,79.98],[91.23,80.03],[91.43,80.05],[91.75,80.05],[92.17,80.05],[92.59,80.0],[93.48,79.94],[93.8,79.9],[93.6,79.82],[93.38,79.78],[93.16,79.74],[92.93,79.7],[92.68,79.69]]],[[[91.57,81.14],[91.22,81.06],[89.98,81.11],[89.92,81.15],[89.9,81.17],[90.07,81.21],[91.11,81.2],[91.48,81.18],[91.57,81.14]]],[[[141.01,74.0],[140.51,73.92],[140.41,73.92],[140.18,74.0],[140.1,74.18],[140.19,74.24],[140.3,74.26],[140.41,74.27],[140.85,74.27],[140.94,74.26],[141.04,74.24],[141.08,74.21],[141.1,74.17],[141.05,74.05],[141.01,74.0]]],[[[142.18,73.9],[142.44,73.85],[142.64,73.8],[143.34,73.57],[143.41,73.52],[143.46,73.46],[143.49,73.25],[143.45,73.23],[143.19,73.22],[142.84,73.24],[142.59,73.25],[142.34,73.25],[142.13,73.28],[141.6,73.31],[141.18,73.39],[140.75,73.45],[140.66,73.45],[140.39,73.44],[140.03,73.36],[139.93,73.36],[139.79,73.36],[139.69,73.43],[139.92,73.45],[140.16,73.46],[140.38,73.48],[140.59,73.56],[140.7,73.63],[140.88,73.78],[140.98,73.83],[141.08,73.87],[141.19,73.88],[141.31,73.87],[141.68,73.9],[141.93,73.91],[142.18,73.9]]],[[[135.95,75.41],[135.75,75.38],[135.45,75.39],[135.47,75.46],[135.52,75.5],[135.59,75.58],[135.56,75.64],[135.58,75.71],[135.61,75.77],[135.7,75.85],[135.79,75.8],[135.85,75.73],[135.9,75.69],[136.13,75.63],[136.17,75.61],[135.98,75.52],[135.97,75.49],[136.02,75.44],[135.95,75.41]]],[[[136.2,73.91],[136.12,73.89],[136.05,73.93],[135.71,74.06],[135.63,74.12],[135.45,74.18],[135.4,74.2],[135.39,74.25],[135.63,74.22],[136.04,74.09],[136.26,73.98],[136.2,73.91]]],[[[137.94,55.09],[138.03,55.05],[138.17,55.06],[138.21,55.03],[138.1,54.99],[138.02,54.9],[137.99,54.82],[137.96,54.79],[137.87,54.75],[137.79,54.7],[137.72,54.66],[137.66,54.65],[137.53,54.83],[137.46,54.87],[137.28,54.79],[137.23,54.79],[137.28,54.89],[137.38,55.0],[137.44,55.02],[137.54,55.16],[137.58,55.2],[137.91,55.11],[137.94,55.09]]],[[[169.2,69.58],[168.92,69.57],[168.35,69.66],[168.14,69.71],[167.99,69.78],[167.82,69.82],[167.79,69.84],[167.81,69.87],[167.86,69.9],[168.06,69.97],[168.2,70.01],[168.36,70.02],[169.37,69.88],[169.42,69.86],[169.43,69.83],[169.42,69.78],[169.33,69.77],[169.3,69.73],[169.26,69.63],[169.25,69.6],[169.2,69.58]]],[[[163.64,58.6],[163.47,58.51],[163.45,58.52],[163.43,58.55],[163.43,58.58],[163.58,58.64],[163.73,58.8],[163.78,58.93],[163.77,58.97],[163.76,59.02],[164.2,59.1],[164.52,59.23],[164.57,59.22],[164.63,59.11],[164.66,58.97],[164.62,58.89],[164.28,58.84],[163.96,58.74],[163.64,58.6]]],[[[166.65,54.84],[166.65,54.69],[166.52,54.77],[166.46,54.83],[166.38,54.84],[166.32,54.86],[166.23,54.94],[166.12,55.03],[166.08,55.08],[166.07,55.14],[165.99,55.19],[165.75,55.29],[165.83,55.31],[165.93,55.35],[166.21,55.32],[166.28,55.31],[166.23,55.24],[166.25,55.17],[166.4,55.01],[166.48,54.95],[166.58,54.91],[166.65,54.84]]],[[[154.81,49.31],[154.71,49.27],[154.61,49.29],[154.61,49.38],[154.82,49.65],[154.9,49.63],[154.88,49.57],[154.8,49.47],[154.83,49.35],[154.81,49.31]]],[[[156.41,50.66],[156.37,50.63],[156.33,50.64],[156.2,50.7],[156.17,50.73],[156.21,50.78],[156.38,50.86],[156.46,50.86],[156.49,50.84],[156.48,50.75],[156.41,50.66]]],[[[155.92,50.3],[155.79,50.2],[155.61,50.18],[155.52,50.15],[155.45,50.08],[155.4,50.04],[155.29,50.06],[155.24,50.09],[155.24,50.21],[155.2,50.26],[155.22,50.3],[155.33,50.29],[155.43,50.37],[155.68,50.4],[155.77,50.48],[155.88,50.68],[156.0,50.76],[156.1,50.77],[156.12,50.67],[156.1,50.56],[156.04,50.45],[155.92,50.3]]],[[[154.08,48.79],[154.04,48.74],[154.0,48.76],[153.99,48.77],[154.09,48.83],[154.13,48.9],[154.2,48.9],[154.23,48.89],[154.2,48.86],[154.08,48.79]]],[[[155.64,50.82],[155.55,50.81],[155.51,50.84],[155.48,50.87],[155.47,50.91],[155.57,50.93],[155.64,50.91],[155.65,50.85],[155.64,50.82]]],[[[153.1,47.76],[153.05,47.71],[153.0,47.71],[152.98,47.73],[153.05,47.8],[153.08,47.81],[153.1,47.76]]],[[[152.0,46.9],[151.82,46.79],[151.75,46.79],[151.72,46.83],[151.72,46.85],[151.86,46.87],[152.04,47.01],[152.17,47.11],[152.23,47.14],[152.29,47.14],[152.0,46.9]]],[[[149.69,45.64],[149.54,45.59],[149.45,45.59],[149.67,45.84],[149.8,45.88],[149.96,46.02],[150.31,46.2],[150.35,46.21],[150.55,46.21],[150.23,46.01],[150.2,45.93],[150.06,45.85],[149.95,45.82],[149.88,45.78],[149.69,45.64]]],[[[148.6,45.32],[148.41,45.25],[148.26,45.22],[148.01,45.07],[147.91,44.99],[147.78,44.96],[147.66,44.98],[147.62,44.94],[147.61,44.89],[147.56,44.84],[147.31,44.68],[147.21,44.55],[147.1,44.53],[146.9,44.4],[146.93,44.51],[146.97,44.57],[147.14,44.66],[147.15,44.77],[147.25,44.86],[147.43,44.95],[147.56,45.06],[147.66,45.09],[147.77,45.19],[147.89,45.23],[147.87,45.3],[147.92,45.38],[147.96,45.38],[148.06,45.26],[148.13,45.26],[148.32,45.28],[148.61,45.48],[148.71,45.52],[148.77,45.53],[148.81,45.51],[148.83,45.49],[148.83,45.46],[148.8,45.41],[148.84,45.36],[148.79,45.32],[148.6,45.32]]],[[[146.71,43.74],[146.68,43.72],[146.61,43.74],[146.61,43.8],[146.62,43.81],[146.82,43.86],[146.88,43.83],[146.9,43.8],[146.71,43.74]]],[[[146.21,44.5],[146.36,44.42],[146.57,44.44],[146.52,44.37],[146.44,44.38],[146.3,44.28],[146.17,44.27],[146.11,44.25],[145.91,44.1],[145.89,44.05],[145.77,43.94],[145.59,43.85],[145.56,43.66],[145.44,43.74],[145.43,43.81],[145.46,43.87],[145.67,44.0],[145.75,44.07],[145.77,44.13],[145.85,44.19],[145.89,44.25],[145.94,44.27],[146.11,44.5],[146.21,44.5]]],[[[113.39,74.4],[113.35,74.35],[113.3,74.32],[113.26,74.27],[113.19,74.24],[112.98,74.2],[112.81,74.1],[112.78,74.1],[112.2,74.15],[112.11,74.16],[111.91,74.22],[111.64,74.27],[111.5,74.35],[111.57,74.37],[111.64,74.37],[111.88,74.36],[111.95,74.39],[111.98,74.46],[111.99,74.5],[112.01,74.53],[112.08,74.55],[112.95,74.48],[113.29,74.44],[113.39,74.4]]],[[[76.25,79.65],[76.37,79.62],[76.47,79.64],[77.36,79.56],[77.55,79.52],[77.59,79.5],[76.81,79.49],[76.65,79.49],[76.64,79.54],[76.46,79.55],[76.15,79.58],[76.07,79.63],[76.05,79.64],[76.15,79.66],[76.25,79.65]]],[[[80.03,80.85],[79.1,80.81],[79.01,80.83],[78.98,80.85],[79.11,80.92],[79.22,80.96],[79.81,80.98],[80.28,80.95],[80.43,80.93],[80.37,80.88],[80.34,80.87],[80.03,80.85]]],[[[70.67,73.1],[70.38,73.05],[70.3,73.04],[70.12,73.06],[70.04,73.04],[69.92,73.08],[69.93,73.13],[69.99,73.17],[70.02,73.22],[70.0,73.36],[70.15,73.44],[70.35,73.48],[70.94,73.51],[71.02,73.5],[71.14,73.48],[71.23,73.45],[71.35,73.37],[71.44,73.34],[71.59,73.28],[71.63,73.22],[71.63,73.17],[71.36,73.16],[70.89,73.12],[70.67,73.1]]],[[[77.63,72.29],[77.15,72.28],[76.91,72.3],[76.87,72.32],[76.9,72.37],[77.15,72.44],[77.26,72.49],[77.38,72.57],[77.58,72.63],[77.75,72.63],[78.28,72.55],[78.35,72.5],[78.37,72.48],[78.15,72.42],[78.01,72.39],[77.78,72.31],[77.63,72.29]]],[[[79.5,72.72],[79.43,72.71],[78.88,72.75],[78.69,72.8],[78.63,72.85],[78.66,72.89],[79.16,73.09],[79.36,73.04],[79.41,72.98],[79.54,72.92],[79.54,72.77],[79.5,72.72]]],[[[82.17,75.42],[82.21,75.39],[82.22,75.35],[82.18,75.34],[82.05,75.34],[81.98,75.25],[81.91,75.26],[81.86,75.32],[81.7,75.28],[81.65,75.29],[81.58,75.33],[81.53,75.34],[81.5,75.37],[81.71,75.45],[81.84,75.41],[81.93,75.41],[81.91,75.46],[81.91,75.5],[82.02,75.51],[82.17,75.52],[82.17,75.42]]],[[[60.45,69.93],[60.48,69.89],[60.48,69.79],[60.44,69.73],[60.33,69.72],[60.22,69.69],[60.03,69.72],[59.92,69.7],[59.81,69.7],[59.72,69.71],[59.64,69.72],[59.58,69.74],[59.58,69.79],[59.5,69.87],[59.38,69.89],[59.27,69.9],[59.14,69.92],[59.08,69.91],[59.0,69.88],[58.95,69.89],[58.68,70.05],[58.63,70.09],[58.61,70.13],[58.57,70.16],[58.47,70.27],[58.52,70.32],[58.62,70.35],[58.68,70.36],[58.79,70.43],[59.01,70.47],[59.05,70.46],[59.09,70.44],[59.31,70.36],[59.43,70.31],[59.53,70.25],[59.64,70.2],[59.96,70.11],[60.17,70.02],[60.39,69.96],[60.45,69.93]]],[[[20.96,55.28],[20.86,55.18],[20.59,54.98],[20.68,54.96],[20.77,54.95],[20.89,54.91],[21.0,54.9],[21.19,54.94],[21.22,55.11],[21.24,55.26],[21.3,55.26],[21.39,55.28],[21.45,55.23],[21.55,55.2],[21.68,55.16],[21.87,55.1],[22.07,55.06],[22.14,55.06],[22.35,55.06],[22.57,55.06],[22.63,54.97],[22.74,54.93],[22.82,54.87],[22.83,54.84],[22.71,54.63],[22.68,54.56],[22.68,54.49],[22.72,54.41],[22.77,54.36],[22.73,54.35],[22.17,54.36],[21.63,54.38],[21.14,54.39],[20.66,54.41],[20.21,54.42],[19.92,54.43],[19.64,54.45],[19.6,54.46],[19.76,54.54],[19.86,54.63],[19.94,54.75],[19.95,54.83],[19.97,54.92],[20.11,54.96],[20.4,54.95],[20.52,54.99],[20.68,55.1],[20.85,55.23],[20.9,55.29],[20.96,55.28]]],[[[33.59,46.1],[33.65,46.15],[33.66,46.22],[33.81,46.21],[34.03,46.11],[34.13,46.09],[34.22,46.1],[34.35,46.06],[34.45,45.97],[34.52,45.98],[34.69,45.98],[34.79,45.89],[34.8,45.79],[34.95,45.73],[35.0,45.73],[35.02,45.7],[35.26,45.45],[35.37,45.35],[35.46,45.32],[35.56,45.31],[35.75,45.39],[35.83,45.4],[36.01,45.37],[36.08,45.42],[36.17,45.45],[36.29,45.46],[36.43,45.43],[36.58,45.39],[36.51,45.3],[36.45,45.23],[36.43,45.15],[36.39,45.07],[36.23,45.03],[36.05,45.03],[35.87,45.01],[35.8,45.04],[35.76,45.07],[35.68,45.1],[35.57,45.12],[35.47,45.1],[35.36,44.98],[35.15,44.9],[35.09,44.8],[34.89,44.82],[34.72,44.81],[34.47,44.72],[34.28,44.54],[34.07,44.42],[33.91,44.39],[33.76,44.4],[33.66,44.43],[33.45,44.55],[33.46,44.6],[33.49,44.62],[33.53,44.68],[33.61,44.91],[33.6,44.98],[33.56,45.1],[33.39,45.19],[33.26,45.17],[33.19,45.19],[32.92,45.35],[32.77,45.36],[32.61,45.33],[32.55,45.35],[32.51,45.4],[32.83,45.59],[33.14,45.75],[33.28,45.77],[33.47,45.84],[33.66,45.95],[33.64,46.03],[33.59,46.1]]]]}},{"type":"Feature","properties":{"NAME":"North Korea"},"geometry":{"type":"MultiPolygon","coordinates":[[[[128.37,38.62],[128.34,38.61],[128.28,38.52],[128.22,38.42],[128.17,38.36],[128.11,38.33],[128.04,38.31],[127.91,38.3],[127.78,38.31],[127.75,38.32],[127.58,38.31],[127.53,38.3],[127.29,38.31],[127.17,38.3],[127.09,38.28],[127.01,38.24],[126.94,38.18],[126.88,38.11],[126.75,37.98],[126.67,37.92],[126.67,37.83],[126.66,37.8],[126.63,37.78],[126.62,37.79],[126.57,37.8],[126.37,37.88],[126.2,37.83],[126.16,37.76],[126.12,37.74],[126.05,37.87],[125.94,37.87],[125.77,37.99],[125.7,37.96],[125.68,37.92],[125.58,37.82],[125.45,37.73],[125.41,37.72],[125.36,37.72],[125.36,37.75],[125.31,37.84],[125.1,37.88],[125.03,37.92],[124.99,37.93],[125.19,38.04],[125.25,38.06],[125.21,38.08],[125.16,38.09],[125.0,38.08],[124.91,38.11],[124.78,38.1],[124.69,38.13],[124.87,38.23],[124.88,38.29],[124.88,38.34],[124.97,38.48],[125.07,38.56],[125.31,38.67],[125.42,38.68],[125.49,38.68],[125.55,38.69],[125.49,38.73],[125.42,38.75],[125.3,38.74],[125.17,38.81],[125.16,38.87],[125.41,39.29],[125.41,39.33],[125.37,39.43],[125.36,39.53],[125.18,39.58],[125.1,39.59],[124.87,39.7],[124.78,39.76],[124.74,39.74],[124.73,39.65],[124.7,39.63],[124.64,39.62],[124.61,39.72],[124.56,39.79],[124.4,39.87],[124.35,39.91],[124.38,40.0],[124.36,40.0],[124.39,40.1],[124.48,40.18],[124.71,40.32],[124.77,40.38],[124.89,40.46],[124.94,40.46],[125.0,40.46],[125.01,40.5],[125.03,40.52],[125.07,40.55],[125.19,40.59],[125.31,40.64],[125.42,40.66],[125.54,40.74],[125.59,40.78],[125.65,40.78],[125.66,40.8],[125.69,40.84],[125.73,40.87],[125.78,40.87],[125.87,40.89],[125.99,40.9],[126.07,40.97],[126.09,41.02],[126.14,41.08],[126.25,41.14],[126.33,41.23],[126.41,41.32],[126.45,41.35],[126.49,41.36],[126.51,41.39],[126.54,41.5],[126.58,41.59],[126.6,41.64],[126.7,41.69],[126.72,41.72],[126.74,41.72],[126.79,41.72],[126.85,41.75],[126.9,41.78],[126.95,41.77],[127.01,41.74],[127.06,41.69],[127.09,41.64],[127.13,41.61],[127.14,41.55],[127.18,41.53],[127.27,41.52],[127.42,41.48],[127.52,41.48],[127.57,41.45],[127.69,41.44],[127.92,41.46],[128.01,41.45],[128.05,41.42],[128.11,41.39],[128.15,41.39],[128.2,41.43],[128.25,41.51],[128.29,41.56],[128.29,41.61],[128.26,41.66],[128.18,41.7],[128.13,41.77],[128.08,41.84],[128.06,41.86],[128.03,41.9],[128.03,41.95],[128.05,41.99],[128.16,42.01],[128.31,42.03],[128.43,42.01],[128.63,42.02],[128.75,42.04],[128.84,42.04],[128.92,42.04],[128.96,42.07],[129.08,42.14],[129.13,42.17],[129.2,42.22],[129.21,42.27],[129.22,42.31],[129.25,42.36],[129.31,42.41],[129.37,42.44],[129.42,42.44],[129.48,42.41],[129.52,42.38],[129.57,42.39],[129.6,42.44],[129.63,42.44],[129.7,42.45],[129.72,42.48],[129.75,42.6],[129.77,42.71],[129.78,42.78],[129.84,42.89],[129.86,42.97],[129.9,43.0],[129.94,43.0],[129.98,42.97],[130.02,42.96],[130.08,42.97],[130.12,42.96],[130.15,42.92],[130.24,42.89],[130.25,42.87],[130.25,42.74],[130.3,42.68],[130.36,42.63],[130.45,42.58],[130.5,42.57],[130.53,42.54],[130.55,42.47],[130.62,42.42],[130.65,42.37],[130.66,42.33],[130.69,42.3],[130.64,42.27],[130.57,42.29],[130.46,42.3],[130.31,42.21],[130.24,42.18],[130.18,42.1],[130.07,42.05],[130.01,41.99],[129.93,41.9],[129.88,41.81],[129.76,41.71],[129.69,41.59],[129.68,41.49],[129.76,41.39],[129.77,41.3],[129.71,41.12],[129.74,40.93],[129.71,40.86],[129.34,40.73],[129.25,40.66],[129.11,40.49],[128.95,40.43],[128.84,40.36],[128.7,40.32],[128.61,40.2],[128.51,40.13],[128.39,40.09],[128.3,40.04],[128.11,40.03],[127.97,40.0],[127.87,39.9],[127.57,39.78],[127.53,39.7],[127.55,39.56],[127.55,39.46],[127.52,39.38],[127.46,39.4],[127.42,39.37],[127.38,39.3],[127.39,39.21],[127.5,39.18],[127.58,39.14],[127.7,39.13],[127.79,39.08],[127.97,38.9],[128.12,38.82],[128.16,38.79],[128.25,38.75],[128.33,38.68],[128.37,38.62]]],[[[124.91,39.54],[124.85,39.51],[124.85,39.56],[124.89,39.6],[124.93,39.61],[124.91,39.54]]]]}},{"type":"Feature","properties":{"NAME":"Mongolia"},"geometry":{"type":"Polygon","coordinates":[[[87.81,49.16],[87.82,49.16],[87.93,49.16],[87.99,49.19],[88.03,49.22],[88.12,49.26],[88.13,49.3],[88.14,49.38],[88.19,49.45],[88.34,49.47],[88.39,49.48],[88.45,49.47],[88.54,49.48],[88.63,49.49],[88.68,49.46],[88.75,49.45],[88.83,49.45],[88.86,49.48],[88.86,49.53],[88.9,49.54],[88.95,49.51],[88.97,49.48],[89.01,49.47],[89.11,49.5],[89.18,49.53],[89.2,49.6],[89.24,49.63],[89.3,49.61],[89.4,49.61],[89.47,49.66],[89.58,49.7],[89.65,49.72],[89.67,49.75],[89.63,49.82],[89.64,49.9],[89.74,49.95],[89.88,49.95],[89.98,49.98],[90.0,50.07],[90.05,50.09],[90.1,50.1],[90.22,50.12],[90.31,50.15],[90.36,50.17],[90.52,50.21],[90.66,50.22],[90.71,50.26],[90.76,50.31],[90.84,50.32],[90.92,50.36],[91.02,50.42],[91.06,50.42],[91.23,50.45],[91.3,50.46],[91.34,50.47],[91.42,50.47],[91.45,50.52],[91.52,50.56],[91.6,50.58],[91.63,50.62],[91.71,50.67],[91.8,50.69],[91.96,50.7],[92.1,50.69],[92.19,50.7],[92.27,50.78],[92.28,50.81],[92.3,50.85],[92.35,50.86],[92.43,50.8],[92.49,50.77],[92.58,50.73],[92.63,50.69],[92.68,50.68],[92.74,50.71],[92.78,50.78],[92.86,50.79],[92.94,50.78],[92.96,50.74],[92.97,50.71],[93.01,50.65],[93.1,50.6],[93.22,50.61],[93.27,50.62],[93.39,50.61],[93.5,50.6],[93.63,50.59],[93.66,50.58],[93.8,50.58],[93.99,50.57],[94.08,50.57],[94.25,50.56],[94.29,50.51],[94.32,50.4],[94.35,50.3],[94.35,50.22],[94.4,50.18],[94.46,50.17],[94.5,50.13],[94.56,50.09],[94.61,50.02],[94.68,50.03],[94.72,50.04],[94.81,50.05],[94.93,50.04],[95.01,50.01],[95.04,49.96],[95.11,49.94],[95.17,49.94],[95.33,49.94],[95.39,49.94],[95.44,49.92],[95.52,49.91],[95.57,49.94],[95.71,49.97],[95.79,50.01],[95.85,50.01],[95.9,49.99],[95.94,49.96],[95.99,49.97],[96.02,50.0],[96.07,50.0],[96.11,49.98],[96.23,49.95],[96.32,49.9],[96.38,49.9],[96.47,49.91],[96.51,49.92],[96.54,49.89],[96.6,49.88],[96.64,49.9],[96.71,49.91],[96.99,49.88],[97.05,49.83],[97.1,49.81],[97.14,49.76],[97.21,49.73],[97.36,49.74],[97.42,49.77],[97.54,49.84],[97.59,49.91],[97.65,49.93],[97.72,49.94],[97.79,49.94],[97.85,49.95],[97.94,50.0],[98.0,50.01],[98.1,50.08],[98.12,50.11],[98.17,50.18],[98.2,50.23],[98.25,50.3],[98.28,50.42],[98.29,50.49],[98.28,50.53],[98.22,50.56],[98.15,50.57],[98.08,50.6],[98.03,50.64],[98.0,50.7],[97.96,50.77],[97.96,50.82],[97.95,50.86],[97.92,50.89],[97.86,50.94],[97.83,50.99],[97.84,51.05],[97.91,51.17],[97.92,51.22],[97.93,51.25],[97.92,51.28],[97.95,51.35],[97.99,51.38],[98.04,51.45],[98.1,51.48],[98.18,51.49],[98.22,51.51],[98.24,51.58],[98.28,51.63],[98.3,51.67],[98.35,51.72],[98.64,51.8],[98.76,51.91],[98.8,51.96],[98.85,52.07],[98.89,52.12],[98.96,52.1],[99.03,52.04],[99.09,52.03],[99.18,52.0],[99.41,51.92],[99.53,51.9],[99.61,51.89],[99.72,51.87],[99.79,51.83],[99.92,51.76],[100.03,51.74],[100.23,51.73],[100.47,51.73],[100.54,51.71],[100.71,51.66],[100.9,51.6],[101.09,51.55],[101.22,51.51],[101.3,51.47],[101.38,51.45],[101.46,51.47],[101.57,51.47],[101.82,51.42],[101.98,51.38],[102.11,51.35],[102.16,51.31],[102.16,51.26],[102.14,51.22],[102.15,51.11],[102.19,51.05],[102.21,50.97],[102.23,50.9],[102.22,50.83],[102.24,50.79],[102.28,50.77],[102.32,50.72],[102.3,50.67],[102.29,50.63],[102.29,50.59],[102.34,50.54],[102.41,50.54],[102.47,50.53],[102.55,50.46],[102.68,50.39],[102.77,50.37],[102.86,50.33],[103.04,50.3],[103.16,50.29],[103.23,50.26],[103.3,50.2],[103.42,50.19],[103.5,50.16],[103.63,50.14],[103.72,50.15],[103.8,50.18],[103.86,50.17],[103.96,50.16],[104.08,50.15],[104.18,50.17],[104.26,50.21],[104.35,50.28],[104.47,50.31],[104.6,50.32],[104.69,50.34],[104.98,50.38],[105.09,50.39],[105.19,50.43],[105.27,50.46],[105.38,50.47],[105.54,50.44],[105.69,50.41],[105.88,50.41],[106.0,50.37],[106.08,50.33],[106.22,50.3],[106.37,50.32],[106.57,50.33],[106.71,50.31],[106.85,50.25],[106.94,50.2],[107.04,50.09],[107.14,50.03],[107.23,49.99],[107.35,49.99],[107.63,49.98],[107.79,49.96],[107.92,49.95],[107.95,49.92],[107.93,49.85],[107.94,49.74],[107.94,49.69],[107.97,49.65],[108.01,49.65],[108.03,49.59],[108.1,49.56],[108.21,49.52],[108.41,49.4],[108.52,49.34],[108.61,49.32],[108.73,49.34],[108.92,49.34],[109.24,49.33],[109.45,49.3],[109.53,49.27],[109.75,49.24],[109.99,49.21],[110.2,49.17],[110.32,49.22],[110.43,49.22],[110.53,49.19],[110.63,49.14],[110.71,49.14],[110.83,49.17],[111.2,49.3],[111.34,49.36],[111.43,49.34],[111.51,49.36],[111.57,49.38],[111.74,49.4],[111.83,49.4],[111.93,49.42],[112.08,49.42],[112.38,49.51],[112.49,49.53],[112.7,49.51],[112.81,49.52],[112.91,49.57],[113.06,49.62],[113.09,49.69],[113.16,49.8],[113.32,49.87],[113.45,49.94],[113.57,50.01],[113.73,50.06],[113.88,50.1],[114.07,50.2],[114.22,50.26],[114.3,50.27],[114.39,50.26],[114.55,50.24],[114.67,50.25],[114.74,50.23],[114.88,50.18],[115.0,50.14],[115.1,50.06],[115.27,49.95],[115.37,49.91],[115.43,49.9],[115.59,49.89],[115.72,49.88],[115.8,49.91],[115.93,49.95],[116.13,50.01],[116.22,50.01],[116.35,49.98],[116.55,49.92],[116.63,49.88],[116.68,49.82],[116.59,49.68],[116.4,49.41],[116.24,49.17],[116.16,49.04],[116.1,48.94],[116.03,48.84],[116.03,48.78],[115.95,48.69],[115.82,48.58],[115.79,48.46],[115.8,48.35],[115.79,48.25],[115.64,48.19],[115.53,48.13],[115.56,47.95],[115.62,47.87],[115.71,47.8],[115.81,47.74],[115.9,47.69],[115.99,47.71],[116.07,47.79],[116.23,47.86],[116.32,47.86],[116.38,47.84],[116.51,47.84],[116.65,47.86],[116.76,47.87],[116.9,47.85],[116.95,47.84],[117.07,47.81],[117.2,47.74],[117.29,47.67],[117.35,47.65],[117.38,47.68],[117.46,47.74],[117.56,47.8],[117.68,47.91],[117.77,47.99],[117.84,48.0],[117.98,48.0],[118.04,48.02],[118.15,48.03],[118.24,48.0],[118.5,47.98],[118.57,47.94],[118.69,47.82],[118.76,47.76],[118.88,47.73],[118.95,47.7],[119.02,47.69],[119.08,47.65],[119.1,47.62],[119.12,47.56],[119.16,47.53],[119.24,47.49],[119.29,47.47],[119.31,47.43],[119.33,47.41],[119.38,47.38],[119.53,47.26],[119.6,47.22],[119.71,47.15],[119.76,47.09],[119.76,47.03],[119.79,46.98],[119.86,46.91],[119.9,46.86],[119.88,46.79],[119.9,46.73],[119.87,46.67],[119.75,46.63],[119.71,46.61],[119.62,46.6],[119.47,46.63],[119.33,46.61],[119.16,46.64],[119.03,46.69],[118.96,46.73],[118.84,46.76],[118.79,46.75],[118.72,46.69],[118.65,46.7],[118.58,46.69],[118.4,46.7],[118.31,46.72],[118.16,46.68],[118.07,46.67],[117.91,46.62],[117.81,46.54],[117.74,46.52],[117.67,46.52],[117.62,46.55],[117.55,46.59],[117.44,46.59],[117.41,46.57],[117.39,46.54],[117.36,46.44],[117.36,46.39],[117.33,46.36],[117.27,46.35],[117.16,46.36],[116.98,46.36],[116.86,46.39],[116.79,46.38],[116.69,46.32],[116.62,46.31],[116.56,46.29],[116.52,46.21],[116.44,46.16],[116.36,46.1],[116.26,45.96],[116.21,45.89],[116.23,45.85],[116.24,45.8],[116.2,45.74],[116.11,45.69],[116.04,45.68],[115.93,45.63],[115.79,45.53],[115.68,45.46],[115.54,45.44],[115.44,45.42],[115.22,45.4],[115.16,45.39],[114.92,45.38],[114.74,45.42],[114.64,45.41],[114.56,45.39],[114.52,45.36],[114.5,45.32],[114.49,45.27],[114.42,45.2],[114.28,45.11],[114.17,45.05],[114.08,44.97],[114.03,44.94],[113.93,44.91],[113.88,44.9],[113.75,44.83],[113.65,44.76],[113.59,44.75],[113.51,44.76],[113.46,44.77],[113.3,44.79],[113.2,44.79],[113.05,44.81],[112.71,44.88],[112.6,44.92],[112.5,45.01],[112.41,45.06],[112.29,45.06],[112.11,45.06],[112.03,45.08],[111.9,45.06],[111.75,44.97],[111.68,44.9],[111.62,44.83],[111.55,44.67],[111.51,44.57],[111.49,44.51],[111.41,44.42],[111.4,44.37],[111.43,44.32],[111.49,44.27],[111.52,44.19],[111.6,44.11],[111.68,44.04],[111.84,43.93],[111.88,43.88],[111.93,43.81],[111.94,43.75],[111.93,43.71],[111.88,43.68],[111.77,43.66],[111.72,43.62],[111.64,43.56],[111.55,43.5],[111.5,43.49],[111.45,43.47],[111.19,43.39],[111.09,43.37],[111.01,43.34],[110.91,43.26],[110.84,43.19],[110.75,43.11],[110.71,43.07],[110.63,42.99],[110.52,42.9],[110.46,42.84],[110.43,42.81],[110.4,42.77],[110.29,42.74],[110.2,42.71],[110.06,42.66],[109.86,42.61],[109.7,42.55],[109.6,42.51],[109.44,42.46],[109.34,42.44],[109.13,42.44],[108.87,42.43],[108.69,42.42],[108.55,42.43],[108.33,42.44],[108.17,42.45],[108.06,42.43],[107.81,42.41],[107.75,42.4],[107.29,42.35],[107.09,42.32],[106.91,42.31],[106.77,42.29],[106.69,42.26],[106.58,42.23],[106.52,42.21],[106.32,42.14],[105.87,41.99],[105.57,41.88],[105.52,41.85],[105.31,41.77],[105.2,41.74],[105.12,41.66],[105.05,41.62],[104.98,41.6],[104.86,41.64],[104.77,41.64],[104.5,41.66],[104.5,41.88],[104.31,41.85],[104.0,41.8],[103.71,41.75],[103.45,41.86],[103.25,41.94],[103.07,42.01],[102.81,42.05],[102.58,42.09],[102.16,42.16],[101.97,42.22],[101.88,42.29],[101.71,42.47],[101.66,42.5],[101.58,42.52],[101.5,42.54],[101.31,42.54],[101.09,42.55],[100.77,42.59],[100.52,42.62],[100.09,42.67],[99.98,42.68],[99.76,42.63],[99.47,42.57],[98.95,42.62],[98.72,42.64],[98.25,42.68],[97.72,42.74],[97.21,42.79],[96.83,42.76],[96.63,42.74],[96.39,42.72],[96.35,42.75],[96.34,42.85],[96.3,42.93],[96.17,43.01],[96.08,43.1],[95.91,43.21],[95.86,43.28],[95.84,43.38],[95.69,43.66],[95.59,43.85],[95.57,43.89],[95.53,43.95],[95.47,43.99],[95.36,44.01],[95.33,44.04],[95.33,44.1],[95.34,44.2],[95.37,44.26],[95.35,44.28],[95.05,44.26],[94.87,44.3],[94.71,44.35],[94.49,44.47],[94.36,44.52],[94.2,44.65],[93.96,44.67],[93.87,44.72],[93.76,44.83],[93.66,44.9],[93.52,44.94],[93.29,44.98],[92.92,45.02],[92.79,45.04],[92.58,45.01],[92.42,45.01],[92.17,45.04],[92.03,45.07],[91.85,45.07],[91.74,45.07],[91.58,45.08],[91.51,45.1],[91.44,45.12],[91.31,45.12],[91.22,45.14],[91.14,45.19],[91.05,45.22],[90.95,45.22],[90.91,45.19],[90.88,45.2],[90.85,45.26],[90.76,45.37],[90.75,45.42],[90.69,45.47],[90.66,45.53],[90.67,45.6],[90.71,45.73],[90.8,45.85],[90.85,45.89],[90.89,45.92],[90.96,45.99],[91.0,46.04],[91.0,46.1],[90.95,46.18],[90.91,46.27],[90.92,46.32],[90.97,46.39],[91.03,46.53],[91.03,46.57],[91.0,46.6],[91.0,46.66],[90.99,46.75],[90.91,46.88],[90.87,46.95],[90.8,46.99],[90.72,47.0],[90.64,47.1],[90.55,47.21],[90.5,47.29],[90.48,47.33],[90.47,47.41],[90.43,47.5],[90.38,47.56],[90.35,47.6],[90.33,47.66],[90.31,47.68],[90.19,47.7],[90.1,47.75],[90.07,47.8],[90.05,47.85],[90.03,47.88],[89.96,47.89],[89.91,47.84],[89.83,47.82],[89.78,47.83],[89.73,47.85],[89.69,47.88],[89.64,47.91],[89.56,48.0],[89.48,48.03],[89.33,48.02],[89.2,47.98],[89.12,47.99],[89.05,48.0],[88.97,48.05],[88.92,48.09],[88.84,48.1],[88.68,48.17],[88.58,48.22],[88.57,48.32],[88.52,48.38],[88.41,48.4],[88.31,48.47],[88.16,48.51],[88.06,48.54],[87.98,48.56],[87.97,48.58],[87.97,48.6],[88.01,48.64],[88.05,48.68],[88.06,48.71],[88.03,48.74],[87.94,48.77],[87.83,48.79],[87.81,48.84],[87.74,48.88],[87.75,48.92],[87.81,48.95],[87.86,48.97],[87.87,49.0],[87.83,49.03],[87.82,49.08],[87.83,49.12],[87.81,49.16]]]}},{"type":"Feature","properties":{"NAME":"Laos"},"geometry":{"type":"Polygon","coordinates":[[[102.13,22.38],[102.18,22.28],[102.3,22.18],[102.44,22.03],[102.49,21.96],[102.58,21.9],[102.61,21.85],[102.63,21.77],[102.64,21.71],[102.66,21.68],[102.7,21.66],[102.74,21.68],[102.77,21.71],[102.8,21.8],[102.82,21.81],[102.85,21.73],[102.88,21.72],[102.92,21.71],[102.95,21.68],[102.96,21.63],[102.95,21.57],[102.91,21.51],[102.89,21.44],[102.87,21.34],[102.85,21.27],[102.88,21.2],[103.1,20.89],[103.21,20.84],[103.46,20.78],[103.55,20.74],[103.64,20.7],[103.71,20.72],[103.79,20.81],[103.88,20.86],[104.05,20.94],[104.1,20.95],[104.2,20.91],[104.35,20.82],[104.46,20.73],[104.53,20.69],[104.58,20.65],[104.58,20.6],[104.53,20.55],[104.48,20.53],[104.41,20.49],[104.37,20.44],[104.39,20.42],[104.5,20.41],[104.62,20.37],[104.66,20.33],[104.66,20.29],[104.68,20.22],[104.7,20.21],[104.81,20.22],[104.85,20.2],[104.89,20.17],[104.93,20.08],[104.93,20.02],[104.85,19.95],[104.82,19.9],[104.8,19.84],[104.74,19.75],[104.59,19.62],[104.55,19.61],[104.26,19.69],[104.13,19.68],[104.06,19.68],[104.03,19.68],[104.01,19.65],[104.05,19.56],[104.06,19.48],[104.03,19.42],[103.93,19.37],[103.9,19.34],[103.89,19.3],[103.92,19.27],[104.01,19.23],[104.11,19.2],[104.45,18.98],[104.52,18.93],[104.61,18.86],[104.72,18.8],[104.99,18.73],[105.12,18.68],[105.15,18.65],[105.15,18.62],[105.11,18.57],[105.09,18.5],[105.09,18.45],[105.11,18.41],[105.16,18.34],[105.27,18.24],[105.33,18.19],[105.4,18.18],[105.46,18.15],[105.52,18.08],[105.59,17.98],[105.6,17.92],[105.63,17.83],[105.69,17.74],[105.78,17.64],[105.9,17.53],[105.97,17.45],[106.01,17.42],[106.27,17.22],[106.33,17.14],[106.43,17.0],[106.47,16.98],[106.5,16.95],[106.53,16.88],[106.53,16.82],[106.55,16.65],[106.59,16.6],[106.64,16.54],[106.66,16.49],[106.7,16.46],[106.74,16.45],[106.79,16.49],[106.83,16.53],[106.85,16.52],[106.89,16.4],[106.93,16.35],[107.0,16.31],[107.07,16.28],[107.22,16.14],[107.3,16.08],[107.35,16.07],[107.4,16.04],[107.41,16.0],[107.39,15.95],[107.36,15.92],[107.19,15.84],[107.17,15.8],[107.19,15.75],[107.23,15.68],[107.28,15.62],[107.34,15.56],[107.46,15.47],[107.56,15.39],[107.62,15.31],[107.65,15.26],[107.63,15.19],[107.59,15.12],[107.56,15.06],[107.5,15.02],[107.48,14.98],[107.5,14.92],[107.52,14.87],[107.51,14.82],[107.52,14.71],[107.47,14.66],[107.41,14.56],[107.38,14.56],[107.29,14.59],[107.26,14.57],[107.21,14.5],[107.11,14.42],[107.06,14.42],[107.03,14.43],[106.99,14.39],[106.94,14.33],[106.91,14.33],[106.82,14.31],[106.78,14.34],[106.74,14.39],[106.67,14.44],[106.6,14.48],[106.56,14.51],[106.53,14.55],[106.5,14.58],[106.45,14.52],[106.35,14.45],[106.27,14.47],[106.23,14.48],[106.19,14.39],[106.17,14.37],[106.01,14.36],[105.98,14.34],[106.0,14.26],[106.1,14.13],[106.12,14.05],[106.07,13.92],[105.9,13.92],[105.83,13.98],[105.76,14.05],[105.74,14.08],[105.53,14.16],[105.39,14.11],[105.35,14.11],[105.28,14.16],[105.25,14.2],[105.21,14.26],[105.19,14.32],[105.18,14.35],[105.24,14.37],[105.34,14.42],[105.42,14.47],[105.48,14.53],[105.5,14.59],[105.5,14.66],[105.52,14.84],[105.55,14.93],[105.53,15.04],[105.49,15.13],[105.49,15.26],[105.51,15.32],[105.51,15.36],[105.57,15.41],[105.62,15.49],[105.64,15.59],[105.64,15.66],[105.62,15.7],[105.56,15.74],[105.46,15.78],[105.4,15.83],[105.37,15.89],[105.38,15.94],[105.41,15.99],[105.33,16.04],[105.15,16.09],[105.05,16.16],[105.03,16.24],[104.95,16.34],[104.82,16.47],[104.75,16.65],[104.74,16.88],[104.76,17.08],[104.82,17.3],[104.74,17.46],[104.66,17.55],[104.54,17.61],[104.43,17.7],[104.32,17.82],[104.2,17.99],[104.05,18.22],[103.95,18.32],[103.9,18.3],[103.79,18.32],[103.63,18.38],[103.49,18.42],[103.37,18.42],[103.29,18.41],[103.25,18.37],[103.25,18.34],[103.28,18.3],[103.26,18.28],[103.2,18.26],[103.15,18.22],[103.09,18.14],[103.05,18.03],[102.99,17.99],[102.9,17.98],[102.81,17.95],[102.72,17.89],[102.68,17.85],[102.68,17.82],[102.66,17.82],[102.62,17.83],[102.6,17.87],[102.6,17.93],[102.55,17.97],[102.46,17.98],[102.35,18.05],[102.23,18.15],[102.15,18.2],[102.1,18.21],[102.03,18.17],[101.95,18.08],[101.88,18.05],[101.82,18.06],[101.77,18.03],[101.74,17.95],[101.69,17.89],[101.56,17.82],[101.56,17.81],[101.41,17.72],[101.3,17.62],[101.17,17.5],[101.11,17.48],[101.05,17.51],[100.96,17.54],[100.91,17.58],[101.0,17.8],[101.11,18.03],[101.14,18.14],[101.15,18.22],[101.14,18.29],[101.09,18.35],[101.05,18.41],[101.05,18.44],[101.06,18.48],[101.11,18.53],[101.17,18.62],[101.22,18.79],[101.29,18.98],[101.28,19.09],[101.23,19.21],[101.2,19.33],[101.22,19.49],[101.21,19.55],[101.15,19.58],[100.97,19.61],[100.91,19.61],[100.86,19.59],[100.81,19.54],[100.74,19.51],[100.63,19.5],[100.51,19.55],[100.42,19.64],[100.4,19.76],[100.47,19.89],[100.51,20.0],[100.54,20.09],[100.54,20.13],[100.52,20.18],[100.49,20.18],[100.43,20.24],[100.37,20.34],[100.32,20.39],[100.27,20.38],[100.22,20.34],[100.17,20.27],[100.14,20.25],[100.11,20.26],[100.12,20.32],[100.13,20.37],[100.18,20.59],[100.25,20.73],[100.33,20.8],[100.41,20.82],[100.49,20.81],[100.57,20.83],[100.62,20.86],[100.62,20.88],[100.55,20.88],[100.52,20.92],[100.54,20.99],[100.57,21.04],[100.61,21.06],[100.66,21.13],[100.7,21.25],[100.76,21.31],[100.82,21.31],[100.93,21.37],[101.08,21.47],[101.14,21.57],[101.2,21.52],[101.18,21.41],[101.21,21.38],[101.22,21.34],[101.21,21.28],[101.22,21.22],[101.25,21.2],[101.28,21.18],[101.44,21.23],[101.54,21.23],[101.58,21.2],[101.62,21.18],[101.67,21.17],[101.7,21.15],[101.73,21.16],[101.78,21.2],[101.8,21.21],[101.8,21.24],[101.76,21.28],[101.72,21.31],[101.72,21.4],[101.74,21.53],[101.75,21.61],[101.74,21.78],[101.74,21.83],[101.7,21.88],[101.6,21.99],[101.58,22.06],[101.56,22.12],[101.56,22.16],[101.54,22.21],[101.52,22.25],[101.57,22.28],[101.62,22.33],[101.65,22.41],[101.67,22.46],[101.71,22.49],[101.74,22.5],[101.76,22.49],[101.84,22.39],[101.95,22.44],[102.02,22.44],[102.09,22.41],[102.13,22.38]]]}},{"type":"Feature","properties":{"NAME":"Japan"},"geometry":{"type":"MultiPolygon","coordinates":[[[[133.37,36.2],[133.32,36.17],[133.24,36.18],[133.19,36.23],[133.21,36.29],[133.3,36.34],[133.38,36.25],[133.37,36.2]]],[[[138.34,37.82],[138.25,37.82],[138.23,37.83],[138.28,37.85],[138.29,37.9],[138.32,37.97],[138.32,37.99],[138.25,37.99],[138.25,38.08],[138.31,38.16],[138.46,38.29],[138.5,38.32],[138.51,38.26],[138.46,38.12],[138.45,38.08],[138.58,38.07],[138.5,37.9],[138.34,37.82]]],[[[134.93,34.29],[134.82,34.2],[134.73,34.21],[134.68,34.25],[134.67,34.29],[134.76,34.37],[134.83,34.47],[134.9,34.52],[134.96,34.54],[135.0,34.54],[134.91,34.4],[134.93,34.29]]],[[[130.62,30.26],[130.51,30.24],[130.45,30.26],[130.39,30.39],[130.5,30.47],[130.64,30.39],[130.67,30.37],[130.62,30.26]]],[[[130.96,30.4],[130.87,30.39],[130.87,30.44],[130.94,30.58],[130.95,30.67],[131.01,30.79],[131.04,30.82],[131.06,30.83],[131.08,30.79],[131.06,30.64],[130.99,30.53],[130.96,30.4]]],[[[130.08,32.23],[130.0,32.19],[129.99,32.23],[129.96,32.24],[130.02,32.29],[130.02,32.31],[129.98,32.35],[130.02,32.47],[130.01,32.52],[130.17,32.54],[130.2,32.49],[130.2,32.34],[130.08,32.23]]],[[[129.28,34.12],[129.21,34.08],[129.19,34.15],[129.21,34.32],[129.34,34.28],[129.34,34.23],[129.28,34.12]]],[[[129.39,34.35],[129.37,34.31],[129.3,34.34],[129.27,34.37],[129.33,34.52],[129.32,34.58],[129.33,34.61],[129.45,34.69],[129.47,34.67],[129.48,34.65],[129.47,34.62],[129.48,34.54],[129.38,34.42],[129.39,34.35]]],[[[128.67,32.78],[128.7,32.76],[128.76,32.77],[128.81,32.78],[128.84,32.76],[128.88,32.69],[128.89,32.65],[128.82,32.65],[128.79,32.64],[128.75,32.59],[128.69,32.6],[128.66,32.63],[128.65,32.66],[128.67,32.78]]],[[[130.38,32.42],[130.29,32.42],[130.26,32.43],[130.24,32.46],[130.37,32.53],[130.46,32.52],[130.42,32.46],[130.38,32.42]]],[[[141.07,45.33],[141.03,45.27],[140.98,45.36],[140.97,45.47],[141.0,45.46],[141.06,45.45],[141.07,45.4],[141.07,45.33]]],[[[141.3,45.12],[141.23,45.11],[141.15,45.15],[141.14,45.21],[141.19,45.25],[141.25,45.23],[141.31,45.18],[141.33,45.15],[141.3,45.12]]],[[[139.48,42.08],[139.46,42.08],[139.43,42.08],[139.41,42.16],[139.43,42.2],[139.5,42.23],[139.56,42.24],[139.51,42.1],[139.48,42.08]]],[[[134.35,34.48],[134.33,34.46],[134.32,34.47],[134.25,34.42],[134.24,34.47],[134.19,34.5],[134.18,34.52],[134.33,34.53],[134.37,34.52],[134.35,34.48]]],[[[139.46,34.73],[139.45,34.68],[139.39,34.69],[139.37,34.72],[139.37,34.78],[139.43,34.78],[139.46,34.73]]],[[[129.08,32.84],[129.05,32.83],[129.02,32.92],[129.0,32.95],[129.03,32.97],[129.11,33.13],[129.12,33.07],[129.15,33.0],[129.18,32.99],[129.15,32.95],[129.11,32.93],[129.08,32.84]]],[[[129.49,33.22],[129.42,33.18],[129.37,33.18],[129.42,33.23],[129.42,33.26],[129.46,33.33],[129.54,33.36],[129.57,33.36],[129.51,33.28],[129.49,33.22]]],[[[129.8,33.75],[129.73,33.71],[129.67,33.74],[129.7,33.83],[129.72,33.86],[129.78,33.83],[129.8,33.75]]],[[[132.58,34.12],[132.55,34.08],[132.46,34.09],[132.5,34.12],[132.52,34.16],[132.54,34.17],[132.56,34.13],[132.58,34.12]]],[[[132.27,33.95],[132.31,33.91],[132.43,33.92],[132.44,33.91],[132.41,33.88],[132.36,33.85],[132.27,33.87],[132.21,33.87],[132.2,33.93],[132.21,33.95],[132.27,33.95]]],[[[129.72,31.66],[129.69,31.64],[129.71,31.72],[129.79,31.79],[129.79,31.74],[129.72,31.66]]],[[[142.19,26.62],[142.17,26.62],[142.11,26.72],[142.13,26.73],[142.16,26.71],[142.2,26.65],[142.19,26.62]]],[[[143.82,44.12],[143.95,44.11],[144.01,44.12],[144.1,44.1],[144.48,43.95],[144.6,43.93],[144.72,43.93],[144.8,43.94],[144.87,43.98],[145.1,44.17],[145.34,44.33],[145.37,44.33],[145.37,44.28],[145.35,44.23],[145.25,44.08],[145.13,43.87],[145.1,43.76],[145.14,43.66],[145.21,43.58],[145.27,43.46],[145.34,43.3],[145.44,43.28],[145.49,43.28],[145.58,43.33],[145.67,43.39],[145.75,43.4],[145.83,43.39],[145.73,43.34],[145.62,43.29],[145.54,43.19],[145.51,43.17],[145.4,43.18],[145.35,43.18],[145.23,43.14],[145.13,43.09],[145.03,43.03],[144.92,43.0],[144.81,42.99],[144.63,42.95],[144.52,42.94],[144.3,42.98],[144.2,42.97],[143.97,42.88],[143.76,42.75],[143.58,42.6],[143.43,42.42],[143.37,42.33],[143.33,42.22],[143.33,42.15],[143.31,42.08],[143.28,42.04],[143.24,42.0],[143.11,42.02],[142.91,42.12],[142.51,42.26],[142.09,42.47],[141.85,42.58],[141.41,42.55],[140.99,42.34],[140.95,42.36],[140.79,42.5],[140.71,42.56],[140.62,42.57],[140.55,42.57],[140.48,42.56],[140.39,42.49],[140.35,42.44],[140.32,42.38],[140.32,42.33],[140.33,42.29],[140.42,42.2],[140.53,42.13],[140.58,42.12],[140.68,42.12],[140.73,42.12],[140.91,41.98],[141.11,41.85],[141.15,41.81],[141.08,41.76],[141.0,41.74],[140.91,41.74],[140.82,41.76],[140.66,41.82],[140.59,41.77],[140.49,41.67],[140.43,41.57],[140.38,41.52],[140.27,41.46],[140.15,41.42],[140.09,41.43],[140.04,41.47],[140.01,41.52],[140.0,41.58],[140.02,41.7],[140.08,41.8],[140.11,41.91],[140.06,42.07],[140.02,42.1],[139.9,42.19],[139.84,42.28],[139.82,42.39],[139.83,42.45],[139.86,42.58],[139.89,42.65],[139.95,42.67],[140.02,42.68],[140.11,42.73],[140.22,42.8],[140.33,42.87],[140.43,42.95],[140.49,43.05],[140.4,43.17],[140.38,43.24],[140.39,43.3],[140.49,43.34],[140.58,43.31],[140.78,43.21],[140.82,43.21],[140.95,43.2],[141.14,43.18],[141.25,43.19],[141.3,43.2],[141.37,43.28],[141.41,43.38],[141.4,43.51],[141.4,43.64],[141.45,43.75],[141.6,43.92],[141.64,44.02],[141.66,44.26],[141.72,44.37],[141.76,44.48],[141.78,44.72],[141.72,44.94],[141.66,45.05],[141.58,45.16],[141.59,45.26],[141.65,45.35],[141.65,45.38],[141.67,45.4],[141.78,45.42],[141.83,45.44],[141.88,45.48],[141.94,45.51],[141.98,45.48],[142.02,45.44],[142.17,45.33],[142.42,45.12],[142.7,44.82],[142.88,44.67],[143.08,44.53],[143.29,44.4],[143.51,44.28],[143.65,44.22],[143.76,44.13],[143.82,44.12]]],[[[131.17,33.6],[131.31,33.57],[131.37,33.57],[131.42,33.58],[131.5,33.62],[131.58,33.65],[131.64,33.64],[131.7,33.6],[131.72,33.55],[131.71,33.5],[131.62,33.39],[131.54,33.27],[131.72,33.25],[131.9,33.25],[131.85,33.18],[131.85,33.12],[131.9,33.09],[131.95,33.05],[131.94,33.01],[131.91,32.97],[132.01,32.92],[132.0,32.88],[131.98,32.84],[131.73,32.59],[131.66,32.47],[131.61,32.33],[131.56,32.22],[131.53,32.12],[131.51,32.0],[131.46,31.88],[131.48,31.78],[131.46,31.67],[131.34,31.4],[131.25,31.41],[131.14,31.44],[131.07,31.44],[131.04,31.38],[131.1,31.26],[130.9,31.11],[130.69,31.02],[130.68,31.06],[130.7,31.09],[130.74,31.12],[130.76,31.16],[130.79,31.27],[130.77,31.38],[130.71,31.53],[130.7,31.58],[130.75,31.6],[130.78,31.6],[130.8,31.62],[130.8,31.67],[130.78,31.71],[130.71,31.72],[130.66,31.72],[130.61,31.67],[130.56,31.56],[130.53,31.46],[130.54,31.4],[130.57,31.35],[130.64,31.27],[130.62,31.22],[130.59,31.18],[130.31,31.27],[130.25,31.27],[130.2,31.29],[130.15,31.41],[130.26,31.44],[130.29,31.45],[130.31,31.49],[130.32,31.6],[130.27,31.7],[130.22,31.73],[130.19,31.77],[130.21,31.85],[130.2,31.95],[130.19,32.09],[130.21,32.12],[130.32,32.14],[130.39,32.22],[130.46,32.3],[130.56,32.46],[130.64,32.62],[130.56,32.63],[130.5,32.66],[130.57,32.73],[130.55,32.83],[130.44,32.95],[130.38,33.09],[130.29,33.15],[130.24,33.18],[130.18,33.14],[130.13,33.1],[130.17,33.01],[130.17,32.93],[130.18,32.85],[130.22,32.85],[130.28,32.87],[130.33,32.85],[130.35,32.81],[130.36,32.76],[130.34,32.7],[130.3,32.67],[130.25,32.68],[130.19,32.71],[130.15,32.75],[130.05,32.77],[129.95,32.72],[129.85,32.62],[129.77,32.57],[129.81,32.65],[129.83,32.73],[129.79,32.78],[129.69,32.88],[129.67,32.93],[129.66,32.99],[129.68,33.06],[129.78,32.99],[129.83,32.89],[129.9,32.85],[129.99,32.85],[129.92,32.99],[129.9,33.02],[129.8,33.08],[129.67,33.19],[129.58,33.24],[129.61,33.34],[129.66,33.36],[129.7,33.36],[129.84,33.32],[129.86,33.38],[129.84,33.4],[129.83,33.44],[129.92,33.48],[130.07,33.52],[130.1,33.54],[130.13,33.58],[130.17,33.6],[130.28,33.6],[130.37,33.63],[130.44,33.73],[130.46,33.79],[130.48,33.83],[130.67,33.92],[130.72,33.93],[130.84,33.92],[130.95,33.87],[131.01,33.78],[131.06,33.67],[131.17,33.6]]],[[[134.36,34.26],[134.5,34.21],[134.64,34.23],[134.64,34.04],[134.66,33.98],[134.7,33.93],[134.67,33.85],[134.74,33.82],[134.55,33.73],[134.38,33.61],[134.31,33.53],[134.24,33.44],[134.21,33.35],[134.18,33.25],[134.12,33.29],[133.96,33.45],[133.85,33.49],[133.69,33.52],[133.63,33.51],[133.29,33.36],[133.24,33.25],[133.15,33.08],[133.1,33.03],[133.05,33.01],[133.02,32.98],[132.98,32.84],[132.87,32.75],[132.8,32.75],[132.69,32.78],[132.64,32.76],[132.71,32.9],[132.6,32.92],[132.5,32.92],[132.49,33.01],[132.43,33.06],[132.48,33.13],[132.48,33.18],[132.51,33.21],[132.52,33.26],[132.51,33.29],[132.45,33.3],[132.41,33.33],[132.41,33.43],[132.37,33.43],[132.28,33.42],[132.09,33.34],[132.03,33.34],[132.11,33.39],[132.29,33.47],[132.37,33.51],[132.54,33.63],[132.64,33.69],[132.7,33.79],[132.72,33.85],[132.75,33.91],[132.78,33.99],[132.84,34.02],[132.94,34.1],[132.99,34.09],[133.05,34.0],[133.13,33.93],[133.19,33.93],[133.3,33.97],[133.35,33.98],[133.47,33.97],[133.58,34.02],[133.63,34.07],[133.64,34.13],[133.6,34.24],[133.66,34.23],[133.71,34.24],[133.83,34.31],[133.95,34.35],[134.08,34.36],[134.22,34.32],[134.36,34.26]]],[[[141.23,41.37],[141.27,41.35],[141.46,41.4],[141.42,41.25],[141.4,41.1],[141.41,40.84],[141.43,40.72],[141.46,40.61],[141.54,40.53],[141.65,40.47],[141.8,40.29],[141.88,40.07],[141.94,39.96],[141.98,39.84],[141.99,39.79],[141.99,39.74],[141.98,39.67],[141.99,39.61],[141.98,39.43],[141.91,39.22],[141.9,39.11],[141.84,39.09],[141.81,39.04],[141.78,39.02],[141.74,39.0],[141.69,39.0],[141.66,38.97],[141.64,38.92],[141.62,38.87],[141.58,38.82],[141.55,38.76],[141.52,38.63],[141.51,38.5],[141.47,38.4],[141.37,38.38],[141.25,38.38],[141.11,38.34],[141.08,38.31],[140.96,38.15],[140.93,38.05],[140.93,37.95],[140.96,37.82],[141.0,37.7],[141.04,37.47],[141.0,37.11],[140.97,37.0],[140.9,36.93],[140.84,36.89],[140.79,36.85],[140.73,36.73],[140.63,36.5],[140.62,36.45],[140.62,36.39],[140.59,36.31],[140.57,36.23],[140.59,36.14],[140.62,36.06],[140.76,35.85],[140.81,35.78],[140.87,35.72],[140.64,35.66],[140.6,35.63],[140.46,35.51],[140.41,35.39],[140.42,35.27],[140.39,35.22],[140.35,35.18],[140.31,35.16],[140.16,35.1],[140.06,35.04],[139.96,34.95],[139.92,34.9],[139.84,34.91],[139.8,34.96],[139.84,35.01],[139.83,35.07],[139.85,35.23],[139.83,35.3],[139.91,35.35],[139.94,35.42],[140.03,35.49],[140.09,35.54],[140.1,35.59],[140.04,35.63],[139.99,35.67],[139.91,35.67],[139.83,35.66],[139.79,35.61],[139.77,35.55],[139.77,35.52],[139.77,35.49],[139.65,35.41],[139.67,35.32],[139.7,35.27],[139.74,35.25],[139.73,35.22],[139.68,35.15],[139.64,35.14],[139.56,35.24],[139.47,35.3],[139.36,35.3],[139.25,35.28],[139.16,35.21],[139.13,35.15],[139.12,35.1],[139.12,34.96],[139.09,34.84],[139.02,34.74],[138.98,34.7],[138.9,34.63],[138.84,34.62],[138.8,34.65],[138.76,34.7],[138.8,34.88],[138.8,34.97],[138.9,35.03],[138.82,35.1],[138.72,35.12],[138.58,35.09],[138.54,35.04],[138.51,34.99],[138.43,34.92],[138.35,34.85],[138.25,34.73],[138.19,34.6],[137.98,34.64],[137.86,34.65],[137.75,34.65],[137.54,34.66],[137.32,34.64],[137.06,34.58],[137.08,34.62],[137.29,34.7],[137.3,34.73],[137.28,34.77],[137.22,34.77],[137.1,34.76],[137.03,34.77],[137.01,34.81],[136.96,34.83],[136.93,34.82],[136.94,34.72],[136.91,34.71],[136.87,34.73],[136.88,34.81],[136.86,34.91],[136.85,34.98],[136.9,35.04],[136.85,35.06],[136.8,35.05],[136.74,35.02],[136.69,34.98],[136.58,34.79],[136.53,34.68],[136.62,34.59],[136.84,34.46],[136.88,34.43],[136.88,34.38],[136.85,34.32],[136.79,34.3],[136.54,34.26],[136.33,34.18],[136.27,34.09],[136.07,33.78],[135.92,33.56],[135.7,33.49],[135.45,33.55],[135.39,33.63],[135.35,33.72],[135.26,33.81],[135.18,33.9],[135.13,34.01],[135.14,34.18],[135.1,34.29],[135.13,34.32],[135.27,34.38],[135.31,34.42],[135.38,34.5],[135.41,34.55],[135.42,34.62],[135.36,34.65],[135.2,34.65],[135.04,34.63],[134.93,34.66],[134.78,34.75],[134.74,34.77],[134.58,34.77],[134.47,34.75],[134.36,34.72],[134.25,34.71],[134.21,34.7],[134.07,34.59],[133.97,34.53],[133.88,34.49],[133.68,34.49],[133.58,34.46],[133.47,34.43],[133.45,34.43],[133.34,34.39],[133.21,34.34],[133.14,34.3],[133.02,34.33],[132.77,34.26],[132.66,34.25],[132.53,34.29],[132.42,34.35],[132.31,34.32],[132.24,34.23],[132.2,34.03],[132.16,33.94],[132.15,33.84],[132.09,33.86],[131.76,34.05],[131.74,34.05],[131.48,34.02],[131.41,34.0],[131.32,33.97],[131.23,33.95],[131.15,33.98],[131.07,34.02],[131.0,34.01],[130.92,33.98],[130.89,34.26],[130.9,34.3],[130.95,34.35],[131.0,34.39],[131.13,34.41],[131.26,34.39],[131.35,34.41],[131.43,34.47],[131.52,34.55],[131.61,34.62],[131.73,34.67],[131.86,34.73],[131.96,34.81],[132.06,34.9],[132.16,34.97],[132.26,35.02],[132.41,35.16],[132.62,35.31],[132.7,35.42],[132.75,35.45],[132.92,35.51],[133.16,35.56],[133.27,35.56],[133.38,35.46],[133.44,35.47],[133.49,35.5],[133.62,35.51],[133.74,35.5],[133.86,35.49],[133.98,35.51],[134.21,35.54],[134.34,35.58],[134.46,35.63],[134.88,35.66],[135.17,35.75],[135.22,35.74],[135.27,35.72],[135.27,35.66],[135.23,35.59],[135.27,35.55],[135.33,35.53],[135.6,35.52],[135.68,35.5],[135.8,35.55],[135.9,35.61],[136.02,35.68],[136.1,35.77],[136.02,35.87],[136.01,35.99],[136.07,36.12],[136.16,36.22],[136.26,36.29],[136.36,36.36],[136.56,36.57],[136.7,36.74],[136.75,36.95],[136.72,37.2],[136.84,37.38],[136.96,37.41],[137.2,37.5],[137.32,37.52],[137.34,37.49],[137.34,37.44],[137.15,37.28],[137.05,37.22],[136.98,37.2],[136.92,37.17],[136.9,37.12],[136.99,37.03],[137.02,36.96],[137.01,36.9],[137.02,36.84],[137.12,36.77],[137.25,36.75],[137.3,36.75],[137.34,36.77],[137.48,36.92],[137.51,36.95],[137.91,37.06],[138.11,37.15],[138.22,37.17],[138.32,37.22],[138.55,37.39],[138.63,37.47],[138.71,37.56],[138.77,37.66],[138.82,37.77],[138.89,37.84],[139.25,38.01],[139.36,38.1],[139.4,38.14],[139.45,38.27],[139.48,38.4],[139.52,38.5],[139.58,38.6],[139.66,38.7],[139.75,38.79],[139.8,38.88],[139.88,39.1],[139.91,39.23],[139.94,39.27],[139.98,39.31],[140.01,39.36],[140.04,39.41],[140.05,39.46],[140.06,39.62],[140.05,39.75],[139.99,39.86],[139.95,39.89],[139.89,39.89],[139.81,39.88],[139.74,39.92],[139.76,39.96],[139.83,39.97],[139.87,39.99],[139.91,40.02],[139.97,40.14],[140.01,40.26],[140.01,40.31],[139.96,40.41],[139.92,40.53],[139.92,40.6],[139.97,40.67],[140.03,40.73],[140.09,40.75],[140.15,40.75],[140.2,40.77],[140.25,40.81],[140.28,40.85],[140.33,40.95],[140.34,41.01],[140.32,41.16],[140.34,41.2],[140.39,41.23],[140.44,41.21],[140.5,41.21],[140.56,41.21],[140.63,41.2],[140.64,41.16],[140.68,40.89],[140.7,40.86],[140.75,40.83],[140.8,40.83],[140.85,40.88],[140.88,40.93],[140.94,40.94],[141.12,40.88],[141.18,40.92],[141.23,40.99],[141.26,41.1],[141.24,41.21],[141.2,41.24],[141.16,41.24],[141.12,41.21],[141.07,41.19],[140.8,41.14],[140.8,41.25],[140.86,41.43],[140.89,41.48],[140.94,41.51],[141.05,41.48],[141.11,41.46],[141.23,41.37]]],[[[124.29,24.52],[124.23,24.36],[124.19,24.34],[124.14,24.35],[124.08,24.44],[124.12,24.47],[124.17,24.45],[124.21,24.46],[124.3,24.59],[124.32,24.57],[124.29,24.52]]],[[[123.89,24.28],[123.83,24.27],[123.75,24.28],[123.68,24.29],[123.68,24.32],[123.75,24.35],[123.75,24.39],[123.77,24.41],[123.93,24.36],[123.93,24.32],[123.89,24.28]]],[[[125.44,24.74],[125.36,24.72],[125.27,24.73],[125.28,24.87],[125.31,24.85],[125.33,24.8],[125.4,24.78],[125.44,24.74]]],[[[128.26,26.65],[128.16,26.61],[128.13,26.55],[128.04,26.53],[127.95,26.46],[127.87,26.44],[127.87,26.38],[127.9,26.33],[127.85,26.32],[127.79,26.26],[127.79,26.21],[127.81,26.17],[127.8,26.15],[127.73,26.1],[127.65,26.09],[127.65,26.15],[127.65,26.2],[127.73,26.31],[127.73,26.43],[127.8,26.45],[127.82,26.47],[127.93,26.56],[127.95,26.59],[127.89,26.63],[127.89,26.67],[127.91,26.69],[127.99,26.68],[128.03,26.65],[128.05,26.64],[128.1,26.67],[128.12,26.71],[128.22,26.8],[128.25,26.88],[128.33,26.81],[128.31,26.72],[128.26,26.65]]],[[[129.0,27.72],[128.96,27.7],[128.9,27.73],[128.88,27.84],[128.91,27.9],[128.95,27.91],[128.99,27.81],[129.02,27.77],[129.0,27.72]]],[[[129.45,28.21],[129.37,28.13],[129.27,28.2],[129.16,28.25],[129.22,28.26],[129.25,28.28],[129.25,28.31],[129.32,28.36],[129.46,28.4],[129.51,28.4],[129.56,28.43],[129.58,28.46],[129.6,28.48],[129.69,28.52],[129.71,28.47],[129.71,28.43],[129.64,28.41],[129.57,28.36],[129.51,28.3],[129.46,28.27],[129.44,28.25],[129.45,28.21]]],[[[129.32,28.1],[129.33,28.08],[129.23,28.1],[129.19,28.19],[129.26,28.18],[129.28,28.14],[129.32,28.1]]],[[[139.84,33.06],[139.82,33.05],[139.78,33.08],[139.77,33.11],[139.78,33.13],[139.81,33.13],[139.87,33.09],[139.84,33.06]]]]}},{"type":"Feature","properties":{"NAME":"India"},"geometry":{"type":"MultiPolygon","coordinates":[[[[68.17,23.86],[68.23,23.9],[68.28,23.93],[68.38,23.95],[68.49,23.97],[68.59,23.97],[68.72,23.96],[68.73,24.27],[68.74,24.29],[68.76,24.31],[68.78,24.31],[68.8,24.31],[68.83,24.26],[68.86,24.27],[68.9,24.29],[68.98,24.27],[69.05,24.29],[69.12,24.27],[69.24,24.27],[69.44,24.28],[69.56,24.27],[69.63,24.23],[69.72,24.17],[69.81,24.17],[69.93,24.17],[70.02,24.19],[70.07,24.24],[70.1,24.29],[70.29,24.36],[70.49,24.41],[70.55,24.42],[70.57,24.39],[70.56,24.33],[70.58,24.28],[70.66,24.25],[70.72,24.24],[70.77,24.25],[70.81,24.26],[70.89,24.34],[70.93,24.36],[70.98,24.36],[71.04,24.4],[71.05,24.43],[71.01,24.44],[70.97,24.49],[70.98,24.52],[70.97,24.57],[70.98,24.62],[71.0,24.65],[71.05,24.69],[71.02,24.76],[70.95,24.89],[70.88,25.06],[70.8,25.21],[70.7,25.33],[70.65,25.42],[70.66,25.63],[70.65,25.67],[70.61,25.69],[70.57,25.71],[70.51,25.69],[70.45,25.68],[70.33,25.69],[70.26,25.71],[70.1,25.91],[70.08,25.99],[70.08,26.07],[70.13,26.21],[70.15,26.35],[70.16,26.47],[70.15,26.51],[70.11,26.55],[70.06,26.58],[69.91,26.59],[69.74,26.63],[69.6,26.7],[69.51,26.74],[69.48,26.77],[69.47,26.8],[69.49,26.95],[69.54,27.12],[69.57,27.17],[69.62,27.23],[69.66,27.26],[69.72,27.31],[69.9,27.47],[70.05,27.69],[70.14,27.85],[70.19,27.89],[70.24,27.93],[70.32,27.98],[70.4,28.03],[70.49,28.02],[70.57,27.98],[70.63,27.94],[70.65,27.84],[70.69,27.77],[70.74,27.73],[70.8,27.71],[70.87,27.71],[71.18,27.83],[71.29,27.86],[71.54,27.87],[71.72,27.92],[71.87,27.96],[71.89,28.05],[71.95,28.18],[72.13,28.35],[72.18,28.42],[72.23,28.57],[72.29,28.7],[72.34,28.75],[72.63,28.9],[72.9,29.03],[72.95,29.09],[73.13,29.36],[73.23,29.55],[73.26,29.61],[73.32,29.77],[73.38,29.93],[73.47,29.97],[73.66,30.03],[73.81,30.09],[73.89,30.16],[73.93,30.22],[73.92,30.28],[73.88,30.35],[73.89,30.39],[73.9,30.44],[74.01,30.52],[74.22,30.77],[74.34,30.89],[74.38,30.89],[74.51,30.96],[74.63,31.03],[74.63,31.07],[74.61,31.11],[74.54,31.13],[74.52,31.19],[74.53,31.26],[74.59,31.47],[74.58,31.52],[74.51,31.71],[74.53,31.77],[74.56,31.82],[74.64,31.89],[74.74,31.95],[75.07,32.09],[75.14,32.1],[75.25,32.14],[75.32,32.22],[75.33,32.28],[75.3,32.32],[75.23,32.37],[75.1,32.42],[74.99,32.46],[74.79,32.46],[74.69,32.49],[74.66,32.52],[74.64,32.61],[74.66,32.76],[74.63,32.77],[74.59,32.75],[74.48,32.77],[74.35,32.77],[74.31,32.81],[74.33,32.86],[74.32,32.93],[74.3,32.99],[74.28,33.01],[74.22,33.02],[74.13,33.08],[74.05,33.14],[74.0,33.19],[73.99,33.22],[73.99,33.24],[74.05,33.3],[74.12,33.38],[74.14,33.46],[74.15,33.51],[74.13,33.55],[74.07,33.59],[74.0,33.63],[73.98,33.67],[73.98,33.72],[74.0,33.79],[74.08,33.84],[74.22,33.89],[74.25,33.95],[74.25,33.99],[74.21,34.0],[74.11,34.0],[73.95,34.02],[73.92,34.04],[73.9,34.08],[73.9,34.11],[73.94,34.14],[73.98,34.19],[73.97,34.24],[73.92,34.29],[73.81,34.33],[73.79,34.38],[73.81,34.42],[73.85,34.49],[73.88,34.53],[73.96,34.65],[74.06,34.68],[74.17,34.72],[74.3,34.77],[74.5,34.73],[74.59,34.72],[74.79,34.68],[74.95,34.65],[75.12,34.64],[75.19,34.64],[75.26,34.6],[75.45,34.54],[75.61,34.5],[75.71,34.5],[75.86,34.56],[75.94,34.61],[76.04,34.67],[76.17,34.67],[76.46,34.76],[76.51,34.74],[76.59,34.74],[76.7,34.79],[76.75,34.85],[76.76,34.88],[76.78,34.9],[76.89,34.94],[77.0,34.99],[77.03,35.06],[77.05,35.11],[77.17,35.17],[77.29,35.24],[77.42,35.3],[77.57,35.38],[77.7,35.44],[77.8,35.5],[77.8,35.49],[77.81,35.48],[77.85,35.46],[77.89,35.45],[77.95,35.47],[78.01,35.49],[78.04,35.48],[78.05,35.45],[78.01,35.31],[78.01,35.25],[78.08,35.13],[78.16,34.95],[78.24,34.77],[78.28,34.65],[78.33,34.61],[78.52,34.56],[78.67,34.52],[78.76,34.45],[78.86,34.39],[78.94,34.35],[78.97,34.3],[78.98,34.26],[78.97,34.23],[78.93,34.19],[78.75,34.09],[78.73,34.06],[78.73,34.01],[78.76,33.89],[78.78,33.81],[78.79,33.65],[78.8,33.5],[78.87,33.43],[78.92,33.39],[78.95,33.35],[79.01,33.29],[79.07,33.25],[79.11,33.23],[79.14,33.17],[79.12,33.11],[79.1,33.05],[79.11,33.02],[79.15,33.0],[79.2,32.95],[79.21,32.86],[79.21,32.81],[79.23,32.76],[79.23,32.7],[79.22,32.56],[79.22,32.51],[79.22,32.5],[79.17,32.5],[79.13,32.48],[79.07,32.39],[79.0,32.37],[78.92,32.36],[78.84,32.41],[78.77,32.47],[78.75,32.5],[78.74,32.56],[78.7,32.6],[78.63,32.58],[78.53,32.57],[78.41,32.56],[78.39,32.54],[78.39,32.52],[78.42,32.47],[78.44,32.4],[78.46,32.3],[78.49,32.24],[78.5,32.22],[78.68,32.02],[78.73,31.98],[78.74,31.96],[78.72,31.89],[78.69,31.81],[78.69,31.74],[78.75,31.67],[78.8,31.62],[78.76,31.55],[78.73,31.47],[78.76,31.44],[78.74,31.32],[78.76,31.3],[78.79,31.29],[78.84,31.3],[78.9,31.33],[78.95,31.34],[78.97,31.33],[79.01,31.41],[79.04,31.43],[79.11,31.4],[79.23,31.24],[79.34,31.11],[79.37,31.08],[79.39,31.06],[79.49,30.99],[79.57,30.95],[79.66,30.97],[79.79,30.97],[79.87,30.92],[79.92,30.89],[79.92,30.89],[79.92,30.89],[80.08,30.78],[80.15,30.79],[80.19,30.76],[80.21,30.68],[80.19,30.61],[80.19,30.57],[80.26,30.56],[80.41,30.51],[80.54,30.46],[80.61,30.45],[80.68,30.41],[80.75,30.36],[80.87,30.29],[80.99,30.24],[81.01,30.16],[80.97,30.18],[80.91,30.17],[80.85,30.14],[80.82,30.12],[80.68,29.99],[80.61,29.96],[80.55,29.9],[80.4,29.73],[80.32,29.57],[80.25,29.42],[80.26,29.32],[80.23,29.19],[80.17,29.12],[80.13,29.1],[80.08,28.99],[80.05,28.87],[80.07,28.83],[80.15,28.78],[80.23,28.72],[80.32,28.67],[80.42,28.61],[80.48,28.6],[80.5,28.64],[80.52,28.67],[80.59,28.65],[80.67,28.6],[80.73,28.55],[80.75,28.54],[80.9,28.47],[81.02,28.41],[81.17,28.34],[81.21,28.29],[81.24,28.24],[81.31,28.18],[81.49,28.06],[81.64,27.98],[81.76,27.91],[81.85,27.87],[81.9,27.87],[81.95,27.9],[81.99,27.91],[82.04,27.9],[82.11,27.86],[82.29,27.76],[82.45,27.67],[82.63,27.69],[82.68,27.67],[82.71,27.6],[82.73,27.52],[82.93,27.47],[83.06,27.44],[83.21,27.4],[83.29,27.37],[83.37,27.41],[83.38,27.44],[83.45,27.47],[83.55,27.46],[83.75,27.4],[83.83,27.38],[83.9,27.44],[84.02,27.46],[84.09,27.49],[84.23,27.43],[84.48,27.35],[84.61,27.3],[84.64,27.25],[84.65,27.2],[84.65,27.09],[84.69,27.04],[84.94,26.93],[85.02,26.88],[85.09,26.86],[85.13,26.86],[85.15,26.85],[85.17,26.78],[85.19,26.77],[85.24,26.75],[85.29,26.74],[85.46,26.8],[85.57,26.84],[85.65,26.83],[85.7,26.78],[85.71,26.71],[85.74,26.64],[85.79,26.6],[85.86,26.6],[86.01,26.65],[86.13,26.61],[86.24,26.6],[86.37,26.57],[86.41,26.56],[86.54,26.5],[86.7,26.44],[86.76,26.44],[87.02,26.56],[87.04,26.54],[87.09,26.43],[87.17,26.39],[87.29,26.36],[87.41,26.42],[87.51,26.4],[87.63,26.4],[87.75,26.43],[87.85,26.44],[88.0,26.38],[88.03,26.4],[88.05,26.43],[88.11,26.59],[88.16,26.72],[88.16,26.81],[88.11,26.93],[87.99,27.09],[87.98,27.13],[88.02,27.41],[88.07,27.57],[88.11,27.64],[88.15,27.75],[88.15,27.8],[88.15,27.84],[88.11,27.87],[88.1,27.9],[88.11,27.93],[88.14,27.95],[88.28,27.97],[88.43,28.01],[88.49,28.03],[88.53,28.06],[88.58,28.09],[88.62,28.09],[88.76,28.04],[88.8,28.01],[88.83,27.91],[88.85,27.87],[88.83,27.77],[88.75,27.52],[88.76,27.43],[88.83,27.36],[88.89,27.32],[88.88,27.3],[88.76,27.22],[88.74,27.18],[88.77,27.13],[88.81,27.1],[88.84,27.07],[88.86,26.96],[88.92,26.93],[89.04,26.87],[89.15,26.82],[89.33,26.85],[89.38,26.83],[89.47,26.8],[89.55,26.8],[89.59,26.78],[89.61,26.76],[89.61,26.74],[89.61,26.72],[89.71,26.71],[89.76,26.7],[89.94,26.72],[90.12,26.75],[90.21,26.85],[90.24,26.85],[90.35,26.89],[90.45,26.85],[90.56,26.8],[90.62,26.78],[90.74,26.77],[90.86,26.78],[91.13,26.8],[91.29,26.79],[91.43,26.87],[91.46,26.87],[91.52,26.81],[91.67,26.8],[91.75,26.83],[91.84,26.85],[91.9,26.86],[91.94,26.86],[92.0,26.85],[92.05,26.87],[92.07,26.91],[92.07,26.98],[92.03,27.04],[92.0,27.08],[91.99,27.1],[92.0,27.15],[92.03,27.21],[92.08,27.29],[92.04,27.36],[91.99,27.45],[91.95,27.46],[91.85,27.44],[91.74,27.44],[91.66,27.49],[91.59,27.56],[91.58,27.61],[91.6,27.68],[91.63,27.74],[91.63,27.76],[91.71,27.76],[91.82,27.75],[91.91,27.73],[91.98,27.73],[92.1,27.81],[92.16,27.81],[92.22,27.83],[92.25,27.84],[92.27,27.83],[92.34,27.82],[92.41,27.82],[92.48,27.85],[92.55,27.88],[92.66,27.95],[92.69,27.99],[92.69,28.03],[92.67,28.05],[92.64,28.06],[92.65,28.09],[92.7,28.15],[92.88,28.23],[93.03,28.33],[93.12,28.4],[93.16,28.49],[93.21,28.59],[93.25,28.63],[93.36,28.65],[93.66,28.69],[93.76,28.73],[93.9,28.8],[93.97,28.86],[94.01,28.91],[94.02,28.96],[94.11,28.98],[94.19,29.06],[94.29,29.14],[94.47,29.22],[94.62,29.31],[94.68,29.3],[94.73,29.25],[94.76,29.2],[94.77,29.18],[94.97,29.14],[95.0,29.15],[95.14,29.1],[95.28,29.05],[95.35,29.04],[95.39,29.04],[95.42,29.05],[95.46,29.1],[95.49,29.14],[95.52,29.15],[95.52,29.21],[95.71,29.31],[95.89,29.39],[96.04,29.45],[96.08,29.42],[96.13,29.38],[96.19,29.27],[96.23,29.25],[96.34,29.26],[96.36,29.25],[96.34,29.21],[96.27,29.16],[96.18,29.12],[96.12,29.08],[96.14,28.96],[96.14,28.92],[96.16,28.91],[96.35,29.03],[96.44,29.05],[96.47,29.02],[96.48,28.96],[96.55,28.83],[96.58,28.76],[96.4,28.61],[96.33,28.53],[96.33,28.5],[96.33,28.47],[96.28,28.43],[96.28,28.41],[96.32,28.39],[96.37,28.37],[96.39,28.37],[96.43,28.41],[96.6,28.46],[96.65,28.45],[96.78,28.37],[96.83,28.36],[96.98,28.34],[97.08,28.37],[97.15,28.34],[97.29,28.24],[97.32,28.22],[97.31,28.16],[97.3,28.09],[97.34,28.03],[97.34,27.98],[97.34,27.94],[97.31,27.91],[97.23,27.89],[97.16,27.84],[97.05,27.76],[96.96,27.7],[96.9,27.64],[96.88,27.59],[96.88,27.51],[96.9,27.44],[97.1,27.16],[97.1,27.12],[97.04,27.1],[96.95,27.13],[96.88,27.18],[96.8,27.3],[96.73,27.33],[96.67,27.34],[96.27,27.28],[96.19,27.26],[96.06,27.22],[95.97,27.13],[95.91,27.05],[95.84,27.01],[95.74,26.95],[95.46,26.76],[95.31,26.67],[95.2,26.64],[95.13,26.6],[95.09,26.53],[95.06,26.47],[95.05,26.35],[95.07,26.19],[95.11,26.09],[95.13,26.07],[95.13,26.04],[95.09,25.99],[95.04,25.94],[95.02,25.91],[94.99,25.77],[94.95,25.7],[94.86,25.6],[94.79,25.52],[94.67,25.46],[94.62,25.41],[94.58,25.32],[94.55,25.24],[94.55,25.22],[94.57,25.19],[94.62,25.16],[94.68,25.14],[94.7,25.1],[94.71,25.05],[94.66,24.93],[94.58,24.77],[94.49,24.64],[94.4,24.51],[94.38,24.47],[94.29,24.32],[94.22,24.11],[94.17,23.97],[94.13,23.88],[94.07,23.87],[94.01,23.9],[93.86,23.94],[93.76,23.98],[93.68,24.01],[93.63,24.01],[93.56,23.99],[93.49,23.97],[93.45,23.99],[93.36,24.07],[93.33,24.06],[93.31,24.02],[93.37,23.77],[93.41,23.68],[93.41,23.53],[93.39,23.34],[93.37,23.13],[93.35,23.08],[93.31,23.03],[93.25,23.02],[93.2,23.04],[93.16,23.03],[93.15,23.0],[93.16,22.91],[93.11,22.81],[93.08,22.72],[93.09,22.63],[93.11,22.55],[93.16,22.36],[93.16,22.29],[93.15,22.23],[93.12,22.21],[93.07,22.21],[93.04,22.18],[93.02,22.15],[92.96,22.0],[92.91,21.99],[92.85,22.01],[92.77,22.1],[92.72,22.13],[92.69,22.13],[92.67,22.11],[92.65,22.05],[92.63,22.01],[92.57,21.98],[92.56,22.05],[92.53,22.41],[92.51,22.53],[92.49,22.69],[92.46,22.73],[92.43,22.82],[92.39,22.9],[92.36,22.93],[92.34,23.07],[92.33,23.24],[92.33,23.32],[92.29,23.49],[92.25,23.68],[92.19,23.68],[92.15,23.72],[92.13,23.72],[92.04,23.68],[91.98,23.69],[91.93,23.69],[91.93,23.6],[91.94,23.5],[91.92,23.47],[91.79,23.36],[91.75,23.29],[91.76,23.21],[91.77,23.11],[91.75,23.05],[91.69,23.0],[91.62,22.98],[91.55,22.99],[91.51,23.03],[91.47,23.14],[91.44,23.2],[91.4,23.21],[91.37,23.2],[91.37,23.13],[91.37,23.07],[91.36,23.07],[91.34,23.08],[91.32,23.1],[91.25,23.37],[91.17,23.58],[91.16,23.66],[91.19,23.76],[91.23,23.92],[91.34,24.02],[91.35,24.06],[91.37,24.09],[91.39,24.1],[91.53,24.09],[91.57,24.11],[91.61,24.15],[91.67,24.19],[91.73,24.21],[91.77,24.21],[91.85,24.18],[91.88,24.2],[91.9,24.26],[91.93,24.33],[91.95,24.36],[92.0,24.37],[92.06,24.37],[92.09,24.39],[92.1,24.41],[92.12,24.49],[92.2,24.69],[92.23,24.77],[92.23,24.79],[92.23,24.88],[92.25,24.9],[92.38,24.85],[92.44,24.85],[92.47,24.87],[92.49,24.9],[92.47,24.94],[92.37,25.02],[92.2,25.11],[92.05,25.17],[91.76,25.16],[91.48,25.14],[91.4,25.15],[91.29,25.18],[91.04,25.17],[90.73,25.16],[90.61,25.17],[90.56,25.17],[90.44,25.16],[90.25,25.18],[90.12,25.22],[90.0,25.26],[89.87,25.29],[89.83,25.29],[89.81,25.31],[89.8,25.34],[89.8,25.38],[89.82,25.56],[89.8,25.84],[89.82,25.94],[89.71,26.17],[89.67,26.21],[89.62,26.22],[89.59,26.19],[89.57,26.13],[89.59,26.07],[89.55,26.01],[89.47,25.98],[89.37,26.01],[89.29,26.04],[89.19,26.11],[89.11,26.2],[89.1,26.31],[89.07,26.38],[89.02,26.41],[88.98,26.42],[88.95,26.41],[88.92,26.38],[88.95,26.34],[88.98,26.29],[88.97,26.25],[88.94,26.25],[88.9,26.26],[88.83,26.25],[88.76,26.28],[88.72,26.28],[88.68,26.29],[88.68,26.35],[88.62,26.43],[88.52,26.52],[88.42,26.57],[88.37,26.56],[88.35,26.5],[88.35,26.48],[88.39,26.47],[88.44,26.44],[88.45,26.4],[88.44,26.37],[88.38,26.31],[88.33,26.26],[88.24,26.18],[88.15,26.09],[88.13,26.02],[88.1,25.96],[88.08,25.89],[88.11,25.84],[88.15,25.81],[88.25,25.79],[88.36,25.7],[88.45,25.57],[88.5,25.54],[88.59,25.5],[88.77,25.49],[88.8,25.46],[88.82,25.37],[88.85,25.33],[88.94,25.29],[88.95,25.26],[88.93,25.22],[88.89,25.19],[88.82,25.18],[88.75,25.17],[88.68,25.18],[88.57,25.19],[88.46,25.19],[88.37,24.96],[88.31,24.88],[88.28,24.88],[88.19,24.92],[88.15,24.91],[88.05,24.71],[88.03,24.66],[88.02,24.63],[88.08,24.55],[88.15,24.49],[88.22,24.46],[88.29,24.48],[88.34,24.45],[88.4,24.39],[88.5,24.35],[88.64,24.33],[88.72,24.27],[88.73,24.23],[88.73,24.19],[88.71,24.07],[88.7,24.0],[88.62,23.83],[88.57,23.67],[88.6,23.6],[88.62,23.57],[88.64,23.55],[88.7,23.49],[88.74,23.44],[88.7,23.29],[88.72,23.25],[88.81,23.23],[88.9,23.21],[88.93,23.19],[88.85,23.04],[88.87,22.94],[88.9,22.84],[88.92,22.69],[88.93,22.67],[88.92,22.63],[88.97,22.51],[89.05,22.27],[89.06,22.19],[89.05,22.09],[89.03,21.94],[88.95,21.94],[89.02,21.83],[89.04,21.76],[89.05,21.65],[88.97,21.64],[88.91,21.65],[88.86,21.74],[88.83,21.66],[88.75,21.58],[88.71,21.62],[88.69,21.66],[88.69,21.73],[88.74,22.01],[88.73,22.04],[88.71,22.06],[88.66,22.07],[88.64,22.12],[88.57,21.83],[88.6,21.71],[88.58,21.66],[88.45,21.61],[88.31,21.72],[88.29,21.76],[88.28,21.7],[88.25,21.62],[88.12,21.64],[88.06,21.69],[88.1,21.79],[88.18,22.03],[88.2,22.14],[88.09,22.22],[87.99,22.27],[87.94,22.37],[87.96,22.26],[88.01,22.21],[88.08,22.18],[88.16,22.12],[88.1,22.05],[88.05,22.0],[87.95,21.83],[87.82,21.73],[87.68,21.65],[87.2,21.54],[87.1,21.5],[86.95,21.37],[86.86,21.24],[86.84,21.11],[86.9,20.97],[86.94,20.75],[86.98,20.7],[86.92,20.62],[86.84,20.53],[86.76,20.42],[86.77,20.36],[86.75,20.31],[86.5,20.17],[86.45,20.09],[86.38,20.01],[86.29,20.05],[86.25,20.05],[86.31,19.99],[86.3,19.94],[86.28,19.92],[86.22,19.9],[85.85,19.79],[85.58,19.69],[85.5,19.7],[85.51,19.73],[85.56,19.75],[85.56,19.87],[85.5,19.89],[85.46,19.9],[85.25,19.76],[85.16,19.62],[85.18,19.59],[85.23,19.6],[85.37,19.68],[85.44,19.66],[85.44,19.63],[85.23,19.51],[84.77,19.13],[84.75,19.05],[84.69,18.96],[84.61,18.88],[84.46,18.69],[84.18,18.4],[84.1,18.29],[83.65,18.07],[83.57,18.0],[83.39,17.79],[83.2,17.61],[82.98,17.46],[82.59,17.27],[82.36,17.1],[82.29,16.98],[82.28,16.94],[82.31,16.88],[82.35,16.83],[82.36,16.78],[82.34,16.71],[82.33,16.66],[82.26,16.56],[82.14,16.49],[81.76,16.33],[81.71,16.33],[81.4,16.37],[81.29,16.34],[81.24,16.26],[81.13,15.96],[81.03,15.88],[80.99,15.81],[80.98,15.76],[80.92,15.76],[80.86,15.78],[80.83,15.77],[80.78,15.87],[80.71,15.89],[80.65,15.9],[80.38,15.79],[80.29,15.71],[80.1,15.32],[80.05,15.07],[80.1,14.8],[80.17,14.58],[80.18,14.48],[80.17,14.35],[80.14,14.29],[80.11,14.21],[80.14,14.06],[80.22,13.86],[80.24,13.77],[80.25,13.69],[80.31,13.49],[80.27,13.52],[80.23,13.61],[80.16,13.71],[80.06,13.61],[80.11,13.53],[80.29,13.44],[80.34,13.36],[80.23,12.69],[80.14,12.45],[80.04,12.3],[79.98,12.24],[79.86,11.99],[79.77,11.69],[79.75,11.58],[79.79,11.45],[79.75,11.37],[79.69,11.31],[79.8,11.34],[79.84,11.27],[79.85,11.2],[79.85,10.77],[79.84,10.32],[79.76,10.3],[79.67,10.3],[79.59,10.31],[79.53,10.33],[79.39,10.31],[79.31,10.26],[79.25,10.17],[79.26,10.04],[79.0,9.68],[78.94,9.57],[78.92,9.45],[78.95,9.39],[79.02,9.33],[79.11,9.31],[79.28,9.28],[79.36,9.25],[79.41,9.19],[79.21,9.26],[78.98,9.27],[78.42,9.11],[78.27,8.99],[78.19,8.89],[78.14,8.66],[78.13,8.51],[78.06,8.38],[77.77,8.19],[77.59,8.13],[77.52,8.08],[77.3,8.15],[77.07,8.32],[76.97,8.41],[76.62,8.85],[76.55,8.9],[76.48,9.09],[76.47,9.16],[76.45,9.19],[76.42,9.21],[76.4,9.24],[76.32,9.45],[76.29,9.68],[76.24,9.93],[76.28,9.91],[76.34,9.83],[76.37,9.71],[76.38,9.54],[76.42,9.52],[76.46,9.54],[76.35,9.92],[76.25,10.02],[76.22,10.02],[76.2,10.09],[76.19,10.16],[76.2,10.2],[76.12,10.33],[76.1,10.4],[75.92,10.78],[75.84,11.06],[75.72,11.36],[75.65,11.47],[75.52,11.7],[75.42,11.81],[75.31,11.96],[75.23,12.02],[75.2,12.06],[74.95,12.56],[74.87,12.84],[74.8,12.98],[74.77,13.08],[74.68,13.51],[74.68,13.58],[74.67,13.67],[74.61,13.85],[74.5,14.05],[74.47,14.17],[74.47,14.22],[74.4,14.41],[74.38,14.49],[74.34,14.58],[74.28,14.65],[74.22,14.71],[74.09,14.9],[74.04,14.95],[73.95,15.07],[73.88,15.31],[73.8,15.4],[73.93,15.4],[73.85,15.48],[73.81,15.54],[73.77,15.57],[73.83,15.66],[73.73,15.66],[73.68,15.71],[73.61,15.87],[73.48,16.05],[73.45,16.15],[73.34,16.46],[73.24,17.2],[73.15,17.53],[73.16,17.62],[73.05,17.91],[72.99,18.1],[72.97,18.26],[72.94,18.37],[72.92,18.58],[72.88,18.64],[72.87,18.68],[72.9,18.78],[72.98,18.93],[73.01,19.02],[72.97,19.15],[72.9,19.01],[72.83,18.98],[72.8,19.08],[72.8,19.22],[72.79,19.25],[72.81,19.3],[72.99,19.28],[72.79,19.36],[72.76,19.41],[72.76,19.45],[72.8,19.52],[72.73,19.58],[72.7,19.76],[72.68,19.8],[72.67,19.83],[72.71,20.08],[72.88,20.56],[72.89,20.67],[72.88,20.83],[72.84,20.95],[72.82,21.08],[72.81,21.12],[72.75,21.13],[72.69,21.18],[72.62,21.37],[72.69,21.44],[72.73,21.47],[72.67,21.46],[72.61,21.46],[72.72,21.55],[72.81,21.62],[73.02,21.7],[73.11,21.75],[72.98,21.7],[72.84,21.69],[72.54,21.7],[72.59,21.88],[72.64,21.94],[72.7,21.97],[72.62,21.96],[72.52,21.98],[72.55,22.16],[72.63,22.2],[72.71,22.21],[72.81,22.23],[72.7,22.26],[72.59,22.28],[72.46,22.25],[72.33,22.27],[72.18,22.27],[72.24,22.25],[72.31,22.19],[72.27,22.09],[72.24,22.03],[72.16,21.98],[72.09,21.92],[72.08,21.86],[72.04,21.82],[72.1,21.79],[72.17,21.77],[72.21,21.73],[72.26,21.66],[72.25,21.53],[72.08,21.22],[72.02,21.16],[71.57,20.97],[71.4,20.87],[71.02,20.74],[70.88,20.71],[70.72,20.74],[70.49,20.84],[70.13,21.09],[70.03,21.18],[69.75,21.51],[69.54,21.68],[69.39,21.84],[69.19,21.99],[69.01,22.2],[68.97,22.29],[68.98,22.39],[69.05,22.44],[69.13,22.42],[69.19,22.34],[69.24,22.3],[69.28,22.29],[69.55,22.41],[69.66,22.4],[69.73,22.47],[69.82,22.45],[70.01,22.55],[70.08,22.55],[70.18,22.57],[70.33,22.82],[70.44,22.97],[70.51,23.0],[70.51,23.04],[70.49,23.09],[70.43,23.08],[70.4,23.03],[70.37,22.97],[70.34,22.94],[70.25,22.97],[70.19,22.97],[70.12,22.95],[69.85,22.86],[69.74,22.78],[69.66,22.76],[69.24,22.85],[68.82,23.05],[68.64,23.19],[68.53,23.36],[68.42,23.57],[68.45,23.63],[68.63,23.75],[68.78,23.85],[68.64,23.81],[68.5,23.75],[68.42,23.71],[68.34,23.62],[68.23,23.6],[68.19,23.73],[68.17,23.86]]],[[[93.89,6.83],[93.83,6.75],[93.71,7.0],[93.66,7.02],[93.66,7.14],[93.68,7.18],[93.82,7.24],[93.86,7.21],[93.93,6.97],[93.89,6.83]]],[[[93.73,7.36],[93.64,7.26],[93.6,7.32],[93.61,7.36],[93.65,7.38],[93.69,7.41],[93.73,7.36]]],[[[93.14,8.25],[93.17,8.21],[93.12,8.22],[93.06,8.27],[93.08,8.33],[93.1,8.35],[93.14,8.25]]],[[[93.44,7.88],[93.37,7.88],[93.34,7.92],[93.31,7.96],[93.33,8.01],[93.38,8.02],[93.43,7.95],[93.45,7.9],[93.44,7.88]]],[[[93.54,8.06],[93.49,8.02],[93.48,8.02],[93.47,8.05],[93.47,8.07],[93.46,8.11],[93.46,8.17],[93.49,8.22],[93.53,8.21],[93.51,8.16],[93.54,8.06]]],[[[92.79,9.14],[92.74,9.13],[92.72,9.17],[92.71,9.2],[92.74,9.23],[92.76,9.24],[92.79,9.24],[92.81,9.17],[92.79,9.14]]],[[[92.5,10.55],[92.47,10.52],[92.37,10.55],[92.38,10.65],[92.35,10.75],[92.37,10.79],[92.45,10.87],[92.51,10.9],[92.55,10.8],[92.57,10.7],[92.5,10.55]]],[[[92.69,11.38],[92.64,11.36],[92.6,11.39],[92.63,11.43],[92.64,11.51],[92.69,11.46],[92.69,11.41],[92.69,11.38]]],[[[92.72,11.54],[92.7,11.51],[92.67,11.54],[92.58,11.72],[92.56,11.83],[92.53,11.87],[92.57,11.93],[92.61,11.95],[92.63,12.01],[92.64,12.11],[92.68,12.19],[92.69,12.21],[92.77,12.22],[92.79,12.23],[92.78,12.3],[92.73,12.34],[92.72,12.36],[92.72,12.54],[92.73,12.62],[92.76,12.67],[92.74,12.78],[92.75,12.82],[92.81,12.88],[92.83,13.0],[92.81,13.04],[92.86,13.23],[92.86,13.36],[92.92,13.49],[93.03,13.54],[93.06,13.55],[93.07,13.44],[93.08,13.4],[93.02,13.34],[93.07,13.25],[93.07,13.22],[93.04,13.15],[93.0,13.09],[92.95,13.06],[92.91,12.98],[92.89,12.94],[92.97,12.85],[92.99,12.54],[92.93,12.45],[92.86,12.44],[92.88,12.23],[92.87,12.18],[92.8,12.08],[92.79,12.03],[92.75,11.99],[92.76,11.94],[92.8,11.92],[92.8,11.87],[92.77,11.76],[92.76,11.64],[92.72,11.54]]],[[[93.02,12.04],[93.06,11.9],[92.98,11.96],[92.96,12.0],[93.0,12.03],[93.02,12.04]]],[[[92.72,12.86],[92.69,12.8],[92.68,12.94],[92.69,12.96],[92.71,12.96],[92.73,12.95],[92.72,12.86]]],[[[72.78,11.2],[72.77,11.2],[72.77,11.21],[72.78,11.24],[72.79,11.26],[72.8,11.26],[72.79,11.24],[72.79,11.22],[72.78,11.2]]],[[[73.07,8.27],[73.05,8.26],[73.04,8.25],[73.03,8.25],[73.02,8.27],[73.03,8.28],[73.04,8.26],[73.06,8.27],[73.08,8.31],[73.08,8.32],[73.08,8.31],[73.08,8.29],[73.07,8.27]]]]}},{"type":"Feature","properties":{"NAME":"China"},"geometry":{"type":"MultiPolygon","coordinates":[[[[118.18,24.5],[118.15,24.44],[118.09,24.45],[118.09,24.49],[118.08,24.5],[118.09,24.54],[118.1,24.55],[118.17,24.52],[118.18,24.5]]],[[[121.86,31.49],[121.78,31.46],[121.52,31.55],[121.34,31.64],[121.23,31.76],[121.21,31.81],[121.34,31.8],[121.46,31.76],[121.49,31.69],[121.54,31.67],[121.58,31.64],[121.81,31.55],[121.84,31.53],[121.86,31.49]]],[[[122.3,29.96],[122.28,29.94],[122.16,30.0],[122.02,30.01],[121.98,30.06],[121.97,30.14],[122.11,30.14],[122.28,30.07],[122.32,30.03],[122.3,29.96]]],[[[122.17,29.68],[122.17,29.66],[122.08,29.73],[122.04,29.74],[122.06,29.77],[122.12,29.78],[122.17,29.7],[122.17,29.68]]],[[[122.4,29.89],[122.39,29.85],[122.37,29.85],[122.33,29.93],[122.35,29.96],[122.4,29.95],[122.4,29.89]]],[[[119.82,25.46],[119.75,25.41],[119.7,25.43],[119.7,25.49],[119.72,25.55],[119.7,25.59],[119.72,25.64],[119.78,25.65],[119.8,25.62],[119.83,25.61],[119.84,25.59],[119.84,25.56],[119.81,25.51],[119.83,25.48],[119.82,25.46]]],[[[110.39,21.09],[110.42,21.06],[110.52,21.08],[110.54,21.04],[110.54,21.02],[110.5,20.97],[110.42,21.01],[110.34,21.0],[110.28,21.0],[110.26,21.03],[110.31,21.07],[110.39,21.09]]],[[[121.25,28.09],[121.16,28.06],[121.13,28.06],[121.13,28.14],[121.21,28.2],[121.23,28.18],[121.25,28.15],[121.25,28.09]]],[[[113.56,22.8],[113.56,22.76],[113.49,22.83],[113.46,22.83],[113.43,22.86],[113.4,22.9],[113.46,22.9],[113.52,22.85],[113.56,22.8]]],[[[112.79,21.6],[112.77,21.58],[112.74,21.62],[112.73,21.67],[112.71,21.7],[112.76,21.73],[112.78,21.77],[112.84,21.76],[112.86,21.75],[112.81,21.71],[112.8,21.69],[112.79,21.6]]],[[[112.64,21.64],[112.55,21.62],[112.53,21.62],[112.56,21.67],[112.65,21.71],[112.64,21.64]]],[[[107.97,21.51],[107.91,21.56],[107.8,21.65],[107.76,21.66],[107.64,21.61],[107.47,21.6],[107.43,21.64],[107.35,21.61],[107.27,21.71],[107.18,21.72],[107.06,21.79],[107.02,21.83],[107.01,21.89],[106.97,21.92],[106.93,21.92],[106.87,21.95],[106.79,21.98],[106.73,22.0],[106.7,21.99],[106.66,21.98],[106.66,22.02],[106.66,22.14],[106.65,22.24],[106.64,22.29],[106.59,22.32],[106.55,22.34],[106.54,22.4],[106.55,22.5],[106.58,22.57],[106.63,22.59],[106.7,22.64],[106.74,22.71],[106.78,22.78],[106.62,22.87],[106.54,22.91],[106.45,22.89],[106.34,22.86],[106.28,22.86],[106.25,22.87],[106.18,22.96],[106.15,22.97],[106.07,22.98],[106.0,22.97],[105.96,22.94],[105.9,22.92],[105.84,22.92],[105.78,22.97],[105.69,23.03],[105.55,23.07],[105.53,23.12],[105.49,23.18],[105.44,23.24],[105.35,23.31],[105.28,23.35],[105.24,23.32],[105.19,23.28],[105.0,23.19],[104.91,23.16],[104.86,23.14],[104.83,23.1],[104.81,23.01],[104.8,22.91],[104.74,22.86],[104.69,22.82],[104.63,22.82],[104.58,22.82],[104.53,22.8],[104.37,22.7],[104.3,22.71],[104.24,22.77],[104.21,22.81],[104.14,22.8],[104.05,22.75],[104.01,22.67],[103.99,22.59],[103.97,22.55],[103.94,22.54],[103.92,22.54],[103.64,22.77],[103.62,22.78],[103.57,22.73],[103.53,22.61],[103.49,22.59],[103.47,22.6],[103.36,22.75],[103.33,22.77],[103.3,22.76],[103.27,22.71],[103.19,22.64],[103.14,22.59],[103.14,22.54],[103.08,22.5],[103.01,22.45],[102.98,22.45],[102.94,22.47],[102.87,22.53],[102.83,22.59],[102.72,22.65],[102.6,22.7],[102.52,22.74],[102.47,22.75],[102.43,22.73],[102.41,22.71],[102.38,22.65],[102.3,22.55],[102.24,22.47],[102.18,22.41],[102.13,22.38],[102.09,22.41],[102.02,22.44],[101.95,22.44],[101.84,22.39],[101.76,22.49],[101.74,22.5],[101.71,22.49],[101.67,22.46],[101.65,22.41],[101.62,22.33],[101.57,22.28],[101.52,22.25],[101.54,22.21],[101.56,22.16],[101.56,22.12],[101.58,22.06],[101.6,21.99],[101.7,21.88],[101.74,21.83],[101.74,21.78],[101.75,21.61],[101.74,21.53],[101.72,21.4],[101.72,21.31],[101.76,21.28],[101.8,21.24],[101.8,21.21],[101.78,21.2],[101.73,21.16],[101.7,21.15],[101.67,21.17],[101.62,21.18],[101.58,21.2],[101.54,21.23],[101.44,21.23],[101.28,21.18],[101.25,21.2],[101.22,21.22],[101.21,21.28],[101.22,21.34],[101.21,21.38],[101.18,21.41],[101.2,21.52],[101.14,21.57],[101.15,21.58],[101.13,21.71],[101.13,21.74],[101.12,21.75],[101.08,21.76],[101.02,21.74],[100.84,21.66],[100.68,21.5],[100.6,21.47],[100.53,21.46],[100.45,21.48],[100.35,21.5],[100.21,21.46],[100.15,21.48],[100.12,21.51],[100.09,21.56],[100.11,21.62],[100.1,21.66],[100.04,21.68],[99.98,21.7],[99.94,21.76],[99.93,21.82],[99.94,21.9],[99.95,21.99],[99.92,22.03],[99.83,22.05],[99.59,22.09],[99.39,22.11],[99.3,22.1],[99.23,22.11],[99.19,22.13],[99.17,22.15],[99.17,22.19],[99.21,22.28],[99.24,22.37],[99.34,22.5],[99.34,22.59],[99.34,22.69],[99.39,22.83],[99.47,22.93],[99.51,22.96],[99.5,23.0],[99.46,23.05],[99.42,23.07],[99.34,23.1],[99.22,23.1],[99.06,23.13],[98.86,23.19],[98.89,23.31],[98.88,23.38],[98.86,23.44],[98.82,23.48],[98.8,23.52],[98.83,23.62],[98.79,23.74],[98.74,23.78],[98.68,23.84],[98.68,23.91],[98.7,23.96],[98.83,24.09],[98.84,24.12],[98.8,24.12],[98.76,24.12],[98.58,24.07],[98.56,24.1],[98.5,24.12],[98.37,24.12],[98.21,24.11],[98.02,24.07],[97.84,23.99],[97.76,23.93],[97.69,23.9],[97.63,23.89],[97.56,23.91],[97.57,23.99],[97.69,24.13],[97.71,24.23],[97.67,24.31],[97.67,24.38],[97.62,24.42],[97.56,24.44],[97.53,24.49],[97.53,24.63],[97.58,24.77],[97.67,24.82],[97.72,24.84],[97.74,24.87],[97.71,24.97],[97.71,25.03],[97.77,25.16],[97.82,25.25],[97.92,25.24],[97.96,25.26],[98.01,25.29],[98.06,25.35],[98.1,25.42],[98.14,25.57],[98.17,25.59],[98.3,25.57],[98.33,25.59],[98.4,25.68],[98.47,25.79],[98.56,25.82],[98.63,25.83],[98.66,25.86],[98.65,25.92],[98.59,26.0],[98.56,26.07],[98.57,26.11],[98.66,26.14],[98.69,26.19],[98.67,26.3],[98.71,26.43],[98.73,26.58],[98.74,26.7],[98.74,26.79],[98.73,26.88],[98.72,27.04],[98.67,27.19],[98.68,27.25],[98.68,27.42],[98.65,27.57],[98.6,27.6],[98.5,27.65],[98.45,27.66],[98.41,27.64],[98.39,27.59],[98.35,27.54],[98.3,27.55],[98.27,27.6],[98.24,27.66],[98.13,27.97],[98.12,28.06],[98.1,28.14],[98.06,28.19],[98.02,28.21],[97.93,28.31],[97.89,28.36],[97.86,28.36],[97.82,28.36],[97.77,28.36],[97.73,28.41],[97.69,28.47],[97.66,28.5],[97.6,28.52],[97.54,28.51],[97.5,28.46],[97.48,28.43],[97.43,28.35],[97.36,28.25],[97.32,28.22],[97.29,28.24],[97.15,28.34],[97.08,28.37],[96.98,28.34],[96.83,28.36],[96.78,28.37],[96.65,28.45],[96.6,28.46],[96.43,28.41],[96.39,28.37],[96.37,28.37],[96.32,28.39],[96.28,28.41],[96.28,28.43],[96.33,28.47],[96.33,28.5],[96.33,28.53],[96.4,28.61],[96.58,28.76],[96.55,28.83],[96.48,28.96],[96.47,29.02],[96.44,29.05],[96.35,29.03],[96.16,28.91],[96.14,28.92],[96.14,28.96],[96.12,29.08],[96.18,29.12],[96.27,29.16],[96.34,29.21],[96.36,29.25],[96.34,29.26],[96.23,29.25],[96.19,29.27],[96.13,29.38],[96.08,29.42],[96.04,29.45],[95.89,29.39],[95.71,29.31],[95.52,29.21],[95.52,29.15],[95.49,29.14],[95.46,29.1],[95.42,29.05],[95.39,29.04],[95.35,29.04],[95.28,29.05],[95.14,29.1],[95.0,29.15],[94.97,29.14],[94.77,29.18],[94.76,29.2],[94.73,29.25],[94.68,29.3],[94.62,29.31],[94.47,29.22],[94.29,29.14],[94.19,29.06],[94.11,28.98],[94.02,28.96],[94.01,28.91],[93.97,28.86],[93.9,28.8],[93.76,28.73],[93.66,28.69],[93.36,28.65],[93.25,28.63],[93.21,28.59],[93.16,28.49],[93.12,28.4],[93.03,28.33],[92.88,28.23],[92.7,28.15],[92.65,28.09],[92.64,28.06],[92.67,28.05],[92.69,28.03],[92.69,27.99],[92.66,27.95],[92.55,27.88],[92.48,27.85],[92.41,27.82],[92.34,27.82],[92.27,27.83],[92.25,27.84],[92.22,27.83],[92.16,27.81],[92.1,27.81],[91.98,27.73],[91.91,27.73],[91.82,27.75],[91.71,27.76],[91.63,27.76],[91.63,27.8],[91.64,27.92],[91.61,27.95],[91.49,27.98],[91.37,28.02],[91.31,28.06],[91.27,28.08],[91.23,28.07],[91.15,28.03],[91.08,27.97],[91.02,27.97],[90.96,27.99],[90.91,28.03],[90.72,28.07],[90.63,28.08],[90.48,28.07],[90.35,28.08],[90.33,28.09],[90.33,28.12],[90.35,28.17],[90.36,28.22],[90.35,28.24],[90.22,28.28],[90.1,28.3],[89.98,28.31],[89.9,28.29],[89.82,28.26],[89.75,28.19],[89.65,28.16],[89.54,28.11],[89.48,28.06],[89.4,27.96],[89.27,27.83],[89.16,27.71],[89.1,27.59],[89.03,27.52],[88.95,27.46],[88.89,27.32],[88.83,27.36],[88.76,27.43],[88.75,27.52],[88.83,27.77],[88.85,27.87],[88.83,27.91],[88.8,28.01],[88.76,28.04],[88.62,28.09],[88.58,28.09],[88.53,28.06],[88.49,28.03],[88.43,28.01],[88.28,27.97],[88.14,27.95],[88.11,27.93],[88.1,27.9],[88.11,27.87],[88.02,27.88],[87.93,27.89],[87.86,27.89],[87.68,27.82],[87.62,27.82],[87.56,27.82],[87.46,27.82],[87.29,27.82],[87.14,27.84],[87.02,27.93],[86.93,27.97],[86.84,28.0],[86.75,28.02],[86.72,28.07],[86.69,28.09],[86.61,28.1],[86.55,28.09],[86.52,27.96],[86.48,27.94],[86.41,27.93],[86.33,27.96],[86.22,28.02],[86.17,28.09],[86.14,28.11],[86.08,28.08],[86.08,27.99],[86.06,27.93],[85.99,27.91],[85.95,27.93],[85.92,27.99],[85.84,28.14],[85.76,28.22],[85.68,28.28],[85.41,28.28],[85.21,28.29],[85.12,28.32],[85.09,28.37],[85.12,28.48],[85.16,28.57],[85.16,28.59],[85.13,28.6],[85.07,28.61],[84.86,28.55],[84.8,28.56],[84.76,28.58],[84.71,28.6],[84.68,28.62],[84.65,28.66],[84.47,28.75],[84.41,28.8],[84.31,28.87],[84.23,28.91],[84.18,29.04],[84.13,29.16],[84.1,29.22],[84.02,29.25],[83.94,29.28],[83.79,29.23],[83.67,29.19],[83.58,29.18],[83.46,29.31],[83.36,29.44],[83.24,29.55],[83.16,29.61],[83.01,29.62],[82.85,29.68],[82.64,29.83],[82.49,29.94],[82.22,30.06],[82.16,30.12],[82.14,30.16],[82.1,30.25],[82.04,30.33],[81.85,30.36],[81.64,30.39],[81.42,30.34],[81.26,30.09],[81.18,30.04],[81.11,30.04],[81.06,30.1],[81.01,30.16],[80.99,30.24],[80.87,30.29],[80.75,30.36],[80.68,30.41],[80.61,30.45],[80.54,30.46],[80.41,30.51],[80.26,30.56],[80.19,30.57],[80.19,30.61],[80.21,30.68],[80.19,30.76],[80.15,30.79],[80.08,30.78],[79.92,30.89],[79.92,30.89],[79.92,30.89],[79.87,30.92],[79.79,30.97],[79.66,30.97],[79.57,30.95],[79.49,30.99],[79.39,31.06],[79.37,31.08],[79.34,31.11],[79.23,31.24],[79.11,31.4],[79.04,31.43],[79.01,31.41],[78.97,31.33],[78.95,31.34],[78.9,31.33],[78.84,31.3],[78.79,31.29],[78.76,31.3],[78.74,31.32],[78.76,31.44],[78.73,31.47],[78.76,31.55],[78.8,31.62],[78.75,31.67],[78.69,31.74],[78.69,31.81],[78.72,31.89],[78.74,31.96],[78.73,31.98],[78.68,32.02],[78.5,32.22],[78.49,32.24],[78.46,32.3],[78.44,32.4],[78.42,32.47],[78.39,32.52],[78.39,32.54],[78.41,32.56],[78.53,32.57],[78.63,32.58],[78.7,32.6],[78.74,32.56],[78.75,32.5],[78.77,32.47],[78.84,32.41],[78.92,32.36],[79.0,32.37],[79.07,32.39],[79.13,32.48],[79.17,32.5],[79.22,32.5],[79.22,32.51],[79.22,32.56],[79.23,32.7],[79.23,32.76],[79.21,32.81],[79.21,32.86],[79.2,32.95],[79.15,33.0],[79.11,33.02],[79.1,33.05],[79.12,33.11],[79.14,33.17],[79.11,33.23],[79.07,33.25],[79.01,33.29],[78.95,33.35],[78.92,33.39],[78.87,33.43],[78.8,33.5],[78.79,33.65],[78.78,33.81],[78.76,33.89],[78.73,34.01],[78.73,34.06],[78.75,34.09],[78.93,34.19],[78.97,34.23],[78.98,34.26],[78.97,34.3],[78.94,34.35],[78.86,34.39],[78.76,34.45],[78.67,34.52],[78.52,34.56],[78.33,34.61],[78.28,34.65],[78.24,34.77],[78.16,34.95],[78.08,35.13],[78.01,35.25],[78.01,35.31],[78.05,35.45],[78.04,35.48],[78.01,35.49],[77.95,35.47],[77.89,35.45],[77.85,35.46],[77.81,35.48],[77.8,35.49],[77.8,35.5],[77.72,35.48],[77.57,35.47],[77.52,35.47],[77.45,35.48],[77.29,35.51],[77.09,35.55],[76.88,35.61],[76.77,35.66],[76.73,35.68],[76.63,35.73],[76.56,35.77],[76.55,35.89],[76.5,35.88],[76.39,35.84],[76.25,35.81],[76.18,35.81],[76.15,35.83],[76.1,35.95],[76.07,35.98],[76.01,36.0],[75.95,36.02],[75.91,36.05],[75.9,36.09],[75.93,36.13],[75.97,36.17],[75.97,36.38],[75.95,36.46],[75.93,36.52],[75.88,36.6],[75.84,36.65],[75.77,36.69],[75.67,36.74],[75.57,36.76],[75.46,36.73],[75.42,36.74],[75.38,36.88],[75.35,36.91],[75.15,36.97],[75.05,36.99],[74.95,36.97],[74.89,36.95],[74.84,36.98],[74.77,37.01],[74.69,37.04],[74.6,37.04],[74.54,37.02],[74.53,37.03],[74.5,37.06],[74.38,37.14],[74.37,37.16],[74.56,37.24],[74.67,37.27],[74.73,37.29],[74.74,37.29],[74.77,37.25],[74.84,37.23],[74.89,37.23],[74.92,37.25],[75.01,37.29],[75.08,37.34],[75.12,37.39],[75.1,37.45],[74.99,37.53],[74.92,37.57],[74.89,37.6],[74.91,37.69],[74.94,37.77],[74.92,37.8],[74.9,37.83],[74.89,37.93],[74.84,38.04],[74.79,38.1],[74.78,38.19],[74.77,38.27],[74.84,38.4],[74.81,38.46],[74.75,38.51],[74.51,38.6],[74.28,38.66],[74.19,38.66],[74.13,38.66],[74.07,38.61],[74.03,38.54],[73.97,38.53],[73.87,38.56],[73.8,38.61],[73.75,38.7],[73.72,38.82],[73.7,38.85],[73.71,38.89],[73.73,38.91],[73.79,38.94],[73.81,38.97],[73.8,39.0],[73.74,39.04],[73.69,39.1],[73.61,39.23],[73.62,39.3],[73.64,39.4],[73.63,39.45],[73.72,39.46],[73.82,39.49],[73.87,39.53],[73.91,39.58],[73.91,39.61],[73.88,39.71],[73.84,39.76],[73.84,39.8],[73.86,39.83],[73.88,39.88],[73.94,39.98],[73.99,40.04],[74.02,40.06],[74.09,40.07],[74.24,40.09],[74.41,40.14],[74.61,40.27],[74.68,40.31],[74.77,40.33],[74.83,40.33],[74.84,40.34],[74.8,40.43],[74.81,40.46],[74.84,40.48],[74.87,40.49],[75.0,40.45],[75.11,40.45],[75.24,40.48],[75.52,40.63],[75.56,40.63],[75.58,40.61],[75.62,40.52],[75.66,40.33],[75.68,40.31],[75.87,40.3],[76.0,40.37],[76.06,40.39],[76.16,40.38],[76.21,40.41],[76.26,40.43],[76.32,40.35],[76.4,40.39],[76.48,40.45],[76.52,40.51],[76.58,40.58],[76.62,40.66],[76.64,40.74],[76.66,40.78],[76.71,40.82],[76.82,40.98],[76.91,41.02],[76.99,41.04],[77.18,41.01],[77.28,41.01],[77.58,40.99],[77.72,41.02],[77.82,41.06],[77.96,41.05],[78.12,41.08],[78.35,41.28],[78.35,41.33],[78.36,41.37],[78.44,41.42],[78.54,41.46],[78.74,41.56],[79.15,41.72],[79.29,41.78],[79.35,41.78],[79.5,41.82],[79.77,41.9],[79.84,42.0],[79.91,42.01],[80.22,42.03],[80.24,42.04],[80.25,42.06],[80.23,42.13],[80.21,42.19],[80.23,42.21],[80.26,42.24],[80.26,42.27],[80.21,42.4],[80.18,42.52],[80.16,42.63],[80.17,42.67],[80.2,42.73],[80.25,42.8],[80.42,42.86],[80.54,42.87],[80.54,42.91],[80.45,42.94],[80.38,42.97],[80.37,43.0],[80.37,43.02],[80.39,43.04],[80.51,43.09],[80.62,43.13],[80.75,43.1],[80.78,43.12],[80.79,43.16],[80.76,43.2],[80.73,43.27],[80.67,43.31],[80.67,43.35],[80.7,43.43],[80.65,43.56],[80.59,43.69],[80.5,43.89],[80.43,43.95],[80.4,44.05],[80.36,44.1],[80.36,44.17],[80.37,44.22],[80.35,44.33],[80.34,44.44],[80.36,44.55],[80.39,44.63],[80.38,44.66],[80.4,44.68],[80.46,44.68],[80.48,44.71],[80.46,44.75],[80.36,44.77],[80.26,44.81],[80.13,44.8],[80.0,44.8],[79.93,44.83],[79.88,44.86],[79.87,44.88],[79.95,44.94],[80.06,45.01],[80.23,45.03],[80.41,45.08],[80.51,45.1],[80.63,45.13],[80.78,45.14],[80.85,45.13],[81.04,45.17],[81.33,45.25],[81.6,45.31],[81.69,45.35],[81.76,45.31],[81.79,45.23],[81.87,45.18],[81.94,45.16],[81.99,45.16],[82.12,45.19],[82.27,45.22],[82.32,45.21],[82.4,45.16],[82.48,45.12],[82.52,45.13],[82.56,45.16],[82.6,45.22],[82.62,45.29],[82.63,45.37],[82.61,45.42],[82.58,45.44],[82.45,45.47],[82.33,45.52],[82.31,45.56],[82.32,45.59],[82.35,45.67],[82.43,45.81],[82.51,46.01],[82.56,46.16],[82.69,46.39],[82.8,46.62],[82.97,46.97],[83.0,47.03],[83.02,47.14],[83.03,47.19],[83.09,47.21],[83.19,47.19],[83.44,47.11],[83.63,47.04],[83.71,47.02],[83.83,47.0],[84.02,46.97],[84.12,46.98],[84.22,46.99],[84.34,47.0],[84.53,46.98],[84.59,46.97],[84.67,46.97],[84.72,46.94],[84.75,46.86],[84.79,46.83],[84.86,46.84],[85.01,46.91],[85.11,46.96],[85.23,47.04],[85.36,47.05],[85.48,47.06],[85.53,47.1],[85.58,47.19],[85.66,47.25],[85.67,47.34],[85.64,47.4],[85.59,47.49],[85.59,47.56],[85.56,47.75],[85.53,47.92],[85.56,48.05],[85.63,48.2],[85.65,48.25],[85.69,48.31],[85.75,48.39],[85.83,48.41],[86.06,48.42],[86.27,48.45],[86.37,48.49],[86.48,48.51],[86.55,48.53],[86.66,48.64],[86.72,48.7],[86.76,48.86],[86.73,48.94],[86.75,49.01],[86.81,49.05],[86.89,49.09],[86.94,49.1],[87.05,49.11],[87.23,49.11],[87.32,49.09],[87.42,49.08],[87.48,49.09],[87.52,49.12],[87.58,49.13],[87.67,49.15],[87.76,49.17],[87.81,49.16],[87.83,49.12],[87.82,49.08],[87.83,49.03],[87.87,49.0],[87.86,48.97],[87.81,48.95],[87.75,48.92],[87.74,48.88],[87.81,48.84],[87.83,48.79],[87.94,48.77],[88.03,48.74],[88.06,48.71],[88.05,48.68],[88.01,48.64],[87.97,48.6],[87.97,48.58],[87.98,48.56],[88.06,48.54],[88.16,48.51],[88.31,48.47],[88.41,48.4],[88.52,48.38],[88.57,48.32],[88.58,48.22],[88.68,48.17],[88.84,48.1],[88.92,48.09],[88.97,48.05],[89.05,48.0],[89.12,47.99],[89.2,47.98],[89.33,48.02],[89.48,48.03],[89.56,48.0],[89.64,47.91],[89.69,47.88],[89.73,47.85],[89.78,47.83],[89.83,47.82],[89.91,47.84],[89.96,47.89],[90.03,47.88],[90.05,47.85],[90.07,47.8],[90.1,47.75],[90.19,47.7],[90.31,47.68],[90.33,47.66],[90.35,47.6],[90.38,47.56],[90.43,47.5],[90.47,47.41],[90.48,47.33],[90.5,47.29],[90.55,47.21],[90.64,47.1],[90.72,47.0],[90.8,46.99],[90.87,46.95],[90.91,46.88],[90.99,46.75],[91.0,46.66],[91.0,46.6],[91.03,46.57],[91.03,46.53],[90.97,46.39],[90.92,46.32],[90.91,46.27],[90.95,46.18],[91.0,46.1],[91.0,46.04],[90.96,45.99],[90.89,45.92],[90.85,45.89],[90.8,45.85],[90.71,45.73],[90.67,45.6],[90.66,45.53],[90.69,45.47],[90.75,45.42],[90.76,45.37],[90.85,45.26],[90.88,45.2],[90.91,45.19],[90.95,45.22],[91.05,45.22],[91.14,45.19],[91.22,45.14],[91.31,45.12],[91.44,45.12],[91.51,45.1],[91.58,45.08],[91.74,45.07],[91.85,45.07],[92.03,45.07],[92.17,45.04],[92.42,45.01],[92.58,45.01],[92.79,45.04],[92.92,45.02],[93.29,44.98],[93.52,44.94],[93.66,44.9],[93.76,44.83],[93.87,44.72],[93.96,44.67],[94.2,44.65],[94.36,44.52],[94.49,44.47],[94.71,44.35],[94.87,44.3],[95.05,44.26],[95.35,44.28],[95.37,44.26],[95.34,44.2],[95.33,44.1],[95.33,44.04],[95.36,44.01],[95.47,43.99],[95.53,43.95],[95.57,43.89],[95.59,43.85],[95.69,43.66],[95.84,43.38],[95.86,43.28],[95.91,43.21],[96.08,43.1],[96.17,43.01],[96.3,42.93],[96.34,42.85],[96.35,42.75],[96.39,42.72],[96.63,42.74],[96.83,42.76],[97.21,42.79],[97.72,42.74],[98.25,42.68],[98.72,42.64],[98.95,42.62],[99.47,42.57],[99.76,42.63],[99.98,42.68],[100.09,42.67],[100.52,42.62],[100.77,42.59],[101.09,42.55],[101.31,42.54],[101.5,42.54],[101.58,42.52],[101.66,42.5],[101.71,42.47],[101.88,42.29],[101.97,42.22],[102.16,42.16],[102.58,42.09],[102.81,42.05],[103.07,42.01],[103.25,41.94],[103.45,41.86],[103.71,41.75],[104.0,41.8],[104.31,41.85],[104.5,41.88],[104.5,41.66],[104.77,41.64],[104.86,41.64],[104.98,41.6],[105.05,41.62],[105.12,41.66],[105.2,41.74],[105.31,41.77],[105.52,41.85],[105.57,41.88],[105.87,41.99],[106.32,42.14],[106.52,42.21],[106.58,42.23],[106.69,42.26],[106.77,42.29],[106.91,42.31],[107.09,42.32],[107.29,42.35],[107.75,42.4],[107.81,42.41],[108.06,42.43],[108.17,42.45],[108.33,42.44],[108.55,42.43],[108.69,42.42],[108.87,42.43],[109.13,42.44],[109.34,42.44],[109.44,42.46],[109.6,42.51],[109.7,42.55],[109.86,42.61],[110.06,42.66],[110.2,42.71],[110.29,42.74],[110.4,42.77],[110.43,42.81],[110.46,42.84],[110.52,42.9],[110.63,42.99],[110.71,43.07],[110.75,43.11],[110.84,43.19],[110.91,43.26],[111.01,43.34],[111.09,43.37],[111.19,43.39],[111.45,43.47],[111.5,43.49],[111.55,43.5],[111.64,43.56],[111.72,43.62],[111.77,43.66],[111.88,43.68],[111.93,43.71],[111.94,43.75],[111.93,43.81],[111.88,43.88],[111.84,43.93],[111.68,44.04],[111.6,44.11],[111.52,44.19],[111.49,44.27],[111.43,44.32],[111.4,44.37],[111.41,44.42],[111.49,44.51],[111.51,44.57],[111.55,44.67],[111.62,44.83],[111.68,44.9],[111.75,44.97],[111.9,45.06],[112.03,45.08],[112.11,45.06],[112.29,45.06],[112.41,45.06],[112.5,45.01],[112.6,44.92],[112.71,44.88],[113.05,44.81],[113.2,44.79],[113.3,44.79],[113.46,44.77],[113.51,44.76],[113.59,44.75],[113.65,44.76],[113.75,44.83],[113.88,44.9],[113.93,44.91],[114.03,44.94],[114.08,44.97],[114.17,45.05],[114.28,45.11],[114.42,45.2],[114.49,45.27],[114.5,45.32],[114.52,45.36],[114.56,45.39],[114.64,45.41],[114.74,45.42],[114.92,45.38],[115.16,45.39],[115.22,45.4],[115.44,45.42],[115.54,45.44],[115.68,45.46],[115.79,45.53],[115.93,45.63],[116.04,45.68],[116.11,45.69],[116.2,45.74],[116.24,45.8],[116.23,45.85],[116.21,45.89],[116.26,45.96],[116.36,46.1],[116.44,46.16],[116.52,46.21],[116.56,46.29],[116.62,46.31],[116.69,46.32],[116.79,46.38],[116.86,46.39],[116.98,46.36],[117.16,46.36],[117.27,46.35],[117.33,46.36],[117.36,46.39],[117.36,46.44],[117.39,46.54],[117.41,46.57],[117.44,46.59],[117.55,46.59],[117.62,46.55],[117.67,46.52],[117.74,46.52],[117.81,46.54],[117.91,46.62],[118.07,46.67],[118.16,46.68],[118.31,46.72],[118.4,46.7],[118.58,46.69],[118.65,46.7],[118.72,46.69],[118.79,46.75],[118.84,46.76],[118.96,46.73],[119.03,46.69],[119.16,46.64],[119.33,46.61],[119.47,46.63],[119.62,46.6],[119.71,46.61],[119.75,46.63],[119.87,46.67],[119.9,46.73],[119.88,46.79],[119.9,46.86],[119.86,46.91],[119.79,46.98],[119.76,47.03],[119.76,47.09],[119.71,47.15],[119.6,47.22],[119.53,47.26],[119.38,47.38],[119.33,47.41],[119.31,47.43],[119.29,47.47],[119.24,47.49],[119.16,47.53],[119.12,47.56],[119.1,47.62],[119.08,47.65],[119.02,47.69],[118.95,47.7],[118.88,47.73],[118.76,47.76],[118.69,47.82],[118.57,47.94],[118.5,47.98],[118.24,48.0],[118.15,48.03],[118.04,48.02],[117.98,48.0],[117.84,48.0],[117.77,47.99],[117.68,47.91],[117.56,47.8],[117.46,47.74],[117.38,47.68],[117.35,47.65],[117.29,47.67],[117.2,47.74],[117.07,47.81],[116.95,47.84],[116.9,47.85],[116.76,47.87],[116.65,47.86],[116.51,47.84],[116.38,47.84],[116.32,47.86],[116.23,47.86],[116.07,47.79],[115.99,47.71],[115.9,47.69],[115.81,47.74],[115.71,47.8],[115.62,47.87],[115.56,47.95],[115.53,48.13],[115.64,48.19],[115.79,48.25],[115.8,48.35],[115.79,48.46],[115.82,48.58],[115.95,48.69],[116.03,48.78],[116.03,48.84],[116.1,48.94],[116.16,49.04],[116.24,49.17],[116.4,49.41],[116.59,49.68],[116.68,49.82],[116.89,49.74],[117.02,49.69],[117.25,49.62],[117.48,49.61],[117.7,49.54],[117.81,49.51],[117.87,49.51],[118.19,49.69],[118.45,49.84],[118.76,49.96],[118.98,49.98],[119.15,50.01],[119.26,50.07],[119.33,50.15],[119.35,50.28],[119.3,50.35],[119.19,50.38],[119.16,50.41],[119.22,50.43],[119.26,50.48],[119.28,50.56],[119.34,50.63],[119.45,50.7],[119.5,50.78],[119.51,50.86],[119.57,50.95],[119.68,51.03],[119.75,51.11],[119.76,51.18],[119.81,51.27],[119.97,51.42],[120.07,51.6],[120.24,51.72],[120.51,51.85],[120.68,51.97],[120.75,52.1],[120.74,52.21],[120.67,52.3],[120.65,52.4],[120.7,52.49],[120.66,52.57],[120.52,52.62],[120.36,52.63],[120.17,52.6],[120.07,52.63],[120.04,52.72],[120.09,52.79],[120.22,52.84],[120.42,52.97],[120.7,53.17],[120.99,53.28],[121.41,53.32],[121.74,53.38],[122.09,53.45],[122.34,53.49],[122.38,53.46],[122.52,53.46],[122.74,53.47],[122.96,53.5],[123.15,53.54],[123.31,53.56],[123.42,53.53],[123.49,53.53],[123.53,53.53],[123.56,53.53],[123.61,53.55],[123.74,53.51],[123.99,53.41],[124.15,53.36],[124.22,53.37],[124.29,53.34],[124.37,53.27],[124.47,53.23],[124.64,53.21],[124.81,53.13],[124.88,53.13],[124.91,53.17],[124.97,53.2],[125.08,53.2],[125.23,53.17],[125.42,53.08],[125.55,53.05],[125.6,53.06],[125.65,53.04],[125.69,53.0],[125.7,52.96],[125.68,52.93],[125.73,52.89],[125.78,52.89],[125.87,52.87],[125.94,52.8],[126.0,52.77],[126.05,52.74],[126.06,52.72],[126.06,52.69],[126.05,52.67],[126.02,52.64],[126.02,52.61],[126.05,52.57],[126.16,52.55],[126.19,52.52],[126.2,52.48],[126.24,52.44],[126.31,52.4],[126.34,52.36],[126.32,52.33],[126.35,52.31],[126.38,52.29],[126.39,52.21],[126.39,52.17],[126.46,52.13],[126.47,52.03],[126.51,51.93],[126.65,51.78],[126.7,51.7],[126.69,51.61],[126.71,51.57],[126.77,51.55],[126.81,51.51],[126.8,51.45],[126.83,51.41],[126.85,51.37],[126.83,51.31],[126.85,51.26],[126.89,51.23],[126.91,51.17],[126.92,51.1],[127.02,50.99],[127.2,50.83],[127.31,50.71],[127.35,50.62],[127.35,50.55],[127.31,50.49],[127.31,50.45],[127.34,50.43],[127.35,50.39],[127.34,50.35],[127.4,50.3],[127.59,50.21],[127.51,50.07],[127.49,49.98],[127.5,49.87],[127.55,49.8],[127.64,49.76],[127.69,49.72],[127.71,49.67],[127.81,49.62],[128.0,49.57],[128.24,49.56],[128.53,49.59],[128.7,49.6],[128.77,49.58],[128.79,49.54],[128.77,49.49],[128.82,49.46],[128.94,49.45],[129.02,49.42],[129.07,49.37],[129.12,49.36],[129.19,49.38],[129.25,49.38],[129.31,49.35],[129.35,49.36],[129.38,49.39],[129.44,49.39],[129.5,49.39],[129.53,49.32],[129.59,49.29],[129.67,49.28],[129.79,49.2],[130.04,48.97],[130.2,48.89],[130.36,48.87],[130.55,48.86],[130.62,48.77],[130.57,48.68],[130.55,48.6],[130.6,48.57],[130.66,48.48],[130.75,48.43],[130.76,48.39],[130.8,48.34],[130.79,48.25],[130.71,48.13],[130.73,48.02],[130.85,47.93],[130.92,47.84],[130.93,47.76],[130.96,47.71],[131.0,47.69],[131.12,47.7],[131.32,47.73],[131.46,47.72],[131.56,47.68],[131.79,47.68],[132.15,47.72],[132.38,47.73],[132.48,47.71],[132.56,47.77],[132.64,47.89],[132.71,47.95],[132.77,47.94],[132.88,47.98],[133.02,48.06],[133.14,48.11],[133.3,48.1],[133.47,48.1],[133.57,48.13],[133.67,48.21],[133.84,48.27],[134.21,48.36],[134.29,48.37],[134.33,48.37],[134.46,48.36],[134.56,48.32],[134.67,48.25],[134.68,48.21],[134.67,48.15],[134.65,48.12],[134.61,48.08],[134.57,48.02],[134.59,47.98],[134.65,47.87],[134.7,47.8],[134.75,47.72],[134.73,47.68],[134.7,47.62],[134.6,47.52],[134.54,47.49],[134.48,47.45],[134.38,47.44],[134.34,47.43],[134.29,47.41],[134.26,47.38],[134.23,47.35],[134.17,47.3],[134.16,47.26],[134.19,47.19],[134.2,47.13],[134.14,47.07],[134.09,46.98],[134.07,46.95],[134.05,46.88],[134.04,46.86],[134.02,46.71],[133.96,46.61],[133.87,46.5],[133.89,46.43],[133.9,46.37],[133.88,46.34],[133.87,46.31],[133.86,46.25],[133.83,46.22],[133.75,46.19],[133.7,46.14],[133.71,46.07],[133.69,46.01],[133.65,45.96],[133.61,45.92],[133.55,45.9],[133.51,45.88],[133.48,45.81],[133.48,45.76],[133.45,45.71],[133.47,45.65],[133.44,45.6],[133.36,45.57],[133.31,45.55],[133.27,45.55],[133.19,45.49],[133.11,45.32],[133.1,45.22],[133.11,45.13],[133.01,45.07],[132.94,45.03],[132.89,45.05],[132.84,45.06],[132.72,45.08],[132.67,45.09],[132.55,45.12],[132.36,45.16],[132.18,45.2],[132.07,45.23],[131.98,45.24],[131.91,45.27],[131.85,45.33],[131.79,45.31],[131.74,45.24],[131.65,45.21],[131.61,45.14],[131.58,45.08],[131.49,45.01],[131.45,44.98],[131.27,44.94],[131.23,44.92],[131.08,44.91],[131.03,44.89],[130.98,44.84],[130.97,44.8],[131.0,44.75],[131.06,44.66],[131.09,44.6],[131.13,44.47],[131.26,44.07],[131.21,44.0],[131.17,43.7],[131.18,43.65],[131.18,43.57],[131.18,43.51],[131.21,43.49],[131.24,43.47],[131.26,43.43],[131.26,43.38],[131.24,43.34],[131.21,43.26],[131.18,43.14],[131.14,43.1],[131.11,43.06],[131.09,43.04],[131.08,42.96],[131.07,42.9],[131.01,42.88],[130.94,42.85],[130.87,42.86],[130.8,42.86],[130.72,42.84],[130.58,42.81],[130.49,42.78],[130.45,42.76],[130.42,42.73],[130.42,42.7],[130.44,42.69],[130.52,42.67],[130.58,42.62],[130.58,42.57],[130.53,42.54],[130.5,42.57],[130.45,42.58],[130.36,42.63],[130.3,42.68],[130.25,42.74],[130.25,42.87],[130.24,42.89],[130.15,42.92],[130.12,42.96],[130.08,42.97],[130.02,42.96],[129.98,42.97],[129.94,43.0],[129.9,43.0],[129.86,42.97],[129.84,42.89],[129.78,42.78],[129.77,42.71],[129.75,42.6],[129.72,42.48],[129.7,42.45],[129.63,42.44],[129.6,42.44],[129.57,42.39],[129.52,42.38],[129.48,42.41],[129.42,42.44],[129.37,42.44],[129.31,42.41],[129.25,42.36],[129.22,42.31],[129.21,42.27],[129.2,42.22],[129.13,42.17],[129.08,42.14],[128.96,42.07],[128.92,42.04],[128.84,42.04],[128.75,42.04],[128.63,42.02],[128.43,42.01],[128.31,42.03],[128.16,42.01],[128.05,41.99],[128.03,41.95],[128.03,41.9],[128.06,41.86],[128.08,41.84],[128.13,41.77],[128.18,41.7],[128.26,41.66],[128.29,41.61],[128.29,41.56],[128.25,41.51],[128.2,41.43],[128.15,41.39],[128.11,41.39],[128.05,41.42],[128.01,41.45],[127.92,41.46],[127.69,41.44],[127.57,41.45],[127.52,41.48],[127.42,41.48],[127.27,41.52],[127.18,41.53],[127.14,41.55],[127.13,41.61],[127.09,41.64],[127.06,41.69],[127.01,41.74],[126.95,41.77],[126.9,41.78],[126.85,41.75],[126.79,41.72],[126.74,41.72],[126.72,41.72],[126.7,41.69],[126.6,41.64],[126.58,41.59],[126.54,41.5],[126.51,41.39],[126.49,41.36],[126.45,41.35],[126.41,41.32],[126.33,41.23],[126.25,41.14],[126.14,41.08],[126.09,41.02],[126.07,40.97],[125.99,40.9],[125.87,40.89],[125.78,40.87],[125.73,40.87],[125.69,40.84],[125.66,40.8],[125.65,40.78],[125.59,40.78],[125.54,40.74],[125.42,40.66],[125.31,40.64],[125.19,40.59],[125.07,40.55],[125.03,40.52],[125.01,40.5],[125.0,40.46],[124.94,40.46],[124.89,40.46],[124.77,40.38],[124.71,40.32],[124.48,40.18],[124.39,40.1],[124.36,40.0],[124.35,40.01],[124.27,39.92],[124.11,39.84],[123.76,39.82],[123.65,39.88],[123.61,39.84],[123.58,39.79],[123.49,39.77],[123.35,39.76],[123.27,39.73],[123.23,39.69],[123.03,39.67],[122.96,39.62],[122.84,39.6],[122.33,39.37],[122.22,39.27],[122.12,39.15],[122.05,39.09],[121.98,39.05],[121.92,39.04],[121.86,39.0],[121.81,38.99],[121.74,39.01],[121.68,39.0],[121.63,38.95],[121.67,38.89],[121.65,38.87],[121.52,38.83],[121.32,38.81],[121.24,38.77],[121.21,38.74],[121.16,38.73],[121.12,38.81],[121.11,38.92],[121.19,38.95],[121.26,38.96],[121.68,39.11],[121.63,39.22],[121.66,39.27],[121.76,39.35],[121.82,39.39],[121.79,39.4],[121.51,39.37],[121.36,39.38],[121.28,39.38],[121.3,39.45],[121.29,39.52],[121.27,39.54],[121.41,39.62],[121.47,39.64],[121.52,39.64],[121.51,39.69],[121.47,39.75],[121.52,39.84],[121.8,39.95],[121.87,40.05],[121.98,40.14],[122.19,40.36],[122.2,40.4],[122.26,40.5],[122.28,40.54],[122.18,40.6],[122.14,40.69],[121.86,40.84],[121.83,40.97],[121.81,40.97],[121.77,40.88],[121.73,40.85],[121.6,40.84],[121.54,40.88],[121.17,40.9],[121.09,40.84],[121.0,40.75],[120.92,40.68],[120.84,40.65],[120.77,40.59],[120.48,40.23],[120.37,40.2],[119.85,39.99],[119.59,39.9],[119.39,39.75],[119.32,39.66],[119.26,39.56],[119.22,39.41],[119.04,39.22],[118.98,39.18],[118.91,39.17],[118.83,39.17],[118.75,39.16],[118.63,39.18],[118.47,39.12],[118.3,39.07],[118.15,39.2],[118.04,39.23],[117.87,39.19],[117.78,39.13],[117.62,38.85],[117.55,38.69],[117.56,38.63],[117.66,38.42],[117.77,38.31],[118.01,38.18],[118.54,38.09],[118.67,38.13],[118.8,38.13],[118.94,38.04],[119.03,37.9],[119.04,37.81],[119.04,37.78],[119.07,37.75],[119.09,37.7],[119.03,37.66],[118.99,37.64],[118.95,37.49],[118.95,37.33],[119.0,37.28],[119.11,37.2],[119.29,37.14],[119.45,37.12],[119.76,37.16],[119.89,37.25],[119.88,37.3],[119.88,37.35],[120.16,37.5],[120.31,37.62],[120.29,37.66],[120.26,37.68],[120.28,37.69],[120.37,37.7],[120.75,37.83],[121.05,37.73],[121.22,37.6],[121.39,37.58],[121.51,37.52],[121.64,37.46],[121.82,37.46],[121.96,37.45],[122.01,37.5],[122.06,37.53],[122.11,37.52],[122.17,37.46],[122.34,37.41],[122.49,37.41],[122.6,37.43],[122.67,37.4],[122.57,37.32],[122.59,37.18],[122.52,37.14],[122.45,37.07],[122.49,37.02],[122.52,37.0],[122.52,36.95],[122.46,36.92],[122.34,36.83],[122.27,36.83],[122.24,36.85],[122.22,36.88],[122.2,36.93],[122.16,36.96],[122.05,36.97],[121.93,36.96],[121.67,36.84],[121.41,36.74],[121.14,36.66],[121.05,36.61],[120.99,36.6],[120.88,36.64],[120.81,36.63],[120.8,36.61],[120.88,36.54],[120.9,36.49],[120.9,36.44],[120.85,36.43],[120.78,36.46],[120.71,36.41],[120.68,36.34],[120.68,36.17],[120.64,36.13],[120.52,36.11],[120.39,36.05],[120.35,36.08],[120.33,36.11],[120.34,36.19],[120.33,36.23],[120.27,36.23],[120.18,36.2],[120.12,36.15],[120.09,36.12],[120.18,36.02],[120.26,36.01],[120.28,35.98],[120.22,35.93],[120.05,35.86],[120.03,35.8],[119.98,35.74],[119.91,35.69],[119.87,35.64],[119.81,35.62],[119.72,35.59],[119.61,35.47],[119.53,35.36],[119.43,35.3],[119.35,35.11],[119.22,35.01],[119.17,34.85],[119.2,34.75],[119.35,34.75],[119.43,34.71],[119.58,34.58],[119.77,34.5],[119.96,34.45],[120.2,34.33],[120.27,34.27],[120.32,34.17],[120.43,33.87],[120.5,33.72],[120.5,33.64],[120.62,33.49],[120.73,33.24],[120.87,33.02],[120.9,32.84],[120.85,32.76],[120.85,32.66],[120.99,32.57],[121.29,32.46],[121.34,32.43],[121.4,32.37],[121.4,32.21],[121.45,32.15],[121.49,32.12],[121.67,32.05],[121.75,31.99],[121.83,31.9],[121.86,31.82],[121.87,31.7],[121.76,31.7],[121.68,31.71],[121.35,31.86],[121.27,31.86],[121.15,31.84],[120.97,31.87],[120.79,32.03],[120.66,32.08],[120.52,32.11],[120.18,31.97],[120.1,31.98],[120.07,31.96],[120.04,31.94],[120.19,31.91],[120.35,31.95],[120.5,32.02],[120.72,31.98],[120.75,31.92],[120.79,31.82],[120.94,31.75],[121.06,31.72],[121.2,31.63],[121.35,31.49],[121.66,31.32],[121.79,31.16],[121.83,31.06],[121.88,30.92],[121.77,30.87],[121.68,30.86],[121.53,30.84],[121.42,30.79],[121.31,30.7],[121.0,30.56],[120.94,30.47],[120.9,30.39],[120.82,30.35],[120.63,30.39],[120.45,30.39],[120.25,30.28],[120.19,30.24],[120.23,30.25],[120.26,30.26],[120.35,30.25],[120.49,30.3],[120.63,30.13],[120.9,30.16],[121.16,30.3],[121.26,30.3],[121.34,30.28],[121.43,30.23],[121.68,29.98],[121.81,29.95],[121.94,29.89],[122.02,29.89],[122.08,29.87],[121.91,29.78],[121.68,29.58],[121.57,29.54],[121.51,29.48],[121.69,29.51],[121.82,29.6],[121.89,29.63],[121.94,29.61],[121.97,29.49],[121.92,29.14],[121.85,29.13],[121.79,29.23],[121.72,29.26],[121.66,29.24],[121.53,29.24],[121.49,29.19],[121.45,29.13],[121.52,29.12],[121.66,29.01],[121.68,28.95],[121.64,28.92],[121.54,28.93],[121.66,28.85],[121.63,28.77],[121.59,28.73],[121.52,28.71],[121.48,28.64],[121.54,28.52],[121.6,28.37],[121.61,28.29],[121.51,28.32],[121.35,28.23],[121.27,28.22],[121.22,28.35],[121.15,28.33],[121.1,28.29],[121.04,28.16],[120.96,28.04],[120.89,28.0],[120.81,28.01],[120.75,28.01],[120.76,27.98],[120.83,27.94],[120.83,27.89],[120.69,27.74],[120.66,27.69],[120.66,27.64],[120.59,27.58],[120.63,27.48],[120.61,27.41],[120.54,27.32],[120.47,27.26],[120.38,27.16],[120.28,27.1],[120.14,26.89],[120.1,26.78],[120.09,26.67],[120.04,26.63],[119.97,26.59],[119.88,26.61],[119.88,26.68],[119.84,26.69],[119.82,26.74],[119.82,26.8],[119.82,26.85],[119.79,26.83],[119.77,26.77],[119.71,26.73],[119.65,26.75],[119.59,26.78],[119.59,26.73],[119.62,26.68],[119.64,26.62],[119.73,26.61],[119.78,26.55],[119.83,26.45],[119.84,26.41],[119.88,26.37],[119.88,26.33],[119.8,26.3],[119.69,26.24],[119.57,26.13],[119.46,26.05],[119.37,26.05],[119.31,26.06],[119.23,26.1],[119.14,26.12],[119.26,25.97],[119.33,25.95],[119.42,25.95],[119.5,26.01],[119.62,26.0],[119.65,25.92],[119.62,25.82],[119.55,25.7],[119.54,25.59],[119.62,25.44],[119.62,25.39],[119.59,25.37],[119.5,25.41],[119.42,25.46],[119.34,25.45],[119.26,25.47],[119.18,25.45],[119.15,25.41],[119.17,25.36],[119.24,25.31],[119.29,25.23],[119.24,25.21],[119.02,25.22],[118.98,25.21],[118.91,25.13],[118.96,25.0],[118.91,24.93],[118.82,24.91],[118.71,24.85],[118.64,24.84],[118.64,24.81],[118.69,24.78],[118.72,24.75],[118.66,24.62],[118.56,24.58],[118.41,24.6],[118.3,24.57],[118.19,24.63],[118.09,24.63],[118.01,24.56],[118.01,24.48],[117.94,24.47],[117.9,24.48],[117.84,24.47],[117.85,24.43],[117.88,24.4],[118.02,24.38],[118.05,24.33],[118.06,24.25],[117.9,24.11],[117.84,24.01],[117.74,24.01],[117.67,23.94],[117.63,23.84],[117.58,23.86],[117.47,23.84],[117.43,23.79],[117.46,23.77],[117.46,23.74],[117.42,23.62],[117.37,23.59],[117.35,23.64],[117.33,23.71],[117.29,23.71],[117.22,23.65],[117.15,23.6],[117.08,23.58],[117.03,23.62],[116.91,23.65],[116.86,23.45],[116.76,23.38],[116.71,23.36],[116.63,23.35],[116.68,23.33],[116.7,23.28],[116.67,23.23],[116.59,23.22],[116.54,23.18],[116.52,23.01],[116.47,22.95],[116.35,22.94],[116.25,22.98],[116.22,22.95],[116.21,22.92],[116.16,22.89],[116.06,22.88],[115.85,22.8],[115.76,22.82],[115.64,22.85],[115.56,22.82],[115.53,22.77],[115.5,22.72],[115.38,22.72],[115.29,22.78],[115.2,22.82],[115.09,22.78],[115.01,22.71],[114.91,22.68],[114.9,22.64],[114.85,22.62],[114.75,22.63],[114.71,22.74],[114.65,22.76],[114.59,22.7],[114.57,22.65],[114.54,22.62],[114.55,22.53],[114.5,22.53],[114.42,22.58],[114.34,22.59],[114.27,22.54],[114.23,22.55],[114.19,22.56],[114.12,22.56],[114.1,22.55],[114.05,22.54],[114.02,22.51],[114.02,22.51],[113.93,22.53],[113.83,22.61],[113.75,22.73],[113.66,22.8],[113.62,22.86],[113.6,22.97],[113.59,23.02],[113.59,23.08],[113.62,23.13],[113.52,23.1],[113.45,23.06],[113.46,23.0],[113.44,22.94],[113.33,22.91],[113.34,22.89],[113.34,22.86],[113.43,22.79],[113.45,22.73],[113.48,22.69],[113.55,22.59],[113.55,22.4],[113.59,22.35],[113.58,22.3],[113.55,22.23],[113.55,22.22],[113.53,22.25],[113.49,22.24],[113.48,22.22],[113.48,22.2],[113.47,22.19],[113.42,22.18],[113.37,22.16],[113.33,22.15],[113.27,22.09],[113.15,22.07],[113.09,22.21],[113.01,22.12],[112.98,21.94],[112.95,21.91],[112.9,21.88],[112.81,21.94],[112.73,21.9],[112.66,21.86],[112.63,21.82],[112.59,21.78],[112.49,21.82],[112.42,21.88],[112.44,21.93],[112.43,21.96],[112.4,21.98],[112.36,21.98],[112.38,21.92],[112.39,21.8],[112.36,21.77],[112.3,21.74],[112.19,21.76],[112.12,21.81],[112.03,21.84],[111.94,21.85],[111.93,21.78],[111.87,21.72],[111.82,21.71],[111.78,21.72],[111.71,21.66],[111.68,21.61],[111.6,21.56],[111.39,21.54],[111.32,21.49],[111.22,21.49],[111.14,21.48],[111.1,21.48],[111.06,21.51],[111.02,21.51],[111.0,21.43],[110.88,21.4],[110.77,21.39],[110.65,21.28],[110.57,21.21],[110.5,21.21],[110.46,21.23],[110.43,21.33],[110.41,21.34],[110.4,21.25],[110.37,21.17],[110.33,21.13],[110.19,21.04],[110.15,20.94],[110.18,20.86],[110.37,20.84],[110.39,20.79],[110.37,20.75],[110.33,20.72],[110.31,20.67],[110.51,20.52],[110.52,20.46],[110.49,20.43],[110.45,20.36],[110.34,20.29],[110.12,20.26],[109.94,20.3],[109.88,20.36],[109.89,20.41],[109.93,20.4],[109.98,20.4],[109.97,20.45],[109.95,20.47],[109.86,20.51],[109.79,20.62],[109.81,20.71],[109.77,20.78],[109.73,20.84],[109.68,20.87],[109.66,20.92],[109.7,21.05],[109.68,21.13],[109.76,21.23],[109.78,21.34],[109.92,21.38],[109.93,21.48],[109.83,21.48],[109.76,21.56],[109.74,21.53],[109.69,21.52],[109.59,21.67],[109.57,21.69],[109.52,21.69],[109.54,21.54],[109.44,21.48],[109.35,21.45],[109.22,21.44],[109.15,21.43],[109.08,21.44],[109.1,21.49],[109.13,21.54],[109.1,21.59],[109.03,21.63],[108.92,21.62],[108.85,21.63],[108.77,21.63],[108.74,21.65],[108.67,21.72],[108.62,21.77],[108.59,21.82],[108.62,21.87],[108.59,21.9],[108.48,21.9],[108.48,21.83],[108.49,21.74],[108.53,21.67],[108.5,21.63],[108.44,21.61],[108.38,21.68],[108.35,21.7],[108.32,21.69],[108.3,21.62],[108.25,21.56],[108.15,21.57],[108.07,21.53],[107.97,21.51]]],[[[110.89,19.99],[110.94,19.95],[110.97,19.88],[111.0,19.76],[111.01,19.66],[110.91,19.59],[110.82,19.56],[110.64,19.29],[110.6,19.21],[110.57,19.17],[110.56,19.14],[110.57,19.1],[110.52,18.97],[110.48,18.81],[110.45,18.75],[110.4,18.7],[110.33,18.67],[110.29,18.67],[110.25,18.66],[110.16,18.57],[110.05,18.51],[110.07,18.48],[110.07,18.45],[110.02,18.42],[109.97,18.42],[109.82,18.4],[109.76,18.35],[109.7,18.26],[109.68,18.25],[109.59,18.23],[109.52,18.22],[109.4,18.28],[109.34,18.3],[109.18,18.33],[109.03,18.37],[108.92,18.42],[108.7,18.54],[108.68,18.75],[108.64,18.87],[108.64,18.91],[108.65,19.27],[108.67,19.3],[108.69,19.34],[108.79,19.42],[108.9,19.48],[109.06,19.61],[109.18,19.67],[109.28,19.76],[109.22,19.76],[109.18,19.77],[109.22,19.84],[109.26,19.88],[109.31,19.9],[109.42,19.89],[109.51,19.9],[109.58,19.97],[109.65,19.98],[109.91,19.96],[110.08,19.99],[110.17,20.05],[110.21,20.06],[110.34,20.04],[110.39,19.98],[110.39,20.02],[110.39,20.06],[110.42,20.05],[110.59,19.98],[110.59,20.07],[110.6,20.1],[110.65,20.14],[110.68,20.14],[110.74,20.06],[110.81,20.01],[110.89,19.99]]]]}},{"type":"Feature","properties":{"NAME":"Myanmar"},"geometry":{"type":"MultiPolygon","coordinates":[[[[100.12,20.32],[100.0,20.38],[99.95,20.42],[99.89,20.42],[99.83,20.38],[99.77,20.34],[99.72,20.33],[99.64,20.32],[99.53,20.34],[99.46,20.36],[99.45,20.35],[99.49,20.26],[99.5,20.19],[99.49,20.15],[99.45,20.12],[99.4,20.09],[99.34,20.08],[99.28,20.08],[99.2,20.12],[99.13,20.12],[99.07,20.1],[99.04,20.07],[99.02,20.04],[98.99,19.86],[98.96,19.8],[98.92,19.77],[98.88,19.77],[98.82,19.78],[98.76,19.77],[98.49,19.7],[98.45,19.69],[98.37,19.69],[98.29,19.69],[98.24,19.69],[98.11,19.76],[98.05,19.77],[98.02,19.75],[97.99,19.65],[97.92,19.59],[97.82,19.46],[97.79,19.27],[97.8,19.13],[97.71,19.0],[97.71,18.93],[97.75,18.62],[97.75,18.59],[97.73,18.57],[97.67,18.56],[97.58,18.53],[97.52,18.5],[97.48,18.49],[97.4,18.52],[97.37,18.52],[97.38,18.49],[97.45,18.36],[97.52,18.3],[97.6,18.3],[97.63,18.29],[97.62,18.26],[97.65,18.17],[97.72,18.04],[97.74,17.94],[97.7,17.83],[97.71,17.8],[97.73,17.78],[97.79,17.68],[97.93,17.53],[98.06,17.37],[98.17,17.24],[98.26,17.15],[98.44,16.98],[98.47,16.9],[98.48,16.73],[98.52,16.64],[98.56,16.57],[98.59,16.51],[98.66,16.33],[98.69,16.31],[98.84,16.42],[98.87,16.39],[98.89,16.35],[98.89,16.3],[98.87,16.24],[98.82,16.18],[98.59,16.05],[98.57,15.94],[98.56,15.77],[98.55,15.56],[98.57,15.4],[98.56,15.37],[98.54,15.35],[98.45,15.36],[98.33,15.28],[98.29,15.27],[98.23,15.24],[98.19,15.2],[98.18,15.15],[98.2,14.98],[98.25,14.81],[98.33,14.7],[98.4,14.6],[98.5,14.47],[98.57,14.36],[98.72,14.24],[98.93,14.05],[99.01,13.95],[99.09,13.82],[99.14,13.72],[99.16,13.58],[99.17,13.5],[99.18,13.23],[99.14,13.17],[99.11,13.1],[99.12,13.03],[99.17,12.96],[99.17,12.88],[99.22,12.74],[99.3,12.65],[99.37,12.59],[99.41,12.55],[99.39,12.47],[99.42,12.39],[99.43,12.31],[99.46,12.19],[99.52,12.09],[99.61,11.78],[99.61,11.75],[99.57,11.69],[99.52,11.63],[99.48,11.61],[99.44,11.55],[99.36,11.39],[99.19,11.11],[99.03,10.92],[98.89,10.79],[98.79,10.71],[98.76,10.66],[98.76,10.62],[98.78,10.56],[98.77,10.43],[98.75,10.35],[98.72,10.27],[98.7,10.19],[98.66,10.18],[98.56,10.03],[98.52,10.11],[98.5,10.18],[98.52,10.35],[98.46,10.68],[98.5,10.72],[98.54,10.74],[98.6,10.86],[98.68,10.99],[98.68,11.13],[98.74,11.24],[98.73,11.33],[98.73,11.44],[98.75,11.52],[98.74,11.59],[98.79,11.67],[98.88,11.72],[98.84,11.74],[98.8,11.78],[98.69,11.72],[98.64,11.74],[98.62,11.8],[98.64,11.87],[98.64,11.91],[98.69,11.96],[98.69,12.05],[98.66,12.13],[98.7,12.23],[98.63,12.23],[98.6,12.25],[98.62,12.3],[98.68,12.35],[98.62,12.44],[98.66,12.54],[98.66,12.66],[98.64,12.77],[98.64,12.85],[98.6,12.99],[98.58,13.16],[98.49,13.29],[98.42,13.48],[98.25,13.73],[98.25,13.84],[98.24,13.93],[98.2,13.98],[98.15,13.65],[98.11,13.71],[98.1,13.9],[98.07,13.99],[98.1,14.16],[98.0,14.34],[97.98,14.46],[97.91,14.65],[97.93,14.7],[98.02,14.65],[97.94,14.76],[97.87,14.74],[97.81,14.86],[97.8,15.18],[97.74,15.31],[97.77,15.43],[97.71,15.88],[97.58,16.02],[97.61,16.14],[97.64,16.25],[97.63,16.46],[97.66,16.52],[97.73,16.57],[97.67,16.55],[97.62,16.54],[97.51,16.53],[97.38,16.52],[97.33,16.67],[97.27,16.74],[97.21,16.89],[97.18,17.06],[97.2,17.1],[97.1,17.16],[97.07,17.21],[96.97,17.32],[96.85,17.4],[96.88,17.34],[96.91,17.3],[96.85,17.2],[96.91,17.03],[96.86,16.92],[96.81,16.78],[96.77,16.71],[96.62,16.56],[96.51,16.51],[96.43,16.5],[96.36,16.52],[96.28,16.6],[96.26,16.66],[96.25,16.77],[96.22,16.78],[96.19,16.77],[96.24,16.63],[96.24,16.57],[96.32,16.44],[96.29,16.41],[96.14,16.34],[96.08,16.35],[96.04,16.34],[96.03,16.28],[96.01,16.25],[95.76,16.17],[95.71,16.07],[95.68,15.98],[95.56,15.84],[95.39,15.72],[95.35,15.73],[95.3,15.76],[95.31,15.88],[95.36,15.99],[95.35,16.1],[95.33,16.03],[95.23,15.88],[95.18,15.83],[95.08,15.84],[94.94,15.82],[94.89,15.98],[94.89,16.04],[94.88,16.09],[94.9,16.14],[94.89,16.18],[94.86,16.1],[94.85,16.03],[94.8,15.97],[94.66,15.9],[94.66,15.99],[94.65,16.06],[94.68,16.13],[94.68,16.24],[94.72,16.4],[94.72,16.45],[94.7,16.51],[94.68,16.43],[94.67,16.34],[94.64,16.31],[94.59,16.29],[94.5,16.19],[94.44,16.09],[94.3,16.01],[94.22,16.02],[94.21,16.13],[94.27,16.52],[94.33,16.57],[94.35,16.64],[94.4,16.87],[94.45,16.95],[94.47,17.14],[94.49,17.17],[94.56,17.31],[94.59,17.57],[94.56,17.7],[94.49,17.82],[94.43,18.2],[94.27,18.51],[94.25,18.61],[94.17,18.73],[94.25,18.74],[94.09,18.85],[94.07,18.89],[94.04,19.15],[94.04,19.29],[94.02,19.27],[94.0,19.18],[93.94,19.15],[93.97,19.0],[93.96,18.96],[93.93,18.9],[93.8,18.96],[93.71,19.03],[93.6,19.19],[93.49,19.37],[93.53,19.4],[93.58,19.4],[93.73,19.27],[93.82,19.24],[93.89,19.27],[93.96,19.33],[94.0,19.44],[93.96,19.48],[93.89,19.5],[93.84,19.53],[93.77,19.61],[93.76,19.65],[93.74,19.7],[93.67,19.73],[93.61,19.78],[93.66,19.85],[93.71,19.91],[93.58,19.91],[93.44,20.01],[93.41,20.04],[93.36,20.06],[93.25,20.07],[93.16,20.04],[93.2,19.9],[93.19,19.85],[93.13,19.86],[93.0,20.07],[93.04,20.13],[93.1,20.18],[93.07,20.19],[93.02,20.19],[93.07,20.38],[93.04,20.41],[93.02,20.35],[92.99,20.29],[92.88,20.15],[92.83,20.18],[92.79,20.21],[92.84,20.28],[92.87,20.3],[92.89,20.34],[92.85,20.41],[92.79,20.47],[92.74,20.56],[92.71,20.56],[92.73,20.45],[92.72,20.3],[92.61,20.47],[92.38,20.72],[92.32,20.79],[92.31,20.86],[92.29,20.93],[92.27,21.0],[92.26,21.06],[92.21,21.11],[92.19,21.2],[92.18,21.29],[92.21,21.36],[92.28,21.43],[92.33,21.44],[92.37,21.41],[92.47,21.36],[92.54,21.32],[92.57,21.26],[92.6,21.27],[92.63,21.31],[92.63,21.35],[92.59,21.47],[92.58,21.61],[92.58,21.94],[92.57,21.98],[92.63,22.01],[92.65,22.05],[92.67,22.11],[92.69,22.13],[92.72,22.13],[92.77,22.1],[92.85,22.01],[92.91,21.99],[92.96,22.0],[93.02,22.15],[93.04,22.18],[93.07,22.21],[93.12,22.21],[93.15,22.23],[93.16,22.29],[93.16,22.36],[93.11,22.55],[93.09,22.63],[93.08,22.72],[93.11,22.81],[93.16,22.91],[93.15,23.0],[93.16,23.03],[93.2,23.04],[93.25,23.02],[93.31,23.03],[93.35,23.08],[93.37,23.13],[93.39,23.34],[93.41,23.53],[93.41,23.68],[93.37,23.77],[93.31,24.02],[93.33,24.06],[93.36,24.07],[93.45,23.99],[93.49,23.97],[93.56,23.99],[93.63,24.01],[93.68,24.01],[93.76,23.98],[93.86,23.94],[94.01,23.9],[94.07,23.87],[94.13,23.88],[94.17,23.97],[94.22,24.11],[94.29,24.32],[94.38,24.47],[94.4,24.51],[94.49,24.64],[94.58,24.77],[94.66,24.93],[94.71,25.05],[94.7,25.1],[94.68,25.14],[94.62,25.16],[94.57,25.19],[94.55,25.22],[94.55,25.24],[94.58,25.32],[94.62,25.41],[94.67,25.46],[94.79,25.52],[94.86,25.6],[94.95,25.7],[94.99,25.77],[95.02,25.91],[95.04,25.94],[95.09,25.99],[95.13,26.04],[95.13,26.07],[95.11,26.09],[95.07,26.19],[95.05,26.35],[95.06,26.47],[95.09,26.53],[95.13,26.6],[95.2,26.64],[95.31,26.67],[95.46,26.76],[95.74,26.95],[95.84,27.01],[95.91,27.05],[95.97,27.13],[96.06,27.22],[96.19,27.26],[96.27,27.28],[96.67,27.34],[96.73,27.33],[96.8,27.3],[96.88,27.18],[96.95,27.13],[97.04,27.1],[97.1,27.12],[97.1,27.16],[96.9,27.44],[96.88,27.51],[96.88,27.59],[96.9,27.64],[96.96,27.7],[97.05,27.76],[97.16,27.84],[97.23,27.89],[97.31,27.91],[97.34,27.94],[97.34,27.98],[97.34,28.03],[97.3,28.09],[97.31,28.16],[97.32,28.22],[97.36,28.25],[97.43,28.35],[97.48,28.43],[97.5,28.46],[97.54,28.51],[97.6,28.52],[97.66,28.5],[97.69,28.47],[97.73,28.41],[97.77,28.36],[97.82,28.36],[97.86,28.36],[97.89,28.36],[97.93,28.31],[98.02,28.21],[98.06,28.19],[98.1,28.14],[98.12,28.06],[98.13,27.97],[98.24,27.66],[98.27,27.6],[98.3,27.55],[98.35,27.54],[98.39,27.59],[98.41,27.64],[98.45,27.66],[98.5,27.65],[98.6,27.6],[98.65,27.57],[98.68,27.42],[98.68,27.25],[98.67,27.19],[98.72,27.04],[98.73,26.88],[98.74,26.79],[98.74,26.7],[98.73,26.58],[98.71,26.43],[98.67,26.3],[98.69,26.19],[98.66,26.14],[98.57,26.11],[98.56,26.07],[98.59,26.0],[98.65,25.92],[98.66,25.86],[98.63,25.83],[98.56,25.82],[98.47,25.79],[98.4,25.68],[98.33,25.59],[98.3,25.57],[98.17,25.59],[98.14,25.57],[98.1,25.42],[98.06,25.35],[98.01,25.29],[97.96,25.26],[97.92,25.24],[97.82,25.25],[97.77,25.16],[97.71,25.03],[97.71,24.97],[97.74,24.87],[97.72,24.84],[97.67,24.82],[97.58,24.77],[97.53,24.63],[97.53,24.49],[97.56,24.44],[97.62,24.42],[97.67,24.38],[97.67,24.31],[97.71,24.23],[97.69,24.13],[97.57,23.99],[97.56,23.91],[97.63,23.89],[97.69,23.9],[97.76,23.93],[97.84,23.99],[98.02,24.07],[98.21,24.11],[98.37,24.12],[98.5,24.12],[98.56,24.1],[98.58,24.07],[98.76,24.12],[98.8,24.12],[98.84,24.12],[98.83,24.09],[98.7,23.96],[98.68,23.91],[98.68,23.84],[98.74,23.78],[98.79,23.74],[98.83,23.62],[98.8,23.52],[98.82,23.48],[98.86,23.44],[98.88,23.38],[98.89,23.31],[98.86,23.19],[99.06,23.13],[99.22,23.1],[99.34,23.1],[99.42,23.07],[99.46,23.05],[99.5,23.0],[99.51,22.96],[99.47,22.93],[99.39,22.83],[99.34,22.69],[99.34,22.59],[99.34,22.5],[99.24,22.37],[99.21,22.28],[99.17,22.19],[99.17,22.15],[99.19,22.13],[99.23,22.11],[99.3,22.1],[99.39,22.11],[99.59,22.09],[99.83,22.05],[99.92,22.03],[99.95,21.99],[99.94,21.9],[99.93,21.82],[99.94,21.76],[99.98,21.7],[100.04,21.68],[100.1,21.66],[100.11,21.62],[100.09,21.56],[100.12,21.51],[100.15,21.48],[100.21,21.46],[100.35,21.5],[100.45,21.48],[100.53,21.46],[100.6,21.47],[100.68,21.5],[100.84,21.66],[101.02,21.74],[101.08,21.76],[101.12,21.75],[101.13,21.74],[101.13,21.71],[101.15,21.58],[101.14,21.57],[101.08,21.47],[100.93,21.37],[100.82,21.31],[100.76,21.31],[100.7,21.25],[100.66,21.13],[100.61,21.06],[100.57,21.04],[100.54,20.99],[100.52,20.92],[100.55,20.88],[100.62,20.88],[100.62,20.86],[100.57,20.83],[100.49,20.81],[100.41,20.82],[100.33,20.8],[100.25,20.73],[100.18,20.59],[100.13,20.37],[100.12,20.32]]],[[[98.21,10.95],[98.29,10.78],[98.28,10.75],[98.27,10.74],[98.25,10.74],[98.22,10.84],[98.16,10.9],[98.08,10.89],[98.14,10.96],[98.17,10.98],[98.21,10.95]]],[[[98.18,9.93],[98.13,9.88],[98.12,9.88],[98.14,9.97],[98.22,10.05],[98.29,10.05],[98.28,10.01],[98.23,9.95],[98.18,9.93]]],[[[98.22,11.48],[98.22,11.46],[98.21,11.46],[98.19,11.47],[98.2,11.57],[98.24,11.64],[98.28,11.76],[98.3,11.78],[98.31,11.72],[98.28,11.59],[98.26,11.52],[98.22,11.48]]],[[[98.52,11.91],[98.47,11.9],[98.45,12.06],[98.47,12.08],[98.53,12.01],[98.61,11.96],[98.58,11.93],[98.52,11.91]]],[[[98.55,11.74],[98.53,11.54],[98.46,11.57],[98.43,11.57],[98.4,11.68],[98.4,11.71],[98.38,11.79],[98.52,11.8],[98.55,11.74]]],[[[98.41,12.6],[98.44,12.57],[98.47,12.57],[98.46,12.47],[98.38,12.35],[98.33,12.34],[98.31,12.34],[98.33,12.51],[98.3,12.61],[98.31,12.68],[98.4,12.65],[98.41,12.6]]],[[[98.14,12.15],[98.13,12.14],[98.11,12.15],[98.08,12.16],[98.04,12.23],[98.06,12.28],[98.07,12.29],[98.1,12.29],[98.12,12.28],[98.13,12.26],[98.12,12.22],[98.12,12.19],[98.14,12.15]]],[[[94.48,15.95],[94.41,15.85],[94.39,15.99],[94.49,16.08],[94.55,16.15],[94.6,16.21],[94.62,16.14],[94.57,16.02],[94.48,15.95]]],[[[97.58,16.25],[97.54,16.24],[97.48,16.31],[97.47,16.46],[97.52,16.5],[97.54,16.51],[97.58,16.49],[97.59,16.46],[97.6,16.43],[97.59,16.4],[97.58,16.25]]],[[[93.69,18.68],[93.67,18.68],[93.57,18.76],[93.49,18.87],[93.62,18.89],[93.74,18.87],[93.75,18.81],[93.72,18.72],[93.69,18.68]]],[[[93.49,19.89],[93.51,19.75],[93.44,19.81],[93.42,19.88],[93.41,19.95],[93.49,19.89]]],[[[93.71,19.56],[93.83,19.48],[93.87,19.48],[93.95,19.43],[93.95,19.41],[93.93,19.37],[93.9,19.33],[93.82,19.3],[93.76,19.33],[93.73,19.42],[93.66,19.46],[93.64,19.5],[93.69,19.54],[93.71,19.56]]],[[[98.54,10.96],[98.52,10.96],[98.5,10.96],[98.48,10.98],[98.53,11.09],[98.54,10.96]]],[[[98.08,11.69],[98.08,11.64],[98.02,11.7],[98.01,11.86],[98.06,11.76],[98.08,11.73],[98.08,11.69]]],[[[98.07,12.39],[98.06,12.35],[98.0,12.28],[97.95,12.32],[97.94,12.35],[97.99,12.39],[98.05,12.39],[98.06,12.4],[98.07,12.39]]],[[[98.32,13.1],[98.31,12.93],[98.26,13.01],[98.25,13.1],[98.25,13.19],[98.27,13.2],[98.27,13.19],[98.3,13.15],[98.32,13.1]]],[[[94.8,15.82],[94.78,15.79],[94.74,15.81],[94.73,15.82],[94.83,15.93],[94.84,15.89],[94.8,15.82]]],[[[93.01,19.92],[93.02,19.83],[92.98,19.87],[92.91,20.0],[92.91,20.09],[92.96,20.05],[93.01,19.92]]]]}}]}