{"type":"FeatureCollection","note":"OpenStreetMap waterway=river/canal, clipped and simplified (ODbL)","features":[{"type":"Feature","properties":{"name":"Ussuri River"},"geometry":{"type":"LineString","coordinates":[[133.4862,45.2645],[133.4829,45.2656],[133.4816,45.2668],[133.4802,45.2686],[133.4832,45.2733],[133.4838,45.2758],[133.4859,45.2761],[133.4879,45.2756],[133.4899,45.2738],[133.4921,45.2734],[133.4943,45.2743],[133.4969,45.2781],[133.4973,45.2814],[133.4961,45.2832],[133.4946,45.2844],[133.4929,45.2852],[133.491,45.2875],[133.4923,45.2891],[133.4944,45.29],[133.496,45.2911],[133.4971,45.2928],[133.4979,45.2967],[133.4982,45.2985]]}},{"type":"Feature","properties":{"name":"Большая Уссурка"},"geometry":{"type":"LineString","coordinates":[[134.0518,45.9951],[134.0485,45.9941],[134.045,45.9933],[134.0417,45.9906],[134.0397,45.9887],[134.0367,45.9871],[134.0299,45.9856],[134.0251,45.9857],[134.0195,45.9869],[134.0146,45.9869],[134.0114,45.9866],[133.9999,45.982],[133.992,45.9801],[133.9802,45.9794],[133.9747,45.9792],[133.9708,45.9773],[133.9659,45.9741],[133.9605,45.9729],[133.9544,45.9724],[133.9482,45.9707],[133.9439,45.9687]]}},{"type":"Feature","properties":{"name":"Большая Уссурка"},"geometry":{"type":"LineString","coordinates":[[133.9439,45.9687],[133.9421,45.9664],[133.9381,45.9649],[133.9342,45.9622],[133.9283,45.9599],[133.9251,45.9595],[133.9229,45.9599],[133.9195,45.9617],[133.9168,45.9618],[133.9106,45.9627],[133.9085,45.9641],[133.9092,45.966],[133.9084,45.9676],[133.9067,45.9674],[133.9045,45.9664],[133.9026,45.9662],[133.9006,45.9637],[133.8986,45.9638],[133.8956,45.9638],[133.8933,45.9646],[133.8928,45.9681],[133.8918,45.9697],[133.8895,45.9703],[133.8882,45.9676],[133.8877,45.9652],[133.8856,45.9644],[133.883,45.9651],[133.8808,45.9655],[133.8799,45.9639],[133.8767,45.9632],[133.8756,45.9648],[133.8742,45.9665],[133.8714,45.9661],[133.8676,45.9666],[133.8636,45.9679],[133.8603,45.9705],[133.8528,45.973]]}},{"type":"Feature","properties":{"name":"Songacha River"},"geometry":{"type":"LineString","coordinates":[[132.8541,45.0583],[132.8563,45.0577],[132.8593,45.0578],[132.8582,45.0596],[132.86,45.0606],[132.8624,45.0613],[132.8638,45.0592],[132.8643,45.0575],[132.8672,45.0551],[132.8688,45.0545],[132.8673,45.0532],[132.8697,45.0517],[132.8726,45.0515],[132.8745,45.0508],[132.88,45.0494],[132.8814,45.0485],[132.8795,45.0475],[132.8778,45.0482],[132.8745,45.0482],[132.874,45.0463],[132.8768,45.0463],[132.8812,45.0456],[132.8862,45.0445],[132.883,45.0419],[132.8851,45.0403],[132.8905,45.0401],[132.8927,45.0398],[132.8937,45.0386],[132.8919,45.0378],[132.8944,45.0372],[132.8965,45.0389],[132.8994,45.0382],[132.8998,45.0362],[132.9013,45.0347],[132.9036,45.0365],[132.9054,45.0376],[132.907,45.0375],[132.9081,45.0358],[132.9062,45.0343],[132.904,45.0343],[132.9052,45.033],[132.9076,45.0329],[132.9088,45.0353],[132.9108,45.0359],[132.9118,45.0345],[132.9089,45.033],[132.9073,45.0322],[132.9093,45.031],[132.9111,45.0299],[132.9127,45.0299],[132.9145,45.0303],[132.9184,45.032],[132.921,45.033],[132.9205,45.0308],[132.9264,45.0297],[132.9292,45.0301],[132.9312,45.0302],[132.9328,45.0304],[132.9326,45.0286],[132.9358,45.0293],[132.9374,45.0309],[132.9386,45.0287],[132.9355,45.0272],[132.9337,45.0277],[132.9348,45.0247],[132.9372,45.0251],[132.9399,45.0251],[132.9418,45.0244],[132.9433,45.0235],[132.9453,45.0231],[132.9438,45.0217],[132.9392,45.0209],[132.9384,45.0223],[132.938,45.0203],[132.9422,45.019],[132.9441,45.0182],[132.9472,45.0162],[132.9501,45.0151],[132.9522,45.0152],[132.9544,45.0164],[132.9546,45.0192],[132.9522,45.0197],[132.9497,45.0195],[132.9474,45.0205],[132.9504,45.0231],[132.9531,45.0249],[132.9543,45.0264],[132.9573,45.0266],[132.9599,45.0276],[132.9611,45.0291],[132.963,45.0223],[132.9657,45.0202],[132.9675,45.0205],[132.9692,45.0226],[132.9701,45.0241],[132.9712,45.0207],[132.9728,45.0207],[132.974,45.022],[132.9728,45.026],[132.9695,45.0269],[132.9684,45.0282],[132.9698,45.0302],[132.9728,45.0305],[132.9766,45.0296],[132.9795,45.0289],[132.9806,45.0313],[132.982,45.0322],[132.9837,45.0331],[132.9814,45.0341],[132.9787,45.0325],[132.9776,45.0312],[132.9742,45.032],[132.9729,45.0332],[132.975,45.0351],[132.9785,45.0364],[132.9806,45.0363],[132.9839,45.035],[132.9828,45.0395],[132.9813,45.0402],[132.9826,45.0411],[132.9853,45.0408],[132.9878,45.0409],[132.9899,45.0418],[132.9928,45.0392],[132.9961,45.0399],[132.999,45.0415],[132.9997,45.0446],[133.0008,45.0411],[133.002,45.0399],[133.0046,45.0404],[133.0065,45.0416],[133.0039,45.0446],[133.0056,45.0464],[133.0091,45.0462],[133.014,45.0465],[133.0159,45.0477],[133.0158,45.0499],[133.0196,45.0517],[133.0226,45.0496],[133.0223,45.0513],[133.0246,45.053],[133.0266,45.0544],[133.0299,45.0517],[133.0329,45.0553],[133.0375,45.0564],[133.0353,45.0583],[133.0313,45.0581],[133.0322,45.0603],[133.0349,45.0612],[133.0366,45.0612],[133.0383,45.0618],[133.0389,45.0634],[133.038,45.0655],[133.0389,45.0676],[133.0367,45.068],[133.0352,45.0674],[133.0335,45.0666],[133.0324,45.0681],[133.0341,45.07],[133.036,45.071],[133.0374,45.07],[133.0392,45.0691],[133.0409,45.0712],[133.0416,45.0727],[133.044,45.074],[133.046,45.0753],[133.0439,45.0766],[133.0419,45.0762],[133.0397,45.0767],[133.0413,45.0782],[133.0435,45.0792],[133.0452,45.0797],[133.0473,45.0791],[133.0496,45.0777],[133.0514,45.0773],[133.0515,45.0795],[133.0524,45.0811],[133.055,45.0799],[133.0565,45.0804],[133.0555,45.0819],[133.0526,45.0819],[133.0527,45.0836],[133.0549,45.0837],[133.0566,45.0839],[133.0589,45.0838],[133.0609,45.0837],[133.0627,45.0836],[133.0623,45.0854],[133.0604,45.0856],[133.0571,45.0858],[133.0553,45.0859],[133.0561,45.0874],[133.0585,45.0888]]}},{"type":"Feature","properties":{"name":"Ussuri River"},"geometry":{"type":"LineString","coordinates":[[133.4306,45.4254],[133.4287,45.427],[133.4287,45.4299],[133.4343,45.434],[133.4366,45.4351],[133.4409,45.4353],[133.4426,45.4359],[133.4451,45.4383],[133.4455,45.4408],[133.4448,45.4426],[133.4429,45.4447],[133.4415,45.446],[133.4398,45.4477],[133.4372,45.4488]]}},{"type":"Feature","properties":{"name":"Арсеньевка (Даубихе)"},"geometry":{"type":"LineString","coordinates":[[133.5363,44.7018],[133.537,44.7049],[133.5404,44.707],[133.5414,44.7091],[133.5408,44.711],[133.5396,44.7126],[133.5435,44.7129],[133.5452,44.7118],[133.548,44.7093],[133.55,44.709],[133.5517,44.7099],[133.5523,44.7135],[133.5488,44.7159],[133.5488,44.719],[133.5524,44.7208],[133.5524,44.7229],[133.5548,44.7224],[133.5555,44.7196],[133.5548,44.718],[133.5554,44.7163],[133.5569,44.7158],[133.5605,44.7162],[133.5619,44.7181],[133.561,44.7212],[133.559,44.723],[133.5595,44.7248],[133.5567,44.7262],[133.5569,44.7295],[133.5588,44.7302],[133.5626,44.729],[133.5648,44.7264],[133.5665,44.726],[133.5681,44.727],[133.5687,44.7285],[133.5706,44.7295],[133.5742,44.7299],[133.5749,44.7318],[133.572,44.7352],[133.5741,44.7373],[133.576,44.7373],[133.5778,44.7351],[133.5773,44.7327],[133.5787,44.7318],[133.5813,44.7318],[133.5821,44.7334],[133.5808,44.7354],[133.5773,44.7396],[133.5751,44.7404],[133.5725,44.7408],[133.5734,44.7431],[133.5758,44.7441],[133.5801,44.7447],[133.5811,44.7463],[133.579,44.7474],[133.5768,44.7471],[133.5741,44.7457],[133.5723,44.7457],[133.571,44.7468],[133.5698,44.7493],[133.5669,44.752],[133.5675,44.7535],[133.5718,44.7553],[133.573,44.7568],[133.5739,44.7621],[133.5723,44.7651],[133.574,44.7755],[133.5725,44.7791],[133.5728,44.7822],[133.5749,44.7845],[133.5769,44.787],[133.5803,44.796],[133.5804,44.8021],[133.5774,44.8043],[133.5763,44.8058],[133.5739,44.8093],[133.5726,44.8111],[133.5724,44.8131],[133.5728,44.8149],[133.5739,44.8162],[133.5754,44.8173],[133.581,44.8193],[133.5833,44.8212],[133.5846,44.823],[133.5848,44.8247],[133.5841,44.8264],[133.5816,44.8279],[133.5809,44.8293],[133.5787,44.8318],[133.5773,44.8347],[133.5763,44.8364],[133.5748,44.8376],[133.5745,44.8395],[133.5758,44.8416],[133.5776,44.8432],[133.5787,44.8447],[133.5796,44.8473],[133.58,44.85],[133.5797,44.8525],[133.5785,44.854],[133.5783,44.8543]]}},{"type":"Feature","properties":{"name":"Ussuri River"},"geometry":{"type":"LineString","coordinates":[[133.574,44.9226],[133.5725,44.9243],[133.573,44.926],[133.5754,44.9278],[133.5773,44.9304],[133.5776,44.9324],[133.5761,44.9341],[133.5762,44.9365],[133.5741,44.9382],[133.5718,44.9393],[133.569,44.9397],[133.5679,44.9412],[133.5677,44.9435],[133.5687,44.9449],[133.5694,44.9466],[133.5709,44.9476],[133.5754,44.9473],[133.5782,44.9484],[133.5789,44.9499],[133.5777,44.9519],[133.5752,44.9526],[133.5735,44.9525],[133.5705,44.9531],[133.5688,44.9539],[133.5672,44.9561],[133.5675,44.9585],[133.5694,44.9611],[133.5709,44.963],[133.5724,44.9654],[133.5698,44.9669],[133.5683,44.9686],[133.5636,44.9719],[133.5597,44.9745],[133.5581,44.9762],[133.5554,44.9781],[133.5531,44.9795],[133.5507,44.9835]]}},{"type":"Feature","properties":{"name":"Малиновка"},"geometry":{"type":"LineString","coordinates":[[134.0369,45.9147],[134.0351,45.9148],[134.0332,45.913],[134.0303,45.9113],[134.0287,45.9096],[134.0286,45.9073],[134.0311,45.9066],[134.033,45.906],[134.0348,45.9057],[134.0371,45.9056],[134.0388,45.9049],[134.0397,45.9034],[134.0396,45.9016],[134.0384,45.9004],[134.0359,45.8995],[134.0339,45.8993],[134.0311,45.8995],[134.0284,45.8999],[134.0258,45.8992],[134.0239,45.8985],[134.0209,45.8981],[134.0191,45.898],[134.0173,45.8982],[134.0161,45.8959],[134.0145,45.8947],[134.0119,45.8941],[134.0104,45.8934],[134.0092,45.8916],[134.0084,45.8901],[134.0065,45.89],[134.0027,45.8922],[134.001,45.8929],[133.9992,45.8928],[133.9973,45.8914],[133.9956,45.8903],[133.9967,45.8869],[133.9956,45.885],[133.9937,45.8845],[133.992,45.8852],[133.9917,45.8869],[133.9914,45.8888],[133.99,45.8898],[133.988,45.891],[133.9862,45.8913],[133.9855,45.8895],[133.9832,45.8882],[133.9789,45.8876],[133.9769,45.8872],[133.9755,45.8879],[133.9754,45.8896],[133.9774,45.8913],[133.9773,45.8931],[133.9756,45.8933],[133.973,45.8927],[133.9691,45.8917],[133.9661,45.8907],[133.9638,45.8903],[133.9619,45.8906],[133.9589,45.8911],[133.9564,45.8916],[133.9546,45.894],[133.9534,45.8953],[133.9509,45.8956],[133.9497,45.8973],[133.9501,45.8989],[133.9488,45.8998],[133.9457,45.8982],[133.9441,45.8978],[133.9423,45.898],[133.9408,45.8989],[133.9398,45.9004],[133.9379,45.9014],[133.9353,45.9011],[133.9334,45.9007],[133.9311,45.8994],[133.9307,45.8978],[133.9319,45.8959],[133.932,45.8939],[133.9307,45.8929],[133.9277,45.8925],[133.926,45.8907],[133.9235,45.8898],[133.9218,45.89],[133.9182,45.8899],[133.9166,45.8901],[133.9144,45.8924],[133.9119,45.893],[133.9088,45.8928],[133.9069,45.8924],[133.9053,45.8916],[133.906,45.8897],[133.9086,45.8888],[133.9095,45.8872],[133.9076,45.8863],[133.9052,45.886],[133.9033,45.8856],[133.901,45.8855],[133.8994,45.8859],[133.8977,45.8867],[133.8956,45.8874],[133.8932,45.8894],[133.8916,45.8905],[133.8898,45.8909],[133.8878,45.892],[133.8862,45.893],[133.8848,45.8937],[133.8791,45.8947],[133.8775,45.8929],[133.8768,45.8914],[133.875,45.8908],[133.8727,45.8913],[133.8725,45.8938],[133.8744,45.8943],[133.8758,45.8955],[133.8734,45.8961],[133.8716,45.896],[133.8701,45.8949],[133.8685,45.8945],[133.8667,45.8954],[133.8656,45.8996],[133.8649,45.9051],[133.8621,45.9071],[133.8604,45.9077],[133.8584,45.9083],[133.8567,45.9079],[133.8556,45.9061],[133.8539,45.9058],[133.854,45.9084],[133.8524,45.9098],[133.8507,45.9097],[133.8479,45.9092],[133.8462,45.9099],[133.8455,45.9115],[133.8454,45.9136],[133.8441,45.9147],[133.8424,45.915],[133.8329,45.9122],[133.8305,45.9123],[133.8286,45.9138],[133.8276,45.9161],[133.8289,45.9181],[133.8328,45.9205],[133.8344,45.9229],[133.8343,45.9248],[133.8328,45.9262],[133.8307,45.9267],[133.8269,45.9267],[133.825,45.9265],[133.8234,45.926],[133.8219,45.9253],[133.821,45.9238],[133.8218,45.9219],[133.8229,45.9194],[133.8213,45.9172],[133.819,45.9162],[133.8162,45.9163],[133.8147,45.9171],[133.8132,45.9201],[133.8125,45.9234],[133.8101,45.9257],[133.8086,45.9265],[133.8062,45.9266],[133.8041,45.9257],[133.8027,45.9243],[133.7998,45.9218],[133.7972,45.9187],[133.7956,45.918],[133.794,45.9176],[133.7919,45.9179],[133.7904,45.919],[133.7898,45.9201]]}},{"type":"Feature","properties":{"name":"Muling River"},"geometry":{"type":"LineString","coordinates":[[132.2647,45.6911],[132.2663,45.6916],[132.2672,45.6935],[132.2692,45.6945],[132.271,45.6944],[132.2763,45.6933],[132.2802,45.6936],[132.2837,45.6945],[132.2874,45.6945],[132.2897,45.6936],[132.2912,45.691],[132.2936,45.6892],[132.2965,45.6881],[132.2996,45.6882],[132.3008,45.6896],[132.301,45.6929],[132.3029,45.6936],[132.3048,45.6929],[132.3067,45.6915],[132.3091,45.6856],[132.3113,45.6841],[132.3149,45.6836],[132.3171,45.6844],[132.3178,45.6866],[132.3166,45.6885],[132.3123,45.6912],[132.3118,45.6928],[132.3135,45.694],[132.3182,45.6936],[132.3216,45.6922],[132.3245,45.6922],[132.3259,45.6936],[132.3252,45.6952],[132.3221,45.6976],[132.3247,45.6996],[132.3274,45.6982],[132.3295,45.6965],[132.3316,45.6975],[132.331,45.6993],[132.3295,45.6999],[132.3309,45.7022],[132.3334,45.7018],[132.3369,45.7013],[132.3398,45.7025],[132.3415,45.705],[132.3437,45.7054],[132.347,45.705],[132.3496,45.7067],[132.3518,45.7067],[132.354,45.7044],[132.354,45.7019],[132.357,45.7019],[132.3602,45.7035],[132.3638,45.704],[132.3602,45.6999],[132.3642,45.6987],[132.3709,45.6999],[132.376,45.6995],[132.3791,45.6993],[132.3817,45.7006],[132.383,45.703],[132.383,45.7059],[132.3843,45.7082],[132.3892,45.7072],[132.3959,45.7088],[132.3992,45.7044],[132.4019,45.7023],[132.4052,45.7016],[132.4112,45.7043],[132.4188,45.704],[132.4213,45.7012],[132.4225,45.6968],[132.4239,45.6957],[132.4303,45.6947],[132.4347,45.6922],[132.4371,45.6892],[132.4392,45.6868],[132.4399,45.6838],[132.4428,45.6825],[132.4454,45.683],[132.4471,45.6862],[132.4497,45.6853],[132.4507,45.683],[132.4524,45.6824],[132.4553,45.6837],[132.4577,45.6836],[132.4586,45.6814],[132.4563,45.6797],[132.456,45.6778],[132.457,45.6764],[132.4608,45.6764],[132.4666,45.6807],[132.4699,45.6826],[132.4732,45.6818],[132.474,45.68],[132.4727,45.6776],[132.4696,45.6758],[132.4663,45.6751],[132.4651,45.6734],[132.4682,45.6707]]}},{"type":"Feature","properties":{"name":"东地河"},"geometry":{"type":"LineString","coordinates":[[132.4682,45.6707],[132.4703,45.6685],[132.4731,45.6666],[132.4765,45.664],[132.4827,45.6615],[132.4945,45.6597],[132.4988,45.6579],[132.5246,45.6429],[132.5328,45.6386],[132.5391,45.6331],[132.5426,45.6284],[132.545,45.6238],[132.5496,45.6195],[132.5536,45.6174],[132.5599,45.6158],[132.562,45.6147],[132.563,45.6063],[132.564,45.6014],[132.5673,45.5982],[132.5709,45.5963],[132.5769,45.5949],[132.5791,45.5937],[132.5836,45.5794],[132.5848,45.5764],[132.5864,45.5737],[132.5898,45.5722],[132.5936,45.5714],[132.5979,45.5719],[132.6009,45.5719],[132.6049,45.5723],[132.6095,45.5759],[132.6121,45.5771],[132.6138,45.5771],[132.6152,45.5753],[132.6231,45.5722],[132.6349,45.561],[132.6437,45.5515],[132.6545,45.5331],[132.6562,45.5274],[132.6566,45.5154],[132.6562,45.5137],[132.6624,45.5129],[132.6667,45.5098],[132.67,45.509],[132.673,45.5088],[132.6754,45.5074],[132.6827,45.5018],[132.6857,45.5001],[132.6887,45.4992],[132.6918,45.4997],[132.6945,45.4975],[132.6957,45.4944],[132.6942,45.4928],[132.6924,45.4923],[132.69,45.4929],[132.688,45.4915],[132.6876,45.4899],[132.6909,45.4877],[132.693,45.4846],[132.6945,45.4758],[132.6933,45.4738],[132.6947,45.4699],[132.7014,45.4678],[132.7038,45.4661],[132.7043,45.4628],[132.7067,45.4608],[132.7093,45.4607],[132.711,45.4572],[132.7101,45.4551],[132.7084,45.4536],[132.6974,45.4498],[132.6923,45.4443],[132.6909,45.433],[132.6904,45.4305],[132.6901,45.4266],[132.6898,45.4249],[132.6891,45.4209],[132.6886,45.4174],[132.6881,45.4135],[132.6868,45.4118],[132.6821,45.4113],[132.6761,45.4106],[132.6708,45.4099],[132.6613,45.4088],[132.6525,45.4077],[132.6437,45.4067],[132.6386,45.4061],[132.635,45.3989],[132.6329,45.3939],[132.6305,45.388],[132.6286,45.3836],[132.6278,45.3815],[132.6295,45.3801],[132.633,45.3779],[132.6349,45.3766],[132.6351,45.3749],[132.6329,45.3719],[132.6298,45.3694],[132.6275,45.3656],[132.6253,45.3618],[132.625,45.3586],[132.6248,45.3558],[132.624,45.3514],[132.6236,45.3486],[132.6237,45.3479]]}},{"type":"Feature","properties":{"name":"Muling River"},"geometry":{"type":"LineString","coordinates":[[132.4682,45.6707],[132.4744,45.67],[132.481,45.6701],[132.4858,45.6701],[132.4873,45.6679],[132.4895,45.6674],[132.4926,45.6677],[132.4935,45.6704],[132.4959,45.6711],[132.4983,45.67],[132.5002,45.6704],[132.5004,45.6722],[132.5028,45.6722],[132.5055,45.6699],[132.5084,45.6693],[132.5101,45.67],[132.5107,45.6717],[132.5088,45.674],[132.5086,45.6761],[132.5096,45.6781],[132.5114,45.6789],[132.5138,45.6802],[132.5164,45.681],[132.5185,45.6818],[132.5222,45.6819],[132.5249,45.6821],[132.5273,45.6843],[132.5287,45.6852],[132.5314,45.6845],[132.5362,45.686],[132.5383,45.6884],[132.5407,45.6893],[132.5426,45.6893],[132.5434,45.6864],[132.5448,45.6855],[132.5467,45.6856],[132.5476,45.6881],[132.55,45.688],[132.5508,45.6856],[132.5525,45.6843],[132.5548,45.6838],[132.5597,45.6843],[132.5597,45.6801],[132.5594,45.6777],[132.5618,45.6771],[132.5666,45.6771],[132.5675,45.6753],[132.5709,45.6747],[132.5745,45.6767],[132.5764,45.6795],[132.5781,45.6801],[132.5798,45.6809],[132.5829,45.6786],[132.585,45.6783],[132.5872,45.679],[132.5877,45.6818],[132.5852,45.6837],[132.5874,45.6858],[132.5898,45.6854],[132.5912,45.6836],[132.592,45.6816],[132.593,45.6798],[132.5948,45.68],[132.5972,45.6814],[132.5975,45.6794],[132.6015,45.6785],[132.6027,45.6806],[132.6032,45.6821],[132.6049,45.6822],[132.6066,45.6812],[132.6083,45.6814],[132.6118,45.6822],[132.614,45.6826],[132.6164,45.6838],[132.6191,45.683],[132.6169,45.6796],[132.6191,45.6776],[132.6212,45.6777],[132.6229,45.6792],[132.6255,45.682],[132.6241,45.6845],[132.6269,45.6856],[132.6284,45.6837],[132.6306,45.6831],[132.6327,45.6837],[132.636,45.6854],[132.6372,45.684],[132.6367,45.6806],[132.6394,45.6795],[132.6427,45.679],[132.6459,45.6795],[132.6473,45.6819],[132.6512,45.6821],[132.6504,45.6846],[132.6499,45.6862],[132.6567,45.6887],[132.6588,45.6884]]}},{"type":"Feature","properties":{"name":"Muling River"},"geometry":{"type":"LineString","coordinates":[[132.6588,45.6884],[132.6602,45.6874],[132.6616,45.6857],[132.6629,45.6828],[132.6643,45.6816],[132.6686,45.6815],[132.6734,45.6827],[132.6775,45.6839],[132.6803,45.6843],[132.6813,45.6868],[132.6847,45.6879],[132.6859,45.689],[132.6845,45.6914],[132.6818,45.6915],[132.6813,45.693],[132.6866,45.6952],[132.6887,45.6953],[132.693,45.6944],[132.6972,45.6934],[132.7036,45.6933],[132.7051,45.6939],[132.706,45.6956],[132.7075,45.6965],[132.7098,45.6965],[132.7113,45.6958],[132.7136,45.6942],[132.7158,45.6935],[132.7178,45.6948],[132.717,45.6963],[132.7194,45.6977],[132.722,45.6966],[132.7245,45.6966],[132.7269,45.6982],[132.7311,45.6982],[132.7324,45.699],[132.7343,45.7014],[132.7362,45.7014],[132.7386,45.7005],[132.7412,45.6989],[132.7441,45.6987],[132.7462,45.6956],[132.7493,45.6948],[132.7501,45.6969],[132.7474,45.6989],[132.7467,45.7006],[132.7475,45.7021],[132.7494,45.703],[132.7515,45.7025],[132.7536,45.7013],[132.7589,45.7018],[132.7604,45.6996],[132.7625,45.7],[132.7637,45.7012],[132.7654,45.7007],[132.7667,45.7026],[132.7679,45.7038],[132.7703,45.7034],[132.7724,45.703],[132.7748,45.7017],[132.7771,45.703],[132.7784,45.7049],[132.7774,45.7065],[132.7743,45.7087],[132.7735,45.7102],[132.775,45.712],[132.7772,45.7119],[132.7795,45.7105],[132.7817,45.7109],[132.7846,45.7111],[132.7872,45.7114],[132.7884,45.7129],[132.7918,45.7131],[132.7923,45.7107],[132.7903,45.7085],[132.7872,45.7085],[132.7857,45.7078],[132.7867,45.7055],[132.7891,45.7055],[132.7922,45.7074],[132.7942,45.7074],[132.797,45.7053],[132.7996,45.7078],[132.8016,45.7078],[132.8028,45.7062],[132.8025,45.7041],[132.8057,45.7029],[132.8083,45.7036],[132.8112,45.702],[132.815,45.7012],[132.8169,45.7015],[132.8159,45.703],[132.8193,45.7043],[132.8205,45.7065],[132.8178,45.708],[132.819,45.7104],[132.8226,45.7104],[132.8246,45.711],[132.8214,45.7153],[132.8188,45.7163],[132.8198,45.718],[132.8219,45.7194],[132.8229,45.7211],[132.8195,45.7222],[132.8176,45.7228],[132.8184,45.7244],[132.8199,45.7252],[132.8216,45.7255]]}},{"type":"Feature","properties":{"name":"Muling River"},"geometry":{"type":"LineString","coordinates":[[132.8216,45.7255],[132.8239,45.7253],[132.827,45.7246],[132.8308,45.7246],[132.8327,45.7241],[132.833,45.7185],[132.8347,45.717],[132.8367,45.7185],[132.8384,45.7186],[132.8403,45.7164],[132.8408,45.7146],[132.8424,45.7158],[132.8439,45.7183],[132.845,45.7208],[132.8471,45.7217],[132.8487,45.72],[132.8516,45.7188],[132.8538,45.719],[132.8548,45.7206],[132.8583,45.7211],[132.8601,45.7229],[132.8625,45.7244],[132.8661,45.7247],[132.8671,45.7261],[132.866,45.7275],[132.867,45.729],[132.8688,45.7295],[132.8708,45.7315],[132.8712,45.7336],[132.8727,45.7343],[132.876,45.7351],[132.8781,45.736],[132.8801,45.7365],[132.8816,45.7381],[132.8841,45.7382],[132.8858,45.7387],[132.8887,45.7366],[132.8873,45.7354],[132.8884,45.734],[132.8868,45.732],[132.8895,45.7315],[132.8923,45.7308],[132.8946,45.7314],[132.8937,45.7339],[132.8921,45.7345],[132.8927,45.7382],[132.8949,45.7393],[132.8973,45.7382],[132.9015,45.7341],[132.905,45.7344],[132.9071,45.7343],[132.9088,45.7328],[132.9122,45.733],[132.9141,45.7343],[132.9157,45.7354],[132.9175,45.7348],[132.9197,45.7339],[132.9222,45.734],[132.9202,45.7311],[132.9229,45.7302],[132.9246,45.7303],[132.9289,45.7303]]}},{"type":"Feature","properties":{"name":"Muling River"},"geometry":{"type":"LineString","coordinates":[[132.9289,45.7303],[132.9303,45.7313],[132.9273,45.7341],[132.9259,45.7357],[132.9293,45.7383],[132.9314,45.7387],[132.931,45.7412],[132.9342,45.742],[132.9369,45.7412],[132.9391,45.7393],[132.942,45.7385],[132.9439,45.737],[132.9489,45.7371],[132.9503,45.7381],[132.9517,45.7412],[132.954,45.7416],[132.9567,45.7402],[132.9588,45.7398],[132.9612,45.7401],[132.9632,45.7408],[132.964,45.7427],[132.9665,45.745],[132.9689,45.7458],[132.9725,45.7439],[132.9727,45.741],[132.9733,45.7395],[132.9723,45.7379],[132.9722,45.7354],[132.9736,45.7334],[132.9799,45.7335],[132.9818,45.7362],[132.9816,45.7383],[132.9838,45.7402],[132.9861,45.7396],[132.9881,45.7378],[132.9905,45.7373],[132.9929,45.7397],[132.9949,45.7397],[132.9969,45.7406],[132.9991,45.7399],[133.0013,45.739],[133.0025,45.741],[133.0031,45.7425],[133.0045,45.7415],[133.0052,45.7399],[133.007,45.7396],[133.0108,45.7373],[133.0124,45.7379],[133.014,45.7373],[133.0168,45.7376],[133.0176,45.7392],[133.022,45.74],[133.0244,45.7393],[133.0277,45.7422],[133.0272,45.7453],[133.0286,45.7463],[133.0318,45.7449],[133.0318,45.7466],[133.0307,45.7478],[133.0341,45.7483],[133.0375,45.7472],[133.0401,45.7473],[133.0419,45.7488],[133.0432,45.7488]]}},{"type":"Feature","properties":{"name":"Muling River"},"geometry":{"type":"LineString","coordinates":[[133.0432,45.7488],[133.0446,45.7474],[133.0434,45.7449],[133.0444,45.7436],[133.0468,45.7449],[133.048,45.7465],[133.0495,45.7457],[133.0511,45.7444],[133.0524,45.746],[133.054,45.7461],[133.0541,45.7445],[133.0521,45.7436],[133.0528,45.7422],[133.0554,45.7436],[133.0577,45.7435],[133.06,45.7428],[133.059,45.7408],[133.0593,45.7391],[133.0614,45.7389],[133.0637,45.7408]]}},{"type":"Feature","properties":{"name":"Muling River"},"geometry":{"type":"LineString","coordinates":[[133.0637,45.7408],[133.0655,45.7414],[133.0674,45.7407],[133.0703,45.7443],[133.0713,45.746],[133.0746,45.7468],[133.0768,45.7447],[133.077,45.7419],[133.0795,45.7404],[133.082,45.7428],[133.0825,45.7446],[133.0803,45.7474],[133.079,45.7486],[133.0819,45.7498]]}},{"type":"Feature","properties":{"name":"Muling River"},"geometry":{"type":"LineString","coordinates":[[133.0637,45.7408],[133.0624,45.742],[133.0618,45.744],[133.0632,45.7451],[133.0645,45.7462],[133.0662,45.746],[133.0674,45.7477],[133.0667,45.7499],[133.0697,45.7497],[133.0718,45.7487],[133.073,45.7501],[133.0731,45.7525],[133.0751,45.7524],[133.0763,45.7505],[133.0787,45.7508],[133.0812,45.7505],[133.0819,45.7498]]}},{"type":"Feature","properties":{"name":"Muling River"},"geometry":{"type":"LineString","coordinates":[[133.0819,45.7498],[133.0835,45.7503],[133.0859,45.7499],[133.0883,45.7498],[133.0869,45.7512],[133.0883,45.7539],[133.0896,45.7552],[133.0911,45.7542],[133.0918,45.7557],[133.0949,45.7558],[133.0934,45.7575],[133.0958,45.7581],[133.0967,45.7595],[133.0986,45.7605],[133.1009,45.761],[133.1028,45.7616],[133.1044,45.7625],[133.1062,45.7625],[133.106,45.76],[133.1081,45.7594],[133.1087,45.7615],[133.1112,45.7618],[133.1126,45.7565],[133.1149,45.7552],[133.118,45.7556],[133.1201,45.7566],[133.1212,45.7581],[133.1208,45.7597],[133.119,45.7608],[133.1195,45.7643],[133.1207,45.7656],[133.1224,45.7661],[133.1255,45.7659],[133.1264,45.7635],[133.1239,45.7609],[133.1238,45.7593],[133.1271,45.7577],[133.1316,45.759],[133.1333,45.7584],[133.1344,45.7563],[133.1369,45.7564],[133.1379,45.7588],[133.1364,45.7607],[133.1387,45.7629],[133.1403,45.7625],[133.1428,45.764],[133.1459,45.7645],[133.1461,45.7662],[133.1477,45.7675],[133.1494,45.7677],[133.1508,45.7689],[133.1535,45.7673],[133.1555,45.7672],[133.1572,45.7678],[133.1567,45.7701],[133.1575,45.7716],[133.1597,45.7706],[133.1629,45.7716],[133.1652,45.7723],[133.1662,45.7707],[133.1674,45.7723],[133.1687,45.7711],[133.17,45.7701],[133.1716,45.7718],[133.1714,45.7696],[133.1733,45.7697]]}},{"type":"Feature","properties":{"name":"Ussuri River"},"geometry":{"type":"LineString","coordinates":[[133.574,44.9226],[133.5719,44.9226],[133.5699,44.9244],[133.569,44.927],[133.5658,44.9291],[133.5644,44.9301],[133.5618,44.9335],[133.5593,44.9353]]}},{"type":"Feature","properties":{"name":"Ussuri River"},"geometry":{"type":"LineString","coordinates":[[133.3918,45.523],[133.3902,45.5261],[133.3859,45.5285],[133.384,45.5299],[133.3829,45.532],[133.3828,45.5339],[133.3839,45.5352],[133.3852,45.5362],[133.3886,45.5367],[133.3948,45.5367],[133.3986,45.5352],[133.4016,45.5331],[133.4033,45.533],[133.4051,45.5334],[133.4067,45.5349],[133.4083,45.5379],[133.4091,45.5395],[133.411,45.5403],[133.4131,45.5397],[133.4148,45.5397],[133.4208,45.5421],[133.4288,45.5432],[133.4345,45.5462],[133.4358,45.548],[133.436,45.5498],[133.4337,45.5512],[133.4276,45.5517],[133.4249,45.5533],[133.423,45.5556],[133.4228,45.5582],[133.4241,45.5617],[133.4239,45.5671],[133.4218,45.571],[133.4218,45.5759],[133.4218,45.5785],[133.4202,45.5805],[133.4153,45.5829]]}},{"type":"Feature","properties":{"name":"Ussuri River"},"geometry":{"type":"LineString","coordinates":[[133.5277,45.0154],[133.5289,45.0187],[133.5301,45.0202],[133.5326,45.0208],[133.5355,45.02],[133.5385,45.0197],[133.5413,45.0193],[133.5438,45.0197],[133.5452,45.021],[133.5433,45.0229],[133.5417,45.0231],[133.5395,45.0241],[133.5396,45.0259],[133.5416,45.0286],[133.5428,45.0306],[133.5451,45.0323],[133.5467,45.034],[133.5464,45.0357],[133.5447,45.0366],[133.5423,45.0365],[133.54,45.0356],[133.5377,45.0342],[133.5361,45.0339],[133.5344,45.034],[133.5317,45.0351],[133.5305,45.0371],[133.5305,45.0388],[133.5307,45.0404],[133.5311,45.0435],[133.5305,45.0458],[133.5298,45.0473],[133.5297,45.0497],[133.531,45.0517],[133.5339,45.0533],[133.5359,45.0531],[133.538,45.053],[133.5403,45.0531],[133.5431,45.0544],[133.5446,45.0568],[133.5444,45.0596],[133.5432,45.0623],[133.5416,45.0639],[133.5331,45.0661],[133.5295,45.0679],[133.527,45.0705],[133.525,45.0742],[133.5229,45.078],[133.5208,45.0793],[133.5176,45.081],[133.5157,45.0817],[133.5154,45.0841],[133.5164,45.0857],[133.5176,45.0867],[133.5196,45.0878],[133.5248,45.0863],[133.5313,45.0863],[133.5348,45.0877],[133.5381,45.0895],[133.5414,45.092],[133.5441,45.093],[133.5475,45.0932],[133.5505,45.0928],[133.5557,45.0909],[133.5596,45.0915],[133.5625,45.0928],[133.5655,45.0949],[133.5667,45.097],[133.5673,45.0996],[133.5665,45.102],[133.561,45.1057],[133.5597,45.1072],[133.5599,45.1091],[133.5608,45.1107],[133.5626,45.1114],[133.5649,45.111],[133.5674,45.1111],[133.5722,45.1119],[133.5757,45.1106],[133.5777,45.1099],[133.5796,45.1102],[133.5832,45.1123],[133.5867,45.1135],[133.5894,45.1147],[133.593,45.1168],[133.5964,45.1184],[133.599,45.1203],[133.6021,45.1227],[133.6032,45.1242],[133.6029,45.1267],[133.6016,45.1281],[133.5996,45.1289],[133.5957,45.13],[133.5926,45.1304],[133.5905,45.1322],[133.5898,45.1338],[133.5898,45.1356],[133.5893,45.138],[133.5892,45.1409],[133.589,45.1427],[133.5908,45.1445],[133.5899,45.147],[133.5863,45.1504],[133.5849,45.1523],[133.585,45.1539],[133.5892,45.156],[133.5953,45.1553],[133.598,45.1557],[133.6006,45.1568],[133.6017,45.1583],[133.6008,45.1615],[133.5952,45.1664],[133.5943,45.1689],[133.5957,45.1709],[133.5981,45.1719],[133.5997,45.1727],[133.6008,45.1771],[133.599,45.1796],[133.5966,45.1815],[133.5938,45.1828],[133.5892,45.184],[133.5844,45.1881],[133.5835,45.1905],[133.5824,45.1931],[133.5842,45.1948],[133.5866,45.1957],[133.5913,45.1971],[133.5941,45.1999],[133.5949,45.2015]]}},{"type":"Feature","properties":{"name":"Уcсури"},"geometry":{"type":"LineString","coordinates":[[133.5673,45.0996],[133.5684,45.101],[133.5699,45.1032],[133.5693,45.1046],[133.5718,45.1047],[133.5735,45.1052],[133.5706,45.1067],[133.5732,45.1085],[133.5749,45.1092],[133.5768,45.1087],[133.5793,45.1098],[133.5796,45.1102]]}},{"type":"Feature","properties":{"name":null},"geometry":{"type":"LineString","coordinates":[[133.5493,44.9921],[133.5497,44.9951],[133.5492,44.9974],[133.5472,44.9989],[133.5458,44.9993]]}},{"type":"Feature","properties":{"name":"Уссури"},"geometry":{"type":"LineString","coordinates":[[133.5593,44.9353],[133.5597,44.937],[133.5622,44.9396],[133.564,44.9399],[133.5625,44.9409],[133.5608,44.9408],[133.559,44.9412],[133.5574,44.9417],[133.5552,44.9422],[133.5541,44.944],[133.5542,44.946],[133.5551,44.9477],[133.5559,44.9496],[133.5555,44.9512],[133.5545,44.9533],[133.5548,44.9553],[133.5548,44.9571],[133.5532,44.9579],[133.5511,44.9575],[133.5492,44.9574],[133.5472,44.9565],[133.5457,44.9552],[133.5441,44.9547],[133.5428,44.9565],[133.542,44.9582],[133.5415,44.9602],[133.5395,44.9617],[133.5374,44.9624],[133.5363,44.9639],[133.5378,44.9647],[133.5395,44.9648],[133.5377,44.9665],[133.5358,44.9669],[133.534,44.9663],[133.5332,44.9679],[133.5321,44.9695],[133.5318,44.97]]}},{"type":"Feature","properties":{"name":null},"geometry":{"type":"LineString","coordinates":[[133.5894,45.1147],[133.5916,45.115],[133.5948,45.1154],[133.5974,45.1169],[133.5996,45.119],[133.6023,45.1208],[133.6044,45.1209],[133.6073,45.1203],[133.6109,45.1201],[133.6128,45.1219],[133.6142,45.1228],[133.6168,45.1237],[133.6195,45.1272],[133.6198,45.1291],[133.6138,45.1317],[133.6083,45.1325],[133.6061,45.1331],[133.6054,45.1357],[133.6054,45.1376],[133.6046,45.1391],[133.6032,45.14],[133.5994,45.1404],[133.5946,45.1425],[133.5908,45.1445]]}},{"type":"Feature","properties":{"name":null},"geometry":{"type":"LineString","coordinates":[[133.6054,45.1357],[133.6071,45.1374],[133.609,45.1382],[133.6104,45.1398],[133.6092,45.1415],[133.607,45.1415],[133.6047,45.1411],[133.6032,45.14]]}},{"type":"Feature","properties":{"name":null},"geometry":{"type":"LineString","coordinates":[[133.552,45.2567],[133.5523,45.2585],[133.5515,45.26],[133.5499,45.2612],[133.5488,45.2625],[133.5468,45.2635],[133.5428,45.2647],[133.5406,45.2651],[133.5387,45.2644],[133.5377,45.2626],[133.5375,45.2619]]}},{"type":"Feature","properties":{"name":null},"geometry":{"type":"LineString","coordinates":[[133.4838,45.2758],[133.4825,45.2768],[133.4805,45.2773],[133.4793,45.2757],[133.4776,45.2751],[133.4763,45.2766],[133.4759,45.2789],[133.4772,45.2802],[133.4764,45.2822],[133.4744,45.2817],[133.472,45.2802],[133.4707,45.2788],[133.4688,45.2786],[133.4656,45.28],[133.4641,45.2811],[133.4627,45.282],[133.4615,45.2831],[133.4608,45.2847],[133.4605,45.2864],[133.4612,45.288],[133.4627,45.2888],[133.465,45.2891],[133.4668,45.2888],[133.4685,45.2887],[133.4707,45.2894],[133.4724,45.2899],[133.4763,45.2892],[133.4781,45.2887],[133.4814,45.2895],[133.4834,45.2905],[133.4853,45.2914],[133.4873,45.2927],[133.4891,45.2934],[133.4896,45.2956],[133.4888,45.2973],[133.4889,45.299],[133.4874,45.3002],[133.4861,45.3018],[133.4858,45.3037],[133.4873,45.3046],[133.4893,45.3042],[133.4878,45.3058],[133.4861,45.3066],[133.4875,45.3075],[133.4887,45.3089],[133.4873,45.3106],[133.4867,45.3129],[133.4858,45.318]]}},{"type":"Feature","properties":{"name":"протока Монашка"},"geometry":{"type":"LineString","coordinates":[[133.5605,45.2431],[133.5601,45.2413],[133.5576,45.2404],[133.5558,45.24],[133.554,45.2399],[133.5512,45.2398],[133.5492,45.2398],[133.5471,45.2411],[133.5464,45.2438],[133.5467,45.2453],[133.5485,45.2469],[133.5497,45.2482],[133.5519,45.2495],[133.5524,45.2513],[133.5521,45.2532],[133.5527,45.2548],[133.5528,45.2557]]}},{"type":"Feature","properties":{"name":"Уссури"},"geometry":{"type":"LineString","coordinates":[[133.5042,45.2808],[133.5054,45.2821],[133.5063,45.2839],[133.5067,45.2859],[133.5059,45.2874],[133.5047,45.289],[133.5034,45.2902],[133.5021,45.2909]]}},{"type":"Feature","properties":{"name":"Ussuri River"},"geometry":{"type":"LineString","coordinates":[[133.5339,45.0533],[133.5355,45.0538],[133.5371,45.0546],[133.5382,45.056],[133.5378,45.0577],[133.538,45.0598],[133.5367,45.061],[133.5349,45.061],[133.5329,45.0617],[133.5325,45.0633],[133.5331,45.0661]]}},{"type":"Feature","properties":{"name":null},"geometry":{"type":"LineString","coordinates":[[133.5667,45.0417],[133.5689,45.0421],[133.5701,45.0433],[133.5697,45.0455],[133.5709,45.047],[133.5717,45.0486],[133.5733,45.0495],[133.5751,45.0496],[133.5764,45.0506],[133.5783,45.0506],[133.5803,45.0506],[133.5821,45.0513],[133.5833,45.0532],[133.5842,45.0549],[133.5856,45.0558],[133.5874,45.0565],[133.5895,45.0568],[133.5911,45.0581],[133.5914,45.0599],[133.5916,45.0616],[133.5903,45.0632],[133.5888,45.0628],[133.5867,45.0636],[133.5854,45.0645],[133.585,45.0661],[133.5862,45.0672],[133.5879,45.0674],[133.59,45.0678],[133.5917,45.0675],[133.5938,45.0687],[133.5945,45.0707],[133.5923,45.073],[133.5906,45.0728],[133.5883,45.0728],[133.586,45.0717],[133.5837,45.0729],[133.5835,45.0747],[133.5852,45.0764],[133.5867,45.077],[133.5888,45.0767],[133.5912,45.0768],[133.5946,45.0774],[133.5963,45.0777],[133.5981,45.0762],[133.5998,45.0751],[133.6011,45.0766],[133.603,45.0786],[133.6016,45.0807],[133.6002,45.0817],[133.6015,45.0838],[133.6031,45.0846],[133.6017,45.0867],[133.6006,45.088],[133.5989,45.0871],[133.5982,45.0885],[133.598,45.0903],[133.5967,45.0912],[133.5953,45.0926],[133.5935,45.0933],[133.5919,45.0936],[133.59,45.093],[133.5888,45.0949],[133.5878,45.0967],[133.5877,45.0986],[133.5898,45.0989],[133.5907,45.1004],[133.5919,45.1022],[133.5931,45.1039],[133.5943,45.1059],[133.5944,45.1076],[133.5932,45.1088],[133.5907,45.1097],[133.5889,45.1101],[133.5872,45.1104],[133.5854,45.1105],[133.5867,45.1135]]}},{"type":"Feature","properties":{"name":"Крыловка"},"geometry":{"type":"LineString","coordinates":[[133.7694,44.9568],[133.7678,44.9547],[133.7628,44.9529],[133.7616,44.954],[133.7608,44.9561],[133.7587,44.9561],[133.756,44.9561],[133.7501,44.9573],[133.7453,44.9582],[133.7414,44.9591],[133.7349,44.9568],[133.7313,44.9533],[133.7304,44.951],[133.728,44.9512],[133.7263,44.9512],[133.7242,44.9483],[133.7225,44.9488],[133.7208,44.9497],[133.7201,44.9518],[133.7194,44.9537],[133.7172,44.9541],[133.7172,44.9558],[133.7149,44.9569],[133.7084,44.9574],[133.705,44.9568],[133.7032,44.9559],[133.7009,44.9537]]}},{"type":"Feature","properties":{"name":null},"geometry":{"type":"LineString","coordinates":[[133.5674,45.1111],[133.5699,45.1121],[133.5721,45.1134],[133.5732,45.1148],[133.573,45.1171],[133.5706,45.1179],[133.5683,45.1184],[133.5658,45.119],[133.5644,45.1207],[133.5652,45.1231],[133.5658,45.1248],[133.5683,45.1256],[133.5707,45.1252],[133.5727,45.1249],[133.5728,45.1221],[133.5757,45.1213],[133.578,45.1221],[133.5797,45.1238],[133.5821,45.1255],[133.5814,45.127],[133.5845,45.1285],[133.5866,45.1304],[133.5874,45.1325],[133.5857,45.1335],[133.5842,45.1352],[133.5859,45.1364],[133.5877,45.1373],[133.5892,45.1409]]}},{"type":"Feature","properties":{"name":null},"geometry":{"type":"LineString","coordinates":[[133.477,45.2754],[133.4756,45.2765],[133.4758,45.2779]]}},{"type":"Feature","properties":{"name":"Уссури"},"geometry":{"type":"LineString","coordinates":[[133.4967,45.3068],[133.4984,45.3073]]}},{"type":"Feature","properties":{"name":"Уссури"},"geometry":{"type":"LineString","coordinates":[[133.4954,45.3036],[133.496,45.3056],[133.497,45.3071],[133.4988,45.3072],[133.4981,45.3102],[133.4959,45.3112],[133.4935,45.3124],[133.4922,45.315],[133.491,45.3172],[133.4899,45.3185],[133.4876,45.3199],[133.4863,45.3219],[133.4827,45.3229],[133.4816,45.3231]]}},{"type":"Feature","properties":{"name":null},"geometry":{"type":"LineString","coordinates":[[133.5401,45.2142],[133.5414,45.2153],[133.542,45.2169],[133.5426,45.2186],[133.5417,45.2205],[133.5398,45.2209],[133.5378,45.2203],[133.5363,45.221],[133.5346,45.2219],[133.5326,45.2219],[133.5308,45.2209],[133.5288,45.2212],[133.5276,45.2223],[133.5261,45.2232],[133.524,45.2238],[133.5221,45.224],[133.5202,45.2235],[133.5186,45.222],[133.5167,45.221],[133.5148,45.2211],[133.5162,45.2224],[133.5174,45.2234],[133.519,45.2246],[133.52,45.2265],[133.5197,45.2282],[133.5186,45.2296],[133.519,45.2314],[133.518,45.2332],[133.5181,45.2354],[133.519,45.2369],[133.5188,45.2391],[133.5169,45.2406],[133.5152,45.2412],[133.513,45.2411],[133.5112,45.2425],[133.5099,45.2443],[133.5084,45.2459],[133.5069,45.2474],[133.506,45.2488],[133.5046,45.2504],[133.5043,45.2519]]}},{"type":"Feature","properties":{"name":null},"geometry":{"type":"LineString","coordinates":[[133.491,45.2401],[133.4934,45.2421],[133.4952,45.2435],[133.4968,45.2447],[133.4984,45.2452],[133.4996,45.2463],[133.5009,45.2472],[133.5014,45.2482]]}},{"type":"Feature","properties":{"name":null},"geometry":{"type":"LineString","coordinates":[[133.5099,45.1128],[133.5116,45.1113],[133.5125,45.1104]]}},{"type":"Feature","properties":{"name":null},"geometry":{"type":"LineString","coordinates":[[133.5099,45.1125],[133.5119,45.1106],[133.5129,45.1097]]}},{"type":"Feature","properties":{"name":null},"geometry":{"type":"LineString","coordinates":[[133.5288,45.1226],[133.526,45.1193],[133.5246,45.1178],[133.5228,45.1138],[133.5216,45.1124],[133.52,45.1114],[133.5166,45.1091],[133.5137,45.1052]]}},{"type":"Feature","properties":{"name":"Уссури"},"geometry":{"type":"LineString","coordinates":[[133.5271,44.9658],[133.5245,44.9666],[133.5228,44.9667],[133.5225,44.9683],[133.5212,44.9692],[133.5192,44.9693],[133.5178,44.9709],[133.5164,44.9724],[133.5145,44.9726],[133.513,44.9715],[133.5115,44.9721],[133.5129,44.9733],[133.5118,44.9757],[133.5108,44.977],[133.5121,44.9783],[133.514,44.9786],[133.516,44.9792],[133.518,44.9787],[133.5195,44.9778],[133.5213,44.977],[133.5231,44.9771],[133.5246,44.9784],[133.5259,44.9793],[133.5263,44.9813],[133.5255,44.9833],[133.5256,44.9851],[133.527,44.9868],[133.528,44.9885],[133.5274,44.9906],[133.5253,44.9925],[133.5244,44.9938],[133.5269,44.9937],[133.5279,44.992],[133.5299,44.9927],[133.5289,44.995],[133.5278,44.9969],[133.5264,44.9979],[133.5243,44.9979],[133.5222,44.9988],[133.5201,44.9999],[133.5176,45.0004],[133.5156,44.9997],[133.5131,44.9991],[133.5112,44.9997],[133.5109,45.0016],[133.5111,45.0033],[133.5141,45.0052],[133.5149,45.0077],[133.5153,45.0095],[133.5165,45.0107],[133.5188,45.011],[133.5206,45.0113],[133.5216,45.0133],[133.5227,45.0145],[133.5246,45.0158],[133.5268,45.0148],[133.5277,45.0154]]}},{"type":"Feature","properties":{"name":"Уссури"},"geometry":{"type":"LineString","coordinates":[[133.3918,45.523],[133.3939,45.525],[133.3967,45.526],[133.3995,45.5257],[133.4019,45.5247],[133.4046,45.5232],[133.4079,45.5231],[133.4116,45.5235],[133.4139,45.5247],[133.4152,45.5259],[133.4149,45.5285],[133.4144,45.5312]]}},{"type":"Feature","properties":{"name":"Belaya"},"geometry":{"type":"LineString","coordinates":[[133.3469,44.9482],[133.3453,44.9494],[133.3449,44.9511],[133.3449,44.9528],[133.3436,44.9538],[133.3421,44.9549],[133.3407,44.9561],[133.3388,44.9563],[133.3372,44.9572],[133.3336,44.9577],[133.3316,44.9573],[133.3307,44.9556],[133.329,44.9553],[133.3272,44.9545],[133.3261,44.9559],[133.3242,44.9561],[133.3224,44.9554],[133.3208,44.9548],[133.3191,44.9551],[133.3175,44.9551],[133.3162,44.9563],[133.3145,44.9566],[133.313,44.9577],[133.3115,44.9589],[133.3106,44.9604],[133.3094,44.9616],[133.3078,44.9624],[133.3062,44.9625],[133.3048,44.9635],[133.3044,44.9651],[133.3047,44.9668],[133.304,44.9683],[133.3027,44.9694],[133.3027,44.9709]]}},{"type":"Feature","properties":{"name":"Крыловка (Шетуха)"},"geometry":{"type":"LineString","coordinates":[[133.7009,44.9537],[133.701,44.9575],[133.7004,44.959],[133.6973,44.9597],[133.693,44.9587],[133.6906,44.9587],[133.6883,44.9574],[133.6897,44.9557],[133.6926,44.954],[133.6933,44.9518],[133.6894,44.9516],[133.6866,44.952],[133.6871,44.9539],[133.6856,44.9557],[133.683,44.9548],[133.6828,44.9523],[133.6798,44.9525],[133.677,44.953],[133.6727,44.951],[133.6701,44.9508],[133.6683,44.9536],[133.6636,44.9567],[133.6595,44.9579],[133.658,44.9561],[133.6564,44.9545],[133.6531,44.9539],[133.6504,44.9518],[133.648,44.9537],[133.6463,44.9537],[133.6451,44.9551],[133.6463,44.9573],[133.6452,44.9587],[133.6427,44.9579],[133.6411,44.9573],[133.6382,44.9574],[133.6374,44.9602],[133.6351,44.9625],[133.6325,44.9621],[133.6312,44.9641],[133.6265,44.9643],[133.6229,44.9656],[133.6204,44.9655],[133.6188,44.9649],[133.6171,44.9631],[133.6164,44.9612],[133.6144,44.9616],[133.6128,44.9627],[133.6121,44.9645],[133.6112,44.9661],[133.6096,44.9665],[133.6082,44.9653],[133.6092,44.9638],[133.6099,44.9623],[133.6098,44.9604],[133.6081,44.9607],[133.6066,44.9611],[133.6047,44.9616],[133.603,44.9626],[133.6013,44.9636],[133.6004,44.9652],[133.5988,44.9656],[133.5977,44.9637],[133.5955,44.9624],[133.5936,44.9614],[133.5916,44.961],[133.5893,44.9607],[133.5876,44.9597],[133.5867,44.9582],[133.5849,44.9585],[133.5832,44.9594],[133.5823,44.9608],[133.5826,44.9625],[133.5807,44.9635],[133.5788,44.9643],[133.5767,44.9645],[133.5747,44.9647],[133.5724,44.9654]]}},{"type":"Feature","properties":{"name":"Средняя"},"geometry":{"type":"LineString","coordinates":[[133.5517,45.7807],[133.5504,45.7819],[133.5501,45.7838],[133.5488,45.7848],[133.5476,45.7858],[133.5459,45.7864],[133.5446,45.7875],[133.5425,45.7879],[133.541,45.7891],[133.5394,45.7888],[133.538,45.7877],[133.5363,45.7874],[133.5347,45.7872],[133.5336,45.7884],[133.5326,45.7897],[133.531,45.7902],[133.5294,45.7903],[133.5277,45.7902],[133.5261,45.7905],[133.5249,45.7916],[133.5232,45.7914],[133.5215,45.7913],[133.5207,45.7927],[133.5205,45.7943],[133.5204,45.7961],[133.5201,45.7977],[133.5198,45.7994],[133.5192,45.8009],[133.5182,45.8023],[133.517,45.8035],[133.5155,45.804],[133.5162,45.8055],[133.5171,45.8069],[133.5174,45.8086],[133.5174,45.8102],[133.5175,45.8119],[133.5176,45.8135],[133.516,45.8139],[133.5144,45.8141],[133.5127,45.8144],[133.5112,45.8152],[133.5108,45.8168],[133.5092,45.8175],[133.5076,45.8178],[133.506,45.8185],[133.5049,45.8197],[133.5033,45.8194],[133.5015,45.8196],[133.4998,45.8197],[133.4982,45.8196],[133.4968,45.8206],[133.4957,45.8218],[133.4944,45.823],[133.494,45.8236]]}},{"type":"Feature","properties":{"name":"Ussuri River"},"geometry":{"type":"LineString","coordinates":[[133.4306,45.4254],[133.4268,45.4262],[133.4201,45.4274],[133.4177,45.4283],[133.4164,45.4302],[133.4168,45.4327],[133.4187,45.4344],[133.4228,45.4368],[133.4244,45.4399],[133.4237,45.4411]]}},{"type":"Feature","properties":{"name":"Ussuri River"},"geometry":{"type":"LineString","coordinates":[[133.5507,44.9835],[133.5505,44.9874],[133.5502,44.9897],[133.5493,44.9921],[133.5469,44.9935],[133.5455,44.9945],[133.5445,44.996],[133.545,44.9977],[133.5458,44.9993],[133.5411,45.0033],[133.5384,45.0058],[133.5372,45.0075],[133.5353,45.0082],[133.5326,45.0095],[133.5307,45.0107],[133.5282,45.0128],[133.5277,45.0154]]}},{"type":"Feature","properties":{"name":"Ussuri River"},"geometry":{"type":"LineString","coordinates":[[133.5593,44.9353],[133.5576,44.9359],[133.5558,44.9358],[133.5534,44.9319],[133.5509,44.9315],[133.5491,44.9328],[133.5488,44.9345],[133.548,44.9365],[133.5486,44.9388],[133.5498,44.9402],[133.5513,44.9422],[133.5512,44.9438],[133.5511,44.9459],[133.5503,44.9477],[133.5489,44.9487],[133.5475,44.9498],[133.5418,44.9508],[133.5396,44.9522],[133.5374,44.9544],[133.5358,44.9562],[133.5333,44.9575],[133.5313,44.9579],[133.529,44.958],[133.5283,44.9595],[133.5298,44.9612],[133.5277,44.965],[133.5271,44.9658]]}},{"type":"Feature","properties":{"name":"Ussuri River"},"geometry":{"type":"LineString","coordinates":[[133.5271,44.9658],[133.5274,44.9682],[133.5308,44.97],[133.5318,44.97]]}},{"type":"Feature","properties":{"name":"Ussuri River"},"geometry":{"type":"LineString","coordinates":[[133.5318,44.97],[133.5331,44.9716],[133.5337,44.9737],[133.5349,44.9754],[133.5386,44.9783],[133.5408,44.9792],[133.543,44.9796],[133.546,44.9789],[133.5485,44.98],[133.5507,44.9835]]}},{"type":"Feature","properties":{"name":null},"geometry":{"type":"LineString","coordinates":[[133.6366,45.8815],[133.6349,45.8814],[133.6333,45.8822],[133.6317,45.8831],[133.6311,45.8814],[133.63,45.8834],[133.6283,45.8837],[133.626,45.8831],[133.6244,45.8824],[133.6224,45.8827],[133.6235,45.8845],[133.6256,45.8852],[133.624,45.8864],[133.621,45.8859],[133.6173,45.8847],[133.6148,45.8849],[133.6118,45.886],[133.6114,45.8884],[133.6153,45.8892],[133.6168,45.8899],[133.6156,45.8919],[133.6124,45.8924],[133.6106,45.8922],[133.6101,45.8905],[133.6073,45.891],[133.6089,45.8888],[133.6071,45.8883],[133.6057,45.8893],[133.6055,45.8917],[133.6076,45.8923],[133.609,45.8939],[133.6108,45.8942],[133.6125,45.8935],[133.6115,45.8958],[133.6135,45.896],[133.615,45.8944],[133.6147,45.8961],[133.6122,45.8981],[133.609,45.8992]]}},{"type":"Feature","properties":{"name":"Muling River"},"geometry":{"type":"LineString","coordinates":[[133.3816,45.8635],[133.3834,45.8639],[133.3863,45.8644],[133.3876,45.866],[133.3886,45.8676],[133.3903,45.8674],[133.3915,45.8649],[133.3934,45.8654],[133.3927,45.8685],[133.3938,45.8703],[133.3961,45.8703],[133.3976,45.8712],[133.3984,45.8695],[133.4004,45.8687],[133.4025,45.8682],[133.4055,45.8691],[133.4066,45.8703],[133.4081,45.8711],[133.4102,45.8711],[133.4119,45.8701],[133.4119,45.8684],[133.4137,45.8697],[133.412,45.8714],[133.4112,45.873],[133.4114,45.8748],[133.4095,45.8745],[133.4122,45.8756],[133.4138,45.8741],[133.4146,45.8728],[133.4172,45.8711],[133.4196,45.8712],[133.4214,45.8723],[133.4233,45.8721],[133.4249,45.8715],[133.4267,45.8725],[133.4264,45.8743],[133.425,45.8756],[133.4274,45.8765],[133.4296,45.8762],[133.4313,45.8756],[133.4338,45.876],[133.4356,45.8767],[133.4378,45.8764],[133.4378,45.8747],[133.4397,45.8762],[133.4414,45.8769],[133.4434,45.8777],[133.4426,45.8795],[133.4434,45.8805]]}},{"type":"Feature","properties":{"name":"Muling River"},"geometry":{"type":"LineString","coordinates":[[133.1733,45.7697],[133.1739,45.7717],[133.1726,45.7744],[133.1745,45.7754],[133.1743,45.7772],[133.1764,45.7763],[133.1791,45.7748],[133.1799,45.7762],[133.1791,45.7781],[133.181,45.7777],[133.1824,45.7763],[133.1837,45.7788],[133.1825,45.7811],[133.1813,45.7834],[133.1837,45.7834],[133.1834,45.787],[133.1822,45.7881],[133.1825,45.7898],[133.1845,45.7894],[133.1868,45.7898],[133.1866,45.7874],[133.1883,45.7861],[133.19,45.7852],[133.1926,45.7853],[133.194,45.7862],[133.1947,45.7882],[133.1936,45.7902],[133.1915,45.7914],[133.1889,45.7915],[133.1881,45.7932],[133.19,45.7942],[133.193,45.7942],[133.1951,45.7935],[133.1968,45.7928],[133.1983,45.7917],[133.2001,45.7915],[133.2018,45.7923],[133.203,45.7934],[133.2021,45.7947],[133.2039,45.7953],[133.2057,45.7934],[133.2054,45.7916],[133.2072,45.7913],[133.2086,45.7931],[133.2083,45.791],[133.2099,45.7901],[133.2114,45.7921],[133.2113,45.7949],[133.2097,45.7947],[133.2109,45.7962],[133.2096,45.7976],[133.2122,45.7989],[133.2133,45.8012],[133.212,45.8027],[133.2112,45.8043],[133.2109,45.8076],[133.2113,45.8105],[133.2141,45.8097],[133.216,45.8097],[133.2141,45.8126],[133.2139,45.8138]]}},{"type":"Feature","properties":{"name":"Muling River"},"geometry":{"type":"LineString","coordinates":[[133.2139,45.8138],[133.2163,45.8139],[133.2184,45.8126],[133.2209,45.8118],[133.2226,45.8109],[133.2237,45.8089],[133.2254,45.8103],[133.2243,45.8124],[133.2224,45.8143],[133.2185,45.8164],[133.2212,45.8183],[133.2233,45.8181],[133.2248,45.8187],[133.2264,45.8194],[133.2297,45.8195],[133.2323,45.8209],[133.2339,45.8201],[133.2352,45.8186],[133.2345,45.8172],[133.2365,45.8163],[133.238,45.818],[133.2359,45.821],[133.2352,45.8225],[133.2356,45.8242],[133.2399,45.8271],[133.2417,45.8273],[133.2435,45.8259],[133.2403,45.8216],[133.2409,45.8201],[133.2445,45.8199],[133.2467,45.8209],[133.2479,45.8224],[133.2468,45.8243],[133.2483,45.8256],[133.25,45.8238],[133.2532,45.8251],[133.2558,45.824],[133.2574,45.8249],[133.2565,45.8264],[133.2555,45.8278],[133.2576,45.8296],[133.2599,45.8284],[133.2614,45.8302],[133.2622,45.8318],[133.2593,45.8306],[133.2573,45.8302],[133.2555,45.8312],[133.2547,45.8329],[133.2573,45.8348],[133.2602,45.8336],[133.2619,45.8331],[133.2637,45.8339],[133.267,45.8341],[133.2674,45.8324],[133.2694,45.8323],[133.2715,45.833],[133.2723,45.8349],[133.2696,45.837],[133.2689,45.8385],[133.2697,45.8405],[133.2716,45.8405],[133.2726,45.8363],[133.276,45.836],[133.2774,45.8372],[133.2778,45.8409],[133.2793,45.8433],[133.2824,45.8441],[133.2801,45.8472],[133.2815,45.8481],[133.2861,45.8473],[133.2942,45.845],[133.2934,45.8432],[133.2958,45.8427],[133.2975,45.8443],[133.3012,45.8448],[133.3056,45.8472],[133.3054,45.8499],[133.303,45.8504],[133.3006,45.8512],[133.3073,45.8523],[133.3034,45.8534],[133.3031,45.8552],[133.3063,45.8563],[133.3083,45.8557]]}},{"type":"Feature","properties":{"name":"Muling River"},"geometry":{"type":"LineString","coordinates":[[133.3382,45.8594],[133.3389,45.8613],[133.339,45.863],[133.3409,45.8623],[133.3417,45.8608],[133.3435,45.8613],[133.3448,45.8634],[133.3461,45.8645],[133.3457,45.8661],[133.3433,45.8659],[133.3445,45.8669],[133.3465,45.867],[133.3475,45.8653],[133.349,45.8666],[133.3471,45.8681],[133.3479,45.8696],[133.3504,45.8692],[133.3521,45.8687],[133.3523,45.8668],[133.3508,45.8656],[133.3522,45.8643],[133.3556,45.8654],[133.3566,45.8672],[133.3571,45.8692],[133.3579,45.8676],[133.3598,45.8674],[133.3614,45.8664],[133.3646,45.8677],[133.3658,45.8689],[133.3674,45.869],[133.369,45.8691],[133.3678,45.871],[133.3664,45.8722],[133.3677,45.8741],[133.3695,45.8739],[133.3712,45.8724],[133.3721,45.8707],[133.3753,45.8717],[133.377,45.8711],[133.3759,45.8691],[133.3773,45.8681],[133.3788,45.8687],[133.3808,45.8678],[133.3819,45.8665],[133.3797,45.8664],[133.3804,45.8649],[133.3816,45.8635]]}},{"type":"Feature","properties":{"name":"Muling River"},"geometry":{"type":"LineString","coordinates":[[133.4434,45.8805],[133.445,45.88],[133.4458,45.8774],[133.4445,45.876],[133.442,45.8751],[133.4411,45.8734],[133.4426,45.8722],[133.4442,45.8721],[133.4456,45.8745],[133.447,45.8755],[133.4488,45.8758],[133.4501,45.877],[133.4495,45.879],[133.4514,45.8796],[133.4531,45.8783],[133.4542,45.8766],[133.4553,45.8784],[133.4533,45.8796],[133.4533,45.8821],[133.4549,45.8832],[133.457,45.8833],[133.4589,45.8831],[133.4587,45.8853],[133.461,45.8856],[133.4616,45.8832],[133.4637,45.8836],[133.4644,45.8855],[133.4653,45.887],[133.4631,45.8873],[133.4647,45.888],[133.4665,45.8875],[133.4674,45.8859],[133.4671,45.8837],[133.4691,45.8833],[133.4705,45.8847],[133.4719,45.8838],[133.473,45.8819],[133.4756,45.8812],[133.478,45.8813],[133.4788,45.8798],[133.4809,45.8795],[133.4819,45.8811],[133.4826,45.8794],[133.4836,45.8776],[133.4822,45.8758],[133.4843,45.8738],[133.483,45.8725],[133.481,45.8748],[133.48,45.8763],[133.4786,45.8755],[133.4798,45.8733],[133.4813,45.8722],[133.483,45.8715],[133.485,45.8717],[133.4873,45.8734],[133.4871,45.8763],[133.4884,45.8777],[133.4902,45.8782],[133.4928,45.878],[133.4948,45.8784],[133.4977,45.878],[133.4979,45.8761],[133.5014,45.8756]]}},{"type":"Feature","properties":{"name":"Muling River"},"geometry":{"type":"LineString","coordinates":[[133.1224,45.7661],[133.1329,45.7752],[133.1338,45.777],[133.133,45.7792],[133.1352,45.7797],[133.1365,45.7785],[133.1358,45.7769],[133.1361,45.7749],[133.1395,45.7749],[133.1416,45.773],[133.1437,45.7745],[133.1445,45.776],[133.1466,45.7757],[133.1478,45.7767]]}},{"type":"Feature","properties":{"name":"Muling River"},"geometry":{"type":"LineString","coordinates":[[133.3083,45.8557],[133.3097,45.8544],[133.3107,45.8557],[133.3111,45.8579],[133.3102,45.8593],[133.3087,45.8605],[133.3102,45.8612],[133.3123,45.8599],[133.3135,45.8572],[133.3151,45.8571],[133.3164,45.8582],[133.3188,45.8594],[133.3206,45.8601],[133.321,45.862],[133.3224,45.8628],[133.3247,45.8617],[133.3266,45.8619],[133.3285,45.862],[133.3303,45.8626],[133.3311,45.861],[133.3326,45.8602],[133.3316,45.8586],[133.3334,45.8585],[133.3333,45.8609],[133.3348,45.8625],[133.3365,45.862],[133.3367,45.8601],[133.3382,45.8594]]}},{"type":"Feature","properties":{"name":null},"geometry":{"type":"LineString","coordinates":[[133.1344,45.0739],[133.1335,45.0725],[133.1322,45.0746],[133.1336,45.076],[133.1343,45.0778],[133.1332,45.0792],[133.1353,45.0796],[133.1366,45.0813],[133.1374,45.0828],[133.137,45.0844],[133.1387,45.0845],[133.1393,45.087],[133.1389,45.0887],[133.1371,45.0893],[133.1352,45.0883],[133.134,45.0867],[133.1327,45.0879],[133.1337,45.0891],[133.136,45.09],[133.1367,45.0915],[133.1347,45.0921],[133.133,45.092],[133.1344,45.0933],[133.1361,45.0939],[133.1381,45.094],[133.1399,45.0926],[133.1418,45.092],[133.1427,45.0935],[133.142,45.095],[133.1392,45.0966],[133.1399,45.0981],[133.1419,45.0979],[133.1434,45.0972],[133.1451,45.0976],[133.1441,45.0991],[133.1412,45.0998],[133.1386,45.0999],[133.1362,45.1006]]}},{"type":"Feature","properties":{"name":"嘎拉通河"},"geometry":{"type":"LineString","coordinates":[[132.8778,45.35],[132.882,45.3535],[132.8842,45.3536],[132.8858,45.354],[132.8879,45.3538],[132.8901,45.3553],[132.893,45.3565],[132.898,45.3551],[132.8998,45.3534],[132.9019,45.3531],[132.9034,45.3518],[132.9075,45.3503],[132.9102,45.3452],[132.9102,45.3429],[132.9172,45.3424],[132.9217,45.3442],[132.9258,45.3433],[132.9293,45.3423],[132.9325,45.3422],[132.9344,45.3426],[132.9378,45.3402],[132.9397,45.3385],[132.9417,45.3384],[132.9459,45.3395],[132.9497,45.3397],[132.9517,45.3385],[132.9545,45.3376],[132.9576,45.3351],[132.962,45.3338],[132.9654,45.3337],[132.9693,45.3349],[132.9728,45.3343],[132.9748,45.3322],[132.9771,45.3307],[132.9788,45.3299],[132.9809,45.3302],[132.9832,45.3302],[132.9873,45.3304],[132.989,45.3298],[132.9912,45.3302],[132.9936,45.329],[132.9961,45.3301],[132.9977,45.3301],[133.0015,45.3284],[133.0027,45.3272],[133.0041,45.3263],[133.0065,45.3271],[133.008,45.3284],[133.0098,45.329],[133.0107,45.331],[133.014,45.3319],[133.0185,45.3303],[133.0228,45.3268],[133.0243,45.325],[133.0259,45.3241],[133.0299,45.3225],[133.0323,45.3211],[133.034,45.3223],[133.0371,45.3223],[133.0429,45.3234],[133.0446,45.3241],[133.0464,45.3242],[133.0514,45.326],[133.0548,45.3256],[133.0564,45.3234],[133.0574,45.3213],[133.0587,45.3204],[133.0611,45.3172],[133.0627,45.3167],[133.0686,45.3155],[133.0704,45.314],[133.076,45.3133],[133.078,45.3127],[133.0796,45.314],[133.0818,45.314],[133.0846,45.315],[133.088,45.3156],[133.089,45.3183],[133.091,45.3185],[133.0916,45.3201],[133.0944,45.3214],[133.0963,45.3215],[133.0985,45.3225],[133.1004,45.3241],[133.1021,45.3239],[133.104,45.3234],[133.1064,45.3228],[133.1083,45.324]]}},{"type":"Feature","properties":{"name":null},"geometry":{"type":"LineString","coordinates":[[132.9968,45.064],[132.9997,45.0638],[133.0029,45.0658],[133.0039,45.0671],[133.0035,45.0711],[133.0059,45.0718],[133.009,45.0698],[133.0109,45.067],[133.0126,45.0679],[133.0129,45.0696],[133.0152,45.0721],[133.0168,45.0725],[133.0189,45.071],[133.0196,45.0687],[133.0204,45.0674],[133.0253,45.066],[133.0268,45.067],[133.0285,45.0669],[133.0303,45.0689],[133.0317,45.0701],[133.0341,45.07]]}},{"type":"Feature","properties":{"name":"Уссури"},"geometry":{"type":"LineString","coordinates":[[133.6765,44.7509],[133.6765,44.7531],[133.6764,44.7547],[133.6747,44.7556],[133.6753,44.7576],[133.6771,44.7579],[133.6788,44.758],[133.6789,44.7597],[133.6775,44.761],[133.6763,44.7622],[133.6765,44.7639],[133.6775,44.7652],[133.6788,44.7663],[133.6802,44.7674],[133.681,44.769],[133.6816,44.7705],[133.6829,44.7715],[133.6839,44.7735],[133.6839,44.776],[133.6833,44.7774],[133.6834,44.7791],[133.6832,44.7808],[133.6812,44.7816],[133.6796,44.7823],[133.6779,44.7825],[133.6764,44.7816],[133.6753,44.7804],[133.6739,44.7786],[133.6725,44.7775],[133.6702,44.7768],[133.6682,44.7769],[133.666,44.7776],[133.6645,44.7795],[133.6652,44.7811],[133.6668,44.7818],[133.668,44.783],[133.6693,44.7841],[133.6707,44.7856],[133.6723,44.7872],[133.6722,44.7894],[133.6709,44.7911],[133.6695,44.7923],[133.6678,44.7927],[133.668,44.7943],[133.6696,44.7956],[133.6718,44.7966],[133.6731,44.7984],[133.6726,44.8004],[133.671,44.801],[133.6694,44.8016],[133.6676,44.8018],[133.666,44.8025],[133.6641,44.8038],[133.6625,44.805],[133.661,44.8062],[133.6611,44.8078],[133.6628,44.81],[133.6633,44.8122],[133.6632,44.8139],[133.6614,44.8138],[133.6603,44.8151],[133.6613,44.8167],[133.66,44.8176],[133.6583,44.818],[133.6568,44.8196],[133.6572,44.8213],[133.6584,44.8225],[133.6581,44.8242],[133.6572,44.8256],[133.6558,44.8265],[133.6542,44.8269],[133.6525,44.8269],[133.6517,44.8254],[133.6502,44.826],[133.6499,44.8277],[133.6487,44.8289],[133.6465,44.8289],[133.6458,44.8304],[133.6445,44.8318],[133.6432,44.8334],[133.6433,44.835],[133.6452,44.8355],[133.6455,44.8376],[133.6448,44.8394],[133.6453,44.8417],[133.645,44.844],[133.6438,44.8454],[133.642,44.8454],[133.6399,44.8456],[133.6377,44.8459],[133.6355,44.8464],[133.6312,44.8473],[133.6286,44.848],[133.6264,44.8494],[133.6254,44.8508],[133.6247,44.8527],[133.6257,44.8541],[133.6268,44.8555],[133.6257,44.858],[133.6238,44.8599],[133.6226,44.861],[133.6207,44.8611],[133.6188,44.861],[133.6176,44.8629],[133.6187,44.8646],[133.6188,44.8667],[133.6185,44.8691],[133.6191,44.8709],[133.6183,44.8723],[133.6187,44.8741],[133.6189,44.8757],[133.6181,44.8774],[133.6162,44.8778],[133.6142,44.8776],[133.6123,44.8773],[133.6102,44.8777],[133.6083,44.8776],[133.6064,44.8771],[133.6049,44.8763],[133.6048,44.8745],[133.6056,44.8727],[133.6073,44.8724],[133.6081,44.8709],[133.6067,44.8698],[133.6047,44.8693],[133.6029,44.869],[133.6013,44.8687],[133.5995,44.869],[133.5976,44.8696],[133.5954,44.8691],[133.5936,44.8689],[133.5906,44.8698],[133.5887,44.8711],[133.5875,44.8722]]}},{"type":"Feature","properties":{"name":"Большая Уссурка"},"geometry":{"type":"LineString","coordinates":[[133.9439,45.9687],[133.9402,45.9686],[133.9341,45.9692],[133.93,45.9702],[133.9277,45.9703],[133.9246,45.9697],[133.9208,45.9703],[133.9192,45.9712],[133.9173,45.9736],[133.9147,45.9746],[133.9122,45.9756],[133.9103,45.9757],[133.9085,45.9743],[133.9066,45.9741],[133.9044,45.9745],[133.9023,45.9751],[133.9006,45.9758],[133.8966,45.9757],[133.893,45.975],[133.8911,45.9749],[133.8888,45.9755],[133.8871,45.9763],[133.8855,45.9777],[133.8843,45.979],[133.881,45.9785],[133.8789,45.978],[133.8752,45.9785],[133.8703,45.978],[133.8679,45.9768],[133.8648,45.9746],[133.8619,45.9748],[133.8617,45.9766],[133.8591,45.9781],[133.8554,45.9784],[133.8521,45.9772],[133.8528,45.973]]}},{"type":"Feature","properties":{"name":"Большая Уссурка"},"geometry":{"type":"LineString","coordinates":[[133.7904,45.9618],[133.7893,45.9601],[133.7911,45.9584],[133.7887,45.9573],[133.7861,45.9567],[133.7829,45.9568],[133.7808,45.955],[133.7799,45.9527],[133.7772,45.9512],[133.7749,45.9502],[133.7724,45.9493],[133.7692,45.9492],[133.7665,45.9494],[133.7644,45.9503],[133.7622,45.9513],[133.758,45.9501],[133.7558,45.9492],[133.7536,45.9484],[133.7514,45.9484],[133.7492,45.9487],[133.7471,45.9493],[133.7456,45.9499],[133.7448,45.9519],[133.7441,45.9547],[133.7422,45.9558],[133.7398,45.9566],[133.7367,45.9567],[133.7335,45.9566],[133.7303,45.9559],[133.7276,45.9535],[133.7277,45.9506],[133.7302,45.9472],[133.7299,45.9451],[133.7275,45.9428],[133.723,45.9421],[133.7171,45.9417],[133.7131,45.9427],[133.7084,45.9446],[133.7045,45.9448],[133.7003,45.9436],[133.6971,45.9413],[133.6928,45.9415],[133.6901,45.9429],[133.689,45.9449],[133.6901,45.9479],[133.6897,45.9511],[133.6891,45.9554],[133.6885,45.9576],[133.6881,45.9643],[133.6868,45.9685],[133.6822,45.9703],[133.6755,45.973],[133.6736,45.9747]]}},{"type":"Feature","properties":{"name":"Ussuri"},"geometry":{"type":"LineString","coordinates":[[133.4153,45.5829],[133.4128,45.5843],[133.4089,45.5888],[133.4075,45.5911],[133.4047,45.5941],[133.4037,45.5962],[133.404,45.5983],[133.4057,45.602],[133.4104,45.6056],[133.4105,45.6088],[133.409,45.6119],[133.4047,45.6146],[133.4046,45.6171],[133.4067,45.6178],[133.4094,45.6178],[133.4122,45.617],[133.4147,45.6151],[133.4175,45.611],[133.4194,45.6102],[133.4214,45.6102],[133.4236,45.6116],[133.4243,45.6142],[133.4232,45.6168],[133.4234,45.6231],[133.4246,45.626],[133.4273,45.6275],[133.4311,45.6281],[133.4352,45.6275],[133.4423,45.6273],[133.4466,45.6257],[133.4521,45.6184],[133.4562,45.6161],[133.4609,45.6155],[133.4663,45.6164],[133.4693,45.6194],[133.4697,45.6227],[133.4665,45.6269],[133.458,45.6317],[133.4461,45.6363],[133.4403,45.6408],[133.4388,45.6442],[133.4401,45.6487],[133.4463,45.6538],[133.4578,45.6563],[133.4712,45.6554],[133.476,45.6557],[133.4803,45.6574],[133.4828,45.6614],[133.4824,45.6662],[133.4828,45.6703],[133.4823,45.6732],[133.4769,45.6763],[133.4751,45.6788],[133.475,45.681],[133.4777,45.6868],[133.477,45.6896],[133.4744,45.6912],[133.4728,45.6919],[133.47,45.6924],[133.4676,45.6924],[133.464,45.6912],[133.4611,45.6904],[133.4587,45.6899],[133.4562,45.6902],[133.4539,45.6909],[133.451,45.693],[133.4496,45.695],[133.4482,45.6987],[133.4467,45.7013],[133.4452,45.7028],[133.4438,45.7036],[133.4419,45.7041],[133.4397,45.7043],[133.4375,45.704],[133.4358,45.7034],[133.4344,45.7026],[133.4328,45.7004],[133.4326,45.6988],[133.4323,45.6947],[133.4308,45.6923],[133.4293,45.6915],[133.4261,45.691],[133.4236,45.6916],[133.4216,45.693],[133.4208,45.6951],[133.4214,45.6969],[133.4293,45.7036],[133.4337,45.7097],[133.4376,45.7127],[133.4395,45.7157],[133.4408,45.7217],[133.4437,45.7276],[133.4474,45.7304],[133.453,45.7319],[133.4565,45.7335],[133.4662,45.7371],[133.4698,45.7374],[133.4753,45.7363],[133.4777,45.7364],[133.4799,45.7382],[133.4804,45.7414],[133.4785,45.7447],[133.4751,45.7479],[133.4641,45.7505],[133.459,45.7528],[133.4573,45.7557],[133.4582,45.7596],[133.4632,45.7633],[133.4651,45.7656],[133.4655,45.7686],[133.4614,45.775],[133.4624,45.7773],[133.4677,45.779],[133.4758,45.7805],[133.4796,45.779],[133.4835,45.7749],[133.4868,45.7726],[133.4912,45.7725],[133.4955,45.7743],[133.4977,45.7781],[133.4985,45.7832],[133.4953,45.788],[133.4889,45.7913],[133.4817,45.7919],[133.4753,45.7904],[133.4697,45.7907],[133.4649,45.7926],[133.4621,45.7964],[133.462,45.8016],[133.4627,45.8139],[133.4639,45.8216],[133.4627,45.8236]]}},{"type":"Feature","properties":{"name":"Ussuri River"},"geometry":{"type":"LineString","coordinates":[[133.58,44.8911],[133.5785,44.893],[133.576,44.895],[133.5751,44.897],[133.5753,44.899],[133.5773,44.9006],[133.5799,44.9011],[133.5819,44.901],[133.5856,44.9006],[133.5888,44.9012],[133.5911,44.9024],[133.5925,44.9035],[133.5932,44.9053],[133.5924,44.9073],[133.5905,44.9095],[133.5883,44.9111],[133.5867,44.9137],[133.5856,44.9154],[133.5857,44.9175],[133.5858,44.9193],[133.5841,44.9215],[133.5816,44.9226],[133.5795,44.9226],[133.574,44.9226]]}},{"type":"Feature","properties":{"name":"Ussuri River"},"geometry":{"type":"LineString","coordinates":[[133.6392,44.8061],[133.6361,44.8085],[133.6352,44.8101],[133.6337,44.8128],[133.6321,44.8138],[133.6301,44.8145],[133.6277,44.8144],[133.6257,44.814],[133.6239,44.8148],[133.6232,44.8182],[133.624,44.8208],[133.6255,44.8234],[133.625,44.8255],[133.622,44.8269],[133.62,44.8283],[133.6185,44.8307],[133.6186,44.8324],[133.6205,44.8336],[133.6215,44.8351],[133.6198,44.8366],[133.6175,44.8362],[133.6156,44.8365],[133.6145,44.8378],[133.6146,44.8395],[133.6147,44.8415],[133.6148,44.8432],[133.6147,44.8452],[133.6131,44.846],[133.6115,44.8463],[133.61,44.8469],[133.6089,44.8487],[133.6066,44.849],[133.6045,44.8495],[133.6022,44.85],[133.6004,44.8497],[133.5988,44.8486],[133.5992,44.847],[133.5995,44.8453],[133.5987,44.8436],[133.5973,44.8427],[133.5965,44.8409],[133.5948,44.8404],[133.5931,44.8415],[133.5918,44.8427],[133.5902,44.8426],[133.5903,44.8408],[133.589,44.8396],[133.5873,44.8395],[133.5869,44.8415],[133.5881,44.8432],[133.588,44.8451],[133.5894,44.8467],[133.5903,44.8481],[133.5897,44.85],[133.5878,44.8507],[133.5857,44.8513],[133.5844,44.8524],[133.583,44.8533],[133.5811,44.854],[133.5783,44.8543]]}},{"type":"Feature","properties":{"name":"Большая Уссурка"},"geometry":{"type":"LineString","coordinates":[[133.7749,45.9502],[133.7743,45.9482],[133.7736,45.9462],[133.7721,45.9454],[133.77,45.9465],[133.7673,45.9467],[133.7657,45.947],[133.764,45.9483],[133.7638,45.9501],[133.7635,45.9507]]}},{"type":"Feature","properties":{"name":"Большая Уссурка"},"geometry":{"type":"LineString","coordinates":[[133.7892,45.9611],[133.7866,45.9617],[133.7851,45.9626],[133.7822,45.9634],[133.7794,45.964],[133.7756,45.9638],[133.7733,45.9636],[133.7712,45.9638],[133.7694,45.9651],[133.7676,45.967],[133.7663,45.968],[133.7645,45.9679],[133.7633,45.9668],[133.7624,45.9644],[133.7604,45.9631],[133.7574,45.9623],[133.7554,45.9613],[133.7536,45.9596],[133.7514,45.9595],[133.7496,45.9591],[133.7479,45.9595],[133.7462,45.9597],[133.7425,45.9573],[133.7398,45.9566]]}},{"type":"Feature","properties":{"name":"Ussuri River"},"geometry":{"type":"LineString","coordinates":[[133.6233,44.8162],[133.6213,44.8165],[133.6197,44.8172],[133.6179,44.818],[133.6147,44.8187],[133.613,44.8192],[133.6137,44.8209],[133.6151,44.8224],[133.6167,44.8228],[133.6154,44.8238],[133.6135,44.8242],[133.6129,44.8257],[133.6111,44.8257],[133.6106,44.8241],[133.6089,44.8249],[133.6076,44.8259],[133.6063,44.8249],[133.6045,44.8254],[133.6028,44.827],[133.6014,44.828],[133.6001,44.829],[133.5987,44.8301],[133.5979,44.8316],[133.5975,44.8334],[133.5985,44.8349],[133.5978,44.8368],[133.5963,44.8372],[133.5958,44.839],[133.5943,44.8398],[133.5942,44.8405]]}},{"type":"Feature","properties":{"name":null},"geometry":{"type":"LineString","coordinates":[[133.5941,44.8869],[133.5955,44.8879],[133.5965,44.8892],[133.5974,44.8906],[133.5981,44.8922],[133.5992,44.8939],[133.6005,44.8956],[133.6013,44.897],[133.6027,44.898],[133.6045,44.8991],[133.6056,44.9003],[133.6071,44.902],[133.6079,44.904],[133.6071,44.9056],[133.6054,44.9058],[133.6037,44.9055],[133.6018,44.9063],[133.5997,44.9069],[133.5981,44.9067],[133.5962,44.9067],[133.5944,44.9064],[133.5928,44.9066]]}},{"type":"Feature","properties":{"name":null},"geometry":{"type":"LineString","coordinates":[[133.5561,44.9996],[133.554,44.9997],[133.5522,45.0001],[133.5512,45.0013],[133.5514,45.0029],[133.5519,45.0045],[133.5505,45.0056],[133.5501,45.0072],[133.5486,45.0081],[133.5469,45.0079],[133.5465,45.0094],[133.5473,45.0111],[133.5483,45.0126],[133.5491,45.014],[133.5504,45.0151],[133.552,45.0157],[133.5535,45.0166],[133.5547,45.0177],[133.5533,45.0187],[133.5518,45.0181],[133.55,45.0187],[133.5498,45.0171],[133.548,45.017],[133.547,45.0157],[133.5467,45.0173],[133.5448,45.0173],[133.5444,45.019],[133.5448,45.0203]]}},{"type":"Feature","properties":{"name":"Большая Уссурка"},"geometry":{"type":"LineString","coordinates":[[133.8528,45.973],[133.8504,45.9729],[133.8477,45.9736],[133.8432,45.9755],[133.838,45.9757],[133.8329,45.9745],[133.8313,45.9717],[133.8327,45.9672],[133.8322,45.9643],[133.8288,45.9626],[133.8258,45.9609],[133.8242,45.9602],[133.8215,45.9603],[133.8199,45.9609],[133.8159,45.9631],[133.8143,45.964],[133.8131,45.9653],[133.8101,45.9674],[133.8069,45.9667],[133.8016,45.9654],[133.7974,45.9652],[133.7939,45.9644],[133.7917,45.963],[133.7904,45.9618]]}},{"type":"Feature","properties":{"name":null},"geometry":{"type":"LineString","coordinates":[[133.5495,44.9622],[133.5478,44.962],[133.5487,44.9635],[133.5504,44.9637],[133.552,44.9638],[133.5529,44.9624],[133.5545,44.9629],[133.5551,44.9644],[133.5534,44.965],[133.5522,44.9662],[133.5504,44.9663],[133.5488,44.9666],[133.5473,44.9677],[133.5456,44.9682],[133.5439,44.9679],[133.5423,44.9674],[133.5408,44.9682],[133.5393,44.969],[133.5377,44.9687],[133.5359,44.9683],[133.535,44.9669]]}},{"type":"Feature","properties":{"name":null},"geometry":{"type":"LineString","coordinates":[[133.5452,44.9578],[133.5461,44.9592],[133.5444,44.9598],[133.5449,44.9615],[133.5463,44.9626],[133.546,44.9642],[133.5444,44.9655],[133.5427,44.9657],[133.5412,44.9652],[133.5396,44.9652]]}},{"type":"Feature","properties":{"name":"七虎林河"},"geometry":{"type":"LineString","coordinates":[[132.8444,46.0065],[132.8475,46.0058],[132.8495,46.0049],[132.8569,45.999],[132.8611,45.9956],[132.8646,45.9941],[132.8676,45.9935],[132.8715,45.9928],[132.8731,45.9922],[132.8748,45.9923],[132.8765,45.9927],[132.8781,45.9916],[132.8798,45.9908],[132.8817,45.9906],[132.8835,45.99],[132.8859,45.9884],[132.8881,45.9879],[132.8902,45.988],[132.8927,45.9887],[132.8943,45.9893],[132.902,45.9898],[132.9046,45.9892],[132.9197,45.9966],[132.92,45.9983],[132.9214,45.9994],[132.9293,46.0036],[132.9309,46.0053],[132.933,46.0053],[132.9355,46.0061],[132.9373,46.0069],[132.9391,46.007],[132.9409,46.0063],[132.943,46.0058],[132.9512,46.0049],[132.9529,46.0039],[132.9548,46.0039],[132.9562,46.0023],[132.9568,46.004],[132.9596,46.0035],[132.9612,46.0042],[132.963,46.004],[132.9629,46.0035]]}},{"type":"Feature","properties":{"name":null},"geometry":{"type":"LineString","coordinates":[[133.5941,44.8406],[133.5928,44.8395],[133.5914,44.8384],[133.5896,44.8386],[133.5882,44.8393]]}},{"type":"Feature","properties":{"name":null},"geometry":{"type":"LineString","coordinates":[[133.5713,44.9584],[133.5731,44.9584],[133.5747,44.9587],[133.5756,44.9593]]}},{"type":"Feature","properties":{"name":null},"geometry":{"type":"LineString","coordinates":[[133.5777,44.9597],[133.579,44.9608],[133.579,44.9625],[133.5775,44.9631],[133.5763,44.9645]]}},{"type":"Feature","properties":{"name":null},"geometry":{"type":"LineString","coordinates":[[133.5773,44.9596],[133.5777,44.9597]]}},{"type":"Feature","properties":{"name":null},"geometry":{"type":"LineString","coordinates":[[133.577,44.9596],[133.5773,44.9596]]}},{"type":"Feature","properties":{"name":null},"geometry":{"type":"LineString","coordinates":[[133.5756,44.9593],[133.577,44.9596]]}},{"type":"Feature","properties":{"name":null},"geometry":{"type":"LineString","coordinates":[[133.5839,44.8549],[133.5833,44.8551]]}},{"type":"Feature","properties":{"name":null},"geometry":{"type":"LineString","coordinates":[[133.582,44.855],[133.5813,44.8543]]}},{"type":"Feature","properties":{"name":null},"geometry":{"type":"LineString","coordinates":[[133.5833,44.8551],[133.582,44.855]]}},{"type":"Feature","properties":{"name":null},"geometry":{"type":"LineString","coordinates":[[133.6076,44.849],[133.6063,44.8499],[133.6049,44.8509],[133.6038,44.8522],[133.6042,44.8537],[133.6026,44.8537],[133.6009,44.8538],[133.5993,44.8535],[133.5981,44.8548],[133.5965,44.8555],[133.5959,44.8571],[133.5949,44.8583],[133.5933,44.8587],[133.5918,44.8594],[133.5903,44.86],[133.5902,44.8616],[133.5916,44.8626],[133.5918,44.8642],[133.5902,44.8639],[133.5903,44.8656],[133.5916,44.8667],[133.5931,44.8664],[133.5921,44.8678],[133.5905,44.8684],[133.5889,44.8699],[133.5875,44.8722]]}},{"type":"Feature","properties":{"name":null},"geometry":{"type":"LineString","coordinates":[[133.5898,44.8614],[133.5882,44.8616],[133.5868,44.8627],[133.5853,44.8632],[133.5839,44.864],[133.5828,44.8652],[133.5826,44.8669],[133.5824,44.8685],[133.5829,44.8692]]}},{"type":"Feature","properties":{"name":null},"geometry":{"type":"LineString","coordinates":[[132.8996,45.2535],[132.8973,45.2562],[132.8735,45.265],[132.7771,45.2999],[132.7695,45.2965]]}},{"type":"Feature","properties":{"name":"Songacha River"},"geometry":{"type":"LineString","coordinates":[[133.1333,45.4134],[133.1325,45.4153],[133.1337,45.4167],[133.1359,45.4171],[133.1377,45.4179],[133.1374,45.4203],[133.1374,45.4228],[133.1366,45.4242],[133.1349,45.4239],[133.1338,45.4256],[133.1339,45.4273],[133.137,45.4286],[133.1388,45.4288],[133.1419,45.4266],[133.1457,45.4261],[133.1476,45.426],[133.1498,45.426],[133.152,45.4272],[133.1507,45.4288],[133.1482,45.4307],[133.1456,45.4316],[133.1439,45.4323],[133.1421,45.4333],[133.1405,45.4346],[133.1427,45.4358],[133.1455,45.4353],[133.1477,45.4348],[133.1493,45.4348],[133.1513,45.4351],[133.1537,45.4363],[133.1559,45.4357],[133.1573,45.4348],[133.1582,45.4363],[133.1602,45.4386],[133.1618,45.4394],[133.1633,45.4405],[133.1644,45.4423],[133.162,45.4431],[133.16,45.4425],[133.1573,45.4426],[133.1545,45.4432],[133.1527,45.4438],[133.1527,45.4459],[133.1549,45.4482],[133.1559,45.4504],[133.1576,45.4512],[133.1597,45.4499],[133.1598,45.4479],[133.1608,45.4464],[133.1624,45.4461],[133.165,45.447],[133.1652,45.45],[133.1636,45.4514],[133.1618,45.4521],[133.1612,45.4541],[133.1625,45.4558],[133.1645,45.4554],[133.1662,45.4548],[133.1678,45.4554],[133.169,45.4573],[133.1683,45.4591],[133.1662,45.459],[133.1641,45.458],[133.1624,45.458],[133.1607,45.459],[133.1605,45.4607],[133.163,45.4614],[133.1662,45.4607],[133.1679,45.461],[133.171,45.4607],[133.1727,45.4611],[133.1718,45.4631],[133.1696,45.4634],[133.1667,45.4629],[133.1631,45.463],[133.1615,45.464],[133.1621,45.4655],[133.1647,45.4662],[133.1642,45.4683],[133.1656,45.4694],[133.1674,45.4701],[133.1695,45.4724],[133.1719,45.4732],[133.1735,45.4724],[133.1745,45.4709],[133.1764,45.4702],[133.178,45.4714],[133.1766,45.4728],[133.1756,45.4758],[133.1747,45.4773],[133.1759,45.4791],[133.1783,45.4784],[133.1795,45.4769],[133.1814,45.4773],[133.1827,45.4784],[133.1852,45.4792],[133.1856,45.4807],[133.1834,45.4818],[133.1813,45.4837],[133.1802,45.4858],[133.1808,45.4875],[133.1805,45.4892],[133.1787,45.4894],[133.1799,45.4907],[133.1818,45.4909],[133.187,45.4917],[133.1891,45.4926],[133.1885,45.4945],[133.1867,45.4948],[133.185,45.4938],[133.1832,45.4934],[133.1819,45.4945],[133.1824,45.4964],[133.1835,45.498],[133.1851,45.4992],[133.1871,45.4988],[133.1894,45.4979],[133.1915,45.4976],[133.193,45.4988],[133.1942,45.5008],[133.1967,45.5018],[133.1985,45.5036],[133.1989,45.5055],[133.198,45.5069],[133.2001,45.5063],[133.2021,45.505],[133.2039,45.5053],[133.2049,45.5076],[133.2047,45.5093],[133.2025,45.5102],[133.2003,45.5097],[133.1991,45.5086],[133.1978,45.5076],[133.1954,45.5086],[133.1942,45.51],[133.1934,45.5119],[133.1936,45.5143],[133.1977,45.5145],[133.202,45.5144],[133.2038,45.5139],[133.2049,45.5127],[133.2054,45.5106],[133.2073,45.5108],[133.2089,45.5126],[133.211,45.5135],[133.2129,45.5135],[133.2152,45.5119],[133.2181,45.5118],[133.2205,45.5112],[133.2222,45.5107],[133.2244,45.5108],[133.225,45.5123],[133.2242,45.5147],[133.2231,45.5173],[133.2247,45.5197],[133.2261,45.5207],[133.2284,45.5214],[133.2298,45.5202],[133.2323,45.5192],[133.2341,45.5189],[133.2322,45.5167],[133.234,45.5149],[133.2357,45.5149],[133.2368,45.5161],[133.2376,45.519],[133.2384,45.5208],[133.2401,45.5205],[133.2405,45.5188],[133.2393,45.5165],[133.2375,45.5147],[133.2396,45.5143],[133.2413,45.5156],[133.243,45.5162],[133.245,45.5163],[133.2471,45.5164],[133.2463,45.5183],[133.2456,45.5198],[133.2477,45.521],[133.2494,45.5234],[133.2509,45.5249],[133.2533,45.5265],[133.2562,45.5269],[133.2592,45.5279],[133.2613,45.5285],[133.263,45.5287],[133.2636,45.5304],[133.265,45.5316],[133.2673,45.5321],[133.2696,45.532],[133.2718,45.5307],[133.272,45.5263],[133.2739,45.5264],[133.2729,45.528],[133.2738,45.5305],[133.2758,45.5326],[133.2758,45.5345],[133.2729,45.5365],[133.276,45.538],[133.2784,45.5393],[133.2801,45.5393],[133.2815,45.5371],[133.283,45.5346],[133.2854,45.5339],[133.2873,45.5369],[133.2873,45.5392],[133.2846,45.5419],[133.2865,45.5423],[133.2894,45.5413],[133.2918,45.5405],[133.2944,45.5407],[133.2959,45.5393],[133.2951,45.5416],[133.2932,45.5427],[133.2963,45.5431],[133.298,45.5417],[133.3018,45.5421],[133.3036,45.5408],[133.3028,45.5446],[133.303,45.5464],[133.306,45.5473],[133.3076,45.5479],[133.3083,45.5502],[133.3107,45.5505],[133.311,45.5484],[133.3096,45.5473],[133.3107,45.5456],[133.3125,45.547],[133.3127,45.5493],[133.3113,45.5512],[133.3138,45.552],[133.3153,45.5511],[133.315,45.5489],[133.3166,45.5481],[133.3187,45.5488],[133.3202,45.5515],[133.3204,45.555],[133.3222,45.5557],[133.3247,45.5552],[133.326,45.5566],[133.3245,45.5581],[133.3238,45.5595],[133.3263,45.5596],[133.3278,45.5575],[133.328,45.5559],[133.3299,45.5546],[133.3326,45.5537],[133.3311,45.5515],[133.3341,45.5512],[133.3358,45.5519],[133.3376,45.5551],[133.3389,45.5569],[133.3407,45.5584],[133.3427,45.5571],[133.3435,45.5586],[133.3415,45.56],[133.3423,45.5616],[133.3453,45.5622],[133.3481,45.5617],[133.3456,45.5628],[133.3439,45.5639],[133.3422,45.5645],[133.3422,45.5662],[133.3449,45.5666],[133.3469,45.5665],[133.3491,45.5663],[133.3507,45.5646],[133.3495,45.5628],[133.3516,45.5617],[133.3544,45.5637],[133.3555,45.5667],[133.3574,45.5679],[133.3594,45.5672],[133.3615,45.5661],[133.3647,45.567],[133.3669,45.5675],[133.3649,45.5695],[133.365,45.5715],[133.3668,45.5723],[133.3648,45.5738],[133.3632,45.5745],[133.3659,45.5755],[133.3678,45.5736],[133.3699,45.5732],[133.372,45.5737],[133.372,45.5711],[133.3742,45.5706],[133.3759,45.5716],[133.3773,45.5734],[133.379,45.5721],[133.3802,45.574],[133.3798,45.576],[133.3818,45.577],[133.3841,45.5774],[133.3862,45.5779],[133.3878,45.5756],[133.3896,45.5746],[133.3918,45.5741],[133.3897,45.5708],[133.3916,45.57],[133.3939,45.5711],[133.3967,45.5715],[133.3983,45.5713],[133.4009,45.5717],[133.403,45.5713],[133.4039,45.5691],[133.4056,45.57],[133.4077,45.5708],[133.411,45.5709],[133.4129,45.5714],[133.4143,45.5725],[133.4148,45.5752],[133.4158,45.578],[133.416,45.5809],[133.4157,45.5816]]}},{"type":"Feature","properties":{"name":"Ussuri"},"geometry":{"type":"LineString","coordinates":[[133.6667,45.9397],[133.6685,45.941],[133.6701,45.9434],[133.6696,45.9502],[133.672,45.9524],[133.6747,45.9548],[133.6759,45.9579],[133.6767,45.961],[133.6752,45.9635],[133.6749,45.9671],[133.6742,45.9707],[133.6735,45.9729]]}},{"type":"Feature","properties":{"name":"Ussuri"},"geometry":{"type":"LineString","coordinates":[[133.6735,45.9729],[133.6736,45.9747],[133.6732,45.9829],[133.6756,45.9884],[133.68,45.9958],[133.6846,46.0014],[133.6901,46.006],[133.6939,46.0112],[133.6994,46.015],[133.7201,46.0338],[133.7356,46.0541],[133.735,46.0772],[133.7226,46.0875],[133.7052,46.0995],[133.7023,46.1056],[133.6951,46.1111],[133.6908,46.1197],[133.6844,46.1325],[133.6818,46.1377],[133.688,46.1556],[133.6994,46.1621],[133.7207,46.1649],[133.7427,46.166],[133.7544,46.1698],[133.778,46.184],[133.7801,46.1854],[133.7874,46.1903],[133.7925,46.1996],[133.794,46.2135],[133.795,46.2176],[133.7959,46.2213],[133.8002,46.2262],[133.8066,46.2292],[133.8152,46.2279],[133.823,46.2236],[133.8263,46.2166],[133.8255,46.208],[133.8255,46.207]]}},{"type":"Feature","properties":{"name":"Ussuri"},"geometry":{"type":"LineString","coordinates":[[133.6696,45.9502],[133.6694,45.9522],[133.6694,45.9556],[133.6705,45.9587],[133.6752,45.9635]]}},{"type":"Feature","properties":{"name":"Ussuri"},"geometry":{"type":"LineString","coordinates":[[133.4627,45.8236],[133.4597,45.8287],[133.4599,45.833],[133.4617,45.8357],[133.4662,45.8369],[133.473,45.8363],[133.4816,45.8337],[133.4863,45.834],[133.4897,45.8371],[133.4895,45.84],[133.4868,45.843],[133.4832,45.8446],[133.4776,45.851],[133.4779,45.8538],[133.4782,45.8556],[133.4808,45.8589],[133.4838,45.8638],[133.4867,45.8661],[133.4908,45.8669],[133.501,45.8639],[133.5037,45.8642],[133.505,45.8657],[133.5039,45.8694],[133.5014,45.8734],[133.5014,45.8756],[133.5011,45.8792],[133.5027,45.8843],[133.5049,45.8887],[133.5089,45.8908],[133.513,45.8917],[133.5191,45.8944],[133.5232,45.8958],[133.5277,45.8966],[133.5347,45.8966],[133.5405,45.8957],[133.547,45.8913],[133.5533,45.8866],[133.5543,45.883],[133.5566,45.8794],[133.5595,45.876],[133.5706,45.8689],[133.5733,45.8677],[133.5766,45.8667],[133.5809,45.8666],[133.5847,45.8672],[133.5895,45.8704],[133.5911,45.8728],[133.5911,45.8751],[133.5881,45.8804],[133.5875,45.8833],[133.5872,45.8865],[133.5884,45.8891],[133.5909,45.8915],[133.6008,45.8961],[133.6061,45.898],[133.609,45.8992],[133.6109,45.9005],[133.612,45.9048],[133.6102,45.9119],[133.5964,45.9246],[133.5977,45.9327],[133.61,45.9415],[133.6246,45.9443],[133.6432,45.9452],[133.6502,45.9446],[133.6547,45.9419],[133.6597,45.9394],[133.6626,45.939],[133.6654,45.9392],[133.6667,45.9397]]}},{"type":"Feature","properties":{"name":"Songacha River"},"geometry":{"type":"LineString","coordinates":[[133.1002,45.2876],[133.0996,45.2896],[133.0976,45.2902],[133.0923,45.2889],[133.0905,45.2885],[133.0904,45.291],[133.0924,45.2919],[133.0943,45.2916],[133.0973,45.2922],[133.1004,45.2935],[133.1023,45.2947],[133.1016,45.2969],[133.104,45.2984],[133.106,45.2987],[133.1077,45.2989],[133.1054,45.2998],[133.1025,45.301],[133.1005,45.3009],[133.1017,45.3026],[133.1043,45.3027],[133.1063,45.3032],[133.1045,45.3046],[133.1012,45.3039],[133.0986,45.3022],[133.0985,45.304],[133.1007,45.3045],[133.1046,45.306],[133.1066,45.3064],[133.1096,45.3057],[133.1118,45.3062],[133.1137,45.3094],[133.1122,45.3105],[133.1099,45.3104],[133.1073,45.3121],[133.105,45.3115],[133.1041,45.3096],[133.1016,45.3097],[133.0989,45.3107],[133.0985,45.3126],[133.0997,45.3141],[133.1008,45.3157],[133.1023,45.3164],[133.107,45.316],[133.108,45.3174],[133.1062,45.3189],[133.1045,45.3193],[133.1024,45.3194],[133.1005,45.319],[133.0989,45.3194],[133.103,45.3204],[133.1055,45.3208],[133.1083,45.3209],[133.1083,45.324],[133.1069,45.3253],[133.1094,45.3258],[133.1124,45.3246],[133.1145,45.325],[133.1144,45.3274],[133.1129,45.3283],[133.1112,45.3298],[133.1132,45.3307],[133.1147,45.331],[133.1163,45.3326],[133.118,45.3336],[133.1204,45.3336],[133.1226,45.3338],[133.124,45.335],[133.122,45.3359],[133.1205,45.3398],[133.1217,45.3419],[133.1208,45.3439],[133.1179,45.3434],[133.116,45.3423],[133.1142,45.3421],[133.1159,45.3451],[133.1143,45.3465],[133.1123,45.3456],[133.1117,45.3472],[133.1116,45.3506],[133.1125,45.3521],[133.115,45.3527],[133.1174,45.3545],[133.1195,45.3552],[133.1219,45.3556],[133.121,45.3572],[133.118,45.3585],[133.1172,45.3601],[133.1198,45.3615],[133.1236,45.3605],[133.1254,45.3604],[133.1269,45.3646],[133.1262,45.366],[133.1257,45.3681],[133.1252,45.3697],[133.1255,45.3717],[133.1277,45.3721],[133.1301,45.3709],[133.1313,45.3694],[133.1326,45.3683],[133.134,45.3665],[133.1352,45.3652],[133.1332,45.3645],[133.1313,45.3646],[133.1303,45.3633],[133.1335,45.3635],[133.1351,45.3639],[133.1372,45.3649],[133.1372,45.3675],[133.1367,45.3697],[133.1372,45.3721],[133.1394,45.3741],[133.1411,45.3749],[133.1405,45.3765],[133.1332,45.3793],[133.1311,45.38],[133.1334,45.3814],[133.1358,45.3823],[133.1386,45.3817],[133.1389,45.3846],[133.1378,45.386],[133.1379,45.3879],[133.1368,45.3913],[133.1374,45.3937],[133.1391,45.3953],[133.141,45.3955],[133.1395,45.3994],[133.1392,45.4024],[133.1371,45.4021],[133.1356,45.3997],[133.1332,45.3994],[133.1314,45.4002],[133.1305,45.4019],[133.1326,45.404],[133.1341,45.4047],[133.137,45.4044],[133.1396,45.405],[133.1401,45.4068],[133.1389,45.4086],[133.1375,45.4106],[133.1379,45.4128],[133.1359,45.4135],[133.1333,45.4134]]}},{"type":"Feature","properties":{"name":"Songacha River"},"geometry":{"type":"LineString","coordinates":[[133.1331,45.1381],[133.1348,45.1388],[133.1353,45.1407],[133.1321,45.1425],[133.1304,45.1425],[133.1287,45.1422],[133.1255,45.1399],[133.124,45.1394],[133.1237,45.1371],[133.1227,45.1354],[133.1223,45.1338],[133.1205,45.1329],[133.1191,45.1345],[133.1201,45.1375],[133.1209,45.139],[133.1224,45.1404],[133.1242,45.1419],[133.1259,45.1439],[133.1244,45.1454],[133.1259,45.1469],[133.1296,45.1499],[133.1317,45.15],[133.1332,45.1486],[133.132,45.151],[133.1285,45.152],[133.1261,45.1516],[133.1243,45.1515],[133.122,45.1518],[133.1226,45.1535],[133.1259,45.1551],[133.1293,45.1561],[133.1308,45.157],[133.1316,45.16],[133.1306,45.1613],[133.1274,45.1617],[133.1249,45.1621],[133.124,45.1606],[133.1238,45.1589],[133.1218,45.1595],[133.1225,45.1624],[133.1235,45.1647],[133.1215,45.166],[133.1224,45.168],[133.1235,45.1705],[133.1263,45.1719],[133.1282,45.1719],[133.127,45.1731],[133.1247,45.1728],[133.123,45.172],[133.1212,45.1705],[133.1202,45.172],[133.1225,45.1734],[133.1242,45.1755],[133.1265,45.1758],[133.1292,45.1744],[133.131,45.1746],[133.1297,45.1772],[133.129,45.1795],[133.1281,45.1809],[133.1271,45.1824],[133.1275,45.1866],[133.1255,45.1866],[133.1269,45.188],[133.1288,45.1883],[133.1305,45.1893],[133.1282,45.1906],[133.1261,45.1904],[133.1237,45.1912],[133.1247,45.196],[133.1258,45.1973],[133.1224,45.1983],[133.1209,45.1963],[133.1197,45.1944],[133.1178,45.1948],[133.1193,45.1977],[133.1209,45.1999],[133.1215,45.2018],[133.1195,45.2029],[133.1199,45.2047],[133.1203,45.2077],[133.1222,45.2089],[133.1198,45.2098],[133.1179,45.2099],[133.1174,45.2118],[133.1181,45.2137],[133.1165,45.2132],[133.1138,45.2119],[133.1128,45.2137],[133.1148,45.2149],[133.1165,45.2151],[133.1185,45.2153],[133.1201,45.2168],[133.1177,45.2178],[133.1161,45.2172],[133.1143,45.2166],[133.1163,45.2191],[133.1184,45.2193],[133.1166,45.2204],[133.1146,45.2214],[133.1133,45.2235],[133.1133,45.2256],[133.1112,45.2261],[133.1095,45.2268],[133.1081,45.2256],[133.109,45.2237],[133.1073,45.2229],[133.1068,45.2254],[133.1081,45.2296],[133.1078,45.232],[133.1063,45.2326],[133.1046,45.2317],[133.1039,45.2301],[133.1027,45.2287],[133.1005,45.2292],[133.0994,45.2316],[133.0995,45.2334],[133.1024,45.2347],[133.1043,45.2349],[133.1027,45.2359],[133.1004,45.2356],[133.0979,45.2353],[133.0963,45.2355],[133.0974,45.2378],[133.0998,45.2382],[133.1034,45.2381],[133.1028,45.2399],[133.0998,45.2402],[133.0981,45.2402],[133.0963,45.24],[133.0931,45.2391],[133.0907,45.2391],[133.0892,45.2405],[133.0874,45.2419],[133.0869,45.2439],[133.0898,45.2443],[133.0927,45.2446],[133.0949,45.2446],[133.0965,45.2444],[133.0983,45.2439],[133.0998,45.2433],[133.1005,45.2453],[133.0983,45.2473],[133.0967,45.2492],[133.098,45.2504],[133.0996,45.2507],[133.1013,45.2508],[133.1005,45.2525],[133.0961,45.2511],[133.0937,45.2505],[133.0923,45.2491],[133.092,45.2468],[133.0901,45.2463],[133.0886,45.2485],[133.0884,45.2503],[133.0897,45.2525],[133.0877,45.2522],[133.0862,45.2533],[133.0874,45.255],[133.0874,45.257],[133.0885,45.2585],[133.0902,45.259],[133.0922,45.2592],[133.0933,45.2605],[133.0924,45.2623],[133.0909,45.2636],[133.0913,45.2652],[133.0946,45.265],[133.0971,45.265],[133.1008,45.2648],[133.103,45.2645],[133.1051,45.2648],[133.1035,45.2678],[133.1021,45.2693],[133.1019,45.2716],[133.098,45.2706],[133.0967,45.2693],[133.0952,45.2708],[133.0966,45.2722],[133.0948,45.273],[133.0934,45.271],[133.0948,45.2684],[133.0931,45.2676],[133.0915,45.268],[133.0904,45.2693],[133.0897,45.271],[133.0919,45.2727],[133.0959,45.2744],[133.099,45.2761],[133.1007,45.2766],[133.1026,45.277]]}},{"type":"Feature","properties":{"name":"Songacha River"},"geometry":{"type":"LineString","coordinates":[[133.0585,45.0888],[133.0615,45.0902],[133.0622,45.0919],[133.0603,45.0914],[133.0596,45.0929],[133.0614,45.0945],[133.0632,45.0949],[133.0655,45.0948],[133.0674,45.0941],[133.0696,45.0942],[133.0717,45.0948],[133.0731,45.0957],[133.072,45.0975],[133.0732,45.0988],[133.0761,45.0974],[133.0781,45.0956],[133.0769,45.094],[133.0785,45.0933],[133.0804,45.0949],[133.0827,45.0956],[133.0821,45.098],[133.0795,45.099],[133.0814,45.1011],[133.0835,45.1017],[133.0853,45.101],[133.087,45.1004],[133.0896,45.1001],[133.0888,45.1017],[133.0874,45.1032],[133.0889,45.1044],[133.0908,45.1041],[133.0925,45.1044],[133.0934,45.1024],[133.0953,45.1024],[133.0959,45.1046],[133.0944,45.1064],[133.093,45.1086],[133.0936,45.1104],[133.0959,45.1112],[133.0941,45.1122],[133.0924,45.1129],[133.0948,45.1131],[133.0975,45.112],[133.0998,45.1118],[133.1,45.114],[133.0976,45.1152],[133.0963,45.1164],[133.0981,45.117],[133.0997,45.1182],[133.0977,45.1188],[133.0982,45.1204],[133.1,45.1227],[133.1037,45.1226],[133.1072,45.121],[133.1092,45.1221],[133.1089,45.1248],[133.1105,45.1255],[133.1124,45.1251],[133.1134,45.1267],[133.1139,45.1242],[133.1163,45.1244],[133.1195,45.1249],[133.1207,45.1275],[133.1217,45.1293],[133.1245,45.1293],[133.1259,45.1275],[133.1237,45.1251],[133.1219,45.1244],[133.1235,45.1222],[133.1263,45.1222],[133.1325,45.1253],[133.1314,45.1273],[133.1301,45.1286],[133.1298,45.1306],[133.1317,45.1321],[133.1327,45.1335],[133.1311,45.1338],[133.1292,45.1334],[133.1283,45.1349],[133.1273,45.1368],[133.1287,45.1382],[133.1319,45.1381],[133.1331,45.1381]]}},{"type":"Feature","properties":{"name":"Qihulin River"},"geometry":{"type":"LineString","coordinates":[[133.4745,46.0302],[133.4744,46.0281],[133.474,46.0264],[133.4758,46.0259],[133.4775,46.0255],[133.4794,46.0249],[133.4803,46.0263],[133.4829,46.0263],[133.4844,46.0258],[133.4863,46.0245],[133.4885,46.0239],[133.4888,46.0223],[133.4905,46.0221],[133.49,46.0236],[133.4919,46.024],[133.4936,46.0238],[133.495,46.0224],[133.4965,46.024],[133.4985,46.0246],[133.4997,46.0237]]}},{"type":"Feature","properties":{"name":"Qihulin River"},"geometry":{"type":"LineString","coordinates":[[133.6621,46.1004],[133.6636,46.0991],[133.6653,46.0984],[133.6669,46.0976],[133.6673,46.0959],[133.6679,46.0943],[133.6697,46.0945],[133.6714,46.0945],[133.6696,46.0931],[133.6714,46.0925],[133.6731,46.0926],[133.6736,46.0911],[133.6754,46.0914],[133.6764,46.0899],[133.6766,46.088],[133.6753,46.0871],[133.6743,46.0884],[133.6725,46.0883],[133.6738,46.0867],[133.6755,46.0863],[133.6773,46.0863],[133.6791,46.0868],[133.681,46.0875],[133.6829,46.088],[133.6812,46.089],[133.6796,46.0896],[133.6805,46.0913],[133.6797,46.0927],[133.6781,46.0935],[133.6792,46.0949],[133.6814,46.0956],[133.6837,46.0955],[133.686,46.0951],[133.6854,46.0935],[133.6872,46.0932],[133.6889,46.0943],[133.6911,46.0952],[133.6942,46.0958],[133.6959,46.0968],[133.696,46.0986],[133.6956,46.1002],[133.6935,46.1032],[133.691,46.1056],[133.6894,46.1068],[133.6881,46.1086],[133.6871,46.1108],[133.6865,46.1123],[133.6858,46.1137]]}},{"type":"Feature","properties":{"name":"Qihulin River"},"geometry":{"type":"LineString","coordinates":[[133.4441,46.0328],[133.4428,46.0309],[133.4447,46.0298],[133.4434,46.0285],[133.4448,46.0275],[133.4485,46.0279],[133.4499,46.0293],[133.4518,46.0294],[133.4533,46.0304],[133.4549,46.0299],[133.4559,46.0285],[133.4554,46.0268],[133.4574,46.027],[133.4593,46.0266],[133.4612,46.0264],[133.4628,46.0272],[133.4643,46.0281],[133.466,46.0272],[133.4682,46.0267],[133.47,46.0273],[133.4716,46.0273],[133.4733,46.0282],[133.4722,46.0293],[133.4742,46.0302],[133.4745,46.0302]]}},{"type":"Feature","properties":{"name":"Qihulin River"},"geometry":{"type":"LineString","coordinates":[[133.6109,46.082],[133.6131,46.0816],[133.6148,46.082],[133.6146,46.0803],[133.6159,46.0793],[133.6171,46.0803],[133.6188,46.0806],[133.6181,46.0823],[133.619,46.0837],[133.6204,46.0847],[133.6222,46.0843],[133.6232,46.086],[133.6254,46.0874],[133.6274,46.0874],[133.6285,46.086],[133.6307,46.0865],[133.6323,46.0861],[133.6335,46.0872],[133.6326,46.0886],[133.635,46.0888],[133.6373,46.0889],[133.6392,46.0899],[133.6411,46.0913],[133.6425,46.0905],[133.644,46.0915],[133.6448,46.09],[133.6457,46.0885],[133.6473,46.0886],[133.6491,46.089],[133.6496,46.0907],[133.6487,46.0921],[133.6502,46.0931],[133.6519,46.0933],[133.6538,46.0928],[133.6562,46.0943],[133.6548,46.0953],[133.6564,46.0957],[133.6585,46.0952],[133.6593,46.0969],[133.6609,46.0981],[133.6615,46.1001],[133.6621,46.1004]]}},{"type":"Feature","properties":{"name":"Qihulin River"},"geometry":{"type":"LineString","coordinates":[[133.5493,46.0427],[133.5476,46.0439],[133.5496,46.0447],[133.5479,46.0451],[133.5495,46.0455],[133.5509,46.0471],[133.5524,46.046],[133.5539,46.047],[133.5556,46.0471],[133.5574,46.0474],[133.5593,46.047],[133.5609,46.0462],[133.5627,46.0466],[133.561,46.0457],[133.5633,46.0454],[133.5633,46.0473],[133.5634,46.0491],[133.5651,46.0478],[133.5666,46.0472],[133.5686,46.0466],[133.5704,46.0471],[133.5718,46.0463],[133.5734,46.0479],[133.5749,46.0486],[133.5751,46.0503],[133.5748,46.0521],[133.5765,46.0529],[133.5786,46.0531],[133.5787,46.055],[133.5799,46.0564],[133.579,46.0583],[133.5774,46.059],[133.5772,46.0599]]}},{"type":"Feature","properties":{"name":"Qihulin River"},"geometry":{"type":"LineString","coordinates":[[133.5772,46.0599],[133.5792,46.0599],[133.581,46.0602],[133.5828,46.0602],[133.5845,46.0607],[133.586,46.0595],[133.5867,46.0611],[133.5873,46.0626],[133.5873,46.061],[133.589,46.0607],[133.5899,46.0628],[133.5922,46.0643],[133.5943,46.0643],[133.596,46.0638],[133.5977,46.0651],[133.5962,46.066],[133.5973,46.0673],[133.5989,46.067],[133.5968,46.0676],[133.596,46.0691],[133.5976,46.07],[133.5992,46.0699],[133.6009,46.0705],[133.6026,46.0708],[133.605,46.0709],[133.6057,46.0725],[133.6064,46.071],[133.6081,46.0716],[133.6086,46.0737],[133.6069,46.0735],[133.6065,46.0764],[133.6082,46.0769],[133.6094,46.0784],[133.6107,46.0797],[133.6091,46.0806],[133.6108,46.081],[133.6109,46.082]]}},{"type":"Feature","properties":{"name":"Qihulin River"},"geometry":{"type":"LineString","coordinates":[[133.4223,46.0326],[133.4232,46.0312],[133.4248,46.0312],[133.4248,46.0328],[133.4265,46.0331],[133.4281,46.032],[133.4298,46.0318],[133.431,46.0305],[133.4325,46.0296],[133.4336,46.0312],[133.4353,46.0307],[133.4368,46.0319],[133.4377,46.0303],[133.4394,46.0298],[133.4404,46.0311],[133.4411,46.0297],[133.4426,46.0313],[133.4441,46.0328]]}},{"type":"Feature","properties":{"name":"Qihulin River"},"geometry":{"type":"LineString","coordinates":[[133.5241,46.0365],[133.5262,46.0362],[133.5275,46.0352],[133.5287,46.0363],[133.527,46.0373],[133.529,46.0384],[133.5302,46.037],[133.5318,46.0375],[133.5317,46.0392],[133.5334,46.0399],[133.5351,46.0398],[133.5371,46.0393],[133.5388,46.0393],[133.5391,46.0411],[133.5375,46.0417],[133.5394,46.0421],[133.541,46.0426],[133.5409,46.0445],[133.5427,46.045],[133.5445,46.0442],[133.5452,46.0426],[133.5468,46.0432],[133.549,46.0427],[133.5493,46.0427]]}},{"type":"Feature","properties":{"name":"Qihulin River"},"geometry":{"type":"LineString","coordinates":[[133.4997,46.0237],[133.5013,46.0247],[133.5031,46.0245],[133.5049,46.0255],[133.5067,46.0257],[133.5085,46.0255],[133.5099,46.0267],[133.5114,46.028],[133.5126,46.0294],[133.5143,46.0302],[133.5165,46.0304],[133.5158,46.0285],[133.5171,46.0275],[133.519,46.0291],[133.5191,46.0307],[133.521,46.0305],[133.5226,46.0295],[133.5223,46.0313],[133.5202,46.0323],[133.522,46.033],[133.5243,46.0324],[133.526,46.0325],[133.5245,46.0343],[133.5255,46.0361],[133.5239,46.0351],[133.5241,46.0365]]}},{"type":"Feature","properties":{"name":null},"geometry":{"type":"LineString","coordinates":[[133.8791,45.8947],[133.8809,45.8956],[133.8798,45.8971],[133.8788,45.8984],[133.8764,45.8982],[133.8749,45.8966]]}},{"type":"Feature","properties":{"name":null},"geometry":{"type":"LineString","coordinates":[[133.4152,45.5259],[133.4159,45.5244],[133.4177,45.5241],[133.4192,45.5229],[133.4209,45.522],[133.4227,45.5228],[133.4219,45.5244],[133.4216,45.5263],[133.4213,45.5282],[133.4197,45.5292],[133.4177,45.53],[133.4184,45.5317],[133.4201,45.5317],[133.4219,45.5319],[133.424,45.5327],[133.4239,45.5347],[133.4216,45.5348],[133.4203,45.5363],[133.4218,45.5381],[133.4248,45.5394],[133.4278,45.5403],[133.4297,45.5407],[133.4332,45.5408],[133.4359,45.5406],[133.4377,45.5405],[133.4401,45.54],[133.442,45.5397],[133.4444,45.5397],[133.447,45.5406],[133.4486,45.5422],[133.4494,45.5443],[133.4482,45.5463],[133.4468,45.5484],[133.4444,45.5498],[133.4421,45.5505],[133.438,45.5507],[133.436,45.5507],[133.4349,45.5505]]}},{"type":"Feature","properties":{"name":null},"geometry":{"type":"LineString","coordinates":[[133.494,45.8236],[133.4931,45.8251],[133.4933,45.827],[133.4945,45.8287],[133.4958,45.8298],[133.4973,45.8308],[133.4991,45.8311],[133.5007,45.8303],[133.5024,45.8306],[133.5041,45.8302],[133.5044,45.8318],[133.5033,45.8332],[133.5049,45.834],[133.5049,45.836],[133.5056,45.8378],[133.5064,45.8396],[133.5081,45.8407],[133.5099,45.8408],[133.5101,45.8425],[133.5086,45.8435],[133.507,45.8436],[133.5054,45.8442],[133.5035,45.8446],[133.5031,45.8465],[133.502,45.8482],[133.5036,45.8497],[133.5052,45.85],[133.507,45.8491],[133.5075,45.8475],[133.5092,45.8472],[133.5109,45.8468],[133.5126,45.8471],[133.5131,45.8487],[133.512,45.8502],[133.5127,45.8519],[133.5144,45.8522],[133.5141,45.8538],[133.5163,45.8555],[133.5171,45.8583],[133.5154,45.8606],[133.5133,45.8613],[133.5104,45.8624],[133.5059,45.8629],[133.5037,45.8642]]}},{"type":"Feature","properties":{"name":"Ussuri"},"geometry":{"type":"LineString","coordinates":[[133.7052,46.0995],[133.6958,46.1042],[133.6929,46.1061],[133.6911,46.1079],[133.6901,46.1097],[133.6894,46.112],[133.6898,46.1142],[133.6898,46.1163],[133.6908,46.1197]]}},{"type":"Feature","properties":{"name":null},"geometry":{"type":"LineString","coordinates":[[133.2031,45.5141],[133.2053,45.5164],[133.2015,45.5232]]}},{"type":"Feature","properties":{"name":null},"geometry":{"type":"LineString","coordinates":[[133.5896,44.8721],[133.5916,44.8729],[133.5933,44.8735],[133.5949,44.8737],[133.5953,44.8757],[133.5948,44.8772],[133.5933,44.8784],[133.5911,44.8789],[133.5892,44.8797],[133.5876,44.8794],[133.5855,44.8786]]}},{"type":"Feature","properties":{"name":null},"geometry":{"type":"LineString","coordinates":[[133.5881,44.8796],[133.5864,44.8802],[133.5868,44.8819],[133.5876,44.8833],[133.5868,44.885],[133.5863,44.8868],[133.5853,44.8884],[133.5857,44.8901],[133.5871,44.8914],[133.5865,44.8932],[133.5871,44.8952],[133.5864,44.8966],[133.5856,44.8982],[133.5862,44.9006]]}},{"type":"Feature","properties":{"name":"Шмаковка"},"geometry":{"type":"LineString","coordinates":[[133.3517,45.1204],[133.3503,45.1215],[133.3485,45.1215],[133.3475,45.1234],[133.3458,45.1242],[133.3461,45.126],[133.3459,45.1276],[133.3439,45.127],[133.3428,45.1291],[133.3412,45.1302],[133.3388,45.1305],[133.3357,45.1308],[133.3363,45.1325],[133.3364,45.1345],[133.3368,45.1365],[133.3352,45.1381],[133.3366,45.1391],[133.3348,45.1404],[133.3318,45.1408],[133.3299,45.1417],[133.3283,45.1421],[133.3261,45.1435],[133.3245,45.1425],[133.3227,45.1422],[133.321,45.1427],[133.3184,45.1422],[133.3156,45.142],[133.3138,45.1423],[133.3117,45.1416],[133.3094,45.1407],[133.3071,45.1406],[133.3043,45.1397],[133.3018,45.1384],[133.2947,45.1336],[133.2924,45.1332],[133.2906,45.1334],[133.2906,45.1315],[133.29,45.13],[133.2883,45.1296],[133.2831,45.1297],[133.2815,45.129],[133.2742,45.1275],[133.2726,45.1267],[133.2708,45.1257],[133.2654,45.1238],[133.2634,45.1232],[133.2615,45.1221],[133.2605,45.1207],[133.2588,45.1201],[133.2547,45.1174],[133.2529,45.1164],[133.2514,45.1154],[133.2498,45.1142],[133.2484,45.1132],[133.2438,45.1126],[133.2397,45.1122],[133.2381,45.112],[133.2365,45.1116],[133.235,45.1108],[133.2334,45.1114],[133.2316,45.111],[133.2301,45.112],[133.2281,45.1119],[133.2265,45.1121],[133.2249,45.1122],[133.2233,45.1128],[133.2215,45.1124],[133.2154,45.1135],[133.2121,45.1141],[133.2106,45.1147],[133.209,45.1151],[133.2038,45.1142],[133.2004,45.114],[133.1986,45.1146],[133.1969,45.1147],[133.1951,45.115],[133.1923,45.1159],[133.1904,45.1165],[133.1888,45.1169],[133.1872,45.1171],[133.1855,45.1185],[133.1839,45.1195],[133.1818,45.12],[133.18,45.1203],[133.1785,45.121],[133.1768,45.1209],[133.1752,45.1212],[133.1734,45.1218],[133.1715,45.1219],[133.1697,45.1223],[133.1669,45.1223],[133.1597,45.1223],[133.1561,45.1219],[133.1529,45.1227],[133.1492,45.1238],[133.1433,45.1256],[133.1427,45.1256]]}},{"type":"Feature","properties":{"name":"Кабарга"},"geometry":{"type":"LineString","coordinates":[[133.6404,45.3682],[133.6385,45.3683],[133.6366,45.3686],[133.6348,45.3681],[133.6331,45.3683],[133.6314,45.3685],[133.63,45.3696],[133.6315,45.3709],[133.6295,45.3714],[133.6292,45.373],[133.628,45.3742],[133.6262,45.3739],[133.6243,45.3728],[133.6229,45.3738],[133.6212,45.3752],[133.6197,45.3758],[133.6179,45.3768],[133.6173,45.3787],[133.6157,45.3796],[133.6137,45.3806],[133.6132,45.3822],[133.6117,45.3832],[133.6101,45.3842],[133.609,45.3858],[133.6096,45.3873],[133.6084,45.3886],[133.6096,45.3897],[133.6109,45.3908],[133.6092,45.3904],[133.6077,45.3915],[133.606,45.3914],[133.6054,45.3929],[133.6044,45.3942],[133.6037,45.3927],[133.6021,45.3927],[133.6004,45.3924],[133.5989,45.393],[133.5985,45.3914],[133.5969,45.3909],[133.5953,45.3911],[133.5942,45.3922],[133.5927,45.3928],[133.591,45.393],[133.5896,45.3938],[133.5881,45.3944],[133.5871,45.3958],[133.5854,45.396],[133.5839,45.395],[133.5821,45.3954],[133.5804,45.3956],[133.5787,45.3959],[133.5786,45.3976],[133.5785,45.3992],[133.5769,45.3993],[133.5753,45.3994],[133.5735,45.3988],[133.5719,45.3991],[133.5733,45.4003],[133.5709,45.4006],[133.5693,45.4],[133.5675,45.3998],[133.5655,45.3994],[133.5638,45.3993],[133.5622,45.3992],[133.5604,45.399],[133.5586,45.3993],[133.5568,45.4008],[133.5552,45.4009],[133.5537,45.4002],[133.5521,45.4008],[133.5506,45.4001],[133.5519,45.3989],[133.5523,45.3972],[133.5507,45.3967],[133.5491,45.3974],[133.5481,45.3961],[133.5496,45.3954],[133.5479,45.3954],[133.5462,45.395],[133.5445,45.395],[133.5429,45.3954],[133.541,45.3951],[133.5392,45.3949],[133.5378,45.3937],[133.5364,45.3948],[133.5346,45.3945],[133.5319,45.3948],[133.529,45.3944],[133.5275,45.3934],[133.5267,45.3953],[133.5251,45.3951],[133.5236,45.3961],[133.5221,45.3969],[133.5237,45.3978],[133.522,45.3981],[133.5201,45.3983],[133.5185,45.3983],[133.5166,45.3991],[133.5153,45.4001],[133.5139,45.3992],[133.5125,45.4005],[133.5112,45.4021],[133.5097,45.4027],[133.5076,45.4032],[133.5052,45.4032],[133.5023,45.4031],[133.5001,45.4033],[133.498,45.4036],[133.4962,45.4038],[133.4944,45.4039],[133.4925,45.4046],[133.4907,45.4046],[133.4894,45.4058],[133.4875,45.4059],[133.4859,45.4069],[133.4844,45.408],[133.4829,45.4071],[133.4822,45.4054],[133.4802,45.4058],[133.4789,45.4067],[133.4772,45.4064],[133.477,45.408],[133.4752,45.4077],[133.4743,45.4091],[133.4729,45.41],[133.4715,45.409],[133.4705,45.4103],[133.4694,45.409],[133.4677,45.4089],[133.466,45.4089],[133.4643,45.4081],[133.463,45.407],[133.4612,45.4077],[133.4603,45.4063],[133.4587,45.4071],[133.4572,45.4062],[133.4554,45.4057],[133.4536,45.4061],[133.4544,45.4075],[133.4527,45.4071],[133.4514,45.408],[133.4498,45.4075],[133.4479,45.4079],[133.4471,45.4065],[133.4454,45.4067],[133.4444,45.407]]}},{"type":"Feature","properties":{"name":null},"geometry":{"type":"LineString","coordinates":[[133.1633,45.0492],[133.162,45.0504],[133.1602,45.0509],[133.1585,45.0509],[133.1576,45.0526],[133.1559,45.0524],[133.155,45.0509],[133.1555,45.0493],[133.1537,45.0498],[133.1528,45.0516],[133.1527,45.0498],[133.1509,45.0502],[133.1504,45.052],[133.1486,45.0525],[133.1472,45.0505],[133.1456,45.0511],[133.1461,45.0528],[133.1466,45.0545],[133.1449,45.0557],[133.1433,45.055],[133.1435,45.0566],[133.1418,45.0568],[133.1408,45.0555],[133.1396,45.0565],[133.1378,45.0558],[133.1366,45.0572],[133.135,45.0591],[133.1328,45.0605],[133.1315,45.0615],[133.1298,45.0622],[133.1284,45.0632],[133.1304,45.0647],[133.132,45.065],[133.1339,45.0656],[133.1347,45.064],[133.1364,45.0653],[133.1368,45.067],[133.1395,45.0659],[133.141,45.0668],[133.1416,45.0688],[133.1408,45.0707],[133.1392,45.0729],[133.137,45.0735],[133.1353,45.0743],[133.1344,45.0739]]}},{"type":"Feature","properties":{"name":"Белая"},"geometry":{"type":"LineString","coordinates":[[133.2436,45.016],[133.2418,45.0161],[133.2407,45.0147],[133.2391,45.0151],[133.2377,45.0141],[133.2362,45.0129],[133.2344,45.0126],[133.2336,45.0111],[133.2323,45.0099],[133.2307,45.0095],[133.2308,45.0078],[133.2297,45.0066],[133.229,45.0051],[133.2275,45.0046],[133.2259,45.0055],[133.225,45.0041],[133.2234,45.0049],[133.2218,45.0054],[133.2203,45.0049],[133.2188,45.0054],[133.2172,45.0061],[133.2153,45.0059],[133.2137,45.0065],[133.2121,45.0071],[133.2103,45.0077],[133.2087,45.0084],[133.2069,45.0085],[133.2053,45.0081],[133.2038,45.0086],[133.2026,45.0098],[133.204,45.0109],[133.2024,45.0112],[133.2007,45.0106],[133.1995,45.0119],[133.1986,45.0132],[133.1974,45.0142],[133.1961,45.0154],[133.1944,45.0158],[133.1935,45.017],[133.1919,45.0177],[133.1902,45.0179],[133.1891,45.0191],[133.1874,45.019],[133.1858,45.0181],[133.1851,45.0197],[133.1865,45.0207],[133.1848,45.0202],[133.1832,45.0199],[133.1816,45.0203],[133.1817,45.0219],[133.1801,45.0215],[133.1784,45.0221],[133.1781,45.0237],[133.1791,45.025],[133.178,45.0264],[133.178,45.0282],[133.1764,45.0286],[133.1747,45.0282],[133.1736,45.0293],[133.1721,45.03],[133.1706,45.0305],[133.1688,45.0309],[133.1671,45.0307],[133.1655,45.0309],[133.1637,45.0308],[133.1623,45.0315],[133.1615,45.0329],[133.1595,45.0331],[133.1607,45.0347],[133.1603,45.0364],[133.1596,45.0349],[133.158,45.0355],[133.1575,45.0372],[133.1593,45.0382],[133.1608,45.0388],[133.1624,45.039],[133.1622,45.0406],[133.1606,45.04],[133.1603,45.0417],[133.1609,45.0435],[133.1629,45.0433],[133.1644,45.0423],[133.1651,45.044],[133.1634,45.0448],[133.1619,45.0458],[133.1614,45.0474],[133.1628,45.0486],[133.1633,45.0492]]}},{"type":"Feature","properties":{"name":"Songacha River"},"geometry":{"type":"LineString","coordinates":[[133.4157,45.5816],[133.4153,45.5829]]}},{"type":"Feature","properties":{"name":null},"geometry":{"type":"LineString","coordinates":[[133.5498,45.2614],[133.5482,45.2625]]}},{"type":"Feature","properties":{"name":null},"geometry":{"type":"LineString","coordinates":[[133.7641,45.9678],[133.7623,45.9686],[133.7603,45.9688],[133.7592,45.9675],[133.7597,45.966],[133.7607,45.9647],[133.7604,45.9631]]}},{"type":"Feature","properties":{"name":"Тамга"},"geometry":{"type":"LineString","coordinates":[[133.6488,45.5655],[133.6471,45.5645],[133.6454,45.5644],[133.6438,45.5647],[133.6421,45.5652],[133.6405,45.5652],[133.6388,45.5659],[133.637,45.5659],[133.6351,45.566],[133.6331,45.5657],[133.6315,45.5657],[133.6298,45.5658],[133.6282,45.5667],[133.6264,45.567],[133.6243,45.5675],[133.6226,45.5669],[133.6203,45.5672],[133.6189,45.568],[133.6172,45.5682],[133.6172,45.5699],[133.6155,45.5697],[133.614,45.5691],[133.6122,45.5692],[133.6105,45.569],[133.6084,45.5697],[133.6077,45.5696]]}},{"type":"Feature","properties":{"name":null},"geometry":{"type":"LineString","coordinates":[[133.5671,45.9774],[133.5649,45.9787],[133.5628,45.9819],[133.5626,45.9843],[133.5639,45.987],[133.5643,45.9886],[133.5647,45.9904],[133.566,45.9918],[133.5635,45.9938],[133.5628,45.9953],[133.565,45.9965],[133.5668,45.9966],[133.5684,45.9959],[133.5714,45.9953],[133.5735,45.9956],[133.5757,45.9966],[133.5773,45.9967],[133.5806,45.9957],[133.5819,45.9975],[133.5806,46.0],[133.5818,46.0023],[133.5839,46.0038],[133.5829,46.0052],[133.5799,46.0052],[133.5769,46.0026],[133.5751,46.0016],[133.5734,46.0015],[133.572,46.0025],[133.5744,46.0044],[133.5728,46.0058],[133.5707,46.0052],[133.5701,46.0073],[133.575,46.0083],[133.5752,46.01],[133.5727,46.0108],[133.572,46.0124],[133.5709,46.0137],[133.566,46.013],[133.5642,46.013],[133.5625,46.0137],[133.5616,46.0158],[133.5627,46.0203],[133.5618,46.0233],[133.5626,46.025],[133.5655,46.0253],[133.5679,46.0264],[133.5678,46.0287],[133.5651,46.0309],[133.5626,46.0317],[133.5605,46.0327],[133.5581,46.0331],[133.5547,46.0338],[133.5527,46.0346],[133.5504,46.0362],[133.5491,46.0376],[133.5501,46.0392],[133.5508,46.0406],[133.5526,46.0411],[133.5542,46.0409],[133.5558,46.0412],[133.5569,46.0398],[133.5586,46.04],[133.5602,46.0405],[133.5619,46.0408],[133.5634,46.0419],[133.5631,46.0435],[133.5642,46.0448],[133.5633,46.0454]]}},{"type":"Feature","properties":{"name":"Бобяковая"},"geometry":{"type":"LineString","coordinates":[[133.4641,45.1653],[133.4657,45.165],[133.4674,45.1654],[133.4688,45.1662],[133.4705,45.1663],[133.4722,45.1665],[133.4738,45.1668],[133.4754,45.1661],[133.4771,45.166],[133.4787,45.1662],[133.4804,45.1665],[133.4824,45.1668],[133.4855,45.1671],[133.4889,45.1674],[133.4916,45.1676],[133.4933,45.168],[133.495,45.1684],[133.4966,45.1689],[133.4984,45.1694],[133.5015,45.1703],[133.5041,45.1711],[133.5058,45.1716],[133.5091,45.1725],[133.5107,45.173],[133.5134,45.1755],[133.5147,45.1766],[133.5145,45.1783],[133.5151,45.1802],[133.5161,45.1819],[133.517,45.1837],[133.5181,45.1856],[133.5195,45.1879],[133.5209,45.1889],[133.5228,45.1888],[133.525,45.1886],[133.5273,45.189],[133.5293,45.19],[133.53,45.1915],[133.5315,45.1923],[133.5318,45.1942],[133.5312,45.1958],[133.5322,45.1971],[133.5336,45.1981],[133.5353,45.1987],[133.537,45.1981],[133.5383,45.1972],[133.5399,45.1965],[133.5419,45.1967],[133.5436,45.1966],[133.5422,45.1982],[133.5407,45.1991],[133.5396,45.2006],[133.541,45.2014],[133.5407,45.2031],[133.5406,45.2047],[133.5392,45.206],[133.5391,45.2076],[133.5386,45.2093],[133.5386,45.2112],[133.5391,45.2129],[133.5401,45.2142]]}},{"type":"Feature","properties":{"name":"Сорочевка"},"geometry":{"type":"LineString","coordinates":[[133.0795,44.7812],[133.0782,44.7823],[133.0764,44.783],[133.0757,44.7844],[133.0741,44.7854],[133.0725,44.7866],[133.0715,44.7879],[133.0698,44.7879],[133.0681,44.7881],[133.0686,44.7897],[133.0694,44.791],[133.0711,44.7912],[133.0702,44.7926],[133.0687,44.7933],[133.0676,44.7946],[133.0661,44.7951],[133.0643,44.7948],[133.0629,44.7959],[133.0613,44.7964],[133.0599,44.7972],[133.0594,44.7987],[133.0595,44.8004],[133.0609,44.8013],[133.0623,44.8019],[133.0631,44.8034],[133.0648,44.8031],[133.0658,44.8045],[133.0646,44.8055],[133.0653,44.807],[133.0672,44.8075],[133.0683,44.8087],[133.0698,44.81],[133.07,44.8118],[133.0685,44.8142],[133.067,44.8151],[133.0652,44.8155],[133.0658,44.8172],[133.0672,44.8181],[133.0681,44.8195],[133.0663,44.8201],[133.0675,44.8213],[133.0663,44.8224],[133.0647,44.8231],[133.0635,44.8242],[133.0627,44.8257],[133.0609,44.826],[133.0595,44.8269],[133.0581,44.8278],[133.057,44.8291],[133.0553,44.8292],[133.0538,44.8299],[133.0544,44.8314],[133.0555,44.8327],[133.0565,44.8339],[133.0551,44.8348],[133.0543,44.8363],[133.0529,44.8374],[133.0518,44.8386],[133.0502,44.8391],[133.0505,44.8409],[133.0513,44.8426],[133.0512,44.8442],[133.051,44.8462],[133.0498,44.8473],[133.05,44.8489],[133.0489,44.8503],[133.0473,44.8511],[133.047,44.8527],[133.0449,44.8551],[133.0436,44.8569],[133.0426,44.8583],[133.0414,44.8601],[133.04,44.8619],[133.0379,44.8641],[133.0363,44.8659],[133.0347,44.8675],[133.034,44.8718],[133.0336,44.8745],[133.0327,44.8779],[133.0312,44.8813],[133.0303,44.8833],[133.0293,44.8857],[133.0286,44.8879],[133.0283,44.8901],[133.0274,44.8917],[133.0256,44.893],[133.0241,44.8936],[133.0221,44.8938],[133.0205,44.8944],[133.0192,44.8943]]}},{"type":"Feature","properties":{"name":"Быстрая"},"geometry":{"type":"LineString","coordinates":[[133.8517,45.2028],[133.8535,45.2024],[133.8551,45.2021],[133.857,45.202],[133.8586,45.202],[133.8607,45.2018],[133.8623,45.2014],[133.8641,45.2003],[133.8655,45.1986],[133.8663,45.1972],[133.8667,45.1952],[133.868,45.1937],[133.8685,45.1919],[133.87,45.1903],[133.8709,45.1889],[133.8716,45.1872],[133.8731,45.1856],[133.8747,45.1847],[133.8763,45.184],[133.8784,45.1836],[133.8804,45.1831],[133.882,45.1836],[133.8835,45.1842],[133.8851,45.1842],[133.887,45.1832],[133.8889,45.1829],[133.8909,45.1824],[133.8925,45.1821],[133.8942,45.1817],[133.8959,45.1815],[133.898,45.1824],[133.9002,45.1834],[133.9024,45.1842],[133.9037,45.1858],[133.9054,45.1861],[133.9065,45.1876],[133.9078,45.1887],[133.9093,45.1899],[133.911,45.1905],[133.9125,45.1913],[133.9138,45.1922],[133.9155,45.1924],[133.9173,45.1923],[133.919,45.1926],[133.9211,45.1925],[133.9229,45.1922],[133.9245,45.1915],[133.9263,45.1917],[133.9278,45.1925],[133.9291,45.1938],[133.9307,45.1942],[133.9332,45.1939],[133.9349,45.1935],[133.9369,45.1938],[133.939,45.1945],[133.9418,45.1942],[133.9445,45.1935],[133.9461,45.1931],[133.9492,45.1921],[133.9526,45.1917],[133.9545,45.1917],[133.9575,45.1912],[133.9602,45.1903],[133.962,45.1896],[133.9671,45.1866],[133.9701,45.1854],[133.9739,45.1841],[133.9756,45.1834],[133.977,45.1821],[133.9793,45.1808],[133.9816,45.1805],[133.9838,45.1804],[133.9858,45.1805],[133.9894,45.1804],[133.9911,45.1805],[133.9928,45.1805],[133.9944,45.1803],[133.9967,45.1797],[133.9984,45.1791],[134.001,45.1777],[134.0026,45.1769],[134.0056,45.176],[134.0074,45.1755],[134.0104,45.175],[134.0132,45.1748],[134.0167,45.1747],[134.0197,45.1747],[134.0218,45.1746],[134.0244,45.174],[134.0264,45.1733],[134.0291,45.1721],[134.0314,45.1716],[134.0332,45.1715],[134.0351,45.1715],[134.0377,45.1715],[134.0408,45.1716],[134.0426,45.1717],[134.0445,45.1722],[134.046,45.1728],[134.0476,45.1722],[134.0492,45.1717],[134.0503,45.1728],[134.0508,45.1746],[134.0518,45.1759],[134.0532,45.1768],[134.0545,45.1779],[134.0553,45.1794],[134.0567,45.1803],[134.0588,45.1807],[134.0604,45.1804],[134.062,45.1804],[134.0636,45.1812],[134.0648,45.1823],[134.0663,45.1818],[134.0679,45.1819],[134.0693,45.1829],[134.0705,45.1841],[134.072,45.1853],[134.0737,45.186],[134.0753,45.1866],[134.0758,45.1881],[134.0752,45.1896],[134.0757,45.1913],[134.0766,45.1927],[134.0779,45.1937],[134.0798,45.1942],[134.0808,45.1955],[134.0824,45.1955],[134.084,45.1959],[134.0854,45.1968],[134.0868,45.1976],[134.0881,45.1986],[134.0898,45.1988],[134.0914,45.1994],[134.0928,45.2004],[134.0925,45.2024],[134.0928,45.2043],[134.0937,45.206],[134.0925,45.2078],[134.0939,45.2087],[134.0938,45.2105],[134.0922,45.2107],[134.0936,45.2116],[134.092,45.2118],[134.0931,45.213],[134.0942,45.2141],[134.0934,45.2155],[134.0929,45.2171],[134.0939,45.2185],[134.0936,45.2201],[134.0953,45.2204],[134.0961,45.2219],[134.0975,45.2236],[134.0983,45.2263],[134.0984,45.2279],[134.0998,45.2292],[134.1016,45.2295],[134.1028,45.2283],[134.1044,45.2287],[134.103,45.2296],[134.1028,45.2313],[134.1026,45.2329],[134.1039,45.2341],[134.1055,45.2345],[134.1068,45.2355],[134.1053,45.2365],[134.1068,45.237],[134.1078,45.2383],[134.1092,45.2391],[134.1103,45.2405],[134.1118,45.2415],[134.1132,45.2423],[134.1136,45.2406],[134.1154,45.2411],[134.1166,45.2422],[134.1183,45.2419],[134.1198,45.2428],[134.1211,45.2439],[134.1219,45.2454],[134.1234,45.2461],[134.1228,45.2476],[134.1246,45.2479],[134.1263,45.2483],[134.1272,45.2468],[134.1289,45.2468],[134.1306,45.247],[134.1319,45.2486],[134.1332,45.2494],[134.1349,45.2492],[134.1363,45.2499],[134.1378,45.2508],[134.1378,45.2525],[134.1392,45.2532],[134.1386,45.2547],[134.1399,45.2557],[134.1403,45.2575],[134.1409,45.2591],[134.1424,45.2601],[134.1433,45.2615],[134.1447,45.2624],[134.1447,45.2641],[134.1455,45.2655],[134.1439,45.266],[134.1446,45.2675],[134.1445,45.2691],[134.1462,45.2691],[134.1477,45.2698],[134.1492,45.2705],[134.1501,45.2719],[134.1517,45.2722],[134.1533,45.2726],[134.1549,45.2733],[134.1567,45.2745],[134.1583,45.2754],[134.16,45.2755],[134.1585,45.2763],[134.1582,45.2779],[134.1597,45.2774],[134.1613,45.2777],[134.1623,45.279],[134.1639,45.2801],[134.165,45.28]]}},{"type":"Feature","properties":{"name":"Ussuri River"},"geometry":{"type":"LineString","coordinates":[[133.5783,44.8543],[133.5764,44.8549],[133.575,44.8568],[133.5731,44.8587],[133.5721,44.8605],[133.5716,44.8627],[133.571,44.8642],[133.5706,44.8664],[133.572,44.8673],[133.5747,44.8679],[133.5771,44.8693],[133.5802,44.869],[133.5819,44.8691],[133.5843,44.8696],[133.586,44.8708],[133.5875,44.8722],[133.5868,44.8744],[133.5856,44.8779],[133.5848,44.8814],[133.5839,44.883],[133.5828,44.8864],[133.5818,44.8881],[133.58,44.8911]]}},{"type":"Feature","properties":{"name":null},"geometry":{"type":"LineString","coordinates":[[133.3306,44.9077],[133.3315,44.9087]]}},{"type":"Feature","properties":{"name":null},"geometry":{"type":"LineString","coordinates":[[133.33,44.9073],[133.3312,44.9084],[133.3315,44.9087]]}},{"type":"Feature","properties":{"name":"Ussuri River"},"geometry":{"type":"LineString","coordinates":[[133.6737,44.7501],[133.6727,44.7514],[133.6684,44.7522],[133.6654,44.7519],[133.6632,44.7498],[133.6614,44.7491],[133.6586,44.7491],[133.6577,44.7509],[133.6598,44.7536],[133.662,44.7548],[133.6651,44.7555],[133.6669,44.7568],[133.6666,44.759],[133.6635,44.7597],[133.6585,44.7617],[133.6542,44.7605],[133.6523,44.7607],[133.6494,44.7607],[133.6468,44.762],[133.6484,44.7655],[133.6471,44.7676],[133.647,44.7708],[133.6455,44.7718],[133.6456,44.7738],[133.6449,44.7756],[133.642,44.7764],[133.6403,44.7759],[133.6381,44.7749],[133.6359,44.7748],[133.6344,44.7755],[133.6339,44.7777],[133.6363,44.779],[133.6381,44.7804],[133.6407,44.7817],[133.6419,44.7835],[133.6418,44.7852],[133.6423,44.7894],[133.6445,44.7901],[133.6442,44.7924],[133.6454,44.7943],[133.6447,44.7967],[133.6446,44.7996],[133.6422,44.8042],[133.6403,44.8056],[133.6392,44.8061]]}},{"type":"Feature","properties":{"name":null},"geometry":{"type":"LineString","coordinates":[[133.409,46.0372],[133.4106,46.0371],[133.4122,46.0365],[133.4138,46.037],[133.4137,46.0387],[133.4156,46.0388],[133.4175,46.0381],[133.419,46.0372],[133.4198,46.0358],[133.4214,46.0359],[133.4231,46.0362],[133.4211,46.0348],[133.4195,46.0344],[133.4209,46.0332],[133.4225,46.0338],[133.4223,46.0326]]}},{"type":"Feature","properties":{"name":"Ussuri River"},"geometry":{"type":"LineString","coordinates":[[133.4237,45.4411],[133.4189,45.443],[133.415,45.4435]]}},{"type":"Feature","properties":{"name":"Ussuri River"},"geometry":{"type":"LineString","coordinates":[[133.4372,45.4488],[133.4351,45.4485],[133.4351,45.4455],[133.4344,45.4424],[133.4325,45.4414],[133.4303,45.4408],[133.4284,45.4408],[133.4237,45.4411]]}},{"type":"Feature","properties":{"name":"Ussuri River"},"geometry":{"type":"LineString","coordinates":[[133.3695,45.4848],[133.3757,45.4891],[133.3853,45.4942],[133.3883,45.4949],[133.3919,45.4948],[133.3962,45.4934],[133.3987,45.4907],[133.4018,45.4887],[133.4065,45.4883],[133.4111,45.4883],[133.4132,45.4885],[133.4163,45.4898],[133.4195,45.4926],[133.4201,45.4953],[133.4184,45.4984],[133.4125,45.5011],[133.4104,45.5031],[133.4093,45.5083],[133.4069,45.5122],[133.4016,45.5157],[133.3937,45.5181],[133.3922,45.5195],[133.3918,45.523]]}},{"type":"Feature","properties":{"name":"Уссури"},"geometry":{"type":"LineString","coordinates":[[133.4144,45.5312],[133.4132,45.533],[133.4108,45.5351],[133.4083,45.5379]]}},{"type":"Feature","properties":{"name":"Ussuri River"},"geometry":{"type":"LineString","coordinates":[[133.415,45.4435],[133.4096,45.4442],[133.4068,45.4455],[133.4056,45.4471],[133.4058,45.4517],[133.4054,45.4557],[133.4001,45.4562],[133.3948,45.4577],[133.3882,45.461],[133.3809,45.4635],[133.3706,45.4685],[133.3667,45.4696],[133.3648,45.4713],[133.3643,45.475],[133.3657,45.4792],[133.3679,45.4817],[133.3695,45.4848]]}},{"type":"Feature","properties":{"name":"Ussuri River"},"geometry":{"type":"LineString","coordinates":[[133.5765,45.2146],[133.5779,45.2158],[133.5797,45.2167],[133.5848,45.2185],[133.5869,45.2207],[133.5872,45.2226],[133.5861,45.2239],[133.5845,45.2249],[133.582,45.2253],[133.5786,45.2251],[133.5744,45.2254],[133.5711,45.2276],[133.5704,45.2304],[133.5719,45.2317],[133.5737,45.2323],[133.5761,45.2328],[133.5785,45.2326],[133.5815,45.2322],[133.5835,45.2324],[133.5863,45.2333],[133.5877,45.2342],[133.5891,45.236],[133.5896,45.2379],[133.5888,45.2397],[133.5851,45.2423],[133.5831,45.2456],[133.5804,45.2466],[133.5784,45.2469],[133.5764,45.2467],[133.5744,45.2463],[133.5726,45.2449],[133.5721,45.2433],[133.5706,45.2404],[133.5671,45.2394],[133.5654,45.24],[133.5634,45.2406],[133.5619,45.2417],[133.5605,45.2431],[133.5596,45.2468],[133.5587,45.2507],[133.5574,45.2525],[133.5544,45.2544],[133.5528,45.2557],[133.5506,45.2581],[133.5486,45.2596],[133.5452,45.2609],[133.5414,45.2615],[133.5375,45.2619],[133.532,45.2593],[133.5273,45.2551],[133.5238,45.2537],[133.5186,45.2523],[133.512,45.2502],[133.5081,45.2504],[133.5056,45.2513],[133.5043,45.2519]]}},{"type":"Feature","properties":{"name":"Ussuri River"},"geometry":{"type":"LineString","coordinates":[[133.5034,45.2524],[133.5017,45.2543],[133.4972,45.2593],[133.4939,45.2615],[133.4904,45.2623],[133.4875,45.2634],[133.4862,45.2645],[133.4843,45.2675],[133.4851,45.2694],[133.4868,45.2709],[133.4883,45.2714],[133.4961,45.2721],[133.5004,45.2736],[133.5024,45.2743],[133.5048,45.275],[133.5057,45.2775],[133.5042,45.2808],[133.502,45.2834],[133.5006,45.2861],[133.5021,45.2909],[133.5001,45.2945],[133.4982,45.2985],[133.496,45.3031],[133.4905,45.3078],[133.4906,45.3109],[133.4892,45.3134],[133.4858,45.318],[133.4816,45.3231],[133.4791,45.325],[133.4771,45.328],[133.4767,45.3318],[133.479,45.3343],[133.4822,45.336],[133.4853,45.3368],[133.4878,45.3385],[133.4889,45.3408],[133.4881,45.3437],[133.4862,45.3454],[133.4838,45.3465],[133.48,45.3465],[133.4683,45.3401],[133.4637,45.3397],[133.4596,45.3407],[133.4567,45.3432],[133.4577,45.347],[133.462,45.3514],[133.4635,45.3531],[133.464,45.3554],[133.4634,45.3575],[133.4608,45.3588],[133.4566,45.359],[133.4529,45.3574],[133.4507,45.355],[133.4487,45.3533],[133.4463,45.3526],[133.4434,45.3528],[133.4409,45.3536],[133.4388,45.355],[133.4373,45.3587],[133.4378,45.3604],[133.4403,45.3637],[133.4432,45.3666],[133.4457,45.3696],[133.4461,45.3723],[133.445,45.3743],[133.4422,45.3754],[133.4387,45.3759],[133.436,45.3765],[133.4339,45.3778],[133.4327,45.3803],[133.4337,45.3816],[133.437,45.3823],[133.4397,45.3824],[133.4432,45.3817],[133.4463,45.3823],[133.4497,45.3836],[133.4525,45.3853],[133.4539,45.3872],[133.4544,45.3889],[133.455,45.3907],[133.4546,45.3927],[133.4538,45.3944],[133.4521,45.3964],[133.4505,45.3975],[133.4483,45.3979],[133.4451,45.3973],[133.4431,45.3951],[133.4411,45.3943],[133.4378,45.3946],[133.4357,45.3955],[133.4348,45.3968],[133.4354,45.4004],[133.4376,45.4022],[133.4428,45.4038],[133.4441,45.4054],[133.4444,45.407]]}},{"type":"Feature","properties":{"name":null},"geometry":{"type":"LineString","coordinates":[[133.5765,45.2146],[133.575,45.2152],[133.5731,45.2154],[133.5714,45.2155],[133.5691,45.2154],[133.5676,45.2158],[133.5658,45.2165],[133.5637,45.2166],[133.562,45.217],[133.5607,45.2158],[133.5589,45.2152],[133.557,45.2152],[133.5539,45.2161],[133.552,45.2166],[133.5501,45.2164],[133.5485,45.2156],[133.547,45.2141],[133.5461,45.2122],[133.5451,45.2106],[133.5427,45.211],[133.541,45.2118],[133.5402,45.2138],[133.5401,45.2142]]}},{"type":"Feature","properties":{"name":null},"geometry":{"type":"LineString","coordinates":[[133.1427,45.1256],[133.1399,45.1267],[133.138,45.1267],[133.1361,45.1265],[133.1339,45.1269],[133.1338,45.1287],[133.1356,45.1296],[133.138,45.1297],[133.141,45.1288],[133.1425,45.1294],[133.1417,45.1312],[133.1401,45.1323],[133.1405,45.1339],[133.1391,45.1352],[133.1357,45.135],[133.1341,45.135],[133.1318,45.1361],[133.1331,45.1381]]}},{"type":"Feature","properties":{"name":"Ussuri River"},"geometry":{"type":"LineString","coordinates":[[133.4444,45.407],[133.4418,45.4087],[133.4391,45.4088],[133.4356,45.4097],[133.433,45.4116],[133.4318,45.4137],[133.4322,45.4162],[133.4338,45.4178],[133.4345,45.4194],[133.433,45.4236],[133.4306,45.4254]]}},{"type":"Feature","properties":{"name":null},"geometry":{"type":"LineString","coordinates":[[133.4753,45.9195],[133.4747,45.9212],[133.4674,45.9227],[133.4633,45.9219],[133.4527,45.9199],[133.4363,45.9167],[133.4338,45.9229],[133.4337,45.934],[133.4332,45.9362],[133.4291,45.9397],[133.4255,45.9513],[133.4252,45.9568],[133.4241,45.9632],[133.4168,45.975],[133.4147,45.9794],[133.409,45.9881],[133.4031,45.9985],[133.3925,46.0148],[133.3866,46.024],[133.3825,46.0291]]}},{"type":"Feature","properties":{"name":null},"geometry":{"type":"LineString","coordinates":[[133.6694,45.9537],[133.6665,45.9547],[133.6641,45.9563],[133.663,45.9577],[133.6631,45.9601],[133.6655,45.9617],[133.6693,45.9621],[133.6707,45.963],[133.671,45.9675],[133.6722,45.9692],[133.6742,45.9707]]}},{"type":"Feature","properties":{"name":"新河总干渠"},"geometry":{"type":"LineString","coordinates":[[133.2275,45.9171],[133.2269,45.9078],[133.2248,45.8858],[133.2261,45.8768],[133.2404,45.8645],[133.2493,45.8567],[133.2658,45.8425],[133.2692,45.8397],[133.2724,45.8355],[133.2736,45.8342],[133.2793,45.8196],[133.2798,45.8121],[133.2765,45.8067],[133.2768,45.7748],[133.2777,45.7578],[133.2661,45.7541],[133.2609,45.7501],[133.247,45.7495],[133.2431,45.7501],[133.2394,45.7499],[133.236,45.7473],[133.229,45.7465],[133.2271,45.7196],[133.2283,45.7081],[133.2296,45.6965],[133.223,45.6748],[133.1827,45.6418],[133.1634,45.626],[133.148,45.6133],[133.071,45.5369],[133.0619,45.5282],[133.0613,45.5265],[133.0542,45.5196],[133.0344,45.4999],[133.0323,45.499],[133.0161,45.3974],[133.0135,45.3809],[133.0118,45.3704],[132.8958,45.3676],[132.881,45.3566],[132.8709,45.3605],[132.8645,45.3567],[132.861,45.3545]]}},{"type":"Feature","properties":{"name":"第一排干"},"geometry":{"type":"LineString","coordinates":[[132.6829,45.5741],[132.7062,45.5733],[132.7228,45.5557],[132.7323,45.5456],[132.7471,45.5301],[132.7596,45.5241],[132.774,45.5229],[132.7907,45.5213],[132.8253,45.5182],[132.8828,45.513],[132.9063,45.5108],[132.9086,45.5106],[132.9119,45.5092],[132.9139,45.5092],[132.9159,45.509],[132.9202,45.5088],[132.9229,45.5093],[132.9586,45.5059],[133.0316,45.4992],[133.0571,45.5235],[133.061,45.5272]]}},{"type":"Feature","properties":{"name":null},"geometry":{"type":"LineString","coordinates":[[133.052,45.5318],[133.061,45.5272],[133.0661,45.5246],[133.08,45.5175],[133.1108,45.5111],[133.126,45.508],[133.1381,45.5057],[133.1419,45.5047],[133.1701,45.4989],[133.179,45.497],[133.1807,45.4979],[133.1835,45.498]]}},{"type":"Feature","properties":{"name":null},"geometry":{"type":"LineString","coordinates":[[133.2723,45.8349],[133.2731,45.8359]]}},{"type":"Feature","properties":{"name":null},"geometry":{"type":"LineString","coordinates":[[133.2,45.5246],[133.1821,45.5213],[133.1756,45.5344]]}},{"type":"Feature","properties":{"name":null},"geometry":{"type":"LineString","coordinates":[[133.6077,45.5696],[133.6063,45.5688],[133.6054,45.5673],[133.604,45.5664],[133.6024,45.5658],[133.6009,45.5663],[133.6002,45.5648],[133.5983,45.5627],[133.5969,45.5619],[133.5954,45.5626],[133.5938,45.5619],[133.5924,45.5608],[133.5914,45.5595],[133.5908,45.5577],[133.5892,45.5571],[133.5876,45.5565],[133.5861,45.5573],[133.5843,45.5572],[133.5833,45.5584],[133.5814,45.5575],[133.5807,45.556],[133.5791,45.5567],[133.5787,45.5551],[133.5772,45.5558],[133.5755,45.5559],[133.5759,45.5543],[133.5742,45.5542],[133.5724,45.5541],[133.5708,45.5537],[133.5697,45.5549],[133.568,45.5547],[133.5666,45.5554],[133.5649,45.5551],[133.5661,45.5539],[133.5648,45.5529],[133.5636,45.5519],[133.5621,45.551],[133.5604,45.5513],[133.5592,45.5524],[133.5585,45.5538],[133.5572,45.5527],[133.5555,45.552],[133.5545,45.5507],[133.553,45.5498],[133.5514,45.5498],[133.5492,45.5497],[133.5479,45.5487],[133.5464,45.5492],[133.5453,45.5479],[133.5437,45.5477],[133.5421,45.5473],[133.5403,45.547],[133.5388,45.5476],[133.5371,45.5479],[133.5353,45.5474],[133.5348,45.5459],[133.533,45.5461],[133.5324,45.5476],[133.5308,45.5471],[133.5292,45.5469],[133.5276,45.5463],[133.5259,45.5458],[133.5247,45.5447],[133.523,45.5447],[133.5225,45.5463],[133.521,45.5458],[133.5193,45.5459],[133.5183,45.5472],[133.5168,45.5479],[133.5156,45.5495],[133.5143,45.5505],[133.5136,45.552],[133.5138,45.5529]]}},{"type":"Feature","properties":{"name":null},"geometry":{"type":"LineString","coordinates":[[132.0034,45.252],[132.1688,45.2148],[132.2824,45.1891],[132.4457,45.1521],[132.5794,45.1218]]}},{"type":"Feature","properties":{"name":null},"geometry":{"type":"LineString","coordinates":[[132.026,45.1019],[132.0312,45.1007],[132.1627,45.0683],[132.3189,45.0298],[132.4226,45.0042]]}},{"type":"Feature","properties":{"name":null},"geometry":{"type":"LineString","coordinates":[[132.3344,44.6039],[132.3326,44.6685],[132.3305,44.7402],[132.3468,44.7838],[132.351,44.795],[132.3627,44.8275],[132.39,44.9081],[132.4226,45.0042],[132.505,45.0762],[132.5794,45.1218]]}},{"type":"Feature","properties":{"name":null},"geometry":{"type":"LineString","coordinates":[[133.722,45.406],[133.7202,45.4062],[133.7185,45.4071],[133.7172,45.406],[133.7155,45.4062],[133.714,45.4068],[133.7126,45.4059],[133.7112,45.4066],[133.7096,45.4065],[133.708,45.406],[133.7077,45.4043],[133.7063,45.4033],[133.7049,45.4025],[133.7033,45.4019],[133.7022,45.4006],[133.7008,45.3997],[133.6992,45.4002],[133.6987,45.3986],[133.6971,45.3989],[133.6958,45.3999],[133.6942,45.3998],[133.6931,45.3985],[133.6916,45.3992],[133.6909,45.3977],[133.6892,45.3978],[133.6882,45.3966],[133.6866,45.396],[133.6849,45.3954],[133.6833,45.3952],[133.6823,45.3965],[133.6806,45.396],[133.6788,45.3957],[133.6771,45.3958],[133.6755,45.3956],[133.6739,45.3953],[133.6731,45.3939],[133.6715,45.3931],[133.67,45.3921],[133.6694,45.3905],[133.6705,45.3893],[133.6689,45.3893],[133.6676,45.3884],[133.666,45.3881],[133.6654,45.3866],[133.6639,45.3871],[133.6636,45.3855],[133.662,45.3852],[133.6603,45.385],[133.6591,45.3862],[133.6596,45.3846],[133.6578,45.3839],[133.6567,45.3827],[133.6551,45.3827],[133.6538,45.3815],[133.6522,45.3809],[133.6506,45.3814],[133.6502,45.3797],[133.6486,45.3791],[133.6484,45.3775],[133.6469,45.3769],[133.6481,45.3758],[133.6469,45.3747],[133.646,45.3732],[133.6461,45.3715],[133.6443,45.3711],[133.6428,45.3707],[133.6412,45.3699],[133.6404,45.3685],[133.6404,45.3682]]}},{"type":"Feature","properties":{"name":null},"geometry":{"type":"LineString","coordinates":[[133.6543,45.8902],[133.6522,45.8898],[133.6505,45.8897],[133.6502,45.888],[133.6486,45.8879],[133.6479,45.8861],[133.6469,45.8848],[133.6452,45.8837],[133.6465,45.8825],[133.6444,45.8826],[133.6423,45.8823],[133.6405,45.8819],[133.6388,45.8818],[133.6366,45.8815]]}},{"type":"Feature","properties":{"name":null},"geometry":{"type":"LineString","coordinates":[[133.6405,45.8558],[133.6389,45.8561],[133.6379,45.8574],[133.638,45.8592],[133.639,45.8605],[133.6385,45.8623],[133.6369,45.8631],[133.6352,45.8629],[133.6334,45.8633],[133.632,45.8643],[133.6334,45.8657],[133.6322,45.8668],[133.6315,45.8685],[133.632,45.8705],[133.6337,45.871],[133.6366,45.872],[133.6369,45.874],[133.6361,45.8758],[133.6376,45.8765],[133.6383,45.8781],[133.6389,45.8796],[133.6369,45.8813],[133.6366,45.8815]]}},{"type":"Feature","properties":{"name":null},"geometry":{"type":"LineString","coordinates":[[133.4627,45.8236],[133.4652,45.8232],[133.4703,45.8214],[133.4726,45.82],[133.4727,45.8183],[133.4716,45.8153],[133.4721,45.8138],[133.473,45.8123],[133.4739,45.8138],[133.4753,45.8127],[133.477,45.8135],[133.4789,45.8136],[133.4803,45.815],[133.4821,45.8153],[133.4836,45.8143],[133.4861,45.8144],[133.4877,45.8158],[133.4893,45.8172],[133.4906,45.8191],[133.492,45.8207],[133.493,45.822],[133.494,45.8236]]}},{"type":"Feature","properties":{"name":null},"geometry":{"type":"LineString","coordinates":[[133.5131,45.6543],[133.5111,45.6535],[133.5097,45.6528],[133.5093,45.6544],[133.5085,45.6559],[133.5078,45.6545],[133.5061,45.6547],[133.5044,45.6551],[133.503,45.6559],[133.5034,45.6544],[133.5016,45.6547],[133.5001,45.6551],[133.5001,45.6535],[133.4982,45.6542],[133.4971,45.6555],[133.4974,45.6573],[133.4958,45.6573],[133.4973,45.6585],[133.4988,45.6591],[133.499,45.6608],[133.4981,45.6628],[133.4955,45.6646],[133.4923,45.6661],[133.4899,45.6663],[133.4881,45.6664],[133.4871,45.6685],[133.4859,45.6713],[133.4848,45.6725],[133.4823,45.6732]]}},{"type":"Feature","properties":{"name":null},"geometry":{"type":"LineString","coordinates":[[133.792,45.8764],[133.7897,45.8798],[133.7849,45.8833],[133.7874,45.8881],[133.7859,45.8916],[133.7872,45.8967],[133.7855,45.8984],[133.785,45.9011],[133.7831,45.9027],[133.7842,45.9047],[133.7826,45.9054],[133.7818,45.9072],[133.7812,45.909],[133.7801,45.9103],[133.7799,45.9123],[133.7789,45.914],[133.7768,45.9154],[133.7782,45.9163],[133.7763,45.9172],[133.7797,45.9188],[133.7817,45.9182],[133.7838,45.9192],[133.7856,45.9193],[133.7871,45.92],[133.7888,45.9203],[133.7898,45.9201]]}},{"type":"Feature","properties":{"name":null},"geometry":{"type":"LineString","coordinates":[[133.7366,45.9199],[133.7345,45.9199],[133.7327,45.9195],[133.731,45.9191],[133.7302,45.9206],[133.7311,45.922],[133.7303,45.9236],[133.7284,45.9242],[133.7268,45.925],[133.7268,45.9267],[133.7278,45.9281],[133.7281,45.9292]]}},{"type":"Feature","properties":{"name":null},"geometry":{"type":"LineString","coordinates":[[133.7134,45.9339],[133.7133,45.9339]]}},{"type":"Feature","properties":{"name":null},"geometry":{"type":"LineString","coordinates":[[133.7138,45.9339],[133.7134,45.9339]]}},{"type":"Feature","properties":{"name":null},"geometry":{"type":"LineString","coordinates":[[133.7148,45.9335],[133.7138,45.9339]]}},{"type":"Feature","properties":{"name":null},"geometry":{"type":"LineString","coordinates":[[133.7148,45.9332],[133.7148,45.9335]]}},{"type":"Feature","properties":{"name":null},"geometry":{"type":"LineString","coordinates":[[133.7281,45.9292],[133.7257,45.9293],[133.7239,45.9293],[133.7217,45.9298],[133.7196,45.9301],[133.7178,45.9305],[133.7168,45.932],[133.715,45.9327],[133.7148,45.9332]]}},{"type":"Feature","properties":{"name":"西地河"},"geometry":{"type":"LineString","coordinates":[[132.5496,45.4729],[132.554,45.4682],[132.5586,45.4639],[132.5592,45.4593],[132.5594,45.452],[132.5595,45.4478],[132.5602,45.4402],[132.5606,45.4371],[132.563,45.4336],[132.567,45.427],[132.5713,45.4204],[132.5757,45.4134],[132.5798,45.4067],[132.5833,45.4012],[132.5872,45.3943],[132.5904,45.3885],[132.5937,45.3826],[132.5967,45.3772],[132.5993,45.3728],[132.6011,45.3697],[132.6023,45.3675],[132.6021,45.3659],[132.5995,45.3594],[132.5974,45.3544]]}},{"type":"Feature","properties":{"name":null},"geometry":{"type":"LineString","coordinates":[[132.4744,45.67],[132.4745,45.6684],[132.4731,45.6666]]}},{"type":"Feature","properties":{"name":null},"geometry":{"type":"LineString","coordinates":[[133.5813,44.8543],[133.5811,44.854]]}},{"type":"Feature","properties":{"name":null},"geometry":{"type":"LineString","coordinates":[[133.5932,44.8832],[133.5917,44.8825],[133.5901,44.8835],[133.5899,44.8853],[133.5916,44.8862],[133.5934,44.8868],[133.5941,44.8869]]}},{"type":"Feature","properties":{"name":null},"geometry":{"type":"LineString","coordinates":[[133.5934,44.8834],[133.5921,44.8847],[133.5934,44.886],[133.5941,44.8869]]}},{"type":"Feature","properties":{"name":null},"geometry":{"type":"LineString","coordinates":[[133.173,45.0496],[133.1718,45.0506],[133.1698,45.051],[133.1709,45.0493],[133.1693,45.0479],[133.1677,45.0482],[133.1681,45.05],[133.1666,45.0491],[133.1652,45.0483],[133.1644,45.0497],[133.1633,45.0492]]}},{"type":"Feature","properties":{"name":null},"geometry":{"type":"LineString","coordinates":[[133.352,44.9228],[133.3519,44.9245],[133.3504,44.9251],[133.3506,44.9267],[133.3507,44.9283],[133.3519,44.9294],[133.3513,44.931],[133.3519,44.9325],[133.3522,44.9341],[133.3533,44.9354],[133.3528,44.9369],[133.3519,44.9383],[133.3504,44.9394],[133.3513,44.9408],[133.3499,44.942],[133.349,44.9435],[133.3488,44.9453],[133.3472,44.9461],[133.3469,44.9478],[133.3469,44.9482]]}},{"type":"Feature","properties":{"name":null},"geometry":{"type":"LineString","coordinates":[[133.3523,44.9191],[133.3515,44.9209]]}},{"type":"Feature","properties":{"name":null},"geometry":{"type":"LineString","coordinates":[[133.3515,44.9209],[133.3518,44.9226],[133.352,44.9228]]}},{"type":"Feature","properties":{"name":null},"geometry":{"type":"LineString","coordinates":[[133.3386,44.9117],[133.339,44.9133],[133.34,44.9148],[133.3407,44.9163],[133.3419,44.9174],[133.3436,44.9174],[133.3451,44.9178],[133.347,44.9183],[133.3487,44.9179],[133.3503,44.9186],[133.3507,44.9201],[133.3515,44.9209]]}},{"type":"Feature","properties":{"name":null},"geometry":{"type":"LineString","coordinates":[[133.3368,44.9122],[133.3386,44.9117]]}},{"type":"Feature","properties":{"name":null},"geometry":{"type":"LineString","coordinates":[[133.3359,44.9108],[133.3368,44.9122]]}},{"type":"Feature","properties":{"name":null},"geometry":{"type":"LineString","coordinates":[[133.3398,44.9109],[133.3386,44.9117]]}},{"type":"Feature","properties":{"name":null},"geometry":{"type":"LineString","coordinates":[[133.3395,44.9107],[133.3398,44.9109]]}},{"type":"Feature","properties":{"name":null},"geometry":{"type":"LineString","coordinates":[[133.3315,44.9087],[133.3331,44.9091],[133.3346,44.9099],[133.3363,44.9106],[133.3392,44.9106],[133.3395,44.9107]]}},{"type":"Feature","properties":{"name":null},"geometry":{"type":"LineString","coordinates":[[133.1833,45.0496],[133.1821,45.0484],[133.1807,45.0496],[133.179,45.0499],[133.1776,45.0492],[133.1762,45.0483],[133.1747,45.0489],[133.1732,45.0494],[133.173,45.0496]]}},{"type":"Feature","properties":{"name":"七虎林河"},"geometry":{"type":"LineString","coordinates":[[132.4994,45.8128],[132.5657,45.8115],[132.5696,45.8178],[132.5745,45.8303],[132.579,45.8411],[132.5799,45.8435],[132.6003,45.8507],[132.6076,45.8533],[132.6311,45.8604],[132.6376,45.8679],[132.6449,45.8771],[132.6549,45.8898],[132.664,45.9011],[132.6709,45.9097],[132.6781,45.9188],[132.6812,45.9228],[132.6834,45.9253],[132.6987,45.9336],[132.7123,45.9413],[132.7285,45.95],[132.7453,45.9594],[132.7559,45.9651],[132.7618,45.9684],[132.7698,45.9729],[132.7814,45.9793],[132.7877,45.9827],[132.796,45.9846],[132.8002,45.9853]]}},{"type":"Feature","properties":{"name":null},"geometry":{"type":"LineString","coordinates":[[132.8024,46.0445],[132.803,46.0429],[132.8028,46.0412],[132.8047,46.0401],[132.8058,46.0377],[132.8072,46.0391],[132.8076,46.0367],[132.8092,46.0374],[132.811,46.0379],[132.8132,46.0383],[132.8131,46.0403],[132.8148,46.0402],[132.8172,46.04],[132.8186,46.0389],[132.8202,46.0381],[132.8204,46.0363],[132.8194,46.035],[132.8188,46.0333],[132.8204,46.0316],[132.8172,46.031],[132.8184,46.0285],[132.8202,46.0282],[132.8193,46.0249],[132.8206,46.0237],[132.8182,46.0236],[132.8167,46.0212],[132.8151,46.0195],[132.814,46.0165],[132.8135,46.0136],[132.8144,46.0079],[132.8166,46.005],[132.8254,46.0036],[132.8379,46.0055],[132.842,46.0067],[132.8444,46.0065]]}},{"type":"Feature","properties":{"name":null},"geometry":{"type":"LineString","coordinates":[[133.1893,46.0472],[133.1911,46.0476],[133.1927,46.0482],[133.193,46.0499],[133.1917,46.051],[133.1941,46.0516]]}},{"type":"Feature","properties":{"name":null},"geometry":{"type":"LineString","coordinates":[[132.5794,45.1218],[132.7217,45.0887],[132.8482,45.0592],[132.8541,45.0583]]}},{"type":"Feature","properties":{"name":null},"geometry":{"type":"LineString","coordinates":[[133.5049,45.8887],[133.5043,45.8927],[133.5037,45.8963],[133.4855,45.9107],[133.4764,45.9177],[133.4754,45.9188]]}},{"type":"Feature","properties":{"name":null},"geometry":{"type":"LineString","coordinates":[[133.4754,45.9188],[133.4753,45.9195]]}},{"type":"Feature","properties":{"name":"Малиновка"},"geometry":{"type":"LineString","coordinates":[[133.7898,45.9201],[133.7899,45.9224],[133.7909,45.9236],[133.793,45.9255],[133.794,45.9272],[133.7948,45.9296],[133.7945,45.9318],[133.7917,45.9337],[133.7889,45.9339],[133.7833,45.9337],[133.781,45.9342],[133.7795,45.9353],[133.7781,45.9364],[133.7762,45.9374],[133.7745,45.9384],[133.7744,45.9417],[133.7737,45.9434],[133.7721,45.9454]]}},{"type":"Feature","properties":{"name":"七虎林河"},"geometry":{"type":"LineString","coordinates":[[133.2691,46.0161],[133.2678,46.0149],[133.2692,46.0136],[133.271,46.013],[133.2704,46.0112],[133.271,46.0097],[133.2729,46.0088],[133.2737,46.0072],[133.2768,46.0064],[133.2742,46.0049],[133.2755,46.0033],[133.2746,46.0019],[133.273,46.0012],[133.2743,45.9999],[133.2747,45.998],[133.2756,45.9964],[133.277,45.9972],[133.2786,45.997],[133.2804,45.9972],[133.2824,45.9983],[133.2839,45.9993],[133.2868,45.9993],[133.2894,45.9984],[133.2913,45.9974],[133.2928,45.996],[133.2924,45.998],[133.2948,45.9977],[133.2931,45.9989],[133.2951,45.9992],[133.2965,45.9976],[133.2982,45.9972],[133.2992,45.9987],[133.3007,45.9992],[133.3021,45.9973],[133.3042,45.9969],[133.3064,45.9978],[133.3081,45.9976],[133.3087,45.9998],[133.311,46.0008],[133.313,46.0011],[133.3149,46.0014],[133.3178,46.0018],[133.3191,46.0029],[133.3224,46.0026],[133.3213,46.004],[133.3231,46.0038],[133.3246,46.0024],[133.3247,46.0041],[133.3233,46.0054],[133.3252,46.0047],[133.3265,46.0036],[133.3257,46.0058],[133.3278,46.0061],[133.3256,46.0065],[133.3271,46.0075],[133.3282,46.0063],[133.3294,46.0075],[133.3313,46.0099],[133.3295,46.0098],[133.3312,46.0121],[133.3337,46.0136],[133.3321,46.0145],[133.3329,46.016],[133.3342,46.0178],[133.3367,46.0181],[133.3385,46.0185],[133.3382,46.0168],[133.3368,46.0159],[133.3375,46.0143],[133.3397,46.0147],[133.3414,46.0152],[133.3434,46.0147],[133.3452,46.0141],[133.3468,46.0148],[133.3477,46.0171],[133.349,46.0182],[133.3508,46.0191],[133.352,46.0208],[133.3543,46.0195],[133.3568,46.0188],[133.3586,46.02],[133.3605,46.0202],[133.3622,46.0216],[133.3612,46.0237],[133.3625,46.0249],[133.3631,46.027],[133.3647,46.0284],[133.3669,46.0292],[133.3691,46.0304],[133.371,46.0316],[133.3723,46.0341],[133.3721,46.0325],[133.3738,46.0321],[133.3757,46.0323],[133.3758,46.034],[133.3758,46.0356],[133.3774,46.0374],[133.3791,46.0384],[133.3816,46.0397],[133.3845,46.0402],[133.3872,46.0398],[133.3889,46.0393],[133.3911,46.0398],[133.3933,46.04],[133.3949,46.0406],[133.3941,46.039],[133.3953,46.0372],[133.3974,46.0372],[133.3991,46.0379],[133.3996,46.0363],[133.4013,46.0371],[133.4029,46.0371],[133.4018,46.0384],[133.4043,46.038],[133.4054,46.0368],[133.4072,46.0359],[133.4084,46.0371],[133.409,46.0372]]}},{"type":"Feature","properties":{"name":"七虎林河"},"geometry":{"type":"LineString","coordinates":[[133.1941,46.0516],[133.1961,46.0514],[133.1978,46.051],[133.1996,46.0511],[133.2007,46.0495],[133.2021,46.0483],[133.2026,46.0466],[133.206,46.0453],[133.2081,46.0449],[133.2098,46.0432],[133.2103,46.0454],[133.2119,46.0449],[133.2141,46.0443],[133.2127,46.0433],[133.2139,46.0418],[133.2163,46.0424],[133.2137,46.0412],[133.215,46.0402],[133.2163,46.039],[133.2179,46.0387],[133.2192,46.04],[133.2207,46.0394],[133.2222,46.0387],[133.2217,46.0407],[133.2234,46.0408],[133.2257,46.0414],[133.2273,46.0399],[133.2291,46.0396],[133.2315,46.0402],[133.2327,46.0385],[133.2339,46.0403],[133.2361,46.0393],[133.2377,46.0411],[133.2399,46.0413],[133.2383,46.0424],[133.24,46.0431],[133.2421,46.0414],[133.244,46.0407],[133.2457,46.0411],[133.2476,46.0412],[133.2495,46.0408],[133.2513,46.041],[133.2528,46.0402],[133.255,46.04],[133.2558,46.0385],[133.2559,46.0366],[133.258,46.0368],[133.2578,46.0349],[133.2621,46.0323],[133.269,46.0282],[133.2699,46.0268],[133.2688,46.0252],[133.268,46.0236],[133.266,46.0241],[133.2676,46.0229],[133.266,46.0234],[133.2671,46.022],[133.2688,46.0221],[133.2685,46.0204],[133.2668,46.0194],[133.2657,46.0181],[133.2688,46.0172],[133.2691,46.0161]]}},{"type":"Feature","properties":{"name":"七虎林河"},"geometry":{"type":"LineString","coordinates":[[132.9629,46.0035],[132.965,46.0035],[132.9663,46.0025],[132.9678,46.0033],[132.9696,46.0033],[132.9714,46.0022],[132.9734,46.0031],[132.9751,46.0028],[132.9768,46.0036],[132.9785,46.004],[132.9803,46.0042],[132.9822,46.005],[132.9839,46.0047],[132.9863,46.0046],[132.988,46.0051],[132.9871,46.0067],[132.9879,46.0083],[132.9893,46.0092],[132.9909,46.0092],[132.99,46.0107],[132.9914,46.0119],[132.9915,46.0136],[132.9931,46.0135],[132.9934,46.0135]]}},{"type":"Feature","properties":{"name":"七虎林河"},"geometry":{"type":"LineString","coordinates":[[132.9935,46.0135],[132.9954,46.0137],[132.9977,46.0142],[132.9992,46.0154],[133.001,46.0149],[132.9998,46.0139],[133.0017,46.0141],[133.0028,46.0144]]}},{"type":"Feature","properties":{"name":"七虎林河"},"geometry":{"type":"LineString","coordinates":[[132.9934,46.0135],[132.9935,46.0135]]}},{"type":"Feature","properties":{"name":"七虎林河"},"geometry":{"type":"LineString","coordinates":[[133.0028,46.0144],[133.0036,46.0129],[133.0056,46.0134],[133.0072,46.0139],[133.0094,46.0138],[133.0114,46.014],[133.0114,46.0162],[133.0129,46.0178],[133.0147,46.0183],[133.0166,46.0182],[133.0183,46.0187],[133.0202,46.0182],[133.0219,46.0189],[133.0236,46.0193],[133.0262,46.0192],[133.0283,46.0192],[133.0295,46.018],[133.0311,46.0185],[133.0329,46.019],[133.0351,46.018],[133.0372,46.0176],[133.0399,46.0171],[133.0425,46.0162],[133.0444,46.018],[133.0466,46.0181],[133.0486,46.0176],[133.0509,46.0161],[133.0526,46.0158],[133.0542,46.0157],[133.0578,46.0157],[133.0624,46.015],[133.0659,46.0147],[133.0703,46.0151],[133.0733,46.0156],[133.0757,46.0165],[133.0799,46.016],[133.0808,46.0139],[133.0824,46.0138],[133.0811,46.0128],[133.083,46.0125],[133.085,46.0122],[133.087,46.0119],[133.0887,46.0122],[133.0907,46.0117],[133.0939,46.011],[133.0951,46.0125],[133.0966,46.014],[133.0989,46.0138],[133.1004,46.0144],[133.1019,46.0155],[133.1042,46.0163],[133.106,46.0155],[133.1067,46.0172],[133.1086,46.0172],[133.1108,46.0172],[133.1116,46.0189],[133.1134,46.0194],[133.1149,46.0203],[133.1167,46.0209],[133.1187,46.0203],[133.1199,46.0217],[133.1215,46.0223],[133.123,46.0238],[133.1208,46.0247],[133.1227,46.0257],[133.1245,46.0258],[133.1236,46.0276],[133.1256,46.0287],[133.1281,46.0283],[133.1302,46.0289],[133.1317,46.0295],[133.1341,46.0302],[133.1353,46.032],[133.1366,46.0304],[133.139,46.0312],[133.1412,46.0314],[133.1429,46.0317],[133.146,46.0323],[133.1523,46.0336],[133.1547,46.0341],[133.1613,46.037],[133.1603,46.0384],[133.1618,46.0396],[133.164,46.0396],[133.1658,46.0406],[133.1673,46.0415],[133.1692,46.042],[133.1725,46.0424],[133.1741,46.0419],[133.1772,46.0418],[133.179,46.0414],[133.1807,46.0428],[133.1826,46.0437],[133.1847,46.0441],[133.186,46.0451],[133.1876,46.0456],[133.1888,46.0469],[133.1893,46.0472]]}},{"type":"Feature","properties":{"name":"七虎林河"},"geometry":{"type":"LineString","coordinates":[[132.6461,46.0205],[132.6479,46.0206],[132.6496,46.0208],[132.6518,46.0209],[132.6537,46.0208],[132.6554,46.0208],[132.6573,46.0209],[132.6589,46.0211],[132.6611,46.0212],[132.6634,46.0213],[132.6651,46.0216],[132.6668,46.0217],[132.6684,46.0219],[132.6701,46.0221],[132.6904,46.0241],[132.6937,46.0237],[132.696,46.0233],[132.6993,46.0201],[132.7031,46.0164],[132.7098,46.0154],[132.7121,46.0143],[132.7181,46.0122],[132.7204,46.0083],[132.7215,46.006],[132.7224,46.0023],[132.7254,45.9985]]}},{"type":"Feature","properties":{"name":"七虎林河"},"geometry":{"type":"LineString","coordinates":[[132.7352,45.9758],[132.7365,45.9746],[132.7371,45.9727],[132.7389,45.9729],[132.7425,45.9727],[132.7449,45.9729],[132.7484,45.9722],[132.7535,45.9721],[132.7568,45.9723],[132.7603,45.971],[132.7614,45.969],[132.7618,45.9684]]}},{"type":"Feature","properties":{"name":"七虎林河"},"geometry":{"type":"LineString","coordinates":[[132.7254,45.9985],[132.7254,45.9967],[132.7268,45.9957],[132.7277,45.994],[132.7276,45.9923],[132.7282,45.9902],[132.7319,45.9806],[132.7331,45.9789],[132.7346,45.9777],[132.7352,45.9762],[132.7352,45.9758]]}},{"type":"Feature","properties":{"name":null},"geometry":{"type":"LineString","coordinates":[[133.1325,45.12],[133.1345,45.1199],[133.1365,45.1192],[133.1385,45.1196],[133.1385,45.1225],[133.14,45.1234],[133.1415,45.1242],[133.1427,45.1256]]}},{"type":"Feature","properties":{"name":null},"geometry":{"type":"LineString","coordinates":[[133.1362,45.1006],[133.1341,45.1006],[133.1322,45.1011],[133.1336,45.1032],[133.1343,45.1048],[133.1358,45.1056],[133.1373,45.1061],[133.1378,45.1083],[133.1386,45.1106],[133.1394,45.1123],[133.1372,45.1133],[133.1341,45.1125],[133.1322,45.111],[133.1302,45.1096],[133.1284,45.1083],[133.1258,45.1079],[133.125,45.1094],[133.1264,45.1123],[133.1261,45.1142],[133.1277,45.1155],[133.1304,45.1152],[133.1318,45.1142],[133.1343,45.1146],[133.1347,45.1162],[133.1318,45.1184],[133.1325,45.12]]}},{"type":"Feature","properties":{"name":"Белая"},"geometry":{"type":"LineString","coordinates":[[133.3027,44.9709],[133.3017,44.9722],[133.3025,44.9737],[133.3011,44.9749],[133.3,44.9763],[133.3006,44.9782],[133.3012,44.9797],[133.3021,44.9815],[133.3023,44.9832],[133.301,44.9845],[133.2999,44.9857],[133.3012,44.9866],[133.2998,44.9886],[133.3004,44.9903],[133.3019,44.9913],[133.3023,44.9931],[133.3033,44.9946],[133.3024,44.996],[133.3028,44.9976],[133.3022,44.9994],[133.3019,45.001],[133.3013,45.0027],[133.3023,45.0041],[133.3034,45.0053],[133.3029,45.0068],[133.304,45.0081],[133.3026,45.0091],[133.3028,45.0109],[133.3031,45.0128],[133.3044,45.0142],[133.3057,45.0155],[133.3042,45.0172],[133.3052,45.019],[133.3043,45.0205],[133.3035,45.0219],[133.3019,45.0229],[133.2998,45.0235],[133.2981,45.0239],[133.2969,45.0253],[133.2949,45.0259],[133.2931,45.0261],[133.2916,45.0274],[133.2898,45.0272],[133.2885,45.0283],[133.2872,45.0274],[133.2855,45.0277],[133.2839,45.0283],[133.2821,45.0289],[133.2804,45.0292],[133.2784,45.0286],[133.2766,45.0287],[133.2749,45.0283],[133.2728,45.028],[133.2712,45.0271],[133.2697,45.0253],[133.2684,45.0238],[133.2668,45.0231],[133.2649,45.0229],[133.263,45.0236],[133.2616,45.0246],[133.2605,45.0261],[133.2586,45.0258],[133.2567,45.0259],[133.256,45.0243],[133.2544,45.0221],[133.2527,45.02],[133.2504,45.0191],[133.2486,45.0193],[133.2471,45.0184],[133.2468,45.0166],[133.2449,45.017],[133.2436,45.016]]}},{"type":"Feature","properties":{"name":"Songacha River"},"geometry":{"type":"LineString","coordinates":[[133.1026,45.277],[133.1015,45.2784],[133.0992,45.2788],[133.096,45.2793],[133.093,45.279],[133.0917,45.2803],[133.0902,45.2796],[133.0886,45.2799],[133.0886,45.2818],[133.0899,45.2839],[133.0923,45.2855],[133.0949,45.2875],[133.0973,45.2881],[133.0984,45.2864],[133.1004,45.2868],[133.1002,45.2876]]}},{"type":"Feature","properties":{"name":"西地河"},"geometry":{"type":"LineString","coordinates":[[132.5503,45.5308],[132.5493,45.5293],[132.5484,45.5277],[132.547,45.5251],[132.5455,45.523],[132.5434,45.5211],[132.5422,45.5196],[132.541,45.5186],[132.5377,45.5158],[132.5365,45.5108],[132.5361,45.5088],[132.5355,45.5056],[132.5349,45.5025],[132.534,45.4981],[132.5334,45.4951],[132.5329,45.4921],[132.5328,45.4903],[132.5361,45.487],[132.5382,45.4847],[132.5406,45.4823],[132.5439,45.4788],[132.5467,45.476],[132.5489,45.4739],[132.5495,45.473]]}},{"type":"Feature","properties":{"name":"西地河"},"geometry":{"type":"LineString","coordinates":[[132.5495,45.473],[132.5496,45.4729]]}},{"type":"Feature","properties":{"name":"Сорочевка"},"geometry":{"type":"LineString","coordinates":[[133.0192,44.8943],[133.0177,44.8931],[133.0163,44.8908],[133.015,44.8891],[133.0131,44.8875],[133.0118,44.8866],[133.0095,44.8863],[133.0068,44.8854],[133.0052,44.8848],[133.0032,44.8842],[133.0016,44.8835],[133.0001,44.8823],[132.9986,44.8813],[132.9975,44.8797],[132.998,44.8773],[132.9989,44.8754],[132.9999,44.8739],[133.0022,44.872],[133.0036,44.8708],[133.0056,44.8691],[133.0066,44.8677],[133.0071,44.8661],[133.0061,44.8641],[133.0043,44.8619],[132.9997,44.8594],[132.9953,44.857],[132.9938,44.856],[132.9921,44.8551],[132.989,44.8536],[132.9867,44.8523],[132.9842,44.8509],[132.9826,44.8496],[132.9795,44.848],[132.9772,44.8473],[132.9751,44.8471],[132.973,44.847],[132.9691,44.8452],[132.9667,44.8436],[132.9616,44.8398],[132.9599,44.8383],[132.9589,44.8368],[132.9574,44.8344],[132.9563,44.8325],[132.9554,44.8306],[132.9553,44.8269],[132.9553,44.8251],[132.9542,44.8232],[132.9531,44.8214],[132.951,44.8207],[132.9463,44.8206],[132.9441,44.8207],[132.9421,44.8215],[132.939,44.8229],[132.9375,44.8233],[132.9372,44.8271],[132.9371,44.8289],[132.9369,44.8313],[132.9366,44.8351],[132.9363,44.8393],[132.9359,44.8433],[132.9356,44.8478],[132.9349,44.8519],[132.9344,44.8553],[132.9342,44.8574],[132.9338,44.8609],[132.9328,44.867],[132.9321,44.8708],[132.931,44.8777],[132.9297,44.8873],[132.9286,44.8955],[132.9276,44.9025],[132.9264,44.911],[132.925,44.9201],[132.9241,44.9284],[132.9237,44.9331],[132.9235,44.9352],[132.9237,44.9387],[132.9242,44.9448],[132.9245,44.9495],[132.9248,44.9536],[132.9251,44.9574],[132.9251,44.9594],[132.9254,44.963],[132.9256,44.9654],[132.9239,44.9669],[132.924,44.969],[132.924,44.9731],[132.9243,44.9763],[132.9247,44.9792],[132.9246,44.983],[132.9256,44.985],[132.9252,44.9881],[132.926,44.9906],[132.9256,44.9928],[132.9252,44.9945],[132.9256,45.0019],[132.9261,45.0048],[132.9268,45.0064],[132.9282,45.0075],[132.9294,45.0105],[132.9303,45.0126],[132.9454,45.0173]]}},{"type":"Feature","properties":{"name":null},"geometry":{"type":"LineString","coordinates":[[133.5138,45.5529],[133.5119,45.5531],[133.5103,45.5537],[133.5086,45.5534],[133.5069,45.554],[133.5052,45.5544],[133.5028,45.5542],[133.501,45.5539],[133.4995,45.5529],[133.4976,45.5534],[133.4958,45.554],[133.4966,45.5554],[133.495,45.5558],[133.4937,45.5549],[133.4925,45.5562],[133.4911,45.5571],[133.4895,45.5576],[133.4879,45.5584],[133.4864,45.5592],[133.485,45.5601],[133.4834,45.5607],[133.4824,45.562],[133.4823,45.5637],[133.4807,45.5638],[133.4797,45.5651],[133.4782,45.5658],[133.4786,45.5674],[133.4783,45.569],[133.4771,45.5701],[133.4754,45.5696],[133.4737,45.5696],[133.4724,45.5708],[133.472,45.5724],[133.471,45.5711],[133.4692,45.5714],[133.4685,45.5731],[133.4677,45.5717],[133.466,45.5713],[133.4648,45.5698],[133.4633,45.5689],[133.4617,45.5692],[133.4599,45.5688],[133.4578,45.5691],[133.4561,45.569],[133.4547,45.5699],[133.4532,45.5692],[133.4516,45.5695],[133.4516,45.5711],[133.45,45.5714],[133.4512,45.5725],[133.452,45.5739],[133.4514,45.5754],[133.4508,45.5771],[133.4496,45.5783],[133.4476,45.5788],[133.446,45.5788],[133.4443,45.5791],[133.4424,45.5784],[133.4402,45.5775],[133.4378,45.5771],[133.4358,45.5767],[133.4343,45.5758],[133.4325,45.5749],[133.4304,45.5748],[133.4286,45.5745],[133.4249,45.5752],[133.4218,45.5759]]}},{"type":"Feature","properties":{"name":null},"geometry":{"type":"LineString","coordinates":[[133.5721,45.2433],[133.5703,45.2436],[133.5686,45.244],[133.5664,45.2447],[133.5642,45.2457],[133.5627,45.247],[133.561,45.2468],[133.5596,45.2468]]}},{"type":"Feature","properties":{"name":null},"geometry":{"type":"LineString","coordinates":[[133.5704,45.2304],[133.5688,45.2313],[133.567,45.2311],[133.5659,45.2323],[133.5666,45.2338],[133.5667,45.2356],[133.5672,45.2373],[133.5671,45.2394]]}},{"type":"Feature","properties":{"name":null},"geometry":{"type":"LineString","coordinates":[[133.5913,45.2076],[133.5925,45.2095],[133.5933,45.2109],[133.5917,45.2123],[133.5931,45.2133],[133.5942,45.2147],[133.5937,45.2169],[133.5914,45.218],[133.5895,45.2185],[133.5872,45.2186],[133.5859,45.2193]]}},{"type":"Feature","properties":{"name":"Ussuri River"},"geometry":{"type":"LineString","coordinates":[[133.5043,45.2519],[133.5034,45.2524]]}},{"type":"Feature","properties":{"name":"Ussuri River"},"geometry":{"type":"LineString","coordinates":[[133.5949,45.2015],[133.5944,45.2039],[133.5928,45.2064],[133.5913,45.2076],[133.5892,45.2084],[133.5832,45.2083],[133.5796,45.2092],[133.5772,45.2106],[133.5764,45.212],[133.5765,45.2146]]}},{"type":"Feature","properties":{"name":"Большая Уссурка (Иман)"},"geometry":{"type":"LineString","coordinates":[[135.514,44.8666],[135.5163,44.869],[135.518,44.8701],[135.5205,44.8719],[135.5227,44.8733],[135.5248,44.8743],[135.5272,44.8752],[135.5297,44.8755],[135.531,44.877],[135.5321,44.8784],[135.5356,44.8791],[135.5376,44.8785],[135.5389,44.8797],[135.5411,44.8827],[135.5422,44.8848],[135.543,44.8867],[135.5437,44.8884],[135.5441,44.8918],[135.5447,44.8942],[135.5454,44.8958],[135.5465,44.8982],[135.5456,44.9003],[135.5463,44.9027],[135.5438,44.9044],[135.5426,44.9061],[135.5408,44.9059],[135.539,44.9055],[135.5372,44.9063],[135.5379,44.909],[135.5385,44.9109],[135.54,44.9117],[135.5417,44.9124],[135.5437,44.9144],[135.545,44.9162],[135.546,44.9178],[135.5479,44.92],[135.5507,44.9219],[135.5533,44.9228],[135.555,44.9239],[135.5556,44.9255],[135.5559,44.9272],[135.558,44.9287],[135.5604,44.9285],[135.5619,44.9276],[135.564,44.9285],[135.566,44.9287],[135.5676,44.9286],[135.5689,44.9305],[135.57,44.9323],[135.5712,44.9342],[135.572,44.9366],[135.5726,44.939],[135.5745,44.9404],[135.5742,44.9426],[135.5724,44.9437],[135.5732,44.9455],[135.5752,44.9454],[135.5772,44.9462],[135.5791,44.9469],[135.5787,44.9493],[135.5769,44.9513],[135.5753,44.9526],[135.5739,44.9536],[135.5722,44.9542],[135.5703,44.9565],[135.5701,44.9582],[135.5716,44.9606],[135.5724,44.9622],[135.5734,44.9635],[135.5753,44.9653],[135.5764,44.9665],[135.5782,44.9678],[135.5806,44.9689],[135.5818,44.9709],[135.5809,44.9729],[135.5822,44.9741],[135.5819,44.9762],[135.5824,44.9781],[135.5853,44.9792],[135.585,44.9809],[135.5865,44.9823],[135.5882,44.9833],[135.5891,44.9851],[135.5899,44.9867],[135.5892,44.9887],[135.5877,44.9893],[135.5858,44.9896],[135.5845,44.9911],[135.5832,44.9928],[135.5819,44.994],[135.5803,44.9951],[135.5787,44.9955],[135.5766,44.9966],[135.5778,44.9978],[135.5803,44.9987],[135.5793,45.0],[135.5771,45.0021],[135.577,45.0051],[135.578,45.0066],[135.579,45.008],[135.5771,45.0096],[135.5749,45.0093],[135.5737,45.0107],[135.5723,45.012],[135.5706,45.0131],[135.5701,45.0148],[135.5708,45.0163],[135.5731,45.0182],[135.576,45.0196],[135.5786,45.0207],[135.5807,45.022],[135.583,45.0239],[135.5845,45.0246],[135.5863,45.0252],[135.588,45.0253],[135.5901,45.0266],[135.5901,45.0282],[135.5904,45.0304],[135.5888,45.031],[135.5871,45.0312],[135.5863,45.0329],[135.5871,45.0345],[135.5894,45.0351],[135.591,45.0346],[135.5926,45.0357],[135.5934,45.038],[135.5943,45.0396],[135.5955,45.0425],[135.595,45.0441],[135.5934,45.0453],[135.5906,45.0467],[135.5906,45.0495],[135.5907,45.0532],[135.5915,45.0555],[135.5904,45.0568],[135.5889,45.0573],[135.5865,45.0587],[135.5841,45.0592],[135.5824,45.0595],[135.5803,45.0601],[135.5799,45.0617],[135.5803,45.0634],[135.5792,45.0665],[135.5792,45.0698],[135.5801,45.072],[135.5809,45.0739],[135.5804,45.0755],[135.5774,45.0772],[135.5758,45.0783],[135.5741,45.0791],[135.5719,45.0798],[135.5701,45.0805],[135.5682,45.0806],[135.5657,45.0824],[135.5656,45.0843],[135.5645,45.0856],[135.5632,45.0867],[135.5623,45.0886],[135.5636,45.0906],[135.5667,45.0913],[135.5695,45.0909],[135.5708,45.088],[135.5702,45.0856],[135.5709,45.0833],[135.5734,45.0822],[135.5777,45.0809],[135.5817,45.0811],[135.5842,45.0825],[135.5849,45.0846],[135.5851,45.0863],[135.5851,45.0882],[135.5856,45.0902],[135.5844,45.0936],[135.5842,45.0953],[135.5854,45.0967],[135.587,45.0968],[135.59,45.0968],[135.5943,45.0968],[135.5979,45.0968],[135.5998,45.0968],[135.6013,45.0975],[135.6022,45.0996],[135.6027,45.1023],[135.6017,45.1038],[135.5997,45.1046],[135.5981,45.105],[135.5948,45.1059],[135.5932,45.106],[135.5893,45.1046],[135.586,45.1031],[135.5847,45.1016],[135.5838,45.0995],[135.5826,45.0977],[135.5796,45.0977],[135.5778,45.0982],[135.576,45.0989],[135.5741,45.1003],[135.5726,45.1017],[135.5712,45.1035],[135.5694,45.1077],[135.5689,45.1094],[135.5673,45.1107],[135.5654,45.112],[135.5632,45.1123],[135.5615,45.1122],[135.5582,45.112],[135.5557,45.1117],[135.5538,45.1121],[135.5518,45.1131],[135.5475,45.1144],[135.5451,45.1157],[135.5437,45.1167],[135.543,45.1186],[135.543,45.1207],[135.5403,45.122],[135.5379,45.1226],[135.5358,45.1231],[135.532,45.1233],[135.5294,45.1234],[135.5274,45.1252],[135.5264,45.1271],[135.5262,45.1308],[135.5269,45.1325],[135.5276,45.1341],[135.5302,45.1355],[135.5318,45.137],[135.5336,45.137],[135.5359,45.1379],[135.5359,45.1403],[135.5361,45.1423],[135.537,45.1447],[135.5386,45.146],[135.5395,45.1488],[135.5392,45.1506],[135.5374,45.1521],[135.5356,45.1528],[135.5348,45.1555],[135.5347,45.1577],[135.5345,45.1598],[135.5343,45.1622],[135.5333,45.1635],[135.5322,45.1647],[135.5305,45.1658],[135.5288,45.1664],[135.5262,45.1673],[135.5247,45.1682],[135.5235,45.1702],[135.5228,45.1725],[135.5244,45.1751],[135.525,45.1773],[135.5254,45.1795],[135.5271,45.1816],[135.5273,45.1837],[135.526,45.186],[135.5263,45.188],[135.5261,45.1909],[135.5248,45.1935],[135.5224,45.1952],[135.5214,45.1972],[135.5219,45.1989],[135.5228,45.2013],[135.5241,45.2036],[135.5238,45.2055],[135.5245,45.2079],[135.5259,45.2102],[135.5272,45.2122],[135.53,45.2148],[135.53,45.217],[135.5292,45.2186],[135.5281,45.2205],[135.5265,45.2226],[135.5247,45.2251],[135.524,45.227],[135.524,45.23],[135.5246,45.2317],[135.5254,45.2332],[135.5261,45.2347],[135.5273,45.2377],[135.5295,45.2405],[135.5316,45.2411],[135.5341,45.2423],[135.5366,45.2441],[135.5378,45.246],[135.5381,45.2483],[135.5371,45.251],[135.5357,45.2528],[135.5353,45.2554],[135.5347,45.2573],[135.5361,45.2599],[135.5376,45.2618],[135.5393,45.2627],[135.5415,45.2643],[135.5423,45.2667],[135.5412,45.2695],[135.5413,45.2717],[135.5417,45.2745],[135.5428,45.2763],[135.5447,45.2787],[135.5454,45.2802],[135.5463,45.2833],[135.5481,45.2852],[135.5491,45.287],[135.549,45.2896],[135.5489,45.2913],[135.5469,45.2927],[135.5472,45.2948],[135.5477,45.2966],[135.5492,45.2975],[135.5518,45.2996],[135.5534,45.3008],[135.5548,45.3018],[135.5575,45.3018],[135.5582,45.3036],[135.5575,45.3058],[135.5591,45.3065],[135.5598,45.3082],[135.5611,45.3097],[135.5612,45.3113],[135.562,45.3129],[135.5635,45.3136],[135.5652,45.3152],[135.567,45.3152],[135.5691,45.3156],[135.5707,45.3158],[135.5701,45.3174],[135.5689,45.3193],[135.5683,45.321],[135.5684,45.3233],[135.5694,45.3252],[135.5717,45.3265],[135.5737,45.3297],[135.5739,45.3327],[135.5741,45.3354],[135.5757,45.3369],[135.5764,45.3385],[135.5771,45.34],[135.5774,45.3424],[135.5789,45.3444],[135.5802,45.3456],[135.5796,45.3476],[135.5775,45.3489],[135.5749,45.3472],[135.5729,45.3463],[135.5695,45.3469],[135.5685,45.35],[135.5687,45.3523],[135.5685,45.3547],[135.568,45.3563],[135.5669,45.3578],[135.5652,45.3592],[135.5641,45.3637],[135.5634,45.3654],[135.5621,45.3664],[135.5603,45.3681],[135.5607,45.3707],[135.5615,45.3726],[135.5622,45.3748],[135.5622,45.3771],[135.5618,45.3801],[135.5629,45.3822],[135.5639,45.3844],[135.5644,45.3863],[135.567,45.3875],[135.5696,45.3874],[135.5694,45.3892],[135.5707,45.3911],[135.5729,45.3926],[135.5738,45.395],[135.5739,45.3975],[135.5724,45.3986],[135.5697,45.3988],[135.568,45.3985],[135.5665,45.3993],[135.5657,45.4007],[135.5642,45.4015],[135.5632,45.4035],[135.561,45.4034],[135.5589,45.4047],[135.5572,45.4049],[135.5559,45.4033],[135.5542,45.4023],[135.5515,45.403],[135.5511,45.4047],[135.5509,45.4084],[135.5477,45.4128],[135.5445,45.4158],[135.5433,45.4175],[135.5428,45.4212],[135.542,45.4232],[135.5411,45.4246],[135.5405,45.4266],[135.5408,45.4285],[135.5419,45.43],[135.5443,45.4312],[135.5457,45.4323],[135.5453,45.434],[135.5448,45.4356],[135.5438,45.437],[135.5415,45.4395],[135.5397,45.4409],[135.5384,45.4421],[135.5366,45.443],[135.5318,45.4438],[135.5295,45.444],[135.5278,45.444],[135.5218,45.4432],[135.5196,45.4427],[135.5164,45.4428],[135.514,45.4427],[135.5117,45.4425],[135.5067,45.4421],[135.5018,45.4416],[135.5001,45.4418],[135.4984,45.4421],[135.4941,45.4443],[135.4908,45.4455],[135.4891,45.4458],[135.4861,45.4455],[135.4827,45.4443],[135.481,45.444],[135.479,45.4443],[135.4771,45.4462],[135.4759,45.4474],[135.4721,45.4495],[135.4699,45.4503],[135.4683,45.4509],[135.4639,45.4521],[135.4604,45.4537],[135.4584,45.4566],[135.4566,45.459],[135.4552,45.4636],[135.4544,45.4668],[135.4534,45.4695],[135.4513,45.4719],[135.4455,45.477],[135.4431,45.4795],[135.4407,45.481],[135.4379,45.4811],[135.435,45.4807],[135.4257,45.478],[135.4236,45.4775],[135.4202,45.4775],[135.4143,45.4784],[135.4109,45.4791],[135.4093,45.4801],[135.403,45.485],[135.4004,45.4859],[135.3908,45.4858],[135.3868,45.486],[135.3852,45.4868],[135.3818,45.4905],[135.3809,45.4926],[135.3807,45.4946],[135.3813,45.4975],[135.381,45.5002],[135.3813,45.5023],[135.3838,45.504],[135.3873,45.5048],[135.3887,45.5056],[135.3894,45.5064]]}},{"type":"Feature","properties":{"name":"Armu River"},"geometry":{"type":"LineString","coordinates":[[136.0454,46.0278],[136.0427,46.0268],[136.0402,46.0264],[136.0381,46.0264],[136.0355,46.0275],[136.0351,46.0298],[136.0344,46.0332],[136.0319,46.0351],[136.0297,46.0359],[136.0276,46.0361],[136.0227,46.0346],[136.0212,46.0323],[136.0186,46.0307],[136.016,46.0302],[136.0128,46.0304],[136.0111,46.031],[136.0102,46.0328],[136.0093,46.0342],[136.0073,46.0347],[136.0044,46.0334],[136.002,46.0316],[136.0011,46.0298],[136.0002,46.026],[135.9991,46.0247],[135.9973,46.0233],[135.9937,46.0216],[135.9917,46.0214],[135.9886,46.0221],[135.9852,46.0215],[135.9835,46.0207],[135.9816,46.0205],[135.9797,46.0207],[135.9779,46.0213],[135.9763,46.0212],[135.9728,46.0201],[135.9708,46.0176],[135.9707,46.0158],[135.9717,46.0141],[135.9729,46.01],[135.9746,46.0086],[135.9756,46.0064],[135.9788,46.0004],[135.9795,45.9981],[135.9799,45.9963],[135.9775,45.9948],[135.971,45.9965],[135.9677,45.9967],[135.9657,45.9958],[135.9633,45.9949],[135.9627,45.9925],[135.9652,45.9899],[135.9675,45.9889],[135.9702,45.9888],[135.9731,45.9894],[135.9747,45.9892],[135.9765,45.9884],[135.9775,45.987],[135.9778,45.9848],[135.9754,45.982],[135.974,45.9809],[135.971,45.9796],[135.9671,45.9793],[135.9641,45.9795],[135.9611,45.9802],[135.9584,45.9814],[135.9565,45.983],[135.957,45.9866],[135.9566,45.9883],[135.9557,45.992],[135.9538,45.9942],[135.9524,45.9958],[135.9494,45.9961],[135.945,45.9946],[135.9421,45.9931],[135.9419,45.9906],[135.9349,45.9882],[135.9318,45.9878],[135.9303,45.9857],[135.9261,45.9817],[135.9226,45.9814],[135.9207,45.9823],[135.9173,45.9842],[135.9158,45.9911],[135.9169,45.9936],[135.9175,45.9956],[135.9188,45.9986],[135.9179,46.0007],[135.9161,46.0018],[135.9135,46.0033],[135.9112,46.0038],[135.9089,46.0034],[135.9068,46.0003],[135.9054,45.9991],[135.9046,45.9963],[135.9043,45.9918],[135.9049,45.9881],[135.9033,45.9861],[135.9014,45.9853],[135.8988,45.985],[135.8953,45.9846],[135.8929,45.9856],[135.891,45.9869],[135.8872,45.99],[135.8864,45.9929],[135.8859,45.9948],[135.888,45.9968],[135.8911,45.9977],[135.8927,45.9988],[135.8966,46.0014],[135.8978,46.0031],[135.8971,46.0053],[135.8954,46.0066],[135.8928,46.008],[135.8908,46.0083],[135.889,46.008],[135.8877,46.0066],[135.8828,46.0055],[135.8797,46.0058],[135.8765,46.0055],[135.8726,46.0052],[135.866,46.0061],[135.8633,46.0062],[135.8578,46.0051],[135.8536,46.004],[135.8503,46.0038],[135.8451,46.0032],[135.8426,46.0034],[135.8393,46.0064],[135.8352,46.0092],[135.8329,46.0098],[135.8307,46.0099],[135.8277,46.0088],[135.8243,46.0089],[135.8227,46.009],[135.8186,46.0082],[135.8158,46.0082],[135.8125,46.0089],[135.8102,46.0099],[135.8057,46.0117],[135.8023,46.0125],[135.7996,46.0123],[135.7979,46.0114],[135.7956,46.0085],[135.7928,46.0073],[135.7883,46.0046],[135.7869,46.0024],[135.785,46.0],[135.7844,45.997],[135.7848,45.995],[135.7856,45.9933],[135.7871,45.9922],[135.7893,45.9885],[135.7889,45.9861],[135.7856,45.9854],[135.7832,45.985],[135.7775,45.9851],[135.774,45.984],[135.7716,45.9827],[135.7706,45.9807],[135.7692,45.9788],[135.766,45.976],[135.7645,45.974],[135.7653,45.9719],[135.7645,45.9687],[135.7631,45.967],[135.7602,45.9656],[135.7583,45.9639],[135.7577,45.9624],[135.7604,45.9592],[135.7618,45.9584],[135.7631,45.9571],[135.7641,45.9541],[135.7635,45.9502],[135.762,45.9465],[135.76,45.9424],[135.7559,45.9371],[135.7512,45.932],[135.744,45.9264],[135.7386,45.9231],[135.7357,45.9212],[135.7338,45.9181],[135.735,45.9156],[135.7389,45.9153],[135.7408,45.915],[135.7431,45.914],[135.7444,45.9121],[135.7429,45.9087],[135.7417,45.9068],[135.7415,45.904],[135.7422,45.902],[135.7437,45.9007],[135.7469,45.8986],[135.7491,45.8971],[135.7505,45.8961],[135.7536,45.8942],[135.7532,45.8925],[135.7509,45.8916],[135.7477,45.8899],[135.7456,45.887],[135.7453,45.8846],[135.745,45.8823],[135.7427,45.8803],[135.7407,45.8797],[135.7378,45.8796],[135.7347,45.8781],[135.7366,45.8761],[135.7384,45.875],[135.7411,45.8745],[135.7434,45.8737],[135.745,45.8727],[135.7469,45.8703],[135.7474,45.8684],[135.7472,45.8664],[135.7457,45.8648],[135.7419,45.8633],[135.7386,45.8627],[135.736,45.8613],[135.7331,45.859],[135.7304,45.8567],[135.728,45.8558],[135.7259,45.8542],[135.7237,45.8505],[135.724,45.8466],[135.725,45.8432],[135.722,45.8397],[135.7205,45.8392],[135.7181,45.8399],[135.7157,45.84],[135.7125,45.8379],[135.7111,45.8364],[135.7125,45.8334],[135.7126,45.8307],[135.7093,45.8284],[135.7089,45.8266],[135.7099,45.8233],[135.7108,45.8214],[135.7114,45.8196],[135.7092,45.8153],[135.7076,45.8142],[135.7052,45.8134],[135.7053,45.8112],[135.7065,45.8086],[135.7068,45.8065],[135.7059,45.8036],[135.7046,45.8026],[135.7029,45.802],[135.7017,45.8003],[135.7011,45.7973],[135.7004,45.7955],[135.7005,45.7934],[135.7019,45.7909],[135.7012,45.7886],[135.6986,45.787],[135.6959,45.7847],[135.6941,45.7843],[135.6922,45.7845],[135.6885,45.7836],[135.6846,45.7815],[135.6819,45.7807],[135.6785,45.7804],[135.6756,45.7806],[135.6696,45.7774],[135.6672,45.7765],[135.6646,45.776],[135.6617,45.7766],[135.6596,45.7774],[135.6583,45.7785],[135.6566,45.7787],[135.6545,45.7785],[135.6519,45.7775],[135.6491,45.7767],[135.6475,45.7765],[135.6459,45.7768],[135.6412,45.7772],[135.6397,45.7778],[135.6386,45.7801],[135.6391,45.7817],[135.6404,45.7833],[135.6432,45.7852],[135.6459,45.7871],[135.6482,45.7883],[135.6492,45.7918],[135.648,45.7938],[135.6449,45.7944],[135.6415,45.7951],[135.6377,45.7962],[135.6342,45.7966],[135.6291,45.7976],[135.6257,45.7978],[135.6225,45.7975],[135.6187,45.796],[135.6155,45.7958],[135.613,45.796],[135.6102,45.7965],[135.6061,45.7978],[135.6032,45.7989],[135.6006,45.8002],[135.5991,45.8017],[135.5969,45.8039],[135.5949,45.8063],[135.5921,45.8073],[135.5905,45.807],[135.5886,45.8056],[135.5875,45.8042],[135.5883,45.8016],[135.5904,45.7994],[135.5919,45.7987],[135.593,45.7963],[135.5916,45.7945],[135.5878,45.7937],[135.5834,45.7943],[135.5808,45.7943],[135.5763,45.7938],[135.5742,45.7938],[135.5695,45.7959],[135.5651,45.7987],[135.5634,45.7992],[135.562,45.7999],[135.5602,45.8015],[135.5579,45.8057],[135.5551,45.8074],[135.5522,45.8074],[135.5459,45.8054],[135.5435,45.804],[135.5401,45.8029],[135.5366,45.8035],[135.5326,45.8034],[135.5309,45.8027],[135.5288,45.801],[135.5224,45.7991],[135.5207,45.7969],[135.5203,45.7945],[135.5212,45.7925],[135.5205,45.7907],[135.5179,45.7894],[135.5123,45.7901],[135.5094,45.7899],[135.5021,45.7882],[135.4987,45.7866],[135.4979,45.7821],[135.4965,45.7797],[135.4941,45.7781],[135.4901,45.7787],[135.4853,45.7772],[135.4747,45.7721],[135.4716,45.7697],[135.468,45.7653],[135.4671,45.7627]]}},{"type":"Feature","properties":{"name":"Большая Уссурка"},"geometry":{"type":"LineString","coordinates":[[135.4671,45.7627],[135.4654,45.7611],[135.4597,45.7549],[135.4567,45.7533],[135.4518,45.7536],[135.4371,45.7587],[135.4323,45.763],[135.4227,45.7712],[135.4218,45.7746],[135.4189,45.7785],[135.4165,45.7799],[135.4115,45.7806],[135.4034,45.7796],[135.3942,45.777],[135.3913,45.7754],[135.3875,45.7726],[135.3863,45.7699],[135.3847,45.7671],[135.3828,45.7658],[135.3775,45.7634],[135.3758,45.7621],[135.3753,45.7599],[135.3746,45.7567],[135.3688,45.7507],[135.3681,45.7484],[135.3664,45.746],[135.364,45.7454],[135.361,45.7454],[135.3571,45.7472],[135.3509,45.7503],[135.3464,45.7521]]}},{"type":"Feature","properties":{"name":"Большая Уссурка"},"geometry":{"type":"LineString","coordinates":[[135.3464,45.7521],[135.3425,45.7524],[135.3404,45.7531],[135.3377,45.7531],[135.3344,45.7519],[135.3327,45.7518],[135.3307,45.7527],[135.3262,45.7537],[135.3209,45.7558],[135.3166,45.7558],[135.3105,45.7573],[135.3088,45.7586],[135.3077,45.7604],[135.3064,45.7617],[135.3034,45.762],[135.301,45.7595],[135.2998,45.7584],[135.2967,45.7581],[135.2949,45.7588],[135.2953,45.7628],[135.2949,45.7659],[135.2952,45.7698],[135.2954,45.7705]]}},{"type":"Feature","properties":{"name":"Дальняя"},"geometry":{"type":"LineString","coordinates":[[135.3903,46.0542],[135.3847,46.0533],[135.38,46.0526],[135.3775,46.0527],[135.3754,46.0524],[135.3728,46.0522],[135.3704,46.052],[135.3659,46.0486],[135.3643,46.0445],[135.3589,46.0421],[135.3542,46.0383],[135.3511,46.0364],[135.3433,46.0325],[135.341,46.0288],[135.341,46.0253],[135.3365,46.023],[135.3261,46.0183],[135.3257,46.0167],[135.3198,46.0156],[135.3176,46.0134],[135.3145,46.0104],[135.3125,46.0081],[135.3111,46.0058],[135.3092,46.0045],[135.3025,46.0041],[135.3006,46.0043],[135.298,46.0062],[135.2965,46.008],[135.2949,46.0087],[135.2936,46.0101],[135.292,46.0117],[135.29,46.013],[135.2864,46.0149],[135.284,46.0153],[135.2822,46.0149],[135.2809,46.0138],[135.2802,46.0111],[135.2781,46.0087],[135.2745,46.0073],[135.2716,46.0073],[135.2678,46.0081],[135.2639,46.0088],[135.2604,46.0088],[135.2574,46.0092]]}},{"type":"Feature","properties":{"name":"Большая Уссурка"},"geometry":{"type":"LineString","coordinates":[[135.184,45.9879],[135.1805,45.9884],[135.1782,45.9896],[135.1756,45.9901],[135.1726,45.9894],[135.17,45.9859],[135.1647,45.984],[135.1609,45.9837],[135.1533,45.9816],[135.1509,45.9781],[135.1482,45.9765],[135.1444,45.9746],[135.1405,45.9719],[135.141,45.9683],[135.1394,45.966],[135.1374,45.9648],[135.1331,45.9649],[135.1296,45.9665],[135.1265,45.9666],[135.1243,45.9654],[135.1231,45.9637],[135.1241,45.9614],[135.1229,45.9602],[135.119,45.9591],[135.1157,45.9591],[135.1106,45.961],[135.1073,45.9611],[135.1041,45.9605],[135.1018,45.959],[135.1013,45.9566],[135.1015,45.9536],[135.0989,45.952],[135.0963,45.9516],[135.0927,45.9529],[135.0905,45.9555],[135.0864,45.956],[135.0831,45.956],[135.0809,45.9549],[135.0788,45.9549],[135.0769,45.9556],[135.0761,45.9572],[135.0761,45.9598],[135.0742,45.9609],[135.0687,45.9574],[135.0644,45.9557],[135.0545,45.9534],[135.0472,45.95],[135.0438,45.9464],[135.0421,45.9431],[135.0442,45.9381],[135.0459,45.9357],[135.0445,45.9331],[135.0407,45.9328],[135.0383,45.9314],[135.0376,45.9296],[135.0376,45.9277],[135.0347,45.9255],[135.0342,45.9238],[135.034,45.9206],[135.0349,45.9166],[135.0364,45.9132],[135.0369,45.9093],[135.039,45.9073],[135.0395,45.9051],[135.0383,45.9021],[135.0373,45.8986],[135.0354,45.8974],[135.0311,45.897],[135.0273,45.8962],[135.023,45.8954],[135.0158,45.8926],[135.0093,45.8902],[135.0035,45.8894],[134.998,45.8905],[134.9952,45.8904],[134.9933,45.8896],[134.9921,45.8867],[134.9906,45.8851],[134.9841,45.883],[134.9806,45.8813],[134.9772,45.8792],[134.9719,45.8788],[134.9611,45.879],[134.9549,45.8784],[134.9492,45.8784],[134.9432,45.8786],[134.9416,45.8795],[134.9402,45.881],[134.9392,45.8828],[134.9398,45.8858],[134.9427,45.8866],[134.944,45.8878],[134.9427,45.8889],[134.9384,45.8908],[134.9337,45.8934],[134.9322,45.8944],[134.9312,45.8957],[134.9305,45.8981],[134.9287,45.8997],[134.9269,45.9004],[134.9251,45.9006],[134.9228,45.9004],[134.9209,45.8992],[134.9177,45.8988],[134.9156,45.9011],[134.9146,45.9026],[134.9127,45.9034],[134.9109,45.9034],[134.9087,45.9022],[134.9074,45.9007],[134.9036,45.9015],[134.9016,45.9027],[134.9001,45.9042],[134.8982,45.9077],[134.8962,45.9106],[134.895,45.9117],[134.8903,45.9154],[134.8883,45.9185],[134.8857,45.9205],[134.8821,45.9212],[134.8718,45.9186],[134.8694,45.9185]]}},{"type":"Feature","properties":{"name":"Большая Уссурка"},"geometry":{"type":"LineString","coordinates":[[135.0354,45.9155],[135.033,45.9126],[135.0308,45.9104],[135.0299,45.9075],[135.0313,45.9055],[135.0344,45.9037],[135.0339,45.9014],[135.0325,45.8995],[135.0277,45.899],[135.0244,45.8976],[135.023,45.8954]]}},{"type":"Feature","properties":{"name":"Большая Уссурка"},"geometry":{"type":"LineString","coordinates":[[134.8694,45.9185],[134.866,45.9177],[134.862,45.9178],[134.8579,45.9197],[134.855,45.9196],[134.8521,45.9178],[134.8502,45.9149],[134.8466,45.9126],[134.8435,45.9115],[134.8407,45.9111],[134.8385,45.9121],[134.8366,45.9143],[134.837,45.9164],[134.8349,45.9173],[134.8297,45.9166],[134.8285,45.9148],[134.8289,45.9112],[134.8275,45.9089],[134.8249,45.907],[134.8212,45.9068],[134.8162,45.9075],[134.8131,45.9073],[134.8107,45.906],[134.81,45.904],[134.81,45.9012],[134.8074,45.8996],[134.7982,45.8965],[134.7961,45.8948],[134.7951,45.8916],[134.7935,45.8892],[134.7901,45.8876],[134.7851,45.8862],[134.7765,45.8873],[134.7738,45.8865],[134.7728,45.8841],[134.77,45.883],[134.7657,45.8845],[134.763,45.8836],[134.7618,45.8815],[134.7587,45.881],[134.7559,45.8824],[134.7539,45.8848],[134.7506,45.8858],[134.7473,45.8847],[134.7429,45.8858],[134.7398,45.8873],[134.7373,45.8879],[134.7348,45.888],[134.7322,45.8872],[134.7307,45.8859],[134.7283,45.8846],[134.7266,45.8853]]}},{"type":"Feature","properties":{"name":"Большая Уссурка"},"geometry":{"type":"LineString","coordinates":[[134.8499,45.9201],[134.8423,45.9208],[134.833,45.9203],[134.8315,45.921],[134.8301,45.924],[134.828,45.9255],[134.826,45.9257],[134.8213,45.9273],[134.8176,45.9273],[134.8148,45.9265],[134.8138,45.9252],[134.8138,45.9215],[134.8128,45.9201],[134.8097,45.9189],[134.8054,45.9179],[134.8025,45.9185],[134.7963,45.9172],[134.7922,45.9152],[134.7873,45.9138],[134.7834,45.914],[134.7789,45.9134],[134.775,45.9135],[134.7731,45.9141],[134.7724,45.9156],[134.7731,45.9183],[134.7722,45.9208],[134.7697,45.9223],[134.7676,45.9223],[134.7661,45.9211],[134.7652,45.9191],[134.7635,45.9169],[134.7592,45.9148],[134.7564,45.9148],[134.7552,45.916],[134.7544,45.9174],[134.754,45.9193],[134.7515,45.9205],[134.748,45.9211],[134.7448,45.9198],[134.7417,45.9203],[134.7374,45.9235],[134.7345,45.9229],[134.7333,45.9199],[134.7314,45.9184],[134.7292,45.9181],[134.7271,45.9186],[134.7261,45.9203],[134.7243,45.9206],[134.7219,45.9198],[134.7209,45.9185],[134.7177,45.9162],[134.7144,45.9147],[134.7089,45.9118],[134.7048,45.9106],[134.7005,45.9106],[134.6983,45.9056],[134.6946,45.904],[134.6902,45.9043],[134.6873,45.9035],[134.6794,45.9007],[134.6751,45.9],[134.6687,45.9008],[134.665,45.903],[134.6624,45.903],[134.6607,45.9025],[134.6589,45.9005]]}},{"type":"Feature","properties":{"name":"Большая Уссурка"},"geometry":{"type":"LineString","coordinates":[[134.6983,45.9056],[134.6962,45.9017],[134.6929,45.8982],[134.6901,45.8966]]}},{"type":"Feature","properties":{"name":"Большая Уссурка"},"geometry":{"type":"LineString","coordinates":[[134.2918,45.9869],[134.2816,45.9866],[134.2825,45.9881],[134.2828,45.99],[134.2809,45.9911],[134.2773,45.9908],[134.2737,45.9933],[134.2706,45.9936],[134.2682,45.9936],[134.2662,45.9944],[134.2658,45.9968],[134.264,45.9968],[134.2614,45.9944],[134.2581,45.9939],[134.2554,45.9943],[134.2524,45.9967],[134.2507,45.997],[134.248,45.9961],[134.2442,45.9948],[134.2396,45.9958],[134.2351,45.9979],[134.2324,46.0019],[134.2308,46.0032],[134.2264,46.0035],[134.2229,46.0027],[134.2183,46.0005],[134.2154,46.0006],[134.214,46.0018],[134.2137,46.0043],[134.2135,46.0074],[134.2111,46.0101],[134.2082,46.0112],[134.204,46.0107],[134.201,46.0091],[134.2001,46.0042],[134.1994,46.0017],[134.197,46.0017],[134.1948,46.0036],[134.1925,46.0044],[134.1882,46.0051],[134.1826,46.0036],[134.1757,46.0038],[134.1707,46.0044],[134.1651,46.0022],[134.1599,45.9993],[134.1531,45.9988],[134.1498,45.9979],[134.1477,45.9955],[134.1429,45.9952],[134.1357,45.9957],[134.133,45.994],[134.1232,45.9934],[134.1164,45.993],[134.1108,45.9933],[134.1065,45.9949],[134.1006,45.9972],[134.095,45.9983],[134.0925,45.9995],[134.091,46.0012],[134.0886,46.0035],[134.086,46.0049]]}},{"type":"Feature","properties":{"name":"Маревка"},"geometry":{"type":"LineString","coordinates":[[134.2071,46.0554],[134.2049,46.055],[134.2024,46.0545],[134.2036,46.0525],[134.2041,46.0505],[134.2036,46.0489],[134.2014,46.0459],[134.1988,46.0434],[134.1967,46.0427],[134.1941,46.0447],[134.19,46.0456],[134.1877,46.0453],[134.1847,46.042],[134.1828,46.0414],[134.1805,46.0412],[134.177,46.0435],[134.1764,46.046],[134.1789,46.0474],[134.1801,46.0485],[134.1795,46.0502],[134.1773,46.0505],[134.1753,46.0513],[134.1719,46.0478],[134.17,46.047],[134.1699,46.0442],[134.1677,46.0447],[134.1669,46.0465],[134.1656,46.0454],[134.1648,46.044],[134.1673,46.0434],[134.1675,46.0417],[134.1675,46.0398],[134.1651,46.0395],[134.1639,46.0379],[134.1665,46.0381],[134.1691,46.0381],[134.1687,46.0351],[134.1684,46.0327],[134.1668,46.0317],[134.1647,46.0318],[134.1645,46.0302],[134.1663,46.0279],[134.1628,46.0271],[134.1608,46.028],[134.1589,46.0288],[134.1551,46.0292],[134.1501,46.0299],[134.1494,46.0322],[134.1467,46.0321],[134.1444,46.0309],[134.1405,46.0293],[134.1388,46.0274],[134.1371,46.0266],[134.1352,46.0267],[134.134,46.0278],[134.1314,46.0275],[134.1299,46.0269],[134.1324,46.0243],[134.134,46.0226],[134.1324,46.0216],[134.1297,46.023],[134.128,46.0241],[134.125,46.0243],[134.1237,46.0255],[134.1192,46.0231],[134.1165,46.0228],[134.114,46.0213]]}},{"type":"Feature","properties":{"name":"Большая Уссурка"},"geometry":{"type":"LineString","coordinates":[[135.3894,45.5064],[135.3889,45.508],[135.3844,45.5089],[135.3799,45.5105],[135.3722,45.5127],[135.3652,45.5134],[135.3625,45.5136],[135.3601,45.5149],[135.3584,45.5167],[135.3575,45.5196],[135.3574,45.5213],[135.3578,45.5231],[135.3621,45.526],[135.3639,45.5272],[135.3638,45.529],[135.3622,45.5311],[135.3596,45.5332],[135.3581,45.5352],[135.3558,45.5388],[135.3537,45.5441],[135.3522,45.5455],[135.3501,45.547],[135.3456,45.5491],[135.3408,45.5509],[135.3345,45.5544],[135.3335,45.556],[135.3317,45.5594],[135.3301,45.5632],[135.3285,45.5643],[135.3245,45.5659],[135.3221,45.5662],[135.3193,45.5673],[135.3181,45.5694],[135.3173,45.5748],[135.3175,45.5776],[135.3189,45.5815],[135.3211,45.5867],[135.3228,45.5887],[135.3255,45.5907],[135.3313,45.594],[135.3409,45.598],[135.3451,45.6003],[135.3468,45.602],[135.3485,45.6053],[135.3514,45.6085],[135.3529,45.6094],[135.3563,45.6106],[135.3608,45.6113],[135.3636,45.6109],[135.3676,45.6097],[135.3703,45.6093],[135.3743,45.6099],[135.3806,45.6137],[135.3844,45.6162],[135.386,45.6167],[135.3908,45.6172],[135.3928,45.6185],[135.3918,45.6222],[135.3903,45.6246],[135.3907,45.6277],[135.3889,45.6289],[135.387,45.6291],[135.383,45.629],[135.3776,45.6279],[135.3744,45.6281],[135.3709,45.6286],[135.3685,45.6292],[135.3678,45.6328],[135.3684,45.635],[135.3713,45.6392],[135.3735,45.6404],[135.3768,45.6409],[135.3797,45.641],[135.3817,45.6407],[135.3855,45.6394],[135.3881,45.6391],[135.3922,45.6397],[135.3987,45.6401],[135.4037,45.6411],[135.4067,45.6412],[135.41,45.6409],[135.4126,45.6401],[135.4157,45.6382],[135.4187,45.637],[135.4205,45.6366],[135.423,45.6364],[135.4253,45.6377],[135.4282,45.6395],[135.4315,45.6422],[135.4353,45.6445],[135.4388,45.6462],[135.4419,45.6465],[135.4459,45.6439],[135.4554,45.6387],[135.4576,45.638],[135.4598,45.6384],[135.462,45.6394],[135.4637,45.641],[135.4649,45.6447],[135.4664,45.6465],[135.469,45.6488],[135.4708,45.6502],[135.4728,45.6511],[135.4754,45.6509],[135.4795,45.6505],[135.4822,45.6491],[135.4848,45.6487],[135.4869,45.648],[135.4918,45.6436],[135.4931,45.6426],[135.4953,45.6417],[135.4975,45.6417],[135.4996,45.6422],[135.5049,45.644],[135.5079,45.6454],[135.5098,45.6466],[135.5107,45.6482],[135.5114,45.6515],[135.5107,45.6535],[135.5088,45.658],[135.5078,45.6621],[135.5078,45.6646],[135.5081,45.6663],[135.5084,45.67],[135.5086,45.6773],[135.5091,45.6818],[135.5081,45.6844],[135.5079,45.6862],[135.5077,45.689],[135.5057,45.6915],[135.5015,45.6951],[135.4978,45.698],[135.4961,45.7013],[135.4943,45.7049],[135.4911,45.7082],[135.4869,45.7134],[135.4863,45.715],[135.4856,45.7184],[135.4857,45.723],[135.4855,45.7247],[135.4842,45.7268],[135.4815,45.7296],[135.4773,45.7331],[135.4754,45.7346],[135.4749,45.7376],[135.4759,45.7402],[135.4773,45.7418],[135.4819,45.746],[135.4837,45.749],[135.4859,45.7539],[135.4863,45.7554],[135.4855,45.7577],[135.4841,45.7589],[135.4784,45.7612],[135.4735,45.7631],[135.4714,45.7635],[135.4693,45.7634],[135.4671,45.7627]]}},{"type":"Feature","properties":{"name":"Малиновка"},"geometry":{"type":"LineString","coordinates":[[134.2866,45.5997],[134.285,45.6012],[134.2837,45.6029],[134.2846,45.6045],[134.2857,45.6057],[134.2861,45.6074],[134.2869,45.6096],[134.2884,45.6104],[134.2901,45.6108],[134.2916,45.6126],[134.2926,45.6141],[134.2917,45.6161],[134.2917,45.6177],[134.2928,45.6189],[134.2926,45.6206],[134.2908,45.6206],[134.2891,45.6209],[134.2869,45.6223],[134.2849,45.623],[134.2833,45.6233],[134.2814,45.6237],[134.2792,45.6245],[134.2772,45.6261],[134.2766,45.6277],[134.276,45.6293],[134.2762,45.6309],[134.2761,45.6329],[134.2727,45.6352],[134.2712,45.6363],[134.2694,45.6369],[134.267,45.6368],[134.2653,45.6365],[134.2637,45.6363],[134.2615,45.6361],[134.2586,45.6366],[134.2559,45.6376],[134.2538,45.6385],[134.252,45.6398],[134.2497,45.6418],[134.2479,45.644],[134.2464,45.6454],[134.2445,45.6466],[134.242,45.6474],[134.2387,45.6479],[134.2366,45.6483],[134.2346,45.6492],[134.233,45.6508],[134.232,45.6521],[134.2313,45.6538],[134.23,45.6555],[134.2291,45.657],[134.2279,45.6588],[134.2262,45.6593],[134.2243,45.6591],[134.2226,45.6583],[134.2203,45.6585],[134.2181,45.6598],[134.2165,45.6601],[134.2151,45.6594],[134.2148,45.6577],[134.2131,45.6576],[134.212,45.6591],[134.2144,45.6611],[134.214,45.6627],[134.2108,45.6616],[134.209,45.6616],[134.2071,45.6623],[134.2077,45.6646],[134.2078,45.6666],[134.2066,45.669],[134.2054,45.671],[134.2045,45.6732],[134.2034,45.6748],[134.202,45.6758],[134.1994,45.6765],[134.1968,45.6778],[134.1949,45.679],[134.1932,45.6793],[134.1897,45.6792],[134.1873,45.6793],[134.1848,45.6793],[134.1824,45.6791],[134.1783,45.6784],[134.1764,45.6783],[134.1745,45.6784],[134.1723,45.6789],[134.1705,45.6793],[134.169,45.6805],[134.1678,45.6829],[134.1661,45.6857],[134.1646,45.6874],[134.1629,45.6888],[134.1605,45.6896],[134.1586,45.6899],[134.157,45.6928],[134.1557,45.6943],[134.1541,45.6944],[134.1523,45.6945],[134.1509,45.6956],[134.1505,45.6974],[134.1511,45.6991],[134.1532,45.7008],[134.1537,45.7034],[134.1558,45.7072],[134.1573,45.7085],[134.1593,45.7093],[134.1614,45.7094],[134.1637,45.7101],[134.1648,45.7113],[134.1637,45.7125],[134.1598,45.7135],[134.1578,45.7136],[134.1573,45.7154],[134.1593,45.717],[134.1577,45.7198],[134.1559,45.722],[134.1548,45.7237],[134.1536,45.7254],[134.1507,45.7275],[134.1495,45.7286],[134.1483,45.73],[134.1475,45.7324],[134.1473,45.7346],[134.1466,45.7367],[134.1451,45.7376],[134.1433,45.7382],[134.1415,45.7383],[134.1387,45.7381],[134.1366,45.7388],[134.1354,45.7404],[134.1333,45.7426],[134.1297,45.7441],[134.128,45.7445],[134.1263,45.7447],[134.1238,45.7456],[134.124,45.7475],[134.1262,45.7481],[134.1282,45.7486],[134.1299,45.7483],[134.1324,45.7489],[134.1342,45.7496],[134.1334,45.7511],[134.1318,45.7521],[134.1315,45.7538],[134.1298,45.754],[134.128,45.7541],[134.1265,45.7546],[134.1269,45.7562],[134.1286,45.7567],[134.1302,45.7567],[134.1304,45.7584],[134.1288,45.7589],[134.1272,45.759],[134.1281,45.7605],[134.1271,45.7619],[134.1271,45.7638],[134.1277,45.7656],[134.1273,45.7672],[134.1288,45.7694],[134.13,45.7706],[134.1308,45.7722],[134.1304,45.774],[134.1298,45.7755],[134.1305,45.7771],[134.1325,45.7779],[134.1326,45.7795],[134.1297,45.7808],[134.1278,45.7815],[134.1266,45.7835],[134.1264,45.7851],[134.1274,45.7866],[134.1294,45.7889],[134.131,45.7893],[134.1325,45.7878],[134.1341,45.7872],[134.1359,45.7873],[134.1368,45.7886],[134.1387,45.7898],[134.1406,45.7901],[134.1435,45.7902],[134.145,45.7911],[134.1434,45.7923],[134.1429,45.7941],[134.141,45.7958],[134.1399,45.7971],[134.139,45.7991],[134.1398,45.801],[134.1414,45.8008],[134.1429,45.7996],[134.1453,45.8014],[134.1466,45.8025],[134.1484,45.8023],[134.1501,45.8027],[134.1517,45.8033],[134.1537,45.8039],[134.1534,45.8062],[134.1517,45.8087],[134.1516,45.8103],[134.1527,45.8115],[134.1562,45.8114],[134.158,45.8119],[134.1562,45.8137],[134.1544,45.8142],[134.1524,45.8153],[134.15,45.8155],[134.1481,45.8165],[134.1471,45.8182],[134.1486,45.8195],[134.151,45.82],[134.1531,45.8218],[134.1544,45.8228],[134.1541,45.8245],[134.1516,45.8253],[134.1509,45.8268],[134.1521,45.8281],[134.1506,45.8292],[134.1487,45.8291],[134.1467,45.8302],[134.1451,45.8315],[134.1463,45.8332],[134.1478,45.8344],[134.1485,45.8382],[134.1466,45.8403],[134.1459,45.8419],[134.149,45.8426],[134.151,45.8431],[134.1524,45.8438],[134.1541,45.8454],[134.1589,45.848],[134.161,45.8492],[134.1638,45.8505],[134.1651,45.8516],[134.1663,45.8535],[134.1671,45.8552],[134.1686,45.8565],[134.1709,45.8585],[134.1724,45.8607],[134.1732,45.8627],[134.1734,45.8652],[134.1719,45.8672],[134.1703,45.8677],[134.1684,45.8674],[134.1658,45.8664],[134.1645,45.8652],[134.1636,45.8632],[134.1639,45.861],[134.1626,45.8597],[134.161,45.8598],[134.1592,45.8616],[134.1576,45.8634],[134.1554,45.8643],[134.1532,45.8642],[134.1515,45.8639],[134.15,45.8647],[134.1485,45.8661],[134.1466,45.8654],[134.1449,45.8645],[134.1435,45.8657],[134.1445,45.8671],[134.1463,45.8676],[134.148,45.8682],[134.1484,45.8698],[134.1468,45.8704],[134.1449,45.8698],[134.1433,45.87],[134.142,45.8714],[134.1422,45.8732],[134.1438,45.8737],[134.1463,45.8736],[134.1474,45.8749],[134.1462,45.8766],[134.1456,45.8798],[134.1439,45.8813],[134.1419,45.8812],[134.1405,45.8802],[134.1393,45.879],[134.1389,45.8767],[134.1384,45.875],[134.1363,45.8742],[134.1346,45.8744],[134.1329,45.875],[134.1318,45.8765],[134.1335,45.8779],[134.135,45.8788],[134.1363,45.8802],[134.1367,45.8823],[134.1358,45.8837],[134.1373,45.8846],[134.1389,45.885],[134.1374,45.8869],[134.136,45.8881],[134.1352,45.8895],[134.1335,45.8899],[134.1314,45.8895],[134.1294,45.8894],[134.1276,45.8895],[134.1255,45.89],[134.1241,45.8912],[134.1231,45.8937],[134.1218,45.8952],[134.1202,45.8982],[134.1182,45.8991],[134.1155,45.899],[134.1137,45.8991],[134.1114,45.8991],[134.11,45.8979],[134.1109,45.8958],[134.1097,45.8941],[134.1075,45.8938],[134.1035,45.895],[134.102,45.8956],[134.1009,45.8972],[134.1016,45.8995],[134.1012,45.9013],[134.0995,45.9018],[134.098,45.9013],[134.097,45.8995],[134.0979,45.8978],[134.0981,45.8952],[134.0969,45.8937],[134.0961,45.8921],[134.0962,45.8904],[134.0945,45.8893],[134.0926,45.8889],[134.0908,45.8893],[134.0893,45.8907],[134.0895,45.8925],[134.0905,45.8939],[134.0902,45.8959],[134.0885,45.8968],[134.0842,45.896],[134.0806,45.8956],[134.0774,45.8954],[134.0754,45.8948],[134.0737,45.8941],[134.0715,45.8938],[134.0692,45.8943],[134.0677,45.8953],[134.0672,45.8971],[134.0688,45.8992],[134.0691,45.9009],[134.0674,45.9039],[134.0657,45.9048],[134.0639,45.9045],[134.064,45.9022],[134.0648,45.9007],[134.0634,45.8993],[134.0611,45.8987],[134.0588,45.8993],[134.0565,45.9007],[134.0542,45.9008],[134.0535,45.8992],[134.0534,45.8974],[134.0517,45.8962],[134.05,45.8968],[134.0504,45.902],[134.0494,45.9039],[134.0479,45.9047],[134.0453,45.9049],[134.0432,45.905],[134.0413,45.9055],[134.0409,45.9075],[134.042,45.9089],[134.0414,45.9104],[134.0393,45.9119],[134.0377,45.9138],[134.0369,45.9147]]}},{"type":"Feature","properties":{"name":"Kolumbe River"},"geometry":{"type":"LineString","coordinates":[[136.2615,45.5521],[136.2598,45.552],[136.2581,45.5518],[136.2566,45.5511],[136.255,45.5505],[136.2519,45.5514],[136.2496,45.5517],[136.2474,45.5525],[136.2455,45.5528],[136.244,45.5537],[136.2424,45.5538],[136.2403,45.5548],[136.238,45.5563],[136.2368,45.5577],[136.2349,45.5572],[136.2334,45.556],[136.2309,45.5555],[136.2286,45.5553],[136.2265,45.5545],[136.2251,45.5534],[136.2235,45.5534],[136.2216,45.5539],[136.2191,45.554],[136.2162,45.5534],[136.2141,45.5536],[136.2115,45.5549],[136.2089,45.5556],[136.2072,45.5553],[136.2059,45.5543],[136.2045,45.5533],[136.2031,45.5524],[136.2016,45.5518],[136.1997,45.552],[136.198,45.5529],[136.1963,45.5529],[136.1945,45.5544],[136.1928,45.555],[136.1911,45.5547],[136.1893,45.5549],[136.1876,45.5545],[136.1863,45.5534],[136.1849,45.5544],[136.1832,45.555],[136.1816,45.5556],[136.1797,45.5563],[136.1784,45.5554],[136.1763,45.5561],[136.1744,45.556],[136.1717,45.5553],[136.1694,45.5547],[136.1696,45.5528],[136.1681,45.5516],[136.1668,45.5502],[136.1647,45.5498],[136.1628,45.5495],[136.1602,45.5497],[136.1584,45.5495],[136.1568,45.5489],[136.1552,45.5489],[136.1538,45.5501],[136.1527,45.5514],[136.1514,45.5504],[136.1492,45.5497],[136.1474,45.5495],[136.1455,45.5498],[136.1436,45.5503],[136.142,45.5499],[136.1404,45.5505],[136.1384,45.5502],[136.1371,45.5511],[136.1344,45.5509],[136.1333,45.5493],[136.1311,45.5479],[136.1302,45.5463],[136.1285,45.545],[136.1261,45.5434],[136.1243,45.5427],[136.1226,45.5423],[136.121,45.5419],[136.1212,45.5436],[136.1194,45.5434],[136.1175,45.5436],[136.1159,45.5433],[136.1142,45.5431],[136.1126,45.5436],[136.1111,45.5429],[136.1095,45.5411],[136.1071,45.5407],[136.1058,45.5417],[136.1039,45.5414],[136.1024,45.5406],[136.1,45.5411],[136.0983,45.5414],[136.0966,45.542],[136.0946,45.5414],[136.0927,45.5412],[136.0909,45.5409],[136.0894,45.54],[136.0877,45.5409],[136.0863,45.5393],[136.0844,45.5391],[136.0825,45.5385],[136.0807,45.538],[136.0795,45.5364],[136.0773,45.5357],[136.0752,45.5356],[136.0719,45.5361],[136.0703,45.5363],[136.0694,45.5376],[136.0678,45.5376],[136.0659,45.5374],[136.0641,45.5373],[136.062,45.5373],[136.061,45.5356],[136.0591,45.5356],[136.0571,45.5361],[136.0549,45.536],[136.0537,45.5372],[136.0513,45.5375],[136.0488,45.5368],[136.0464,45.5352],[136.0443,45.5349],[136.0422,45.5341],[136.04,45.5339],[136.0388,45.535],[136.0367,45.5351],[136.0346,45.5352],[136.0319,45.535],[136.0299,45.5346],[136.0275,45.5332],[136.0258,45.5323],[136.0237,45.5328],[136.0217,45.5323],[136.02,45.5325],[136.0183,45.5325],[136.0166,45.533],[136.0147,45.533],[136.0126,45.5324],[136.011,45.5326],[136.0082,45.5323],[136.0063,45.5318],[136.0047,45.533],[136.0013,45.5322],[135.9995,45.532],[135.9976,45.5329],[135.995,45.533],[135.9933,45.5335],[135.9918,45.5348],[135.9888,45.5345],[135.987,45.5357],[135.9847,45.5357],[135.9826,45.5348],[135.9807,45.5355],[135.9789,45.5366],[135.9773,45.5364],[135.9776,45.5343],[135.9763,45.5325],[135.9749,45.5312],[135.9729,45.5304],[135.9712,45.5297],[135.9697,45.5303],[135.9696,45.5286],[135.9686,45.5273],[135.9642,45.5222],[135.9619,45.5211],[135.9596,45.5215],[135.9571,45.5217],[135.9549,45.5212],[135.9526,45.5213],[135.9505,45.5213],[135.9483,45.5207],[135.948,45.5191],[135.9451,45.5178],[135.9439,45.5157],[135.9415,45.515],[135.9402,45.5137],[135.9384,45.5134],[135.9371,45.5147],[135.935,45.5148],[135.9332,45.5146],[135.9318,45.5155],[135.932,45.5176],[135.9295,45.518],[135.9274,45.5181],[135.9253,45.518],[135.922,45.5181],[135.9198,45.5179],[135.9167,45.5173],[135.9153,45.5154],[135.9133,45.5136],[135.9115,45.5106],[135.9093,45.5093],[135.907,45.5094],[135.9054,45.5087],[135.9047,45.5067],[135.9024,45.506],[135.9001,45.5048],[135.8974,45.5038],[135.8956,45.5029],[135.8944,45.5019],[135.8933,45.5],[135.8916,45.4989],[135.8896,45.4983],[135.8903,45.4966],[135.889,45.4951],[135.8872,45.4948],[135.8855,45.4928],[135.8858,45.491],[135.8845,45.4895],[135.8827,45.4882],[135.8814,45.4863],[135.8817,45.4839],[135.8802,45.4816],[135.8749,45.4798],[135.8724,45.4794],[135.8704,45.4794],[135.8685,45.4797],[135.8655,45.4796],[135.8625,45.4793],[135.8599,45.4793],[135.858,45.4802],[135.8552,45.4808],[135.8535,45.4825],[135.8511,45.4831],[135.8506,45.4815],[135.8498,45.4791],[135.8481,45.478],[135.8458,45.478],[135.8442,45.4775],[135.842,45.4779],[135.8393,45.4769],[135.8371,45.4763],[135.835,45.4763],[135.8328,45.4775],[135.8305,45.4781],[135.829,45.4809],[135.8271,45.4815],[135.8238,45.4811],[135.8218,45.4805],[135.8197,45.4799],[135.8176,45.48],[135.816,45.4804],[135.8143,45.4802],[135.8107,45.479],[135.8069,45.4774],[135.8041,45.4748],[135.802,45.4726],[135.8019,45.4703],[135.8009,45.4687],[135.799,45.469],[135.7973,45.4679],[135.795,45.4681],[135.7928,45.4696],[135.7907,45.4701],[135.7888,45.47],[135.7862,45.4697],[135.7844,45.4691],[135.7826,45.4684],[135.7797,45.4682],[135.7771,45.4693],[135.7753,45.4704],[135.7728,45.4711],[135.7695,45.4713],[135.768,45.4701],[135.765,45.4706],[135.7634,45.4712],[135.7613,45.4724],[135.7598,45.474],[135.7583,45.4744],[135.7563,45.4738],[135.7539,45.474],[135.7509,45.4741],[135.7489,45.4736],[135.7468,45.4712],[135.743,45.4712],[135.7373,45.4709],[135.733,45.4713],[135.7314,45.472],[135.7301,45.4731],[135.7281,45.4745],[135.7264,45.4749],[135.7224,45.4763],[135.7195,45.4781],[135.7176,45.4786],[135.7157,45.4791],[135.7138,45.4793],[135.7121,45.4791],[135.71,45.4778],[135.7085,45.4771],[135.7084,45.4746],[135.7078,45.4725],[135.7063,45.4705],[135.7048,45.4696],[135.7027,45.4692],[135.7006,45.4685],[135.6985,45.4676],[135.6964,45.4682],[135.6944,45.4686],[135.6931,45.4673],[135.6928,45.4656],[135.6933,45.4637],[135.6912,45.4635],[135.6893,45.4629],[135.6897,45.4609],[135.6916,45.4605],[135.694,45.4598],[135.6922,45.4573],[135.6902,45.4553],[135.6872,45.4532],[135.685,45.4519],[135.6825,45.4499],[135.681,45.4487],[135.6781,45.4458],[135.678,45.4437],[135.6774,45.4413],[135.6759,45.4406],[135.6729,45.4405],[135.6713,45.4398],[135.6686,45.4387],[135.6661,45.4359],[135.6642,45.4341],[135.6617,45.431],[135.66,45.4276],[135.6599,45.4253],[135.6568,45.4239],[135.6529,45.4228],[135.6505,45.4222],[135.6491,45.4214],[135.6466,45.4203],[135.6445,45.4207],[135.6417,45.4218],[135.6398,45.4236],[135.6383,45.4254],[135.6387,45.4272],[135.6372,45.4283],[135.6355,45.4289],[135.6339,45.4285],[135.6315,45.4282],[135.6289,45.4295],[135.6272,45.429],[135.6253,45.4288],[135.6214,45.4295],[135.6189,45.4301],[135.6159,45.4304],[135.6121,45.4301],[135.6102,45.4312],[135.6083,45.4304],[135.6067,45.4282],[135.6048,45.4286],[135.6027,45.4296],[135.6008,45.4287],[135.5994,45.4273],[135.5977,45.4253],[135.5961,45.4242],[135.5891,45.4221],[135.5827,45.4216],[135.5795,45.422],[135.5776,45.4217],[135.5772,45.4194],[135.5745,45.4184],[135.5707,45.418],[135.5678,45.418],[135.5669,45.4201],[135.5637,45.4207],[135.5613,45.4237],[135.5599,45.425],[135.5575,45.4254],[135.5559,45.4249],[135.5551,45.4234],[135.5535,45.4216],[135.5518,45.4205],[135.5498,45.4214],[135.5504,45.423],[135.5466,45.4247],[135.5446,45.4257],[135.5427,45.4263],[135.5427,45.4283],[135.5438,45.4298],[135.5443,45.4312]]}},{"type":"Feature","properties":{"name":"Журавлёвка"},"geometry":{"type":"LineString","coordinates":[[134.8724,44.8612],[134.8656,44.8615],[134.8621,44.862],[134.8597,44.8631],[134.8564,44.8618],[134.8537,44.8597],[134.8516,44.8582],[134.849,44.8577],[134.8446,44.8582],[134.8412,44.8586],[134.8382,44.8568],[134.8369,44.8556],[134.8344,44.8558],[134.8324,44.8567],[134.8298,44.8557],[134.8277,44.855],[134.8241,44.8545],[134.8206,44.8545],[134.8158,44.8557],[134.8123,44.8573],[134.8101,44.858],[134.808,44.8569],[134.805,44.8557],[134.8026,44.8552],[134.8009,44.8526],[134.7986,44.8512],[134.7989,44.8486],[134.7971,44.8481],[134.7963,44.8459],[134.7937,44.8456],[134.7889,44.8455],[134.7859,44.8463],[134.783,44.8459],[134.7804,44.846],[134.7788,44.8452],[134.7759,44.8445],[134.7748,44.8425],[134.7733,44.8395],[134.7709,44.8391],[134.7678,44.8368],[134.7668,44.8341],[134.7661,44.8321],[134.7652,44.8291],[134.7638,44.8274],[134.7618,44.826],[134.7593,44.8249],[134.7565,44.8245],[134.7552,44.8227],[134.7551,44.821],[134.7559,44.8195],[134.7565,44.8175],[134.759,44.8137],[134.7613,44.8113],[134.763,44.8103],[134.7641,44.8087],[134.7644,44.8066],[134.7606,44.8053],[134.7569,44.8067],[134.7523,44.8074],[134.7506,44.8071],[134.7482,44.8077],[134.7465,44.8083],[134.7447,44.8078],[134.7425,44.8057],[134.7402,44.807],[134.7376,44.8071],[134.7346,44.8073],[134.7325,44.8061],[134.7313,44.8041],[134.731,44.8018],[134.7327,44.8],[134.7366,44.8011],[134.7429,44.8019],[134.7466,44.8021],[134.7491,44.8005],[134.7482,44.7981],[134.7436,44.7979],[134.7397,44.7971],[134.7375,44.7962],[134.7361,44.7939],[134.7361,44.7904],[134.7319,44.7879],[134.727,44.7856],[134.7244,44.783],[134.7215,44.779],[134.7184,44.7753],[134.7124,44.771],[134.708,44.7678],[134.7054,44.7659],[134.7047,44.7632],[134.702,44.7602],[134.7011,44.7585],[134.6994,44.7567],[134.6983,44.7547],[134.6974,44.7532],[134.6961,44.7521],[134.6956,44.7498],[134.6957,44.7471],[134.6938,44.7455],[134.6946,44.7432],[134.6929,44.7424],[134.6925,44.7391],[134.6946,44.737],[134.697,44.7359],[134.697,44.7322],[134.6961,44.7308],[134.696,44.7289],[134.6959,44.7272],[134.6944,44.7256],[134.6918,44.7236],[134.6897,44.7214],[134.6888,44.7178],[134.6878,44.716],[134.6848,44.712],[134.6845,44.7104],[134.6832,44.709],[134.681,44.7084],[134.6793,44.7076],[134.6777,44.7076],[134.6746,44.7094],[134.6724,44.7101],[134.6691,44.7106],[134.6668,44.7112],[134.662,44.7111],[134.66,44.7124],[134.6585,44.7138],[134.6565,44.7144],[134.6532,44.7142],[134.6486,44.7136],[134.6466,44.7135],[134.6447,44.714],[134.6427,44.714],[134.6416,44.7128],[134.6418,44.7112],[134.6393,44.712],[134.6379,44.7134],[134.6369,44.7149],[134.6367,44.7168],[134.6362,44.7186],[134.6337,44.72],[134.6316,44.7203],[134.6296,44.7202],[134.628,44.7206],[134.6267,44.7222],[134.625,44.7226],[134.6211,44.7211],[134.6189,44.7206],[134.6156,44.7215],[134.614,44.7213],[134.6133,44.7181],[134.6092,44.7191],[134.6075,44.72],[134.6056,44.7206],[134.6039,44.719],[134.6013,44.7187],[134.5981,44.7206],[134.5972,44.722],[134.5965,44.7241],[134.5962,44.7259],[134.5941,44.7259],[134.5922,44.7256],[134.5888,44.7258],[134.5863,44.7259],[134.5833,44.7245],[134.581,44.7256],[134.5777,44.7254],[134.5719,44.721],[134.5693,44.7201]]}},{"type":"Feature","properties":{"name":"Большая Уссурка"},"geometry":{"type":"LineString","coordinates":[[135.1533,45.9816],[135.1447,45.98],[135.1398,45.98],[135.1351,45.9796],[135.1264,45.9796],[135.1223,45.9812],[135.1181,45.9828],[135.1161,45.9845],[135.1135,45.9865],[135.1116,45.9878],[135.1096,45.9878],[135.109,45.9858],[135.1065,45.9866],[135.1054,45.985],[135.1027,45.9831],[135.101,45.983],[135.0943,45.9809],[135.0924,45.98],[135.0876,45.9767],[135.0845,45.9753],[135.0828,45.9734],[135.0807,45.9713],[135.0776,45.9686],[135.0764,45.9664],[135.0752,45.9635],[135.073,45.9608]]}},{"type":"Feature","properties":{"name":"Большая Уссурка"},"geometry":{"type":"LineString","coordinates":[[134.6164,45.8711],[134.6123,45.8684],[134.6086,45.867],[134.6054,45.8672],[134.6033,45.8689],[134.6018,45.8721],[134.5999,45.8749],[134.5953,45.8761],[134.592,45.8753],[134.5896,45.8738],[134.588,45.8749],[134.588,45.8772],[134.5865,45.8782],[134.5838,45.8774],[134.5793,45.8749],[134.5748,45.8741],[134.5705,45.875],[134.5657,45.8764],[134.5604,45.8763],[134.5553,45.8724],[134.551,45.8712],[134.5472,45.8721],[134.5446,45.8731],[134.5403,45.8729],[134.5367,45.8707],[134.5352,45.8682],[134.5316,45.8674],[134.5276,45.8681],[134.523,45.872],[134.517,45.8743],[134.5146,45.8755],[134.5113,45.8748],[134.5079,45.8712],[134.5065,45.8689],[134.5024,45.8669],[134.4964,45.8666],[134.4929,45.869],[134.4892,45.8719],[134.4852,45.8735],[134.4809,45.8731],[134.4775,45.8702],[134.4748,45.8675],[134.4708,45.8665],[134.4645,45.8668],[134.46,45.8689],[134.4577,45.8726],[134.4546,45.8758],[134.4529,45.8775],[134.4506,45.8786],[134.4491,45.8797],[134.4487,45.8822],[134.4495,45.8887],[134.4507,45.8947],[134.4468,45.9073],[134.4464,45.9138],[134.4451,45.9195],[134.4375,45.9227],[134.4315,45.9245],[134.4301,45.9263],[134.4301,45.9289],[134.4281,45.9328],[134.4251,45.9344],[134.4224,45.9369],[134.4233,45.9384],[134.4251,45.9408],[134.4253,45.9432],[134.4236,45.9444],[134.4186,45.9462],[134.4158,45.9483],[134.4121,45.9515],[134.414,45.9541],[134.4174,45.9546],[134.4179,45.9567],[134.4157,45.9592],[134.4118,45.9597],[134.41,45.9616],[134.4107,45.964],[134.4071,45.9674],[134.4047,45.9688],[134.4003,45.9736],[134.3966,45.9781],[134.3941,45.9791],[134.3898,45.9789],[134.3824,45.9782],[134.3779,45.9788],[134.3755,45.9804],[134.3724,45.9833],[134.3687,45.9845],[134.3668,45.984],[134.3651,45.9816],[134.3618,45.9783],[134.3591,45.9773],[134.3558,45.9781],[134.3522,45.981],[134.3489,45.982],[134.345,45.9822],[134.3395,45.9807],[134.3355,45.9796],[134.329,45.9804],[134.3237,45.9828],[134.3146,45.9855],[134.3084,45.9868],[134.3017,45.987],[134.2967,45.9869],[134.2918,45.9869]]}},{"type":"Feature","properties":{"name":"Большая Уссурка"},"geometry":{"type":"LineString","coordinates":[[134.8694,45.9185],[134.8634,45.9206],[134.8605,45.9218],[134.8557,45.9218],[134.8521,45.9214],[134.8499,45.9201],[134.8478,45.9173],[134.8455,45.9155],[134.8424,45.9158],[134.8404,45.9179],[134.837,45.9175],[134.8349,45.9173]]}},{"type":"Feature","properties":{"name":"Большая Уссурка"},"geometry":{"type":"LineString","coordinates":[[135.3464,45.7521],[135.3444,45.753],[135.3389,45.7561],[135.3361,45.7597],[135.3327,45.7614],[135.3292,45.762],[135.3249,45.7593],[135.3225,45.759],[135.3196,45.7592],[135.3178,45.7598],[135.3168,45.7619],[135.3151,45.763],[135.3135,45.7631],[135.3118,45.7626],[135.3098,45.7627],[135.3072,45.7641],[135.3056,45.7658],[135.3038,45.7664],[135.3022,45.7655],[135.2998,45.7657],[135.2976,45.7667],[135.2954,45.7705]]}},{"type":"Feature","properties":{"name":"Большая Уссурка"},"geometry":{"type":"LineString","coordinates":[[134.2918,45.9869],[134.2871,45.9815],[134.2821,45.9775],[134.2767,45.9772],[134.2724,45.9802],[134.2684,45.9838],[134.2609,45.984],[134.2521,45.983],[134.2457,45.9817],[134.2435,45.981],[134.2419,45.9799],[134.2407,45.9786],[134.2393,45.9777],[134.2372,45.9772],[134.2349,45.9769],[134.2328,45.976],[134.2304,45.9753],[134.2285,45.9751],[134.2265,45.9756],[134.2248,45.9771],[134.2239,45.9785],[134.2251,45.9803],[134.2264,45.9817],[134.2248,45.983],[134.2214,45.9828],[134.2171,45.9828],[134.2149,45.9844],[134.2152,45.987],[134.2142,45.9883],[134.2119,45.9896],[134.2099,45.9921],[134.2078,45.9924],[134.2052,45.994],[134.2004,45.9934],[134.197,45.9938],[134.1944,45.9945],[134.192,45.9945],[134.1903,45.9919],[134.1881,45.9913],[134.1833,45.9931],[134.1797,45.9954],[134.1783,45.9971],[134.1793,45.9994],[134.1785,46.0008],[134.1745,46.0004],[134.1716,46.0002],[134.169,45.9977],[134.1639,45.9969],[134.1618,45.9942],[134.1575,45.9923],[134.1522,45.9921],[134.1448,45.9932],[134.139,45.9932],[134.133,45.994]]}},{"type":"Feature","properties":{"name":"Большая Уссурка"},"geometry":{"type":"LineString","coordinates":[[135.2954,45.7705],[135.2951,45.7764],[135.2916,45.7793],[135.2834,45.7826],[135.2792,45.784],[135.2768,45.7855],[135.2752,45.7882],[135.2737,45.7925],[135.2721,45.7944],[135.2701,45.7968],[135.2699,45.7988],[135.2711,45.8015],[135.2735,45.8034],[135.2745,45.806],[135.2731,45.8083],[135.2756,45.811],[135.2766,45.815],[135.2768,45.82],[135.2812,45.8228],[135.2831,45.8255],[135.2831,45.8277],[135.2804,45.8307],[135.275,45.8327],[135.2695,45.8353],[135.2673,45.8379],[135.2655,45.8399],[135.2635,45.8413],[135.2607,45.8421],[135.2565,45.8426],[135.2542,45.8435],[135.2527,45.8458],[135.2523,45.8476],[135.2545,45.8486],[135.2565,45.8491],[135.2582,45.8499],[135.2601,45.8516],[135.2617,45.8536],[135.2625,45.8555],[135.2633,45.8581],[135.2634,45.8602],[135.263,45.8619],[135.2613,45.8641],[135.2577,45.8663],[135.2551,45.868],[135.2544,45.8696],[135.2553,45.8715],[135.2594,45.8733],[135.2621,45.8752],[135.264,45.8763],[135.2653,45.8777],[135.2654,45.8823],[135.262,45.8884],[135.2635,45.8917],[135.2642,45.897],[135.2623,45.8995],[135.2579,45.9029],[135.256,45.9051],[135.2563,45.9073],[135.2574,45.9087],[135.2606,45.9118],[135.2641,45.918],[135.2668,45.9206],[135.2694,45.9209],[135.2725,45.9206],[135.275,45.9222],[135.2754,45.9246],[135.2726,45.9275],[135.2697,45.9301],[135.2687,45.9335],[135.2697,45.9376],[135.2718,45.9414],[135.2773,45.945],[135.2838,45.9476],[135.2903,45.9479],[135.2948,45.9467],[135.302,45.9476],[135.3071,45.9498],[135.3065,45.9546],[135.2986,45.9636],[135.2917,45.9708],[135.29,45.9751],[135.2848,45.9787],[135.2828,45.9825],[135.2841,45.9872],[135.2841,45.992],[135.2814,45.9965],[135.2759,45.9996],[135.2718,46.0018],[135.268,46.0049],[135.2608,46.007],[135.2574,46.0092],[135.2529,46.0089],[135.2467,46.0044],[135.2419,46.0006],[135.2347,45.9985],[135.2237,45.9999],[135.2151,45.9999],[135.2127,45.9982],[135.2062,45.9963],[135.2017,45.9932],[135.1966,45.9887],[135.1918,45.9877],[135.188,45.9892],[135.184,45.9879]]}},{"type":"Feature","properties":{"name":null},"geometry":{"type":"LineString","coordinates":[[134.3136,44.8975],[134.3137,44.8951],[134.3134,44.8921],[134.3126,44.8904],[134.3107,44.8891],[134.3083,44.8898],[134.3071,44.8878],[134.3081,44.8854],[134.3088,44.8829],[134.3104,44.8806],[134.3103,44.879],[134.3114,44.8776],[134.3107,44.876],[134.3115,44.8746],[134.3113,44.8725],[134.3124,44.871],[134.3146,44.8699],[134.3163,44.8678],[134.3183,44.8667],[134.3196,44.8648],[134.321,44.8634],[134.3206,44.8615],[134.3216,44.8592],[134.3198,44.8585],[134.32,44.8567],[134.3179,44.8551],[134.3156,44.8535],[134.3144,44.8519],[134.313,44.851],[134.3106,44.8507],[134.3096,44.8495],[134.3077,44.8487],[134.3053,44.8479],[134.3035,44.8467],[134.3018,44.845],[134.3005,44.8432],[134.301,44.8412],[134.302,44.8396],[134.3012,44.8378],[134.302,44.8359],[134.3038,44.8355],[134.3042,44.8339],[134.3061,44.8326],[134.3061,44.8303],[134.3056,44.8284],[134.3077,44.8274],[134.3062,44.8262],[134.3082,44.8256],[134.3076,44.8235],[134.3096,44.8222],[134.3108,44.8207],[134.3106,44.8185],[134.3098,44.8158],[134.3098,44.8137],[134.3082,44.8118],[134.307,44.8105],[134.3057,44.8094],[134.3033,44.8077],[134.3018,44.8069],[134.3002,44.806],[134.2983,44.8068],[134.2969,44.8059],[134.2951,44.805],[134.2934,44.8066],[134.2914,44.8054],[134.2898,44.8038],[134.2886,44.8019],[134.2866,44.7998],[134.2844,44.8002],[134.2836,44.8017],[134.281,44.8014],[134.2802,44.7995],[134.2784,44.8],[134.2765,44.8001],[134.272,44.7993],[134.2688,44.7988],[134.2665,44.7977],[134.2652,44.7965],[134.2639,44.7974],[134.2624,44.799],[134.2606,44.7996],[134.2586,44.7995],[134.2565,44.8001],[134.254,44.7995],[134.2526,44.8013],[134.2509,44.8],[134.2495,44.8013],[134.2479,44.802],[134.2462,44.803],[134.2442,44.8031],[134.2422,44.8029],[134.241,44.8016],[134.2394,44.8006],[134.2371,44.8006],[134.236,44.8025],[134.2335,44.803],[134.2317,44.8031],[134.2301,44.8015],[134.2286,44.8003],[134.2264,44.7987],[134.2221,44.7979],[134.2201,44.7973],[134.2184,44.7967],[134.2174,44.7948],[134.2152,44.7932],[134.2141,44.7918],[134.2121,44.7919],[134.2107,44.7908],[134.2097,44.7893],[134.208,44.7899],[134.2068,44.7887],[134.2043,44.7882],[134.2014,44.7878],[134.1987,44.7881],[134.1988,44.7858],[134.1981,44.7837],[134.1963,44.7826],[134.1966,44.7809],[134.1998,44.7815],[134.2004,44.7784],[134.2015,44.777],[134.2005,44.7755],[134.1983,44.7752],[134.2001,44.7729],[134.1977,44.7729],[134.1991,44.7716],[134.2006,44.7701],[134.1985,44.7684],[134.2014,44.7679],[134.2021,44.7661],[134.2042,44.7659],[134.2019,44.764],[134.2046,44.7636],[134.2029,44.7622],[134.2029,44.7603],[134.1997,44.7609],[134.1983,44.76],[134.2,44.759],[134.1987,44.7581],[134.1984,44.7554],[134.2004,44.7537],[134.1997,44.7495],[134.198,44.7488],[134.1963,44.7476],[134.1944,44.7454],[134.1921,44.7437],[134.1909,44.7418],[134.1904,44.7394],[134.1901,44.7363],[134.1899,44.7332],[134.1902,44.7303],[134.1909,44.7276]]}},{"type":"Feature","properties":{"name":"Вороновка"},"geometry":{"type":"LineString","coordinates":[[134.2244,46.064],[134.2228,46.0633],[134.2216,46.0645],[134.22,46.0663],[134.2172,46.0672],[134.2157,46.0672]]}},{"type":"Feature","properties":{"name":"Вороновка"},"geometry":{"type":"LineString","coordinates":[[134.2335,46.0634],[134.2325,46.0622],[134.2308,46.0623],[134.2292,46.0621],[134.2275,46.0623],[134.2259,46.0624],[134.2245,46.0631],[134.2244,46.064]]}},{"type":"Feature","properties":{"name":"Маревка"},"geometry":{"type":"LineString","coordinates":[[134.3227,46.1055],[134.3222,46.1038],[134.3234,46.1024],[134.3234,46.1008],[134.3219,46.0999],[134.3208,46.1011],[134.3191,46.1009],[134.3189,46.0991],[134.3172,46.0993],[134.316,46.098],[134.3144,46.0977],[134.3156,46.0965],[134.3175,46.0975],[134.3194,46.0976],[134.3187,46.0961],[134.3176,46.0949],[134.316,46.0957],[134.315,46.0945],[134.3133,46.0948],[134.314,46.0933],[134.3128,46.0921],[134.3111,46.0922],[134.3117,46.0906],[134.31,46.0909],[134.3102,46.0927],[134.3085,46.0931],[134.3083,46.0913],[134.3097,46.0906],[134.3078,46.0902],[134.3066,46.0914],[134.3062,46.0897],[134.304,46.0899],[134.302,46.0901],[134.3005,46.091],[134.2998,46.0926],[134.2981,46.0928],[134.2967,46.0912],[134.2981,46.0904],[134.2997,46.0904],[134.2986,46.089],[134.3,46.088],[134.2984,46.0874],[134.2968,46.0875],[134.2981,46.0865],[134.2963,46.087],[134.2946,46.0872],[134.2957,46.0885],[134.2939,46.0887],[134.2922,46.088],[134.2906,46.0874],[134.2926,46.0867],[134.2919,46.0852],[134.2904,46.0859],[134.29,46.0844],[134.2883,46.0842],[134.2896,46.083],[134.2878,46.0825],[134.2884,46.0808],[134.2901,46.0806],[134.2919,46.0806],[134.2909,46.0792],[134.2893,46.0798],[134.2877,46.0792],[134.2872,46.0776],[134.2881,46.0761],[134.2865,46.0759],[134.2854,46.0747],[134.2864,46.0733],[134.2858,46.0718],[134.2875,46.0717],[134.2891,46.072],[134.2878,46.0708],[134.2862,46.0708],[134.2845,46.071],[134.2827,46.0713],[134.2806,46.0717],[134.2788,46.0717],[134.2771,46.073],[134.276,46.0743],[134.277,46.0757],[134.2791,46.0772],[134.2782,46.0789],[134.2767,46.0797],[134.2751,46.0803],[134.2741,46.0789],[134.2726,46.0782],[134.2708,46.0787],[134.2694,46.0797],[134.2677,46.0801],[134.2658,46.0803],[134.2636,46.0805],[134.2618,46.0809],[134.2602,46.0816],[134.2577,46.0827],[134.2559,46.0831],[134.2542,46.083],[134.2526,46.0824],[134.252,46.0808],[134.2537,46.081],[134.2552,46.08],[134.2547,46.0784],[134.2529,46.077],[134.2527,46.0754],[134.2522,46.0738],[134.2504,46.0737],[134.2491,46.0747],[134.2478,46.0756],[134.2481,46.0774],[134.2469,46.0785],[134.2456,46.0776],[134.2438,46.0768],[134.2422,46.0773],[134.2414,46.0788],[134.2401,46.0798],[134.2396,46.0815],[134.2407,46.0828],[134.2404,46.0845],[134.2386,46.0858],[134.237,46.0864],[134.2351,46.0873],[134.2334,46.0877],[134.2313,46.0879],[134.2296,46.0878],[134.228,46.0871],[134.2264,46.0866],[134.226,46.084],[134.2263,46.0823],[134.2282,46.0819],[134.23,46.0819],[134.2317,46.0822],[134.2331,46.0832],[134.2349,46.0838],[134.2363,46.083],[134.2346,46.0823],[134.2342,46.0807],[134.2356,46.0794],[134.2371,46.0786],[134.2365,46.0769],[134.2353,46.0756],[134.2331,46.0746],[134.2314,46.0739],[134.2296,46.074],[134.2274,46.074],[134.2256,46.0738],[134.2228,46.0736],[134.2208,46.074],[134.2189,46.0744],[134.2174,46.0739],[134.2166,46.0716],[134.2157,46.0702],[134.2156,46.068],[134.2157,46.0661],[134.2174,46.0646],[134.2181,46.0625],[134.2173,46.0599],[134.2156,46.0578],[134.2141,46.0572],[134.212,46.0569],[134.21,46.056],[134.2084,46.0555],[134.2071,46.0554]]}},{"type":"Feature","properties":{"name":"Дальняя"},"geometry":{"type":"LineString","coordinates":[[135.594,46.2086],[135.5947,46.2069],[135.5938,46.2055],[135.5915,46.2052],[135.59,46.204],[135.5895,46.2019],[135.5877,46.202],[135.5857,46.2009],[135.585,46.1984],[135.5837,46.1974],[135.5813,46.1952],[135.5798,46.1933],[135.5793,46.1909],[135.5769,46.1887],[135.5755,46.1877],[135.5738,46.1859],[135.5727,46.1842],[135.5718,46.1825],[135.5717,46.1802],[135.5698,46.1779],[135.5675,46.1757],[135.5657,46.1739],[135.5649,46.1722],[135.5654,46.1705],[135.5641,46.1687],[135.5626,46.1677],[135.5602,46.1669],[135.5577,46.1672],[135.5554,46.1661],[135.5541,46.1642],[135.5544,46.1622],[135.5548,46.1603],[135.5557,46.1577],[135.5564,46.1553],[135.5566,46.1525],[135.557,46.1508],[135.5557,46.1493],[135.5542,46.1486],[135.5517,46.1488],[135.5505,46.1499],[135.5483,46.1496],[135.5469,46.1485],[135.5456,46.1475],[135.5434,46.1462],[135.5421,46.1451],[135.5404,46.1441],[135.54,46.1416],[135.5399,46.1399],[135.5399,46.1375],[135.5391,46.1358],[135.5367,46.1347],[135.5342,46.1351],[135.5319,46.1349],[135.5296,46.1335],[135.5274,46.1321],[135.5258,46.1307],[135.5243,46.1296],[135.5222,46.128],[135.5208,46.1269],[135.5209,46.1248],[135.5221,46.1231],[135.5228,46.1215],[135.5205,46.12],[135.5184,46.1187],[135.5172,46.1174],[135.5141,46.1164],[135.5119,46.1156],[135.5068,46.1142],[135.504,46.1134],[135.502,46.1127],[135.4997,46.1115],[135.4964,46.1106],[135.4947,46.1107],[135.4925,46.1111],[135.4904,46.1108],[135.4884,46.1107],[135.4868,46.1116],[135.4846,46.1123],[135.4827,46.1123],[135.481,46.1113],[135.4813,46.1096],[135.4805,46.1081],[135.4787,46.1077],[135.4783,46.1061],[135.4795,46.1047],[135.4792,46.1027],[135.4785,46.1006],[135.4789,46.0982],[135.4798,46.0961],[135.4801,46.094],[135.4801,46.0922],[135.48,46.0905],[135.4787,46.0887],[135.4772,46.0874],[135.4758,46.0857],[135.4766,46.0842],[135.4783,46.0834],[135.4778,46.0816],[135.4766,46.0804],[135.4747,46.0802],[135.4727,46.0803],[135.4707,46.0796],[135.4679,46.0792],[135.4655,46.0791],[135.4627,46.0796],[135.4594,46.0805],[135.457,46.0812],[135.4554,46.0818],[135.4534,46.0825],[135.4519,46.0828],[135.4501,46.0828],[135.4483,46.0825],[135.4464,46.0822],[135.4439,46.0816],[135.4412,46.0802],[135.4396,46.0785],[135.439,46.0769],[135.4395,46.0746],[135.4405,46.0733],[135.44,46.0715],[135.4379,46.0704],[135.4355,46.0685],[135.4331,46.067],[135.4317,46.0662],[135.429,46.0645],[135.4265,46.0642],[135.424,46.0639],[135.4225,46.0634],[135.4207,46.0628],[135.4177,46.0617],[135.4161,46.0614],[135.4137,46.0612],[135.411,46.0607],[135.4091,46.0607],[135.4072,46.0607],[135.4054,46.0609],[135.4033,46.0612],[135.4003,46.0612],[135.3983,46.0605],[135.3989,46.0587],[135.3994,46.0569],[135.3973,46.0559],[135.3954,46.0554],[135.3934,46.0554],[135.3912,46.0545],[135.3903,46.0542]]}},{"type":"Feature","properties":{"name":"Дальняя"},"geometry":{"type":"LineString","coordinates":[[135.2937,46.0097],[135.2917,46.0109],[135.2889,46.0122],[135.2868,46.0138],[135.285,46.0152]]}},{"type":"Feature","properties":{"name":"Дальняя"},"geometry":{"type":"LineString","coordinates":[[135.3775,46.0527],[135.3747,46.0531],[135.373,46.0531],[135.3709,46.0525],[135.3704,46.052]]}},{"type":"Feature","properties":{"name":"Малиновка"},"geometry":{"type":"LineString","coordinates":[[134.2759,45.4731],[134.2768,45.4746],[134.2784,45.4748],[134.28,45.4747],[134.2814,45.4756],[134.2826,45.4744],[134.2844,45.4743],[134.2861,45.4747],[134.2874,45.4761],[134.2879,45.4777],[134.2884,45.4792],[134.2883,45.4811],[134.2889,45.4828],[134.29,45.4844],[134.2912,45.4858],[134.2928,45.4871],[134.2944,45.4879],[134.2956,45.4891],[134.2966,45.4904],[134.2982,45.4903],[134.2998,45.4899],[134.2996,45.4916],[134.301,45.4926],[134.3016,45.4941],[134.3034,45.4951],[134.3048,45.4961],[134.3066,45.498],[134.308,45.4992],[134.3094,45.5],[134.3104,45.5014],[134.312,45.5019],[134.3115,45.5035],[134.3098,45.5038],[134.3083,45.5042],[134.3066,45.5049],[134.3052,45.5057],[134.3042,45.5072],[134.3022,45.5086],[134.3004,45.51],[134.2987,45.5102],[134.2988,45.5086],[134.2973,45.508],[134.2963,45.5098],[134.2947,45.5123],[134.2931,45.5127],[134.2914,45.5126],[134.2901,45.5136],[134.2885,45.5134],[134.2882,45.5152],[134.2893,45.5164],[134.2881,45.5176],[134.2868,45.5185],[134.2854,45.5195],[134.2837,45.5202],[134.2835,45.5218],[134.2851,45.5226],[134.2857,45.5241],[134.2852,45.5257],[134.2837,45.5265],[134.284,45.5281],[134.2829,45.5294],[134.2815,45.5302],[134.2799,45.531],[134.2785,45.5318],[134.2769,45.5324],[134.2755,45.5334],[134.2757,45.5351],[134.2773,45.5358],[134.2787,45.5366],[134.2792,45.5382],[134.2774,45.5387],[134.2764,45.5399],[134.2777,45.5414],[134.2793,45.5424],[134.2808,45.5418],[134.2825,45.5417],[134.2841,45.5425],[134.2847,45.5442],[134.2857,45.5457],[134.2867,45.547],[134.2852,45.5479],[134.2835,45.548],[134.2828,45.5495],[134.2819,45.5509],[134.2834,45.5521],[134.285,45.5522],[134.2866,45.5525],[134.2873,45.554],[134.2879,45.5556],[134.2889,45.5573],[134.2895,45.5589],[134.288,45.5596],[134.287,45.5611],[134.2851,45.5612],[134.2838,45.5601],[134.2821,45.5604],[134.2832,45.5616],[134.2838,45.5631],[134.2825,45.5642],[134.2809,45.5646],[134.2793,45.5654],[134.2777,45.5656],[134.2769,45.5671],[134.2776,45.5686],[134.2787,45.5703],[134.2782,45.5719],[134.2781,45.5736],[134.2796,45.5745],[134.2812,45.575],[134.283,45.5747],[134.2841,45.576],[134.2843,45.5781],[134.284,45.5798],[134.283,45.581],[134.2814,45.5807],[134.2799,45.5813],[134.2805,45.5829],[134.2815,45.5841],[134.2817,45.5858],[134.2809,45.5873],[134.2796,45.5884],[134.2794,45.5901],[134.2808,45.5909],[134.2814,45.5925],[134.2829,45.592],[134.2846,45.5918],[134.2861,45.5925],[134.2855,45.594],[134.2846,45.5953],[134.2838,45.5969],[134.2841,45.5984],[134.286,45.5986],[134.2866,45.5997]]}},{"type":"Feature","properties":{"name":null},"geometry":{"type":"LineString","coordinates":[[134.9621,45.4698],[134.9603,45.4702],[134.9583,45.4708],[134.9563,45.471],[134.9545,45.4707],[134.9529,45.4713],[134.9508,45.4715],[134.9487,45.4719],[134.9464,45.4721],[134.9442,45.4735],[134.9425,45.4741],[134.9407,45.4735],[134.9391,45.4728],[134.9374,45.4722],[134.9349,45.472],[134.9324,45.4725],[134.9309,45.4741],[134.9285,45.4745],[134.9261,45.4748],[134.9245,45.4756],[134.9229,45.476],[134.9212,45.4761],[134.9196,45.4767],[134.9178,45.4779],[134.9157,45.478],[134.9137,45.479],[134.9118,45.4792],[134.9101,45.4788],[134.9075,45.4791],[134.9056,45.4792],[134.904,45.4777],[134.9025,45.4764],[134.9007,45.4764],[134.8983,45.476],[134.8962,45.4755],[134.8941,45.4747],[134.8928,45.4735],[134.8911,45.4732],[134.8894,45.4722],[134.8892,45.4699],[134.8873,45.4691],[134.8856,45.4683],[134.8835,45.4682],[134.8818,45.4676],[134.88,45.4675],[134.8782,45.4661],[134.8765,45.4656],[134.8748,45.4653],[134.8735,45.4641],[134.8716,45.464],[134.8698,45.4643],[134.8678,45.464],[134.8662,45.4649],[134.8644,45.464],[134.8624,45.4624],[134.8606,45.4622],[134.8587,45.4619],[134.8569,45.4619],[134.8551,45.4615],[134.8534,45.462],[134.8513,45.461],[134.8496,45.4609],[134.8478,45.4603],[134.8461,45.4595],[134.8448,45.4585],[134.8432,45.4576],[134.8412,45.4568],[134.8395,45.4566],[134.8378,45.457],[134.836,45.4574],[134.8343,45.4567],[134.8325,45.4563],[134.8311,45.4555],[134.8293,45.456],[134.8276,45.4555],[134.8254,45.4556],[134.8238,45.4553],[134.8217,45.4543],[134.82,45.4539],[134.8191,45.4523],[134.8173,45.4518],[134.8165,45.4498],[134.8145,45.4492],[134.8127,45.4492],[134.8109,45.4493],[134.8091,45.4492],[134.8075,45.4497],[134.8058,45.4497],[134.8042,45.4499],[134.8025,45.4502],[134.8009,45.4497],[134.7997,45.451],[134.7997,45.4527],[134.7982,45.4534],[134.7964,45.4535],[134.7944,45.4535],[134.7929,45.4542],[134.7911,45.4545],[134.7894,45.4547],[134.7877,45.4547],[134.786,45.4548],[134.7844,45.4551],[134.7827,45.4555],[134.7811,45.4555],[134.7793,45.4556],[134.7776,45.4557],[134.776,45.4556],[134.7739,45.4559],[134.7723,45.4562],[134.7707,45.4555],[134.7693,45.4548],[134.7675,45.4541],[134.766,45.4534],[134.7646,45.4526],[134.7629,45.4524],[134.7616,45.4514],[134.7599,45.4512],[134.7584,45.4506],[134.7568,45.4502],[134.7552,45.4505],[134.7546,45.452],[134.753,45.4518],[134.7516,45.4509],[134.7501,45.4517],[134.7484,45.4518],[134.7468,45.4514],[134.7456,45.4502],[134.7442,45.4494],[134.7436,45.4478],[134.7418,45.4478],[134.7402,45.4475],[134.7386,45.4475],[134.7372,45.4465],[134.7355,45.446],[134.7338,45.4459],[134.7322,45.4457],[134.7304,45.4458],[134.7288,45.4459],[134.7273,45.4464],[134.7257,45.447],[134.7241,45.4469],[134.7231,45.4457],[134.7215,45.4451],[134.7197,45.4452],[134.7181,45.4446],[134.7172,45.4433],[134.7162,45.4419],[134.7145,45.4416],[134.7134,45.4402],[134.7125,45.439],[134.7108,45.4385],[134.7089,45.4388],[134.7073,45.4397],[134.7057,45.4403],[134.7033,45.441],[134.7016,45.4409],[134.6998,45.4407],[134.6982,45.4413],[134.6965,45.4418],[134.6949,45.4421],[134.6932,45.4421],[134.6911,45.4418],[134.689,45.4419],[134.6875,45.4426],[134.6872,45.4441],[134.6856,45.4447],[134.6853,45.4463],[134.6833,45.4464],[134.6817,45.4466],[134.68,45.4469],[134.678,45.4472],[134.6767,45.4463],[134.6748,45.4459],[134.6729,45.4459],[134.6712,45.4458],[134.6696,45.4458],[134.6681,45.4447],[134.667,45.4433],[134.665,45.4423],[134.6636,45.4415],[134.662,45.4406],[134.6591,45.44],[134.6572,45.4403],[134.656,45.4416],[134.6546,45.4427],[134.653,45.4411],[134.651,45.4415],[134.6492,45.4418],[134.6475,45.4416],[134.6461,45.4424],[134.6444,45.4429],[134.6421,45.4438],[134.6405,45.443],[134.6395,45.4417],[134.6394,45.4399],[134.6367,45.44],[134.635,45.4392],[134.6337,45.4401],[134.6327,45.4416],[134.6308,45.4425],[134.6286,45.4419],[134.6268,45.4428],[134.6249,45.4433],[134.623,45.4427],[134.6215,45.4422],[134.6191,45.4418],[134.6173,45.4416],[134.6158,45.4396],[134.6142,45.4398],[134.6124,45.44],[134.6101,45.4408],[134.6083,45.4414],[134.6059,45.4416],[134.6043,45.4412],[134.6026,45.4411],[134.6006,45.4412],[134.6004,45.4393],[134.5985,45.4375],[134.5963,45.437],[134.5954,45.4386],[134.5938,45.4395],[134.5928,45.4377],[134.5907,45.4384],[134.5885,45.4372],[134.5862,45.4372],[134.5842,45.4364],[134.5829,45.4374],[134.5801,45.4373],[134.5787,45.436],[134.5766,45.4358],[134.5754,45.4368],[134.573,45.4357],[134.5713,45.4354],[134.5695,45.4356],[134.5668,45.4357],[134.5658,45.4345],[134.5642,45.4344],[134.5623,45.4354],[134.5606,45.4352],[134.5585,45.4341],[134.5569,45.4335],[134.5552,45.4339],[134.5531,45.4339],[134.5502,45.4354],[134.5488,45.4342],[134.5472,45.4344],[134.5459,45.4357],[134.5457,45.4374],[134.5476,45.4384],[134.5466,45.4408],[134.5452,45.4416],[134.5436,45.4425],[134.5431,45.4442],[134.5417,45.4453],[134.541,45.4473],[134.5395,45.4482],[134.5375,45.4491],[134.5338,45.4499],[134.5325,45.4508],[134.5308,45.4514],[134.5281,45.4514],[134.5251,45.4506],[134.5232,45.4505],[134.5219,45.4517],[134.5199,45.4516],[134.5181,45.4525],[134.5175,45.4544],[134.5152,45.4561],[134.5135,45.4567],[134.5151,45.4576],[134.5132,45.4583],[134.5129,45.4584]]}},{"type":"Feature","properties":{"name":null},"geometry":{"type":"LineString","coordinates":[[135.1824,45.9879],[135.1808,45.9875],[135.1789,45.9866],[135.179,45.9846],[135.1753,45.9829],[135.173,45.9823],[135.1702,45.9821],[135.1683,45.9813],[135.167,45.9806]]}},{"type":"Feature","properties":{"name":null},"geometry":{"type":"LineString","coordinates":[[135.167,45.9806],[135.1652,45.9802],[135.1635,45.98],[135.1624,45.9783],[135.1607,45.9783],[135.159,45.9773],[135.1573,45.9774],[135.1549,45.9766]]}},{"type":"Feature","properties":{"name":null},"geometry":{"type":"LineString","coordinates":[[135.1549,45.9766],[135.1523,45.9766],[135.1498,45.9764],[135.1482,45.9765]]}},{"type":"Feature","properties":{"name":"Белогорка"},"geometry":{"type":"LineString","coordinates":[[134.6109,45.7932],[134.6096,45.7942],[134.608,45.7944],[134.6072,45.7959],[134.6055,45.7961],[134.6056,45.7977],[134.6051,45.7993],[134.6035,45.7999],[134.6019,45.7997],[134.6002,45.7996],[134.5988,45.7988],[134.5975,45.7998],[134.5959,45.7999],[134.5942,45.7995],[134.5931,45.8007],[134.5915,45.8011],[134.59,45.8017],[134.5901,45.8033],[134.5885,45.8032],[134.5884,45.8049],[134.5869,45.8057],[134.5853,45.805],[134.5864,45.8062],[134.5848,45.8064],[134.5855,45.8078],[134.5841,45.8071],[134.583,45.8082],[134.5814,45.8079],[134.5799,45.8082],[134.5783,45.8077],[134.5767,45.8075],[134.5768,45.8091],[134.5752,45.8087],[134.5739,45.8095],[134.5722,45.8094],[134.5714,45.8108],[134.5699,45.8098],[134.5683,45.8094],[134.5667,45.8091],[134.5655,45.8103],[134.5643,45.8114],[134.5631,45.8103],[134.5616,45.8098],[134.56,45.8092],[134.5587,45.8102],[134.5571,45.8099],[134.5557,45.8089],[134.555,45.8086]]}},{"type":"Feature","properties":{"name":"Наумовка"},"geometry":{"type":"LineString","coordinates":[[134.4678,45.8361],[134.4661,45.8365],[134.4652,45.8379],[134.4664,45.8405],[134.4653,45.842],[134.4628,45.8401],[134.4617,45.839],[134.4603,45.8405],[134.4602,45.8428],[134.4622,45.845],[134.4651,45.8464],[134.4634,45.8475],[134.4617,45.8487],[134.4595,45.8495],[134.457,45.8493],[134.4557,45.8483],[134.4534,45.8481],[134.452,45.8491],[134.4509,45.8504],[134.4517,45.8521],[134.453,45.8533],[134.452,45.8556],[134.4508,45.8581],[134.4508,45.8612],[134.4528,45.8639],[134.454,45.8658],[134.4542,45.8675],[134.4519,45.8712]]}},{"type":"Feature","properties":{"name":"Смирновка"},"geometry":{"type":"LineString","coordinates":[[134.4874,45.7991],[134.4888,45.7999],[134.4878,45.8013],[134.4869,45.803],[134.4885,45.8036],[134.4881,45.8052],[134.4867,45.8059],[134.486,45.8074],[134.4856,45.8093],[134.4854,45.8111],[134.4854,45.8127],[134.484,45.8137],[134.4823,45.8137],[134.483,45.8153],[134.4815,45.8162],[134.481,45.8179],[134.4797,45.8197],[134.478,45.8204],[134.476,45.8214],[134.4747,45.8225],[134.4749,45.8241],[134.4764,45.825],[134.477,45.8266],[134.4754,45.8271],[134.4742,45.8258],[134.4728,45.8267],[134.4728,45.8286],[134.4713,45.8292],[134.4701,45.8304],[134.471,45.8319],[134.4693,45.8316],[134.468,45.8326],[134.4668,45.8339],[134.4683,45.835],[134.4678,45.8361]]}},{"type":"Feature","properties":{"name":null},"geometry":{"type":"LineString","coordinates":[[134.4771,45.7266],[134.4781,45.728],[134.4785,45.7296],[134.4793,45.7314],[134.4806,45.7332],[134.4822,45.7338],[134.4839,45.7338],[134.4852,45.7354],[134.4869,45.7362],[134.4887,45.7365],[134.4906,45.7363],[134.4924,45.7357],[134.494,45.7364],[134.494,45.738],[134.4952,45.7392],[134.4961,45.7405],[134.4946,45.7412],[134.4948,45.7428],[134.496,45.7439],[134.4977,45.744],[134.4993,45.7447],[134.4987,45.7462],[134.4991,45.7478],[134.5004,45.7489],[134.4992,45.7501],[134.5001,45.7514],[134.499,45.7525],[134.4998,45.7541],[134.5007,45.7554],[134.501,45.7572],[134.4996,45.7581],[134.5003,45.76],[134.5016,45.761],[134.5013,45.7627],[134.4999,45.7637],[134.4984,45.7644],[134.4967,45.7652],[134.4954,45.7664],[134.4956,45.7682],[134.4959,45.7699],[134.4968,45.7713],[134.4962,45.773],[134.4967,45.7745],[134.4977,45.7759],[134.4971,45.7775],[134.4959,45.7791],[134.4944,45.7798],[134.4943,45.7814],[134.494,45.7832],[134.4944,45.7847],[134.4928,45.7846],[134.492,45.7861],[134.4908,45.7874],[134.4915,45.7888],[134.4905,45.7902],[134.4908,45.7918],[134.4901,45.7932],[134.4889,45.7944],[134.488,45.7958],[134.4868,45.797],[134.487,45.7988],[134.4874,45.7991]]}},{"type":"Feature","properties":{"name":null},"geometry":{"type":"LineString","coordinates":[[134.4538,45.7932],[134.4596,45.793],[134.4617,45.793],[134.4671,45.7967],[134.4737,45.7979],[134.4822,45.7986],[134.4863,45.799],[134.4874,45.7991]]}},{"type":"Feature","properties":{"name":null},"geometry":{"type":"LineString","coordinates":[[135.2015,45.6645],[135.2026,45.6658],[135.2009,45.6661],[135.2019,45.668],[135.2042,45.6686],[135.2037,45.6706],[135.2036,45.6723],[135.2042,45.674],[135.2054,45.6758],[135.2041,45.6775],[135.2054,45.6789],[135.2066,45.6808],[135.2054,45.6824],[135.2045,45.6839],[135.2056,45.6853],[135.2043,45.6863],[135.204,45.6883],[135.2055,45.689],[135.2069,45.69],[135.2078,45.6917],[135.2092,45.693],[135.2098,45.6947],[135.2094,45.6963],[135.2097,45.6983],[135.2097,45.7004],[135.2113,45.7009],[135.2115,45.7032],[135.2125,45.7054],[135.2151,45.7071],[135.2168,45.7078],[135.2184,45.7086],[135.2201,45.7089],[135.2218,45.7097],[135.2243,45.7112],[135.2259,45.7105],[135.2283,45.7107],[135.2304,45.7114],[135.2331,45.7119],[135.2346,45.7125],[135.2343,45.7144],[135.233,45.7154],[135.2331,45.7175],[135.2315,45.7182],[135.2298,45.7185],[135.2302,45.7204],[135.2326,45.7255],[135.2344,45.7267],[135.2359,45.7274],[135.2354,45.7293],[135.2345,45.7314],[135.2327,45.7326],[135.2351,45.7334],[135.2341,45.7347],[135.236,45.7362],[135.2377,45.7361],[135.239,45.7379],[135.2412,45.7395],[135.2407,45.742],[135.2397,45.7432],[135.2419,45.7433],[135.2433,45.7445],[135.2447,45.7459],[135.2459,45.7472],[135.2476,45.7486],[135.2484,45.75],[135.2475,45.7521],[135.2477,45.7539],[135.2496,45.7536],[135.2516,45.7542],[135.2529,45.7554],[135.2547,45.7545],[135.2564,45.7569],[135.2571,45.7586],[135.2561,45.7602],[135.2546,45.7614],[135.2534,45.7628],[135.252,45.7638],[135.2536,45.7643],[135.2551,45.7648],[135.2575,45.7655],[135.2587,45.7672],[135.2592,45.7688],[135.26,45.7703],[135.2621,45.7705],[135.2619,45.7727],[135.2604,45.7738],[135.2626,45.775],[135.2629,45.7767],[135.265,45.7775],[135.264,45.7792],[135.2646,45.7811],[135.2641,45.7827],[135.2633,45.785],[135.263,45.7867],[135.2612,45.787],[135.2628,45.7889],[135.262,45.7903],[135.2599,45.7913],[135.2583,45.7923],[135.2565,45.7925],[135.2575,45.7941],[135.2553,45.7955],[135.2571,45.7969],[135.2578,45.7989],[135.2602,45.7998],[135.2604,45.8015],[135.2617,45.8021]]}},{"type":"Feature","properties":{"name":null},"geometry":{"type":"LineString","coordinates":[[134.9402,45.881],[134.9383,45.8808],[134.9364,45.8812],[134.9344,45.8809],[134.9327,45.8805],[134.9306,45.8799],[134.9287,45.8806],[134.9269,45.8803],[134.9247,45.8803],[134.9241,45.8819],[134.9223,45.8817],[134.9195,45.8819],[134.9177,45.8827],[134.9156,45.8828],[134.9148,45.8811],[134.9129,45.881],[134.9108,45.8809]]}},{"type":"Feature","properties":{"name":"Большая Уссурка"},"geometry":{"type":"LineString","coordinates":[[135.2763,45.7863],[135.2733,45.7874],[135.2701,45.7897],[135.2684,45.7925],[135.2663,45.7943],[135.2668,45.7976],[135.266,45.7991],[135.2646,45.8001],[135.2618,45.8012],[135.2627,45.8029],[135.2654,45.8042],[135.269,45.8058],[135.2711,45.807],[135.2731,45.8083]]}},{"type":"Feature","properties":{"name":null},"geometry":{"type":"LineString","coordinates":[[135.2055,45.689],[135.2069,45.69]]}},{"type":"Feature","properties":{"name":null},"geometry":{"type":"LineString","coordinates":[[135.2654,45.8399],[135.2668,45.8411],[135.2678,45.8426],[135.2678,45.8447],[135.2668,45.846],[135.2666,45.8476],[135.2685,45.8483],[135.2691,45.8498],[135.2676,45.851],[135.2658,45.8512],[135.2639,45.8506],[135.2622,45.851],[135.2602,45.8517]]}},{"type":"Feature","properties":{"name":"Малиновка"},"geometry":{"type":"LineString","coordinates":[[134.3617,45.2834],[134.36,45.284],[134.3584,45.2845],[134.3571,45.2855],[134.356,45.2871],[134.3546,45.288],[134.353,45.2897],[134.3516,45.2908],[134.3495,45.2922],[134.3477,45.2929],[134.3467,45.2943],[134.3454,45.2955],[134.3444,45.2969],[134.3434,45.2985],[134.3421,45.2996],[134.342,45.3012],[134.3426,45.303],[134.3427,45.3046],[134.3435,45.3061],[134.3423,45.3074],[134.3412,45.3085],[134.3425,45.3096],[134.3438,45.3106],[134.3426,45.3117],[134.341,45.312],[134.3411,45.3137],[134.3414,45.3153],[134.3418,45.3169],[134.3424,45.3187],[134.3433,45.3204],[134.3447,45.3215],[134.3454,45.3231],[134.3465,45.3253],[134.3472,45.3274],[134.3468,45.329],[134.3451,45.3302],[134.3443,45.3316],[134.3429,45.333],[134.3416,45.334],[134.3409,45.3356],[134.3409,45.3373],[134.3415,45.3389],[134.3431,45.3387],[134.3448,45.3389],[134.3445,45.3406],[134.3429,45.3414],[134.3416,45.3424],[134.3427,45.344],[134.3429,45.3459],[134.3428,45.3476],[134.3427,45.3492],[134.3415,45.3505],[134.34,45.351],[134.3403,45.3526],[134.3404,45.3543],[134.3397,45.3561],[134.3403,45.358],[134.3415,45.3592],[134.3419,45.3608],[134.3407,45.362],[134.3391,45.3623],[134.3393,45.3643],[134.3385,45.3661],[134.3387,45.368],[134.3373,45.3689],[134.3375,45.3709],[134.3382,45.3733],[134.3389,45.3752],[134.3389,45.3771],[134.3385,45.3791],[134.3384,45.3808],[134.3388,45.3824],[134.3376,45.3838],[134.3374,45.3854],[134.3372,45.387],[134.3374,45.3887],[134.3383,45.3901],[134.34,45.3904],[134.3397,45.3922],[134.3396,45.394],[134.3386,45.3954],[134.3373,45.3966],[134.3354,45.3971],[134.3334,45.3976],[134.3316,45.3979],[134.3302,45.3992],[134.3289,45.4004],[134.3274,45.4011],[134.3256,45.4022],[134.3242,45.4032],[134.3231,45.4045],[134.3218,45.4056],[134.3207,45.407],[134.3212,45.4086],[134.3215,45.4102],[134.3204,45.4117],[134.3211,45.4134],[134.3209,45.4153],[134.3202,45.4169],[134.3197,45.4188],[134.3186,45.4204],[134.3171,45.4213],[134.3154,45.4214],[134.3134,45.4212],[134.3114,45.4207],[134.3097,45.4207],[134.3076,45.4204],[134.3058,45.4198],[134.304,45.4194],[134.3015,45.4198],[134.2996,45.4204],[134.2993,45.422],[134.2976,45.4226],[134.2964,45.4236],[134.2948,45.4234],[134.2933,45.4242],[134.2923,45.4255],[134.2909,45.4263],[134.2898,45.4276],[134.2882,45.428],[134.2869,45.4289],[134.2853,45.4282],[134.2847,45.4297],[134.2847,45.4315],[134.2841,45.4331],[134.2837,45.4348],[134.2821,45.4351],[134.2804,45.4352],[134.2787,45.4348],[134.2769,45.4348],[134.2751,45.4347],[134.2732,45.435],[134.2715,45.4349],[134.2699,45.4348],[134.2682,45.4352],[134.2666,45.4345],[134.2649,45.4347],[134.2649,45.4364],[134.264,45.4378],[134.2625,45.4369],[134.261,45.4362],[134.2594,45.4356],[134.2578,45.4352],[134.257,45.4366],[134.2573,45.4383],[134.2578,45.44],[134.2593,45.4408],[134.2596,45.4426],[134.2586,45.444],[134.2576,45.4452],[134.2562,45.4469],[134.2553,45.4484],[134.2549,45.45],[134.2537,45.4512],[134.2533,45.4529],[134.2527,45.4551],[134.2533,45.4567],[134.253,45.4584],[134.2528,45.4601],[134.2536,45.4616],[134.2549,45.4628],[134.2561,45.4639],[134.2577,45.4648],[134.259,45.466],[134.2604,45.4669],[134.2615,45.4684],[134.262,45.47],[134.2626,45.4716],[134.263,45.4732],[134.2643,45.4747],[134.2652,45.4761],[134.2666,45.477],[134.2682,45.4766],[134.2694,45.4753],[134.2711,45.4751],[134.2727,45.4757],[134.274,45.4746],[134.274,45.4725],[134.2755,45.472],[134.2759,45.4731]]}},{"type":"Feature","properties":{"name":"Быстрая"},"geometry":{"type":"LineString","coordinates":[[134.2584,45.3839],[134.257,45.3847],[134.2555,45.3856],[134.2564,45.3871],[134.2571,45.3886],[134.2582,45.3898],[134.2579,45.3913],[134.2572,45.3928],[134.2558,45.3939],[134.254,45.3948],[134.2523,45.3951],[134.2507,45.3952],[134.2508,45.3968],[134.2508,45.3984],[134.2497,45.3997],[134.2482,45.4003],[134.247,45.4016],[134.2462,45.4031],[134.2466,45.4047],[134.2477,45.4059],[134.2488,45.4072],[134.2501,45.4082],[134.2498,45.41],[134.2482,45.4098],[134.2466,45.4093],[134.2452,45.4101],[134.2438,45.4091],[134.2437,45.4107],[134.2453,45.4106],[134.2443,45.4119],[134.2433,45.4134],[134.2417,45.414],[134.2404,45.4149],[134.2414,45.4161],[134.2429,45.417],[134.2414,45.4177],[134.2399,45.4181],[134.2413,45.419],[134.2426,45.4199],[134.2426,45.4217],[134.2426,45.4233],[134.241,45.4239],[134.24,45.4253],[134.2415,45.4261],[134.2431,45.4265],[134.2446,45.4275],[134.2459,45.4285],[134.2468,45.4298],[134.2481,45.431],[134.2497,45.4317],[134.2515,45.4314],[134.2523,45.4329],[134.2534,45.4342],[134.2546,45.4355],[134.2563,45.4369],[134.2568,45.4377]]}},{"type":"Feature","properties":{"name":"Быстрая"},"geometry":{"type":"LineString","coordinates":[[134.165,45.28],[134.1662,45.2811],[134.1676,45.28],[134.1668,45.2815],[134.1685,45.281],[134.1701,45.2815],[134.1695,45.283],[134.1685,45.2844],[134.1703,45.2845],[134.1712,45.2859],[134.1725,45.2871],[134.174,45.288],[134.1756,45.2884],[134.1744,45.2898],[134.1757,45.2907],[134.1773,45.2905],[134.1783,45.2919],[134.1798,45.2927],[134.1813,45.2923],[134.1824,45.2935],[134.1834,45.2948],[134.1851,45.2947],[134.1867,45.2946],[134.1884,45.2944],[134.1881,45.2961],[134.1889,45.2975],[134.1905,45.2973],[134.1919,45.2986],[134.1935,45.2992],[134.1955,45.2995],[134.1972,45.2992],[134.199,45.2991],[134.2008,45.2995],[134.2025,45.2995],[134.2022,45.3012],[134.2033,45.3027],[134.2048,45.3034],[134.2043,45.3049],[134.2044,45.3066],[134.2049,45.3082],[134.2065,45.3076],[134.2079,45.3084],[134.2069,45.3097],[134.2052,45.3098],[134.2036,45.3099],[134.2048,45.3111],[134.2063,45.3104],[134.2067,45.312],[134.2051,45.3126],[134.2067,45.3132],[134.2083,45.313],[134.2094,45.3144],[134.2105,45.3156],[134.2117,45.3168],[134.2132,45.3173],[134.2149,45.3173],[134.2157,45.3159],[134.2164,45.3175],[134.2176,45.3186],[134.2177,45.3203],[134.2177,45.3219],[134.2162,45.3224],[134.2166,45.324],[134.2174,45.3255],[134.2186,45.3245],[134.2204,45.3241],[134.2214,45.3255],[134.2221,45.3269],[134.2217,45.3285],[134.222,45.3301],[134.2233,45.3311],[134.2234,45.3294],[134.2251,45.3296],[134.2256,45.3313],[134.224,45.3319],[134.2248,45.3334],[134.2263,45.3326],[134.2277,45.3316],[134.2287,45.3328],[134.2278,45.3342],[134.2295,45.3341],[134.2313,45.3341],[134.2325,45.3353],[134.2329,45.3369],[134.2313,45.3366],[134.2324,45.3377],[134.234,45.3385],[134.2329,45.3398],[134.2342,45.3411],[134.2359,45.3413],[134.2371,45.3425],[134.2357,45.3434],[134.2341,45.3438],[134.2349,45.3453],[134.2365,45.3454],[134.2382,45.3457],[134.2398,45.3455],[134.2415,45.3457],[134.2429,45.3465],[134.2444,45.3472],[134.2433,45.3483],[134.2444,45.3496],[134.2452,45.351],[134.2452,45.352]]}},{"type":"Feature","properties":{"name":"Малиновка"},"geometry":{"type":"LineString","coordinates":[[135.0203,45.1555],[135.0191,45.1569],[135.0174,45.1568],[135.0157,45.1577],[135.0142,45.1585],[135.0134,45.1601],[135.0118,45.1607],[135.0128,45.1619],[135.0116,45.1631],[135.0103,45.1641],[135.0081,45.165],[135.0057,45.1658],[135.004,45.1663],[135.0025,45.1674],[135.001,45.168],[134.9996,45.1688],[134.9982,45.1696],[134.9974,45.1711],[134.9959,45.1718],[134.9941,45.1716],[134.9932,45.1729],[134.9916,45.1734],[134.9898,45.1729],[134.9884,45.172],[134.9865,45.1722],[134.9847,45.1726],[134.9833,45.1736],[134.9816,45.1742],[134.9799,45.1739],[134.9781,45.1745],[134.9766,45.1739],[134.9749,45.1745],[134.973,45.1748],[134.9713,45.1753],[134.9696,45.1756],[134.9683,45.177],[134.9671,45.1781],[134.9654,45.1781],[134.964,45.179],[134.9623,45.1793],[134.9605,45.1799],[134.9588,45.1806],[134.9569,45.181],[134.9556,45.1824],[134.9552,45.1841],[134.9537,45.1852],[134.9532,45.1869],[134.9526,45.1885]]}},{"type":"Feature","properties":{"name":"Малиновка"},"geometry":{"type":"LineString","coordinates":[[134.9526,45.1885],[134.9512,45.1897],[134.9497,45.1904],[134.9482,45.1914],[134.9465,45.1917],[134.9449,45.1915],[134.9428,45.1924],[134.9412,45.1927],[134.9396,45.1921],[134.9377,45.192],[134.9362,45.191],[134.9357,45.1895],[134.9348,45.1881],[134.9357,45.1865],[134.9373,45.186],[134.9388,45.1854],[134.9401,45.1844],[134.9392,45.183],[134.9378,45.182],[134.9362,45.1825],[134.9345,45.1832],[134.9329,45.1837],[134.9315,45.1846],[134.9303,45.1859],[134.9288,45.1868],[134.9271,45.1867],[134.9254,45.1867],[134.9237,45.1866],[134.9219,45.1865],[134.9201,45.1852],[134.9188,45.1843],[134.9174,45.1834],[134.9183,45.182],[134.9179,45.1804],[134.9161,45.1804],[134.9138,45.1805],[134.9123,45.1799],[134.9119,45.1782],[134.911,45.1768],[134.91,45.1756],[134.9078,45.1755],[134.9063,45.1747],[134.9063,45.173],[134.9051,45.1719],[134.9038,45.1706],[134.9022,45.17],[134.9008,45.1691],[134.899,45.1676],[134.8981,45.1662],[134.8964,45.1658],[134.8946,45.1663],[134.8933,45.1673],[134.8916,45.1679],[134.89,45.1678],[134.8884,45.1668],[134.8877,45.1651],[134.889,45.1635],[134.8907,45.1625],[134.8928,45.1616],[134.8944,45.1607],[134.8964,45.1601],[134.8981,45.1602],[134.9,45.1596],[134.8999,45.1579],[134.8985,45.157],[134.8971,45.1559],[134.8953,45.1555],[134.8936,45.1557],[134.8918,45.156],[134.8902,45.156],[134.8884,45.1559],[134.8867,45.1558],[134.8857,45.1543],[134.8849,45.1526],[134.8844,45.151],[134.8832,45.1494],[134.8816,45.1486],[134.8799,45.1489],[134.8783,45.1486],[134.8766,45.1487],[134.8749,45.1486],[134.8733,45.1492],[134.8713,45.1497],[134.8697,45.1494],[134.868,45.1493],[134.8668,45.1482],[134.8657,45.1467],[134.8641,45.1462],[134.8623,45.1455],[134.8605,45.1445],[134.8591,45.1433],[134.8573,45.1433],[134.8556,45.1429],[134.8549,45.1414],[134.8543,45.1399],[134.8527,45.1398],[134.8509,45.1398],[134.8493,45.1403],[134.8478,45.1408],[134.8462,45.1411],[134.8444,45.1415],[134.843,45.1426],[134.8411,45.1432],[134.8394,45.1423],[134.8372,45.1409],[134.8356,45.1401],[134.834,45.1398],[134.832,45.1394],[134.8304,45.1397],[134.8287,45.1404],[134.8269,45.1408],[134.8253,45.141],[134.8236,45.1409],[134.822,45.1411],[134.8204,45.1422],[134.8184,45.1429],[134.8167,45.1435],[134.8145,45.1438],[134.813,45.1444],[134.8112,45.1443],[134.8098,45.143],[134.8085,45.1418],[134.8083,45.1401],[134.8072,45.1388],[134.8056,45.139],[134.8038,45.1387],[134.8021,45.1389],[134.8007,45.1402],[134.7988,45.1399],[134.797,45.14],[134.7953,45.1399],[134.7937,45.1397],[134.7917,45.1398],[134.79,45.1399],[134.7883,45.1394],[134.7864,45.1384],[134.7847,45.1373],[134.7832,45.1359],[134.7818,45.1351],[134.7801,45.1353],[134.7784,45.1354],[134.7767,45.1352],[134.7774,45.1337],[134.7764,45.1323],[134.7746,45.1322],[134.7737,45.1308],[134.7714,45.1298],[134.7697,45.1295],[134.7681,45.129],[134.7663,45.1287],[134.7643,45.1282],[134.7626,45.1278],[134.7609,45.1273],[134.7592,45.127],[134.7574,45.1268],[134.7558,45.1258],[134.7537,45.1247],[134.7518,45.1246],[134.7502,45.1242],[134.7483,45.1243],[134.7469,45.1235],[134.7451,45.1223],[134.7434,45.1225],[134.7416,45.1227],[134.7399,45.1236],[134.7381,45.1244],[134.7363,45.1245],[134.735,45.1235],[134.7329,45.1234],[134.7312,45.1239],[134.7299,45.1252],[134.7284,45.1245],[134.7273,45.125]]}},{"type":"Feature","properties":{"name":null},"geometry":{"type":"LineString","coordinates":[[134.4703,45.4808],[134.4687,45.4819],[134.4672,45.4825],[134.465,45.4837],[134.464,45.4835]]}},{"type":"Feature","properties":{"name":"Armu River"},"geometry":{"type":"LineString","coordinates":[[135.6646,45.776],[135.6598,45.775],[135.6575,45.7742],[135.6562,45.7726],[135.6557,45.7709],[135.6529,45.7703],[135.6512,45.7706],[135.6491,45.7721],[135.649,45.7744],[135.6481,45.776],[135.6475,45.7765]]}},{"type":"Feature","properties":{"name":"Большая Уссурка"},"geometry":{"type":"LineString","coordinates":[[134.4519,45.8712],[134.4503,45.8732],[134.4491,45.8763],[134.4491,45.8797]]}},{"type":"Feature","properties":{"name":"Большая Уссурка"},"geometry":{"type":"LineString","coordinates":[[134.459,45.87],[134.457,45.8709],[134.4545,45.871],[134.4519,45.8712]]}},{"type":"Feature","properties":{"name":"Наумовка"},"geometry":{"type":"LineString","coordinates":[[134.5209,45.826],[134.5193,45.8262],[134.5195,45.8278],[134.5179,45.8288],[134.5165,45.8298],[134.5145,45.8296],[134.5159,45.8283],[134.5141,45.8273],[134.5124,45.8281],[134.5101,45.8281],[134.5085,45.8286],[134.5064,45.8291],[134.5049,45.8301],[134.5032,45.831],[134.5015,45.8313],[134.4999,45.8306],[134.4983,45.8308],[134.4964,45.8306],[134.495,45.8297],[134.4938,45.8287],[134.4919,45.8276],[134.4904,45.8264],[134.489,45.8271],[134.49,45.8285],[134.4915,45.8294],[134.4907,45.8308],[134.4885,45.8306],[134.4867,45.8302],[134.4869,45.8319],[134.4875,45.8336],[134.4861,45.8345],[134.4845,45.8345],[134.4827,45.834],[134.4808,45.8334],[134.4793,45.8341],[134.481,45.8357],[134.4826,45.8368],[134.483,45.8386],[134.4842,45.8396],[134.4815,45.8393],[134.4802,45.838],[134.4787,45.8368],[134.4771,45.8374],[134.476,45.836],[134.4749,45.8376],[134.4742,45.8391],[134.4727,45.8384],[134.4728,45.8363],[134.4726,45.8347],[134.4708,45.8348],[134.4693,45.836],[134.4678,45.8361]]}},{"type":"Feature","properties":{"name":"Белогорка"},"geometry":{"type":"LineString","coordinates":[[134.555,45.8086],[134.5535,45.808],[134.5519,45.8079],[134.5503,45.8083],[134.5489,45.8091],[134.5473,45.8088],[134.5485,45.8099],[134.5467,45.8096],[134.5458,45.8109],[134.5443,45.8104],[134.5433,45.8118],[134.5425,45.8132],[134.5408,45.8135],[134.5395,45.8125],[134.5407,45.8139],[134.5395,45.8152],[134.5385,45.8165],[134.539,45.8168]]}},{"type":"Feature","properties":{"name":"Белогорка"},"geometry":{"type":"LineString","coordinates":[[134.539,45.8168],[134.5386,45.8185],[134.5372,45.8192],[134.5355,45.8189],[134.5338,45.8189],[134.5322,45.8185],[134.5306,45.8191],[134.5289,45.8195],[134.5275,45.8202],[134.526,45.8208],[134.5263,45.8224],[134.5247,45.8229],[134.5234,45.8239],[134.5222,45.825],[134.5209,45.826]]}},{"type":"Feature","properties":{"name":null},"geometry":{"type":"LineString","coordinates":[[135.5563,45.4254],[135.5546,45.4248],[135.5525,45.4254],[135.5508,45.427],[135.5491,45.4279],[135.5474,45.4276],[135.5463,45.4292],[135.5465,45.431],[135.5457,45.4323]]}},{"type":"Feature","properties":{"name":null},"geometry":{"type":"LineString","coordinates":[[135.5617,45.4037],[135.5611,45.4052],[135.5619,45.4069],[135.5615,45.4089],[135.5605,45.411],[135.5585,45.4121],[135.556,45.4121],[135.5532,45.4123],[135.5516,45.4136],[135.5502,45.4151],[135.548,45.4161],[135.5466,45.4175],[135.5463,45.4192],[135.5455,45.4208],[135.544,45.4219],[135.5427,45.4218]]}},{"type":"Feature","properties":{"name":null},"geometry":{"type":"LineString","coordinates":[[135.567,45.3875],[135.5669,45.3895],[135.5661,45.3916],[135.5646,45.3933],[135.5626,45.3954],[135.5616,45.3967],[135.5605,45.3983],[135.562,45.3999],[135.5642,45.4003],[135.5643,45.4014]]}},{"type":"Feature","properties":{"name":null},"geometry":{"type":"LineString","coordinates":[[135.5694,45.3892],[135.5688,45.3909],[135.5668,45.392],[135.5656,45.3924]]}},{"type":"Feature","properties":{"name":null},"geometry":{"type":"LineString","coordinates":[[135.5683,45.3912],[135.5688,45.393],[135.5702,45.3939],[135.5718,45.3953],[135.573,45.3972],[135.5734,45.3981]]}},{"type":"Feature","properties":{"name":null},"geometry":{"type":"LineString","coordinates":[[135.5618,45.3801],[135.5618,45.3826],[135.563,45.3844],[135.5633,45.3848]]}},{"type":"Feature","properties":{"name":null},"geometry":{"type":"LineString","coordinates":[[135.5603,45.3692],[135.5623,45.3708],[135.5638,45.3725],[135.5654,45.3736],[135.5673,45.3752],[135.5691,45.3771],[135.5697,45.3789],[135.5691,45.3813],[135.571,45.3823],[135.5725,45.3838],[135.5727,45.3856],[135.5716,45.3868],[135.5701,45.3879]]}},{"type":"Feature","properties":{"name":null},"geometry":{"type":"LineString","coordinates":[[135.5766,45.339],[135.5784,45.3403],[135.5791,45.3425],[135.5798,45.3443],[135.58,45.3448]]}},{"type":"Feature","properties":{"name":null},"geometry":{"type":"LineString","coordinates":[[135.547,45.2942],[135.5495,45.2948],[135.5509,45.2959],[135.5526,45.2972],[135.5543,45.2977],[135.5562,45.2979],[135.5565,45.2996],[135.5582,45.3004],[135.56,45.302],[135.5608,45.3035],[135.5607,45.3056],[135.5623,45.3067],[135.5641,45.3084],[135.5652,45.3102],[135.5645,45.312],[135.5659,45.3136],[135.5678,45.3148],[135.5682,45.3153]]}},{"type":"Feature","properties":{"name":null},"geometry":{"type":"LineString","coordinates":[[135.5608,45.3035],[135.5629,45.3036],[135.5647,45.3043],[135.5664,45.3053],[135.5662,45.307],[135.5669,45.3088],[135.5689,45.3093],[135.5705,45.3105],[135.5719,45.312],[135.5731,45.3147],[135.5745,45.3165],[135.5764,45.3191],[135.5776,45.3206],[135.5795,45.3208],[135.5783,45.3224],[135.5793,45.3239],[135.5811,45.324],[135.5816,45.3263],[135.5811,45.3285],[135.5788,45.3284],[135.5777,45.3304],[135.5759,45.3304],[135.5741,45.3294],[135.5737,45.3297]]}},{"type":"Feature","properties":{"name":null},"geometry":{"type":"LineString","coordinates":[[135.5793,45.3223],[135.5804,45.3235]]}},{"type":"Feature","properties":{"name":null},"geometry":{"type":"LineString","coordinates":[[135.5734,45.3151],[135.5732,45.317],[135.5724,45.3187],[135.5706,45.3194],[135.5705,45.3212],[135.571,45.323],[135.5717,45.3249],[135.5719,45.3264],[135.572,45.3269]]}},{"type":"Feature","properties":{"name":"Правая Глухоманка"},"geometry":{"type":"LineString","coordinates":[[135.8035,45.186],[135.8023,45.1883],[135.8012,45.1895],[135.7995,45.192],[135.797,45.1948],[135.7961,45.1972],[135.7953,45.1991],[135.7943,45.2004],[135.7923,45.2021],[135.7906,45.2038],[135.788,45.2058],[135.7867,45.2067],[135.7829,45.2087],[135.7812,45.21],[135.7796,45.2116],[135.7782,45.2135],[135.7762,45.2151],[135.7757,45.2167],[135.7749,45.2186],[135.7731,45.2208],[135.7701,45.2222],[135.7675,45.2226],[135.7654,45.2242],[135.7638,45.2264],[135.763,45.2288],[135.7618,45.2312],[135.76,45.2339],[135.7586,45.2353],[135.7558,45.2404],[135.7542,45.2424],[135.7525,45.2434],[135.7512,45.2461],[135.7491,45.248],[135.7479,45.2494],[135.7464,45.2502],[135.7444,45.2514],[135.7417,45.2529],[135.7385,45.2544],[135.7354,45.2555],[135.7335,45.2571],[135.7303,45.2574],[135.7272,45.2572],[135.7249,45.257],[135.7222,45.2557],[135.7202,45.2546],[135.7176,45.2535],[135.715,45.2526],[135.7126,45.2517],[135.71,45.2518],[135.7071,45.252],[135.705,45.2523],[135.7033,45.2529],[135.7008,45.2537],[135.6987,45.2536],[135.6941,45.2548],[135.6928,45.2538],[135.6905,45.2544],[135.6885,45.2538],[135.6865,45.2542],[135.6832,45.2549],[135.6809,45.2549],[135.6784,45.2551],[135.6763,45.2558],[135.6741,45.2561],[135.6725,45.2573],[135.6708,45.2575],[135.6691,45.2588],[135.6672,45.2599],[135.6649,45.2612],[135.6633,45.2612]]}},{"type":"Feature","properties":{"name":null},"geometry":{"type":"LineString","coordinates":[[135.5603,45.3024],[135.5619,45.3029],[135.5645,45.3028],[135.5681,45.3027],[135.57,45.3036],[135.5714,45.3045],[135.5729,45.3057],[135.5731,45.3075],[135.574,45.3093],[135.5723,45.3105],[135.5719,45.312]]}},{"type":"Feature","properties":{"name":null},"geometry":{"type":"LineString","coordinates":[[135.5353,45.2587],[135.536,45.2609],[135.5381,45.2647],[135.5395,45.267],[135.5411,45.2703]]}},{"type":"Feature","properties":{"name":null},"geometry":{"type":"LineString","coordinates":[[135.524,45.23],[135.5238,45.2334],[135.5243,45.2351],[135.5253,45.2365],[135.5262,45.2381],[135.5279,45.2392]]}},{"type":"Feature","properties":{"name":null},"geometry":{"type":"LineString","coordinates":[[135.6381,45.426],[135.6363,45.4266],[135.6341,45.4276],[135.6335,45.4278]]}},{"type":"Feature","properties":{"name":null},"geometry":{"type":"LineString","coordinates":[[135.6381,45.426],[135.6373,45.4279],[135.6371,45.4283]]}},{"type":"Feature","properties":{"name":null},"geometry":{"type":"LineString","coordinates":[[135.6713,45.4398],[135.6706,45.4378],[135.6703,45.4361],[135.6691,45.4349],[135.6676,45.4341],[135.666,45.4331],[135.6642,45.4323],[135.6627,45.4315],[135.6615,45.4306]]}},{"type":"Feature","properties":{"name":null},"geometry":{"type":"LineString","coordinates":[[135.681,45.4487],[135.6781,45.4484],[135.6753,45.4488],[135.6726,45.4498],[135.6712,45.4488],[135.6699,45.4478],[135.6686,45.4465],[135.6671,45.4454],[135.6661,45.444],[135.6661,45.4412],[135.6673,45.4402],[135.6686,45.4387]]}},{"type":"Feature","properties":{"name":"Глухоманка"},"geometry":{"type":"LineString","coordinates":[[135.6633,45.2612],[135.6624,45.2627],[135.6609,45.2634],[135.6583,45.2637],[135.6562,45.2637],[135.6543,45.2647],[135.6525,45.2646],[135.6499,45.2642],[135.648,45.265],[135.6462,45.2658],[135.6443,45.2659],[135.6428,45.2666],[135.6409,45.267],[135.6391,45.2674],[135.6375,45.2671],[135.6353,45.2668],[135.6332,45.267],[135.6312,45.2666],[135.6288,45.2678],[135.6271,45.2689],[135.6245,45.2687],[135.6226,45.2704],[135.6206,45.272],[135.6191,45.2729],[135.619,45.2746],[135.6198,45.2763],[135.6189,45.2778],[135.6168,45.279],[135.6147,45.2802],[135.6124,45.2809],[135.6105,45.281],[135.6088,45.2815],[135.607,45.2829],[135.6055,45.2824],[135.6047,45.2838],[135.6035,45.285],[135.6016,45.2851],[135.5998,45.2858],[135.598,45.2855],[135.5962,45.2863],[135.5938,45.2869],[135.5916,45.2875],[135.5894,45.2868],[135.5879,45.2879],[135.5867,45.2894],[135.5846,45.29],[135.582,45.2903],[135.5792,45.2914],[135.577,45.2924],[135.5744,45.2926],[135.5728,45.293],[135.5711,45.293],[135.5699,45.2951],[135.5706,45.2972],[135.5707,45.2989],[135.572,45.3002],[135.5735,45.3019],[135.573,45.3039],[135.5729,45.3057]]}},{"type":"Feature","properties":{"name":"Левая Приманка"},"geometry":{"type":"LineString","coordinates":[[135.2399,45.2841],[135.2416,45.284],[135.2442,45.285],[135.2461,45.2853],[135.248,45.2845],[135.2499,45.2827],[135.2514,45.282],[135.2538,45.2814],[135.2554,45.2814],[135.2573,45.2814],[135.2595,45.2815],[135.2613,45.2813],[135.2631,45.2822],[135.2655,45.2837],[135.2672,45.2845],[135.268,45.2869],[135.2706,45.2875],[135.2729,45.289],[135.2745,45.289],[135.2765,45.2881],[135.278,45.2888],[135.2798,45.2882],[135.2824,45.2877],[135.2854,45.288],[135.2867,45.2889],[135.2883,45.2895],[135.2901,45.2898],[135.2919,45.2908],[135.2947,45.2908],[135.2963,45.2913],[135.2985,45.2919],[135.3012,45.2932],[135.303,45.2927],[135.3047,45.292],[135.3063,45.293],[135.3085,45.2941],[135.3101,45.294],[135.3118,45.2932],[135.3137,45.2945],[135.3154,45.2948],[135.3189,45.2943],[135.3209,45.2943],[135.3229,45.2941],[135.3244,45.2951],[135.3259,45.2955],[135.3278,45.2958],[135.3297,45.2957],[135.3318,45.2948],[135.3336,45.2953],[135.3352,45.2959],[135.3371,45.2955],[135.3389,45.2956],[135.3411,45.2954],[135.3425,45.2962],[135.345,45.2974],[135.3471,45.2977],[135.349,45.298],[135.3512,45.2986],[135.353,45.2996],[135.3555,45.3009],[135.3571,45.3013],[135.3592,45.3012],[135.3612,45.301],[135.3628,45.3009],[135.3647,45.3007],[135.3677,45.3002],[135.3693,45.3009],[135.3752,45.3032],[135.3776,45.3024],[135.3795,45.3011],[135.3816,45.3017],[135.3834,45.3017],[135.3866,45.3017],[135.3882,45.3018],[135.3908,45.3032],[135.3919,45.3046],[135.3936,45.3037],[135.3957,45.3042],[135.399,45.3055],[135.4006,45.3082],[135.4025,45.3118],[135.4045,45.3126],[135.4048,45.3144],[135.4064,45.3156],[135.4086,45.3169],[135.4107,45.3168],[135.4124,45.3159],[135.4154,45.3165],[135.4174,45.3169],[135.4191,45.3168],[135.4212,45.3174],[135.4232,45.3177]]}},{"type":"Feature","properties":{"name":null},"geometry":{"type":"LineString","coordinates":[[135.2895,45.2005],[135.2915,45.2014],[135.2939,45.2017],[135.2956,45.202],[135.2966,45.2021]]}},{"type":"Feature","properties":{"name":"Приманка"},"geometry":{"type":"LineString","coordinates":[[135.4232,45.3177],[135.425,45.3179],[135.4271,45.3178],[135.4296,45.3179],[135.4322,45.3187],[135.4343,45.3195],[135.436,45.32],[135.4369,45.322],[135.4388,45.3236],[135.4406,45.3243],[135.4424,45.3249],[135.445,45.3256],[135.4471,45.3257],[135.449,45.3257],[135.4503,45.3271],[135.4521,45.3279],[135.4537,45.3287],[135.455,45.3297],[135.4571,45.3298],[135.459,45.3309],[135.4607,45.3307],[135.4625,45.3302],[135.4639,45.3292],[135.4654,45.3284],[135.4671,45.328],[135.4688,45.3277],[135.4715,45.3271],[135.473,45.3279],[135.475,45.3291],[135.4752,45.3309],[135.4756,45.3327],[135.4771,45.3335],[135.4785,45.3352],[135.4803,45.3348],[135.4822,45.3347],[135.4839,45.3353],[135.4858,45.3359],[135.4875,45.3366],[135.4892,45.3369],[135.491,45.3365],[135.4928,45.3366],[135.4951,45.3369],[135.497,45.3369],[135.4998,45.3374],[135.5016,45.3381],[135.5034,45.3377],[135.5053,45.3388],[135.5055,45.3405],[135.5061,45.3422],[135.5063,45.344],[135.5081,45.3447],[135.5086,45.3464],[135.5101,45.3477],[135.5098,45.3494],[135.5096,45.3521],[135.51,45.3545],[135.5104,45.3562],[135.5096,45.3578],[135.5112,45.3593],[135.5098,45.3602],[135.5103,45.3625],[135.5125,45.363],[135.5144,45.3635],[135.5155,45.3651],[135.5172,45.3673],[135.5185,45.369],[135.5206,45.3696],[135.5225,45.3701],[135.524,45.3707],[135.5241,45.3727],[135.5251,45.3746],[135.5273,45.3759],[135.5292,45.3761],[135.5316,45.3778],[135.5333,45.3785],[135.534,45.3803],[135.5359,45.3809],[135.5376,45.3822],[135.5384,45.384],[135.5376,45.3854],[135.5377,45.3876],[135.5386,45.3901],[135.5389,45.3924],[135.5386,45.3944],[135.5418,45.395],[135.5439,45.3957],[135.546,45.3966],[135.5472,45.3976],[135.5483,45.3988],[135.549,45.4007],[135.5499,45.4028],[135.5507,45.4042]]}},{"type":"Feature","properties":{"name":"Далекая"},"geometry":{"type":"LineString","coordinates":[[135.3841,45.3968],[135.3877,45.398],[135.3915,45.3991],[135.3941,45.3993],[135.3966,45.4],[135.4004,45.3999],[135.4029,45.3997],[135.4051,45.3997],[135.4069,45.4004],[135.4095,45.4018],[135.411,45.4033],[135.4123,45.4044],[135.4134,45.4064],[135.4144,45.4081],[135.4159,45.4104],[135.4192,45.4145],[135.4226,45.416],[135.4246,45.4179],[135.4263,45.4195],[135.4292,45.4207],[135.4324,45.422],[135.4349,45.4229],[135.4378,45.4242],[135.44,45.4262],[135.4418,45.4272],[135.4434,45.4285],[135.4448,45.43],[135.4463,45.4319],[135.4482,45.4341],[135.4493,45.4355],[135.45,45.4389],[135.4509,45.4407],[135.4519,45.4434],[135.4527,45.4463],[135.454,45.4478],[135.4555,45.4498],[135.4547,45.452],[135.4558,45.4548],[135.4571,45.4564],[135.4575,45.4573]]}},{"type":"Feature","properties":{"name":null},"geometry":{"type":"LineString","coordinates":[[135.4683,45.4509],[135.4672,45.4522],[135.4678,45.4542],[135.4693,45.4549],[135.4694,45.4574],[135.4678,45.4583],[135.4655,45.4583],[135.464,45.4576],[135.4621,45.4564],[135.4603,45.4564],[135.4582,45.4567]]}},{"type":"Feature","properties":{"name":"Паралельный"},"geometry":{"type":"LineString","coordinates":[[135.4643,45.395],[135.4621,45.3952],[135.459,45.3968],[135.4573,45.3975],[135.4557,45.3991],[135.4555,45.4011],[135.4558,45.4031],[135.4563,45.4057],[135.4559,45.4074],[135.4553,45.4101],[135.4546,45.4116],[135.4545,45.4136],[135.4531,45.4155],[135.4515,45.4177],[135.4505,45.4195],[135.4506,45.4219],[135.4497,45.4235],[135.4488,45.4264],[135.4469,45.4286],[135.4461,45.4301],[135.4461,45.4307]]}},{"type":"Feature","properties":{"name":"Чистый"},"geometry":{"type":"LineString","coordinates":[[135.4358,45.3997],[135.4347,45.3969],[135.4341,45.395],[135.4343,45.3931],[135.4323,45.3917],[135.4311,45.3905],[135.4308,45.3887],[135.4298,45.3847],[135.4303,45.383],[135.4297,45.3799],[135.4292,45.3783],[135.429,45.3752],[135.4287,45.3716],[135.4284,45.3696],[135.4289,45.3679],[135.4295,45.3664],[135.4308,45.365],[135.4315,45.3631],[135.4326,45.3618],[135.4334,45.3603],[135.4344,45.3589],[135.4356,45.357],[135.4369,45.3558],[135.4402,45.3531],[135.4446,45.3509],[135.45,45.3483],[135.4553,45.3453],[135.4584,45.3438],[135.4633,45.3414],[135.4669,45.34],[135.472,45.3385],[135.4741,45.3372],[135.4754,45.3355],[135.4766,45.3341],[135.4771,45.3335]]}},{"type":"Feature","properties":{"name":null},"geometry":{"type":"LineString","coordinates":[[135.4871,45.3367],[135.4884,45.3391],[135.4903,45.3407],[135.4922,45.3416],[135.4942,45.3417],[135.4964,45.3428],[135.4974,45.3442],[135.4988,45.3455],[135.4979,45.3491],[135.4989,45.3512],[135.5019,45.3511],[135.5059,45.3502],[135.507,45.3514],[135.508,45.3529],[135.5075,45.3549],[135.5076,45.3569],[135.507,45.359],[135.5068,45.361],[135.5085,45.3619],[135.5093,45.3637],[135.5117,45.3648],[135.5137,45.3647],[135.5142,45.3647]]}},{"type":"Feature","properties":{"name":null},"geometry":{"type":"LineString","coordinates":[[135.4912,45.3365],[135.4931,45.3384],[135.4943,45.34],[135.4987,45.341],[135.5004,45.3413],[135.5015,45.3431],[135.5023,45.3449],[135.5041,45.3451],[135.5069,45.3472],[135.5085,45.3482],[135.51,45.3487]]}},{"type":"Feature","properties":{"name":null},"geometry":{"type":"LineString","coordinates":[[135.4279,45.318],[135.4296,45.3198],[135.4313,45.3204],[135.4336,45.3205],[135.4352,45.3209],[135.4361,45.3213]]}},{"type":"Feature","properties":{"name":"Правая Приманка"},"geometry":{"type":"LineString","coordinates":[[135.1705,45.052],[135.1686,45.0531],[135.1667,45.0551],[135.1626,45.0572],[135.1619,45.0598],[135.1621,45.0615],[135.162,45.0638],[135.1617,45.0655],[135.1608,45.0681],[135.1614,45.071],[135.1628,45.0732],[135.1636,45.0757],[135.1648,45.0777],[135.1658,45.0795],[135.1655,45.0811],[135.1666,45.0838],[135.1679,45.0853],[135.1698,45.0862],[135.172,45.0874],[135.1739,45.0873],[135.1777,45.088],[135.1798,45.0898],[135.1816,45.0911],[135.1835,45.0922],[135.1854,45.0944],[135.1865,45.0963],[135.1893,45.0972],[135.192,45.0974],[135.1943,45.0985],[135.1948,45.1001],[135.196,45.1015],[135.1987,45.103],[135.1998,45.1046],[135.2009,45.1064],[135.2017,45.109],[135.2032,45.1098],[135.2049,45.1118],[135.2066,45.1134],[135.2082,45.1145],[135.2101,45.116],[135.2118,45.1171],[135.2137,45.118],[135.2144,45.1198],[135.2153,45.1224],[135.2176,45.123],[135.22,45.1235],[135.224,45.1248],[135.225,45.1262],[135.2261,45.128],[135.2285,45.1299],[135.2307,45.1307],[135.2319,45.1319],[135.2321,45.1339],[135.2348,45.1355],[135.2359,45.1379],[135.2369,45.1398],[135.2365,45.1418],[135.236,45.1447],[135.2378,45.1464],[135.2373,45.1483],[135.2378,45.1511],[135.2363,45.1523],[135.2352,45.1542],[135.2351,45.1574],[135.2368,45.1591],[135.2366,45.1615],[135.2364,45.1635],[135.2384,45.1646],[135.2399,45.1656],[135.2414,45.167],[135.2426,45.1689],[135.2444,45.1686],[135.2471,45.17],[135.2485,45.171],[135.2508,45.1716],[135.2536,45.1724],[135.2552,45.1727],[135.2569,45.1731],[135.2586,45.174],[135.2611,45.1752],[135.2618,45.1773],[135.2629,45.1785],[135.2653,45.1798],[135.2676,45.1808],[135.2698,45.1818],[135.2718,45.1821],[135.2726,45.1842],[135.2742,45.1856],[135.2754,45.1882],[135.2778,45.1891],[135.2793,45.1899],[135.2829,45.19],[135.2855,45.1915],[135.2877,45.1924],[135.2892,45.1939],[135.2912,45.196],[135.2933,45.1965],[135.2943,45.1978],[135.2954,45.1997],[135.2966,45.2021],[135.2975,45.2039],[135.2991,45.2047],[135.3002,45.2064],[135.3021,45.2083],[135.3048,45.2096],[135.3072,45.2099],[135.3087,45.2109],[135.3102,45.2126],[135.3122,45.2136],[135.3143,45.2146],[135.3155,45.2159],[135.3171,45.2171],[135.3185,45.2183],[135.3204,45.2199],[135.3201,45.2215],[135.3215,45.2223],[135.3235,45.2225],[135.3252,45.2227],[135.3267,45.222],[135.3288,45.2224],[135.3302,45.2233],[135.332,45.2242],[135.3333,45.226],[135.3354,45.2269],[135.337,45.2274],[135.3387,45.228],[135.3408,45.2285],[135.3426,45.2299],[135.3447,45.2306],[135.3465,45.2314],[135.3477,45.2331],[135.3475,45.2349],[135.3489,45.2359],[135.3496,45.2374],[135.3511,45.2384],[135.3519,45.2398],[135.3529,45.2413],[135.3533,45.2431],[135.3541,45.2451],[135.3559,45.2454],[135.3571,45.2475],[135.3585,45.2484],[135.36,45.2479],[135.3615,45.249],[135.3635,45.249],[135.3654,45.2483],[135.3674,45.2483],[135.3695,45.2486],[135.3702,45.2502],[135.3715,45.2523],[135.3737,45.2528],[135.3749,45.2552],[135.3765,45.2556],[135.378,45.2571],[135.3793,45.2582],[135.3808,45.2595],[135.3819,45.2607],[135.3841,45.2612],[135.3852,45.2624],[135.3866,45.2642],[135.3879,45.2651],[135.3894,45.2658],[135.3903,45.2674],[135.3921,45.2687],[135.393,45.2706],[135.3945,45.2717],[135.3959,45.2727],[135.3974,45.274],[135.397,45.276],[135.3977,45.278],[135.3996,45.2785],[135.3997,45.2807],[135.3981,45.2826],[135.396,45.2841],[135.3949,45.2855],[135.3965,45.2871],[135.3983,45.288],[135.3981,45.2898],[135.399,45.2913],[135.3999,45.293],[135.4006,45.2947],[135.4017,45.296],[135.4016,45.2976],[135.4027,45.2994],[135.4032,45.3009],[135.4022,45.3026],[135.4011,45.304],[135.4023,45.3059],[135.4034,45.3073],[135.4037,45.3095],[135.405,45.3107],[135.4068,45.3121],[135.4087,45.3127],[135.4101,45.3136],[135.4118,45.3145],[135.4139,45.3145],[135.4156,45.3141],[135.4187,45.3139],[135.4205,45.314],[135.4217,45.3157],[135.4226,45.3173],[135.4232,45.3177]]}},{"type":"Feature","properties":{"name":null},"geometry":{"type":"LineString","coordinates":[[135.5765,45.3488],[135.5769,45.3507],[135.5754,45.3526],[135.5751,45.3545],[135.5763,45.3561],[135.5777,45.3577],[135.5779,45.3604],[135.5793,45.3615],[135.5805,45.3623]]}},{"type":"Feature","properties":{"name":"Глухоманка"},"geometry":{"type":"LineString","coordinates":[[135.7276,45.128],[135.7294,45.1303],[135.7297,45.1324],[135.7286,45.1337],[135.7285,45.1355],[135.7273,45.1371],[135.7252,45.139],[135.7233,45.1395],[135.7217,45.1404],[135.7196,45.1405],[135.7177,45.1405],[135.7147,45.1416],[135.7142,45.1432],[135.7096,45.1455],[135.7074,45.1463],[135.7052,45.1475],[135.7024,45.1492],[135.7005,45.1512],[135.6991,45.1534],[135.6977,45.1556],[135.6967,45.1572],[135.6963,45.1588],[135.6951,45.1602],[135.6943,45.1616],[135.693,45.163],[135.6922,45.1645],[135.691,45.166],[135.6883,45.1677],[135.6849,45.169],[135.6825,45.1693],[135.6807,45.17],[135.6794,45.1714],[135.6782,45.1733],[135.6787,45.1748],[135.6777,45.1762],[135.6767,45.1776],[135.6759,45.1803],[135.6755,45.1836],[135.6749,45.1851],[135.6747,45.1867],[135.6749,45.1886],[135.6749,45.1902],[135.6749,45.192],[135.6748,45.194],[135.6746,45.1969],[135.6741,45.1987],[135.6732,45.2],[135.6737,45.2027],[135.6737,45.205],[135.6732,45.2073],[135.6725,45.2089],[135.6716,45.2104],[135.6709,45.2122],[135.6713,45.2138],[135.6709,45.216],[135.6696,45.2184],[135.668,45.2196],[135.6664,45.2203],[135.6651,45.2217],[135.6638,45.2228],[135.6624,45.2245],[135.6603,45.2263],[135.659,45.2277],[135.6584,45.2294],[135.6585,45.2316],[135.6584,45.2341],[135.6592,45.2358],[135.6595,45.2386],[135.6591,45.2411],[135.6576,45.2419],[135.6586,45.2438],[135.6594,45.2454],[135.6593,45.2471],[135.6603,45.2488],[135.6609,45.2503],[135.6613,45.2524],[135.6607,45.2541],[135.6609,45.2558],[135.6609,45.2577],[135.6616,45.2597],[135.6624,45.2611],[135.6629,45.2615]]}},{"type":"Feature","properties":{"name":"Приточная"},"geometry":{"type":"LineString","coordinates":[[135.8465,45.2501],[135.8433,45.2509],[135.8386,45.2526],[135.8365,45.2546],[135.836,45.2573],[135.8335,45.2584],[135.832,45.2602],[135.8309,45.2614],[135.8301,45.2631],[135.8281,45.266],[135.827,45.2684],[135.826,45.2712],[135.8254,45.2729],[135.8243,45.2746],[135.8226,45.276],[135.8226,45.2779],[135.8226,45.2803],[135.8215,45.2825],[135.8216,45.2847],[135.8223,45.2864],[135.8237,45.2881],[135.8248,45.2896],[135.8259,45.2912],[135.8251,45.2928],[135.8254,45.295],[135.8256,45.2969],[135.8257,45.2991],[135.825,45.3011],[135.8243,45.303],[135.8238,45.3048],[135.8236,45.3067],[135.8227,45.3081],[135.8233,45.3099],[135.8222,45.3116],[135.8219,45.3138],[135.8224,45.3159],[135.8224,45.3181],[135.8222,45.3204],[135.8222,45.3221],[135.8229,45.3236],[135.8214,45.3259],[135.8192,45.3274],[135.8183,45.3288],[135.8185,45.331],[135.8182,45.3325],[135.8182,45.3342],[135.8181,45.3372],[135.8185,45.3389],[135.8175,45.3405],[135.8166,45.3422],[135.8152,45.3439],[135.8147,45.3456],[135.8133,45.3478],[135.8122,45.3491],[135.8106,45.3505],[135.8084,45.3502],[135.8062,45.3514],[135.8038,45.3522],[135.802,45.352],[135.8006,45.3512],[135.7983,45.3513],[135.7964,45.3497],[135.7945,45.3495],[135.7926,45.3497],[135.791,45.3493],[135.7894,45.3499],[135.7867,45.35],[135.7841,45.3505],[135.7817,45.351],[135.7792,45.3505],[135.7764,45.3508],[135.7735,45.3496],[135.7715,45.3486],[135.7688,45.3481],[135.7664,45.3487],[135.7648,45.3493],[135.7623,45.3495],[135.7597,45.3491],[135.7567,45.3498],[135.7547,45.3496],[135.7521,45.3504],[135.7508,45.3526],[135.7492,45.3538],[135.7467,45.3548],[135.7445,45.3555],[135.7428,45.3559],[135.7412,45.3562],[135.739,45.3559],[135.7369,45.3568],[135.7345,45.3575],[135.7327,45.3583],[135.731,45.3597],[135.728,45.3598],[135.7255,45.3596],[135.7233,45.3605],[135.7231,45.3624],[135.7218,45.3633],[135.7228,45.365],[135.7209,45.3655],[135.7198,45.3667],[135.7175,45.3672],[135.7154,45.3672],[135.7138,45.3671],[135.7118,45.3676],[135.7099,45.3684],[135.7084,45.3694],[135.7073,45.3707],[135.7057,45.3713],[135.7043,45.3721],[135.7025,45.3732],[135.7,45.3746],[135.6989,45.3758],[135.6973,45.3772],[135.6963,45.3787],[135.697,45.3802],[135.6957,45.3812],[135.6943,45.3829],[135.6925,45.3846],[135.6902,45.3854],[135.6881,45.3864],[135.6866,45.3881],[135.6851,45.3895],[135.684,45.3916],[135.6823,45.3912],[135.6809,45.3923],[135.6793,45.3922],[135.678,45.3933],[135.677,45.3946],[135.6755,45.3953],[135.6744,45.3972],[135.6758,45.3984],[135.6755,45.4005],[135.6726,45.4022],[135.6704,45.4025],[135.669,45.4038],[135.6673,45.405],[135.6649,45.4064],[135.6631,45.4065],[135.6606,45.4072],[135.6589,45.409],[135.6571,45.4108],[135.6584,45.412],[135.6573,45.4133],[135.658,45.4149],[135.6572,45.4171],[135.656,45.4183],[135.6543,45.4191],[135.6529,45.4204],[135.651,45.4207],[135.6491,45.4214]]}},{"type":"Feature","properties":{"name":null},"geometry":{"type":"LineString","coordinates":[[135.7165,45.3672],[135.7135,45.3679],[135.7116,45.3682],[135.7097,45.3691],[135.7083,45.3704],[135.7067,45.3721],[135.7056,45.3734],[135.7048,45.3748],[135.7029,45.3748],[135.7012,45.3759],[135.6993,45.3756],[135.6989,45.3758]]}},{"type":"Feature","properties":{"name":null},"geometry":{"type":"LineString","coordinates":[[135.5477,45.4128],[135.5483,45.4144],[135.547,45.4157],[135.5471,45.4168]]}},{"type":"Feature","properties":{"name":null},"geometry":{"type":"LineString","coordinates":[[135.6925,45.4661],[135.6915,45.4647],[135.69,45.4635]]}},{"type":"Feature","properties":{"name":null},"geometry":{"type":"LineString","coordinates":[[135.6978,45.4677],[135.696,45.4672],[135.6945,45.4666],[135.6937,45.4651]]}},{"type":"Feature","properties":{"name":null},"geometry":{"type":"LineString","coordinates":[[135.7121,45.4791],[135.71,45.4789],[135.7068,45.4782],[135.7051,45.4777],[135.703,45.4767],[135.7036,45.4748],[135.7021,45.4737],[135.7012,45.4723],[135.6993,45.4713],[135.6982,45.4701],[135.6964,45.47],[135.6942,45.4687],[135.6939,45.4681]]}},{"type":"Feature","properties":{"name":null},"geometry":{"type":"LineString","coordinates":[[135.7217,45.4767],[135.7197,45.4761],[135.7178,45.4759],[135.7162,45.475],[135.7144,45.4749],[135.7139,45.4732],[135.7123,45.4726],[135.7112,45.47],[135.7096,45.4687],[135.7062,45.4671],[135.7042,45.4654],[135.7025,45.4641],[135.7002,45.4637],[135.6986,45.4632],[135.6966,45.463],[135.6954,45.4614],[135.6944,45.4599],[135.6941,45.4596]]}},{"type":"Feature","properties":{"name":"Большая Далекая"},"geometry":{"type":"LineString","coordinates":[[135.3224,45.3931],[135.3255,45.3919],[135.3273,45.3918],[135.329,45.3916],[135.3314,45.391],[135.3334,45.3922],[135.3346,45.3934],[135.3362,45.3944],[135.338,45.395],[135.3396,45.3961],[135.3423,45.3975],[135.345,45.399],[135.3471,45.4004],[135.3486,45.4012],[135.3508,45.402],[135.3527,45.4025],[135.3557,45.4036],[135.3574,45.405],[135.3586,45.4066],[135.3599,45.4076],[135.362,45.409],[135.3637,45.4112],[135.3657,45.4125],[135.3675,45.4136],[135.3698,45.416],[135.3712,45.4171],[135.3718,45.4193],[135.3741,45.4202],[135.3764,45.4206],[135.3787,45.4215],[135.3803,45.4227],[135.3818,45.4238],[135.3838,45.4249],[135.3855,45.4249],[135.3886,45.426],[135.3896,45.428],[135.3919,45.4295],[135.3936,45.4305],[135.3954,45.4315],[135.3967,45.4326],[135.3978,45.4339],[135.3994,45.4347],[135.4008,45.4359],[135.4015,45.4375],[135.402,45.4397],[135.4023,45.4415],[135.4026,45.4434],[135.4029,45.4451],[135.4045,45.4464],[135.4059,45.4474],[135.4071,45.4491],[135.4066,45.451],[135.4073,45.4525],[135.409,45.454],[135.4103,45.4557],[135.4118,45.457],[135.4138,45.4581],[135.4144,45.4599],[135.4156,45.4613],[135.4169,45.4631],[135.4183,45.4639],[135.4207,45.4653],[135.4222,45.4666],[135.4235,45.4675],[135.4249,45.4684],[135.424,45.4697],[135.4232,45.4716],[135.4217,45.4736],[135.4205,45.4752],[135.4187,45.4759],[135.417,45.4764],[135.4154,45.4774],[135.4143,45.4784]]}},{"type":"Feature","properties":{"name":null},"geometry":{"type":"LineString","coordinates":[[135.3012,45.2932],[135.3029,45.2939],[135.3052,45.2952],[135.3063,45.2965],[135.308,45.2971],[135.3096,45.2971],[135.3111,45.2977],[135.3132,45.2979],[135.3148,45.2979],[135.3168,45.298],[135.3191,45.2971],[135.3211,45.2971],[135.3227,45.2961],[135.3255,45.2956],[135.3259,45.2955]]}},{"type":"Feature","properties":{"name":null},"geometry":{"type":"LineString","coordinates":[[135.3291,45.2955],[135.3308,45.2969],[135.3332,45.2981],[135.3354,45.298],[135.3374,45.2974],[135.3398,45.2961],[135.3418,45.2958],[135.3425,45.2962]]}},{"type":"Feature","properties":{"name":null},"geometry":{"type":"LineString","coordinates":[[135.275,45.289],[135.2768,45.2898],[135.2785,45.2898],[135.2799,45.289],[135.2816,45.2891],[135.2833,45.2891],[135.2865,45.2891],[135.2867,45.2889]]}},{"type":"Feature","properties":{"name":"Большая Приисковая"},"geometry":{"type":"LineString","coordinates":[[135.4634,45.5777],[135.4624,45.5752],[135.4623,45.5725],[135.4627,45.5696],[135.4631,45.566],[135.4613,45.5651],[135.4617,45.5624],[135.4643,45.5617],[135.464,45.56],[135.4647,45.5585],[135.4659,45.5566],[135.467,45.5543],[135.4671,45.5524],[135.4674,45.5504],[135.4675,45.548],[135.4688,45.5457],[135.4689,45.5437],[135.4683,45.5411],[135.4691,45.5391],[135.4685,45.5366],[135.4686,45.535],[135.469,45.5327],[135.4687,45.5307],[135.469,45.5288],[135.4685,45.5266],[135.4674,45.5247],[135.4677,45.5221],[135.4664,45.5198],[135.4663,45.5172],[135.4659,45.5151],[135.4656,45.5131],[135.4665,45.5098],[135.4667,45.5079],[135.4671,45.5061],[135.468,45.5043],[135.4712,45.5024],[135.4727,45.5011],[135.4734,45.4993],[135.4748,45.4971],[135.477,45.4956],[135.4795,45.4931],[135.4817,45.4917],[135.4834,45.4898],[135.4845,45.4882],[135.4847,45.4862],[135.4845,45.484],[135.4818,45.4798],[135.4813,45.4782],[135.4816,45.4765],[135.4824,45.475],[135.4823,45.4725],[135.4828,45.4686],[135.4824,45.4669],[135.4822,45.4644],[135.4825,45.4628],[135.4821,45.4607],[135.4797,45.4576],[135.4787,45.4564],[135.4805,45.455],[135.4834,45.4534],[135.485,45.4528],[135.4879,45.452],[135.4902,45.4512],[135.4904,45.4508]]}},{"type":"Feature","properties":{"name":null},"geometry":{"type":"LineString","coordinates":[[135.4931,45.4447],[135.4916,45.4464],[135.4933,45.449],[135.4917,45.4504],[135.489,45.4511],[135.4865,45.4509],[135.4843,45.4506],[135.4818,45.4495],[135.4804,45.4484],[135.4769,45.4495],[135.4733,45.4505],[135.4699,45.4503]]}},{"type":"Feature","properties":{"name":null},"geometry":{"type":"LineString","coordinates":[[135.4787,45.4564],[135.4783,45.4541],[135.4759,45.4559],[135.4753,45.4573],[135.4759,45.4595],[135.4732,45.461],[135.4708,45.4603],[135.4684,45.4593],[135.467,45.4585],[135.4664,45.4583]]}},{"type":"Feature","properties":{"name":"Малая Приисковая"},"geometry":{"type":"LineString","coordinates":[[135.5425,45.5107],[135.5414,45.5091],[135.5404,45.5075],[135.5398,45.5053],[135.5388,45.5028],[135.5387,45.501],[135.5396,45.4996],[135.5406,45.4978],[135.5423,45.4958],[135.5425,45.494],[135.5418,45.4925],[135.5399,45.49],[135.5388,45.4876],[135.5381,45.4854],[135.537,45.4831],[135.535,45.4805],[135.5343,45.479],[135.5332,45.477],[135.5322,45.4756],[135.5302,45.4729],[135.5288,45.4715],[135.5272,45.4698],[135.5257,45.4686],[135.5248,45.4656],[135.5232,45.4645],[135.5206,45.4619],[135.5186,45.4603],[135.5159,45.4586],[135.5143,45.4572],[135.5124,45.4562],[135.5108,45.4547],[135.5092,45.4537],[135.5063,45.452],[135.5048,45.451],[135.5023,45.4491],[135.5003,45.4478]]}},{"type":"Feature","properties":{"name":null},"geometry":{"type":"LineString","coordinates":[[135.514,45.4427],[135.5111,45.4447],[135.5081,45.4457],[135.5061,45.4465],[135.5037,45.4472],[135.5015,45.4476],[135.4987,45.4484],[135.4966,45.4485],[135.4941,45.4492],[135.4928,45.4498]]}},{"type":"Feature","properties":{"name":"Третья Щедринка"},"geometry":{"type":"LineString","coordinates":[[135.5974,45.535],[135.5999,45.533],[135.6025,45.5312],[135.6044,45.5298],[135.6052,45.528],[135.606,45.5239],[135.6063,45.5222],[135.6053,45.5209],[135.6046,45.5192],[135.6038,45.5177],[135.6034,45.5154],[135.6034,45.5135],[135.6048,45.5108],[135.6062,45.5094],[135.6074,45.5083],[135.6087,45.5057],[135.6107,45.5041],[135.6119,45.503],[135.6127,45.5012],[135.6141,45.4998],[135.6169,45.4967],[135.6178,45.495],[135.6186,45.4922],[135.6191,45.4894],[135.619,45.4877],[135.6188,45.4846],[135.6177,45.4823],[135.6168,45.4797],[135.6167,45.4755],[135.6161,45.4736],[135.6166,45.4684],[135.6163,45.4651],[135.6164,45.4629],[135.6172,45.4587],[135.6183,45.4565],[135.6196,45.4545],[135.6208,45.4508],[135.6227,45.4495],[135.6239,45.4473],[135.6253,45.4457],[135.6268,45.4434],[135.6269,45.4417],[135.6286,45.4394],[135.6288,45.4368],[135.6302,45.4354],[135.6312,45.4337],[135.6308,45.432],[135.6309,45.4301],[135.6286,45.4311],[135.6272,45.4299],[135.6275,45.4291]]}},{"type":"Feature","properties":{"name":"Вторвя Щедринка"},"geometry":{"type":"LineString","coordinates":[[135.5903,45.4922],[135.5908,45.4904],[135.5907,45.4877],[135.5904,45.4857],[135.5907,45.4839],[135.5919,45.4821],[135.593,45.4808],[135.5941,45.4792],[135.5951,45.4778],[135.595,45.476],[135.596,45.4746],[135.5949,45.4703],[135.5941,45.4682],[135.5942,45.4664],[135.5948,45.4648],[135.5956,45.463],[135.5963,45.4612],[135.5971,45.4593],[135.5987,45.4578],[135.6004,45.4556],[135.5999,45.4537],[135.6001,45.4517],[135.5995,45.4494],[135.5977,45.4468],[135.6016,45.4402],[135.6031,45.4377],[135.6049,45.4362],[135.6066,45.4352],[135.6079,45.4332],[135.6094,45.4311]]}},{"type":"Feature","properties":{"name":"Первая Щедринка"},"geometry":{"type":"LineString","coordinates":[[135.5502,45.5375],[135.5503,45.5346],[135.5515,45.5334],[135.5526,45.5304],[135.555,45.5289],[135.5572,45.5247],[135.5578,45.5228],[135.5595,45.5198],[135.5607,45.5181],[135.5618,45.517],[135.5639,45.5152],[135.5669,45.511],[135.5694,45.5104],[135.5695,45.5076],[135.5687,45.5049],[135.568,45.5029],[135.5673,45.5003],[135.5662,45.4984],[135.5661,45.4962],[135.5651,45.4944],[135.5643,45.4915],[135.5634,45.4895],[135.5625,45.4862],[135.5626,45.483],[135.5618,45.4809],[135.5617,45.4789],[135.5608,45.4744],[135.5596,45.4712],[135.56,45.4688],[135.5603,45.466],[135.5632,45.4611],[135.5636,45.4585],[135.564,45.4568],[135.5653,45.4551],[135.5668,45.4531],[135.5685,45.4516],[135.5705,45.4492],[135.5729,45.4474],[135.574,45.4461],[135.5771,45.4435],[135.5796,45.4409],[135.5818,45.4389],[135.5851,45.4375],[135.588,45.4362],[135.5905,45.4348],[135.5926,45.4334],[135.5935,45.4319],[135.5947,45.4295],[135.5964,45.4279],[135.5985,45.427],[135.5989,45.4268]]}},{"type":"Feature","properties":{"name":"Малиновка"},"geometry":{"type":"LineString","coordinates":[[134.388,45.1304],[134.3857,45.1307],[134.3839,45.131],[134.3824,45.1322],[134.381,45.1335],[134.3795,45.1351],[134.3784,45.1365],[134.3768,45.1375],[134.3752,45.139],[134.3741,45.1414],[134.3734,45.1431],[134.3747,45.1462],[134.3758,45.1483],[134.3765,45.1501],[134.3766,45.152],[134.3773,45.1547],[134.377,45.1592],[134.377,45.1609],[134.3752,45.1614],[134.3738,45.1628],[134.3721,45.1637],[134.3737,45.1653],[134.3722,45.1666],[134.3725,45.1684],[134.3738,45.1699],[134.3731,45.1718],[134.3711,45.1727],[134.3698,45.174],[134.3724,45.1748],[134.3716,45.1762],[134.3698,45.1758],[134.3687,45.177],[134.3683,45.179],[134.3685,45.1808],[134.3658,45.1823],[134.3634,45.1828],[134.3627,45.1846],[134.3615,45.1867],[134.3599,45.188],[134.3576,45.1893],[134.3564,45.1904],[134.3552,45.1924],[134.3552,45.1951],[134.3558,45.1974],[134.3569,45.1988],[134.3572,45.2004],[134.3572,45.202],[134.3607,45.2042],[134.3625,45.2055],[134.3633,45.2079],[134.3642,45.2097],[134.3659,45.2108],[134.3689,45.2127],[134.37,45.2146],[134.3706,45.2162],[134.3715,45.218],[134.3758,45.2197],[134.3797,45.2209],[134.3821,45.2221],[134.3832,45.224],[134.3834,45.2266],[134.3837,45.2286],[134.3846,45.2302],[134.386,45.2314],[134.3879,45.2325],[134.3888,45.2342],[134.3904,45.2343],[134.3914,45.2357],[134.3915,45.2374],[134.3921,45.239],[134.3938,45.2394],[134.3951,45.2402],[134.3971,45.2406],[134.3975,45.2422],[134.3968,45.244],[134.3965,45.2457],[134.3972,45.2473],[134.3962,45.2487],[134.3949,45.2502],[134.3935,45.2514],[134.3924,45.2526],[134.3913,45.2539],[134.3904,45.2555],[134.3896,45.2571],[134.3893,45.2594],[134.3897,45.2613],[134.3905,45.2627],[134.3914,45.2646],[134.3923,45.2661],[134.3926,45.2677],[134.3916,45.2694],[134.3901,45.2703],[134.3885,45.2711],[134.3866,45.2715],[134.3841,45.2717],[134.3824,45.272],[134.3805,45.2719],[134.3789,45.2722],[134.3773,45.2723],[134.3758,45.2715],[134.3738,45.272],[134.3723,45.2711],[134.3712,45.27],[134.3694,45.2701],[134.3686,45.2717],[134.3674,45.2729],[134.3674,45.2747],[134.3683,45.2763],[134.367,45.2777],[134.3658,45.279],[134.3664,45.2806],[134.3648,45.2812],[134.3631,45.2824],[134.3617,45.2834]]}},{"type":"Feature","properties":{"name":"Малиновка"},"geometry":{"type":"LineString","coordinates":[[134.7273,45.125],[134.7257,45.1248],[134.7244,45.1231],[134.7232,45.1215],[134.7219,45.12],[134.7214,45.1184],[134.7209,45.1166],[134.7195,45.1158],[134.7179,45.1152],[134.7162,45.1153],[134.7145,45.1149],[134.7127,45.1142],[134.7118,45.1128],[134.7118,45.1109],[134.713,45.1097],[134.7114,45.1086],[134.7099,45.1075],[134.7081,45.1075],[134.7065,45.1073],[134.7042,45.1061],[134.7026,45.1053],[134.7009,45.1047],[134.6994,45.1037],[134.6987,45.1022],[134.6972,45.1016],[134.6955,45.1007],[134.6939,45.1003],[134.6914,45.0997],[134.6892,45.0995],[134.6872,45.0994],[134.6853,45.0995],[134.6826,45.0995],[134.6808,45.0998],[134.679,45.1003],[134.6772,45.1014],[134.6763,45.1027],[134.6766,45.1043],[134.6744,45.1042],[134.6727,45.1041],[134.6705,45.1031],[134.668,45.102],[134.6662,45.101],[134.6649,45.0996],[134.6637,45.0976],[134.6628,45.0961],[134.6619,45.0945],[134.6605,45.0935],[134.6589,45.0927],[134.6574,45.0917],[134.6556,45.0922],[134.6535,45.093],[134.6518,45.0936],[134.6502,45.0939],[134.6492,45.0927],[134.6473,45.0934],[134.6453,45.0939],[134.6435,45.0939],[134.6417,45.0938],[134.6404,45.0949],[134.639,45.0957],[134.6377,45.0968],[134.6365,45.098],[134.6355,45.0993],[134.6354,45.1009],[134.634,45.1021],[134.6325,45.103],[134.6305,45.103],[134.6286,45.1023],[134.6262,45.1011],[134.6247,45.1005],[134.6219,45.0991],[134.6187,45.0976],[134.6165,45.0963],[134.6138,45.0941],[134.6114,45.0921],[134.6102,45.0908],[134.6074,45.0902],[134.6046,45.0898],[134.6026,45.0894],[134.6009,45.0884],[134.5995,45.0868],[134.5982,45.0854],[134.5965,45.0845],[134.5948,45.0838],[134.5932,45.0836],[134.5915,45.0839],[134.5899,45.0845],[134.5883,45.0854],[134.587,45.0863],[134.5852,45.0862],[134.5837,45.0853],[134.5819,45.085],[134.5801,45.0848],[134.5783,45.0848],[134.5769,45.084],[134.5759,45.0827],[134.5741,45.0823],[134.5711,45.0794],[134.5698,45.0773],[134.5699,45.0756],[134.5693,45.074],[134.5693,45.0724],[134.5676,45.0715],[134.5659,45.0714],[134.5643,45.0724],[134.5626,45.073],[134.5609,45.0731],[134.559,45.0725],[134.5573,45.0719],[134.5548,45.0721],[134.5522,45.0727],[134.5504,45.073],[134.5491,45.0741],[134.5482,45.0755],[134.5466,45.0758],[134.5448,45.0763],[134.5433,45.0767],[134.5413,45.0768],[134.5395,45.0776],[134.5379,45.0788],[134.5364,45.0798],[134.5351,45.0809],[134.5337,45.082],[134.5321,45.0823],[134.5303,45.0818],[134.5289,45.0808],[134.5278,45.0796],[134.5262,45.0794],[134.5245,45.0797],[134.5227,45.0794],[134.521,45.0789],[134.5178,45.08],[134.5161,45.0808],[134.5143,45.082],[134.513,45.0834],[134.5115,45.0842],[134.5101,45.0859],[134.5086,45.0867],[134.5068,45.0866],[134.505,45.0858],[134.503,45.0856],[134.5011,45.0855],[134.4994,45.0852],[134.4973,45.0852],[134.4958,45.0846],[134.4943,45.0837],[134.4928,45.0828],[134.4913,45.0816],[134.4888,45.08],[134.4876,45.079],[134.486,45.078],[134.4845,45.0777],[134.4825,45.0777],[134.4803,45.0774],[134.4786,45.0772],[134.4773,45.0762],[134.4758,45.0768],[134.4743,45.0774],[134.4727,45.0769],[134.4709,45.0773],[134.4709,45.0789],[134.4697,45.0802],[134.4681,45.0805],[134.4668,45.0815],[134.4672,45.0832],[134.4666,45.0849],[134.4653,45.0862],[134.4654,45.0881],[134.4639,45.089],[134.4636,45.091],[134.4624,45.0927],[134.461,45.0941],[134.4587,45.0956],[134.4563,45.0966],[134.4514,45.1019],[134.4483,45.1043],[134.4476,45.1075],[134.4468,45.1091],[134.4438,45.1098],[134.4411,45.1098],[134.4389,45.1105],[134.438,45.1119],[134.4387,45.1134],[134.437,45.1139],[134.4345,45.1148],[134.4325,45.1157],[134.4301,45.1163],[134.4266,45.1158],[134.4251,45.1163],[134.4227,45.1172],[134.4199,45.1175],[134.4181,45.1165],[134.4162,45.1166],[134.4142,45.1165],[134.4126,45.1176],[134.4128,45.1192],[134.4114,45.1208],[134.4095,45.121],[134.4094,45.1233],[134.4078,45.1242],[134.4069,45.1256],[134.405,45.1262],[134.4027,45.1272],[134.4011,45.1287],[134.3998,45.1296],[134.3981,45.1301],[134.3957,45.1297],[134.3937,45.1295],[134.3913,45.13],[134.3894,45.1302],[134.388,45.1304]]}},{"type":"Feature","properties":{"name":null},"geometry":{"type":"LineString","coordinates":[[134.5129,45.4584],[134.513,45.4603],[134.5118,45.4615],[134.5102,45.4615],[134.508,45.4621],[134.5035,45.4632],[134.5023,45.4646],[134.503,45.4666],[134.502,45.468],[134.5015,45.4697],[134.501,45.4726],[134.4994,45.4746],[134.4983,45.4769],[134.4969,45.4786],[134.4954,45.4794],[134.4935,45.48],[134.494,45.4822],[134.49,45.4824],[134.4874,45.4814],[134.4848,45.4809],[134.4827,45.4807],[134.4811,45.4813],[134.4778,45.4803],[134.4735,45.4796],[134.4721,45.4808],[134.4703,45.4808],[134.4688,45.48],[134.467,45.4806],[134.4652,45.4818],[134.464,45.4835],[134.4621,45.4844],[134.4609,45.4854],[134.4595,45.4862],[134.4571,45.4873],[134.4555,45.4874],[134.4537,45.4883],[134.451,45.4902],[134.4488,45.4907],[134.446,45.4894],[134.4456,45.4878],[134.4441,45.487],[134.4426,45.4875],[134.4415,45.4887],[134.4398,45.489],[134.4391,45.4906],[134.438,45.4922],[134.4366,45.4931],[134.4351,45.4936],[134.4335,45.4947],[134.4324,45.4961],[134.431,45.4971],[134.4311,45.4987],[134.4329,45.4984],[134.4345,45.4983],[134.436,45.4994],[134.4363,45.501],[134.4358,45.5026],[134.4342,45.5031],[134.4331,45.5043],[134.4337,45.5059],[134.4324,45.5074],[134.4324,45.5091],[134.4341,45.5088],[134.4352,45.5102],[134.4337,45.5113],[134.432,45.5116],[134.4303,45.5117],[134.4286,45.5123],[134.4272,45.5131],[134.4276,45.5148],[134.426,45.5153],[134.4246,45.5163],[134.4251,45.5179],[134.4245,45.5195],[134.4237,45.5209],[134.4232,45.5225],[134.4222,45.5238],[134.424,45.5249],[134.4251,45.526],[134.424,45.5273],[134.4225,45.5268],[134.4207,45.5269],[134.4195,45.528],[134.4174,45.528],[134.4151,45.5281],[134.4134,45.5282],[134.4118,45.5287],[134.4131,45.5299],[134.4119,45.5311],[134.4104,45.5323],[134.4089,45.5316],[134.4072,45.5322],[134.4055,45.5321],[134.4047,45.5335],[134.4043,45.5351],[134.4054,45.5364],[134.4043,45.5375],[134.4048,45.5391],[134.404,45.5405],[134.4029,45.5392],[134.4016,45.5382],[134.4,45.5391],[134.3988,45.5408],[134.3977,45.5425],[134.3968,45.544],[134.3951,45.5443],[134.3935,45.544],[134.3921,45.5451],[134.3909,45.5463],[134.3892,45.5461],[134.3878,45.5454],[134.3866,45.5466],[134.386,45.5482],[134.3855,45.5497],[134.3833,45.5506],[134.3816,45.5505],[134.3808,45.5521],[134.3797,45.5533],[134.3788,45.5548],[134.3774,45.5559],[134.3754,45.5562],[134.3738,45.5556],[134.3716,45.5556],[134.3697,45.556],[134.3674,45.5564],[134.3664,45.5577],[134.3648,45.5584],[134.3631,45.559],[134.3614,45.5584],[134.3593,45.5582],[134.3573,45.5587],[134.3585,45.5602],[134.3596,45.5616],[134.3585,45.5633],[134.3568,45.5641],[134.3555,45.5626],[134.3538,45.5622],[134.3532,45.5637],[134.3522,45.5651],[134.3503,45.565],[134.3485,45.5655],[134.3476,45.5673],[134.3456,45.5676],[134.3436,45.5672],[134.3408,45.5677],[134.3393,45.5684],[134.34,45.57],[134.3381,45.5701],[134.3363,45.5696],[134.334,45.5693],[134.3323,45.5696],[134.3303,45.5704],[134.3292,45.5716],[134.3309,45.5718],[134.3293,45.5732],[134.3273,45.575],[134.3253,45.5764],[134.3237,45.5777],[134.3227,45.5791],[134.3201,45.5801],[134.3179,45.5811],[134.3158,45.5829],[134.3146,45.5843],[134.3127,45.5853],[134.3119,45.5869],[134.3121,45.5886],[134.3099,45.5897],[134.308,45.5898],[134.3066,45.5906],[134.3058,45.5922],[134.3039,45.5925],[134.3019,45.5916],[134.3008,45.5929],[134.2991,45.5938],[134.2999,45.5954],[134.2978,45.596],[134.2963,45.5969],[134.2943,45.5978],[134.293,45.5987],[134.2923,45.6003],[134.2904,45.6014],[134.2886,45.6016],[134.2879,45.5999],[134.2866,45.5997]]}},{"type":"Feature","properties":{"name":"Белогорка"},"geometry":{"type":"LineString","coordinates":[[134.6401,45.7728],[134.6387,45.7735],[134.6372,45.7744],[134.6361,45.7756],[134.6352,45.7769],[134.6337,45.7761],[134.6325,45.7772],[134.6308,45.7776],[134.6295,45.7786],[134.6285,45.7799],[134.6269,45.7794],[134.6254,45.7798],[134.625,45.7814],[134.6234,45.7811],[134.6233,45.7827],[134.6227,45.7842],[134.624,45.7852],[134.6233,45.7869],[134.6216,45.7864],[134.6202,45.7874],[134.6187,45.7881],[134.6173,45.7872],[134.616,45.7881],[134.6168,45.7895],[134.6152,45.7896],[134.616,45.7911],[134.6144,45.7909],[134.6127,45.7903],[134.6111,45.7899],[134.6095,45.7902],[134.6099,45.7918],[134.6111,45.793],[134.6109,45.7932]]}},{"type":"Feature","properties":{"name":"Быстрая"},"geometry":{"type":"LineString","coordinates":[[134.2452,45.352],[134.2437,45.3526],[134.2449,45.3537],[134.2458,45.3552],[134.2443,45.3561],[134.2429,45.3571],[134.2438,45.3584],[134.2454,45.3579],[134.2463,45.3566],[134.2481,45.3566],[134.2479,45.3583],[134.2485,45.3599],[134.2501,45.3599],[134.2496,45.3615],[134.2512,45.3614],[134.251,45.3631],[134.2523,45.364],[134.2521,45.3656],[134.2521,45.3673],[134.2527,45.3688],[134.2518,45.3702],[134.252,45.3718],[134.2504,45.3721],[134.2515,45.3734],[134.251,45.3749],[134.251,45.3766],[134.2527,45.3763],[134.2539,45.3774],[134.2551,45.3786],[134.2538,45.3796],[134.2555,45.3804],[134.2572,45.3809],[134.2579,45.3823],[134.2584,45.3839]]}},{"type":"Feature","properties":{"name":null},"geometry":{"type":"LineString","coordinates":[[135.34,46.1851],[135.3407,46.1835],[135.342,46.1824],[135.3434,46.1815],[135.3448,46.1805],[135.3464,46.1798],[135.3479,46.1784],[135.3491,46.1772],[135.3515,46.1763],[135.3531,46.1758],[135.3548,46.1754],[135.3563,46.1737],[135.3574,46.172],[135.3589,46.1709],[135.3601,46.1695],[135.3627,46.1687],[135.3654,46.1684],[135.3668,46.1669],[135.3676,46.1648],[135.3672,46.1628],[135.3672,46.1608],[135.3674,46.1591],[135.367,46.1575],[135.3673,46.1559],[135.3668,46.1543],[135.3675,46.1524],[135.3694,46.1518],[135.3709,46.1512],[135.373,46.1506],[135.3737,46.1488],[135.3732,46.1472],[135.3729,46.1455],[135.3729,46.1436],[135.3733,46.1418],[135.373,46.1398],[135.3726,46.138],[135.373,46.1352],[135.3736,46.1333],[135.374,46.1317],[135.3754,46.1304],[135.3777,46.1292],[135.3795,46.1276],[135.3809,46.1268],[135.3823,46.1255],[135.3841,46.1249],[135.386,46.1243],[135.3867,46.1229],[135.3885,46.1223],[135.3899,46.1215],[135.3917,46.1209],[135.3941,46.1201],[135.3951,46.1183],[135.394,46.1167],[135.3928,46.1149],[135.3916,46.1137],[135.3921,46.1117],[135.3936,46.1101],[135.3926,46.1087],[135.3938,46.106],[135.3929,46.1044],[135.3946,46.1027],[135.3962,46.1019],[135.3954,46.1001],[135.3936,46.0999],[135.3912,46.0991],[135.3916,46.0974],[135.3894,46.0957],[135.3898,46.0941],[135.3899,46.0924],[135.3916,46.0916],[135.3937,46.0907],[135.3954,46.0905],[135.3972,46.0899],[135.3994,46.0881],[135.4008,46.0867],[135.4021,46.0854],[135.4019,46.0837],[135.4035,46.0825],[135.4051,46.0813],[135.4067,46.0798],[135.4085,46.0795],[135.4101,46.0788],[135.4094,46.0773],[135.4105,46.0756],[135.4091,46.0738],[135.4077,46.0716],[135.4062,46.0702],[135.4045,46.0692],[135.4038,46.0677],[135.4024,46.0648],[135.401,46.0634],[135.3974,46.0633],[135.3958,46.0632],[135.3938,46.0632],[135.3918,46.0618],[135.3905,46.0608],[135.3893,46.0585],[135.3882,46.057],[135.386,46.0562],[135.3854,46.0546],[135.3847,46.0533]]}},{"type":"Feature","properties":{"name":"Маревка"},"geometry":{"type":"LineString","coordinates":[[134.5872,46.0932],[134.5854,46.0931],[134.5847,46.0945],[134.5831,46.0955],[134.5811,46.0948],[134.58,46.0935],[134.5787,46.0924],[134.5771,46.0916],[134.5754,46.0919],[134.5739,46.0922],[134.5727,46.0935],[134.573,46.0917],[134.5714,46.091],[134.5701,46.092],[134.5685,46.0915],[134.5675,46.0902],[134.5669,46.0887],[134.5654,46.0898],[134.5637,46.0905],[134.5628,46.092],[134.5617,46.0932],[134.5603,46.0923],[134.5586,46.0931],[134.5576,46.0947],[134.5557,46.0952],[134.554,46.0958],[134.5524,46.0963],[134.5506,46.0961],[134.5484,46.0957],[134.5471,46.0948],[134.5455,46.0955],[134.5439,46.0958],[134.5444,46.0942],[134.5428,46.0949],[134.541,46.0945],[134.5392,46.095],[134.5373,46.0954],[134.5362,46.0968],[134.5344,46.097],[134.5337,46.0954],[134.5318,46.0954],[134.5302,46.0964],[134.5285,46.0968],[134.5273,46.0957],[134.5257,46.096],[134.5242,46.0966],[134.5226,46.0973],[134.5209,46.0971],[134.5198,46.0955],[134.5183,46.095],[134.5162,46.0958],[134.515,46.0971],[134.5136,46.098],[134.5122,46.0971],[134.5106,46.0971],[134.5088,46.0976],[134.5061,46.0972],[134.5046,46.0956],[134.503,46.0953],[134.5016,46.0961],[134.5014,46.0945],[134.4996,46.0937],[134.4978,46.0937],[134.4963,46.0942],[134.496,46.0958],[134.4974,46.0967],[134.4958,46.097],[134.4945,46.0958],[134.4931,46.095],[134.4919,46.0937],[134.4901,46.0939],[134.4892,46.096],[134.4908,46.0965],[134.4927,46.0961],[134.4914,46.0976],[134.4899,46.098],[134.4882,46.0983],[134.4872,46.0969],[134.4856,46.0967],[134.4843,46.0956],[134.4833,46.097],[134.4817,46.0967],[134.4813,46.0984],[134.4793,46.0981],[134.4769,46.098],[134.475,46.0982],[134.4754,46.0998],[134.4739,46.1004],[134.4706,46.1006],[134.469,46.1009],[134.4683,46.0994],[134.467,46.0984],[134.4652,46.0983],[134.4636,46.0987],[134.4632,46.1002],[134.4613,46.0999],[134.4603,46.0985],[134.4586,46.0991],[134.4583,46.1009],[134.4566,46.1013],[134.4552,46.1004],[134.454,46.1018],[134.4525,46.1026],[134.4513,46.1014],[134.4494,46.1008],[134.4478,46.1008],[134.4459,46.1013],[134.4465,46.0997],[134.4446,46.1001],[134.4433,46.1014],[134.4449,46.102],[134.4433,46.103],[134.4426,46.1015],[134.441,46.101],[134.439,46.1011],[134.4378,46.1024],[134.4365,46.1034],[134.436,46.1018],[134.4341,46.102],[134.4342,46.1039],[134.4327,46.1044],[134.4309,46.104],[134.4295,46.1049],[134.4277,46.1048],[134.4259,46.1045],[134.4242,46.1047],[134.4232,46.1035],[134.4216,46.1042],[134.42,46.105],[134.419,46.1037],[134.4179,46.1049],[134.4163,46.1044],[134.4166,46.1064],[134.4146,46.1068],[134.4131,46.1061],[134.4115,46.1066],[134.4101,46.1057],[134.4085,46.1066],[134.4093,46.1081],[134.4077,46.1092],[134.4059,46.1089],[134.4037,46.1081],[134.4021,46.1075],[134.402,46.1099],[134.4023,46.1116],[134.4007,46.1122],[134.3989,46.1117],[134.3979,46.1131],[134.3969,46.1117],[134.3959,46.1103],[134.3942,46.11],[134.3926,46.1105],[134.3909,46.1103],[134.3893,46.11],[134.388,46.109],[134.3869,46.1104],[134.3876,46.1119],[134.3854,46.1122],[134.3864,46.1136],[134.3841,46.1139],[134.3828,46.1129],[134.3812,46.1122],[134.3799,46.1132],[134.3789,46.1145],[134.3772,46.1139],[134.3758,46.1148],[134.3739,46.1152],[134.3722,46.1155],[134.3707,46.1145],[134.3695,46.1156],[134.3681,46.1166],[134.3679,46.115],[134.3662,46.1144],[134.3651,46.1157],[134.3634,46.1155],[134.3629,46.1138],[134.3616,46.1148],[134.3599,46.1154],[134.3607,46.1138],[134.3614,46.1122],[134.363,46.1118],[134.3621,46.1104],[134.3609,46.1115],[134.3602,46.11],[134.3617,46.1095],[134.3601,46.109],[134.3584,46.1093],[134.3564,46.1084],[134.3548,46.1083],[134.355,46.11],[134.3534,46.1094],[134.3531,46.1077],[134.3515,46.1072],[134.3499,46.108],[134.3484,46.1072],[134.3496,46.1059],[134.3479,46.1056],[134.3465,46.1066],[134.3451,46.1059],[134.3464,46.1049],[134.3453,46.1037],[134.3442,46.1053],[134.3423,46.1057],[134.3404,46.1049],[134.3403,46.1032],[134.3386,46.1042],[134.3393,46.1057],[134.3372,46.1059],[134.3368,46.1043],[134.3365,46.1026],[134.3357,46.104],[134.3341,46.1047],[134.3325,46.1043],[134.3319,46.1059],[134.3303,46.1056],[134.329,46.1045],[134.3282,46.1029],[134.3267,46.1024],[134.3263,46.104],[134.3274,46.1053],[134.3256,46.105],[134.3239,46.1055],[134.3227,46.1055]]}},{"type":"Feature","properties":{"name":"Маревка"},"geometry":{"type":"LineString","coordinates":[[134.7202,46.0945],[134.7183,46.0939],[134.7165,46.0946],[134.715,46.0939],[134.7145,46.0923],[134.714,46.0907],[134.7129,46.0893],[134.7145,46.0891],[134.7144,46.0873],[134.7133,46.0856],[134.7117,46.0852],[134.7116,46.0868],[134.7095,46.0874],[134.7082,46.0886],[134.7075,46.0871],[134.7065,46.0854],[134.7081,46.0859],[134.7075,46.0845],[134.7088,46.0833],[134.7072,46.0824],[134.7054,46.0817],[134.7044,46.0804],[134.7062,46.0801],[134.7052,46.0787],[134.7047,46.0771],[134.7031,46.0763],[134.7017,46.0773],[134.7001,46.0765],[134.6985,46.0761],[134.6967,46.0758],[134.6951,46.0752],[134.6938,46.0741],[134.6933,46.0725],[134.692,46.0713],[134.6902,46.0712],[134.6884,46.0718],[134.6867,46.072],[134.6851,46.0719],[134.6834,46.0724],[134.6841,46.0741],[134.6825,46.074],[134.6811,46.0732],[134.68,46.0744],[134.6783,46.0742],[134.6768,46.0737],[134.6751,46.0739],[134.6749,46.0722],[134.6734,46.0729],[134.6733,46.0713],[134.6718,46.0719],[134.6716,46.0737],[134.67,46.0737],[134.6681,46.0742],[134.667,46.0729],[134.6671,46.0712],[134.6655,46.0715],[134.6656,46.0732],[134.6636,46.0736],[134.6623,46.0746],[134.6621,46.0729],[134.661,46.0716],[134.6593,46.0717],[134.6577,46.0707],[134.6568,46.0696]]}},{"type":"Feature","properties":{"name":"Маревка"},"geometry":{"type":"LineString","coordinates":[[134.6568,46.0696],[134.6564,46.0711],[134.655,46.0703],[134.6533,46.0706],[134.6513,46.0695],[134.6484,46.0692],[134.6453,46.0694],[134.6425,46.0704],[134.6406,46.0706],[134.6409,46.069],[134.6391,46.0686],[134.6387,46.0705],[134.6372,46.0713],[134.6389,46.0723],[134.6373,46.0733],[134.6362,46.0747],[134.6348,46.0738],[134.6327,46.0738],[134.6317,46.0752],[134.6335,46.0752],[134.6354,46.0759],[134.6337,46.0766],[134.6341,46.0783],[134.6328,46.0792],[134.631,46.0788],[134.6298,46.08],[134.6282,46.0809],[134.6282,46.0791],[134.6265,46.0786],[134.6271,46.0771],[134.6256,46.0762],[134.624,46.077],[134.6228,46.0781],[134.6211,46.0777],[134.6194,46.0783],[134.6181,46.0773],[134.6163,46.0771],[134.6156,46.0787],[134.6147,46.0801],[134.6129,46.0799],[134.6113,46.081],[134.6095,46.0814],[134.6076,46.0812],[134.6058,46.0821],[134.6044,46.0831],[134.6051,46.0846],[134.604,46.0858],[134.6022,46.0855],[134.603,46.087],[134.6011,46.087],[134.5993,46.0868],[134.5976,46.088],[134.5961,46.0892],[134.5977,46.0896],[134.5993,46.0903],[134.6007,46.0913],[134.5991,46.0916],[134.5967,46.091],[134.595,46.0918],[134.5931,46.0916],[134.591,46.0922],[134.5892,46.0926],[134.5872,46.0932]]}},{"type":"Feature","properties":{"name":"Маревка"},"geometry":{"type":"LineString","coordinates":[[134.8821,46.1164],[134.8803,46.1156],[134.8787,46.1162],[134.8781,46.1147],[134.8767,46.114],[134.8752,46.1132],[134.8768,46.1126],[134.8772,46.111],[134.8771,46.1094],[134.8768,46.1078],[134.8752,46.1073],[134.8738,46.1082],[134.8732,46.1097],[134.8713,46.1101],[134.8704,46.1087],[134.8693,46.1071],[134.8677,46.1073],[134.866,46.1074],[134.8646,46.1065],[134.8641,46.1083],[134.8625,46.1085],[134.8605,46.1097],[134.8588,46.1105],[134.8571,46.1107],[134.8554,46.1106],[134.8538,46.111],[134.8548,46.1096],[134.8564,46.1093],[134.8534,46.1084],[134.8519,46.1092],[134.8539,46.1077],[134.853,46.106],[134.8513,46.1063],[134.8498,46.1056],[134.8482,46.106],[134.847,46.107],[134.8471,46.1053],[134.8456,46.106],[134.8441,46.1068],[134.844,46.1089],[134.8423,46.1093],[134.8419,46.1109],[134.8404,46.1104],[134.8388,46.11],[134.8388,46.1117],[134.8372,46.1113],[134.8369,46.1129],[134.8353,46.1131],[134.8339,46.1141],[134.8323,46.1137],[134.8311,46.115],[134.831,46.1133],[134.8294,46.1133],[134.8285,46.1119],[134.8268,46.1122],[134.825,46.1114],[134.8234,46.1107],[134.8219,46.1115],[134.8201,46.1123],[134.8184,46.1123],[134.8164,46.1125],[134.8143,46.1132],[134.8132,46.1144],[134.8123,46.116],[134.8105,46.1154],[134.8089,46.1159],[134.8093,46.1143],[134.8073,46.1142],[134.8059,46.1131],[134.8042,46.1125],[134.8028,46.1117],[134.8021,46.1133],[134.8005,46.1142],[134.7988,46.1141],[134.7975,46.1151],[134.7961,46.1143],[134.7945,46.115],[134.7924,46.1149],[134.7906,46.1145],[134.7907,46.1127],[134.7891,46.1129],[134.7874,46.1125],[134.7857,46.1123],[134.7844,46.1115],[134.7827,46.1116],[134.7816,46.1105],[134.7806,46.1118],[134.7787,46.1113],[134.777,46.1117],[134.7778,46.1103],[134.7766,46.1091],[134.7753,46.1081],[134.7745,46.1095],[134.7734,46.1083],[134.7721,46.1095],[134.7731,46.1108],[134.7715,46.1113],[134.7699,46.1109],[134.7687,46.1096],[134.7674,46.1105],[134.7675,46.1087],[134.7663,46.1076],[134.765,46.1089],[134.7639,46.1076],[134.7625,46.1066],[134.7612,46.108],[134.7595,46.1071],[134.7612,46.1063],[134.76,46.1052],[134.7585,46.1045],[134.7567,46.1038],[134.7577,46.1026],[134.7562,46.102],[134.7545,46.1016],[134.7529,46.1011],[134.7539,46.0996],[134.7524,46.0988],[134.7509,46.098],[134.7494,46.0984],[134.7477,46.0979],[134.7462,46.0985],[134.7448,46.0994],[134.7449,46.0978],[134.743,46.0978],[134.7414,46.098],[134.7404,46.0994],[134.7394,46.0979],[134.7379,46.0974],[134.7363,46.0984],[134.7353,46.0969],[134.7337,46.0965],[134.731,46.0959],[134.7307,46.094],[134.729,46.0938],[134.728,46.0951],[134.7269,46.0936],[134.7252,46.0935],[134.7237,46.0942],[134.722,46.0942],[134.7202,46.0945]]}},{"type":"Feature","properties":{"name":null},"geometry":{"type":"LineString","coordinates":[[134.6713,45.8781],[134.6695,45.876],[134.6667,45.8744],[134.6651,45.8752],[134.6625,45.875],[134.6602,45.8747],[134.6586,45.8749],[134.6569,45.8749],[134.656,45.8735],[134.6537,45.8735],[134.6518,45.8739],[134.6503,45.8729],[134.6486,45.8731],[134.6471,45.874],[134.6454,45.8754],[134.6443,45.8768],[134.6424,45.8771],[134.6408,45.8767],[134.6388,45.8764],[134.6372,45.8775],[134.6355,45.8773],[134.6337,45.8768],[134.6312,45.8755],[134.6292,45.8755],[134.6289,45.8736],[134.6272,45.8731],[134.6255,45.8741],[134.6235,45.874],[134.6218,45.8733],[134.62,45.8728],[134.6184,45.8716],[134.6164,45.8711]]}},{"type":"Feature","properties":{"name":null},"geometry":{"type":"LineString","coordinates":[[134.6775,45.8824],[134.6762,45.8833],[134.6742,45.8833],[134.6734,45.8819],[134.672,45.8808],[134.6713,45.8785],[134.6713,45.8781]]}},{"type":"Feature","properties":{"name":"Большая Уссурка"},"geometry":{"type":"LineString","coordinates":[[134.7266,45.8853],[134.7263,45.8871],[134.7249,45.8887],[134.7232,45.8887],[134.7182,45.8885],[134.7164,45.8886],[134.7144,45.8909],[134.7125,45.8924],[134.7105,45.8933],[134.7082,45.8927],[134.7049,45.8912],[134.7033,45.8916],[134.7014,45.8932],[134.6983,45.8954],[134.6951,45.8965],[134.6901,45.8966]]}},{"type":"Feature","properties":{"name":null},"geometry":{"type":"LineString","coordinates":[[134.7266,45.8853],[134.7247,45.8848],[134.723,45.8846],[134.7217,45.8834],[134.72,45.8831],[134.7187,45.8818],[134.7169,45.8815],[134.7151,45.8818],[134.7135,45.8826],[134.7121,45.8836],[134.7102,45.8835],[134.7085,45.8832],[134.7068,45.8831],[134.7052,45.8833],[134.702,45.8837],[134.7003,45.8838],[134.6982,45.8845],[134.6964,45.8849],[134.6948,45.8854],[134.6929,45.8857],[134.6913,45.8847],[134.6901,45.8835],[134.689,45.8848],[134.6872,45.8849],[134.6853,45.8849],[134.6834,45.8847],[134.6817,45.8845],[134.68,45.8837],[134.6786,45.8826],[134.677,45.8813],[134.6753,45.8812],[134.6735,45.8805],[134.672,45.8788],[134.6713,45.8781]]}},{"type":"Feature","properties":{"name":"Большая Уссурка"},"geometry":{"type":"LineString","coordinates":[[134.6901,45.8966],[134.6857,45.8938],[134.6802,45.8921],[134.6751,45.8928],[134.6706,45.8946],[134.6656,45.8964],[134.6634,45.8987],[134.6612,45.9005],[134.6589,45.9005],[134.6577,45.8988],[134.6595,45.8959],[134.6577,45.8926],[134.6533,45.8889],[134.6488,45.8868],[134.6444,45.8868],[134.6385,45.8903],[134.6356,45.8916],[134.6337,45.8923],[134.6296,45.8914],[134.6234,45.8907],[134.6205,45.8884],[134.6205,45.8854],[134.6193,45.8823],[134.6193,45.8782],[134.6188,45.8735],[134.6164,45.8711]]}},{"type":"Feature","properties":{"name":null},"geometry":{"type":"LineString","coordinates":[[134.9108,45.8809],[134.9092,45.8806],[134.9087,45.8822],[134.9087,45.8843],[134.9096,45.8859],[134.9078,45.8871],[134.907,45.8885],[134.9077,45.8902],[134.9073,45.893],[134.9071,45.8948],[134.9077,45.8966],[134.9075,45.8987],[134.9066,45.9003]]}},{"type":"Feature","properties":{"name":null},"geometry":{"type":"LineString","coordinates":[[134.9193,45.8551],[134.9186,45.8566],[134.917,45.8571],[134.9171,45.8587],[134.9172,45.8603],[134.9156,45.8607],[134.9142,45.8618],[134.915,45.8632],[134.9144,45.8649],[134.9135,45.8664],[134.913,45.8681],[134.9115,45.8689],[134.9102,45.87],[134.9101,45.8716],[134.9109,45.8732],[134.9096,45.8744],[134.9087,45.876],[134.9088,45.8776],[134.91,45.8788],[134.9111,45.8801],[134.9108,45.8809]]}},{"type":"Feature","properties":{"name":null},"geometry":{"type":"LineString","coordinates":[[134.6256,46.1177],[134.6242,46.1184],[134.6231,46.1171],[134.6216,46.1168],[134.6196,46.1169],[134.6179,46.1173],[134.6163,46.1167],[134.6151,46.1157],[134.6142,46.1143],[134.6128,46.1132],[134.6118,46.1119],[134.6108,46.1107],[134.6092,46.1101],[134.609,46.1085],[134.6073,46.1088],[134.6057,46.1082],[134.6051,46.1067],[134.6038,46.1057],[134.6022,46.1055],[134.6004,46.1055],[134.6011,46.1041],[134.6001,46.1029],[134.5991,46.1015],[134.5981,46.1003],[134.5965,46.0996],[134.5947,46.0992],[134.5941,46.0977],[134.5946,46.0961],[134.5929,46.0963],[134.5921,46.0949],[134.5905,46.0945],[134.5889,46.0943],[134.5874,46.0937],[134.5872,46.0932]]}},{"type":"Feature","properties":{"name":null},"geometry":{"type":"LineString","coordinates":[[134.7122,46.1259],[134.7106,46.1255],[134.7091,46.1249],[134.7103,46.1238],[134.7109,46.1223],[134.7112,46.1207],[134.7119,46.1192],[134.7132,46.1181],[134.7122,46.1167],[134.7139,46.1159],[134.7146,46.1143],[134.7136,46.1128],[134.7138,46.1111],[134.7128,46.1098],[134.7131,46.1082],[134.7147,46.1076],[134.7162,46.1071],[134.7156,46.1056],[134.7141,46.1049],[134.714,46.1032],[134.7137,46.1013],[134.7142,46.0997],[134.7147,46.0981],[134.7163,46.0977],[134.7174,46.0965],[134.7189,46.0959],[134.7204,46.0955],[134.7202,46.0945]]}},{"type":"Feature","properties":{"name":null},"geometry":{"type":"LineString","coordinates":[[134.5864,45.291],[134.5849,45.2898],[134.5834,45.2889],[134.5822,45.2875],[134.5799,45.2862],[134.5777,45.2859],[134.576,45.2866],[134.5744,45.2872],[134.573,45.2861],[134.5714,45.2871],[134.5701,45.2884],[134.5678,45.2898],[134.5661,45.2907],[134.5641,45.2911],[134.5628,45.2922],[134.5612,45.2934],[134.559,45.2939],[134.5572,45.294],[134.5563,45.2954],[134.5555,45.297],[134.5537,45.2976],[134.5521,45.2983],[134.5499,45.2999],[134.5489,45.3014],[134.5471,45.3024],[134.5456,45.3032],[134.5443,45.3042],[134.5431,45.3055],[134.5412,45.3056],[134.5395,45.3067],[134.5377,45.307],[134.536,45.3076],[134.5343,45.3078],[134.5336,45.3101],[134.5318,45.3118],[134.5306,45.3128],[134.532,45.3137],[134.5333,45.3148],[134.5318,45.3158],[134.5305,45.317],[134.5289,45.3174],[134.5278,45.3187],[134.5263,45.3195],[134.5264,45.3213],[134.5248,45.3215],[134.5232,45.3228],[134.5234,45.3245],[134.5222,45.3259],[134.5227,45.3274],[134.5229,45.3293],[134.5231,45.3308],[134.5214,45.3313],[134.5212,45.3329],[134.5215,45.3347],[134.5207,45.3361],[134.5209,45.3377],[134.5209,45.3396],[134.5193,45.341],[134.5199,45.3426],[134.518,45.3439],[134.5179,45.3459],[134.5181,45.3476],[134.519,45.3489],[134.5195,45.3506],[134.5179,45.3516],[134.517,45.3529],[134.5177,45.3544],[134.519,45.3559],[134.5196,45.3575],[134.5197,45.3594],[134.5198,45.3612],[134.5208,45.3625],[134.5194,45.3642],[134.5181,45.3652],[134.5188,45.3667],[134.5205,45.3669],[134.521,45.3684],[134.5201,45.3701],[134.5183,45.3707],[134.5165,45.3712],[134.5154,45.3725],[134.5169,45.3733],[134.5183,45.3744],[134.5187,45.376],[134.5181,45.3775],[134.5171,45.3792],[134.5157,45.3802],[134.5145,45.3815],[134.5146,45.3834],[134.5134,45.3847],[134.5129,45.3865],[134.513,45.3882],[134.5127,45.3902],[134.5143,45.3909],[134.5151,45.3926],[134.5135,45.394],[134.5135,45.3961],[134.5149,45.3969],[134.5163,45.3977],[134.5176,45.3988],[134.519,45.3999],[134.5202,45.4014],[134.5211,45.403],[134.5209,45.4051],[134.5198,45.4064],[134.5179,45.4062],[134.5181,45.4079],[134.5174,45.4095],[134.5155,45.4093],[134.5137,45.409],[134.5121,45.4087],[134.5108,45.4098],[134.5107,45.4115],[134.5109,45.4139],[134.5099,45.4152],[134.5094,45.4168],[134.5093,45.4186],[134.5086,45.4203],[134.5082,45.4219],[134.5093,45.4233],[134.5087,45.425],[134.5096,45.4265],[134.5099,45.4282],[134.5093,45.4298],[134.509,45.4314],[134.5085,45.4332],[134.5083,45.435],[134.5099,45.4354],[134.509,45.4367],[134.5095,45.4383],[134.5101,45.4403],[134.5114,45.4414],[134.5113,45.4435],[134.5103,45.4454],[134.5099,45.4473],[134.5091,45.4488],[134.51,45.4501],[134.5104,45.4518],[134.5108,45.4534],[134.5115,45.4553],[134.5118,45.4569],[134.513,45.4581],[134.5129,45.4584]]}},{"type":"Feature","properties":{"name":null},"geometry":{"type":"LineString","coordinates":[[134.3376,45.3739],[134.3363,45.3771],[134.3339,45.3829],[134.333,45.3849],[134.3332,45.3875],[134.3314,45.3894],[134.3317,45.3936],[134.3295,45.3958],[134.3266,45.3991],[134.325,45.4009],[134.3233,45.4015],[134.3193,45.4031],[134.3178,45.4039],[134.3178,45.407],[134.3178,45.4095],[134.3179,45.4125],[134.3145,45.4146],[134.3091,45.4166],[134.3019,45.4191],[134.2968,45.4209],[134.2935,45.4195],[134.2919,45.4205],[134.2914,45.422],[134.2903,45.424],[134.29,45.426],[134.2902,45.4266]]}},{"type":"Feature","properties":{"name":"Начальный"},"geometry":{"type":"LineString","coordinates":[[134.9942,45.4798],[134.9926,45.4791],[134.9906,45.4786],[134.9887,45.4782],[134.987,45.4778],[134.985,45.4768],[134.9828,45.4766],[134.9806,45.4754],[134.9787,45.4743],[134.977,45.4741],[134.9752,45.4735],[134.9733,45.4732],[134.972,45.4722],[134.9704,45.4721],[134.9688,45.4718],[134.9669,45.4713],[134.9654,45.4704],[134.9636,45.4698],[134.9621,45.4698]]}},{"type":"Feature","properties":{"name":"Сёмкин ключ"},"geometry":{"type":"LineString","coordinates":[[134.9704,45.5055],[134.9694,45.5042],[134.9678,45.5031],[134.9661,45.5027],[134.9647,45.5015],[134.9625,45.5003],[134.9611,45.4994],[134.9596,45.4977],[134.9584,45.4963],[134.9568,45.4946],[134.9559,45.4933],[134.9547,45.492],[134.9543,45.4902],[134.953,45.4885],[134.9513,45.4871],[134.9498,45.4866],[134.9484,45.4852],[134.9473,45.4839],[134.9462,45.4826],[134.9447,45.4807],[134.9429,45.4793],[134.942,45.4776],[134.9414,45.4759],[134.9412,45.4742],[134.9414,45.474]]}},{"type":"Feature","properties":{"name":"Подгорная"},"geometry":{"type":"LineString","coordinates":[[134.9289,45.5348],[134.929,45.5329],[134.9298,45.5309],[134.9304,45.5293],[134.9309,45.5275],[134.9305,45.5252],[134.9299,45.5234],[134.93,45.5216],[134.9305,45.5197],[134.9306,45.5178],[134.93,45.5159],[134.9302,45.5139],[134.9303,45.5119],[134.9291,45.5109],[134.9284,45.5088],[134.9264,45.5083],[134.9257,45.5068],[134.9251,45.5049],[134.9246,45.503],[134.9237,45.5016],[134.9226,45.5003],[134.9215,45.4977],[134.9208,45.496],[134.9212,45.4938],[134.9216,45.4921],[134.9212,45.4902],[134.9195,45.4889],[134.9182,45.4878],[134.9172,45.4861],[134.9158,45.4841],[134.9149,45.4815],[134.9136,45.4804],[134.9127,45.4792]]}},{"type":"Feature","properties":{"name":null},"geometry":{"type":"LineString","coordinates":[[134.9493,45.5322],[134.9484,45.5306],[134.9468,45.5301],[134.9449,45.5296],[134.9433,45.5291],[134.9416,45.5278],[134.9404,45.5264],[134.9387,45.5256],[134.9367,45.5251],[134.9343,45.5245],[134.9326,45.5237],[134.9321,45.5221],[134.9314,45.5201],[134.9305,45.5185]]}},{"type":"Feature","properties":{"name":"Кандюрин Ключ"},"geometry":{"type":"LineString","coordinates":[[134.9111,45.445],[134.9126,45.4479],[134.9133,45.4495],[134.9127,45.4514],[134.9119,45.4529],[134.9121,45.4551],[134.911,45.4566],[134.909,45.4576],[134.9074,45.4584],[134.9075,45.4601],[134.907,45.4619],[134.9059,45.4638],[134.9041,45.465],[134.9022,45.4654],[134.9007,45.4673],[134.8983,45.4682],[134.8964,45.4687],[134.8944,45.4692],[134.8927,45.4704],[134.8908,45.4704],[134.8892,45.4699]]}},{"type":"Feature","properties":{"name":null},"geometry":{"type":"LineString","coordinates":[[134.1362,46.0778],[134.1355,46.0764],[134.1368,46.0755],[134.1373,46.0738],[134.1382,46.0724],[134.1395,46.0713],[134.1403,46.0699],[134.1391,46.0688],[134.1375,46.0692],[134.1363,46.0681],[134.1353,46.0668],[134.1349,46.0653],[134.135,46.0636],[134.1334,46.0636],[134.132,46.0627],[134.1306,46.0619],[134.1302,46.0619]]}},{"type":"Feature","properties":{"name":null},"geometry":{"type":"LineString","coordinates":[[134.0966,46.03],[134.098,46.0292],[134.0996,46.029],[134.1,46.0287]]}},{"type":"Feature","properties":{"name":null},"geometry":{"type":"LineString","coordinates":[[134.1302,46.0619],[134.1294,46.0605],[134.1302,46.059],[134.1315,46.0582],[134.1304,46.0569],[134.1286,46.0571],[134.1272,46.0564],[134.1258,46.0557],[134.124,46.0556],[134.1241,46.0539],[134.1226,46.0532],[134.1224,46.0514],[134.1223,46.0498],[134.1232,46.048],[134.1248,46.0463],[134.1239,46.0447],[134.1225,46.0437],[134.121,46.0431],[134.1221,46.0418],[134.1229,46.0405],[134.1233,46.0388],[134.1246,46.0372],[134.1244,46.0352],[134.1239,46.0336],[134.1228,46.0323],[134.1212,46.0327],[134.1199,46.0316],[134.1188,46.0302],[134.1162,46.0293],[134.1143,46.0289],[134.1124,46.0292],[134.1105,46.0287],[134.1084,46.029],[134.1067,46.029],[134.105,46.0286],[134.1033,46.0292],[134.1015,46.0291],[134.1,46.0287]]}},{"type":"Feature","properties":{"name":null},"geometry":{"type":"LineString","coordinates":[[134.1,46.0287],[134.0983,46.028],[134.0995,46.0267],[134.1012,46.0256],[134.1028,46.0256],[134.1033,46.0273],[134.1048,46.0267],[134.1055,46.0245],[134.1072,46.0239],[134.1086,46.0231],[134.11,46.0215],[134.1114,46.02]]}},{"type":"Feature","properties":{"name":"Маревка"},"geometry":{"type":"LineString","coordinates":[[134.114,46.0213],[134.1143,46.0194],[134.1125,46.0185]]}},{"type":"Feature","properties":{"name":null},"geometry":{"type":"LineString","coordinates":[[134.1114,46.02],[134.1125,46.0185]]}},{"type":"Feature","properties":{"name":null},"geometry":{"type":"LineString","coordinates":[[134.114,46.0213],[134.1125,46.0219],[134.1114,46.02]]}},{"type":"Feature","properties":{"name":"Маревка"},"geometry":{"type":"LineString","coordinates":[[134.1125,46.0185],[134.1138,46.0162],[134.1134,46.0126],[134.1118,46.011],[134.1095,46.0098],[134.1054,46.008],[134.1028,46.0062],[134.1008,46.0053],[134.098,46.0049],[134.0948,46.0057],[134.0929,46.0068],[134.0911,46.0072],[134.0873,46.0062],[134.086,46.0049]]}},{"type":"Feature","properties":{"name":"Большая Уссурка"},"geometry":{"type":"LineString","coordinates":[[134.086,46.0049],[134.082,46.0029],[134.0792,46.0023],[134.0763,46.0017],[134.0731,46.0009],[134.0706,46.0001]]}},{"type":"Feature","properties":{"name":"Большая Уссурка"},"geometry":{"type":"LineString","coordinates":[[134.0706,46.0001],[134.0693,45.9964],[134.0674,45.9947],[134.0635,45.9921],[134.0603,45.9909],[134.0577,45.9907],[134.0548,45.9916],[134.0531,45.9939],[134.0518,45.9951]]}},{"type":"Feature","properties":{"name":null},"geometry":{"type":"LineString","coordinates":[[134.0706,46.0001],[134.0685,46.0001],[134.066,45.9998],[134.0642,46.0],[134.0617,45.9994],[134.0594,45.999],[134.0567,45.9985],[134.0543,45.9978],[134.0524,45.9964],[134.0518,45.9951]]}},{"type":"Feature","properties":{"name":"Songhua River"},"geometry":{"type":"LineString","coordinates":[[131.3323,47.1782],[131.3512,47.1843],[131.3892,47.2193],[131.4211,47.2329],[131.4639,47.2454],[131.4972,47.2614],[131.5311,47.2565],[131.5446,47.2515],[131.5854,47.234],[131.6096,47.234],[131.6335,47.2362],[131.6754,47.2454],[131.7104,47.239],[131.7215,47.2393],[131.7362,47.244],[131.7765,47.2665],[131.7943,47.2675],[131.8109,47.2658],[131.8193,47.2681],[131.8404,47.2713],[131.8547,47.2732],[131.8707,47.2779],[131.8793,47.2764],[131.897,47.2634],[131.9055,47.2502],[131.9096,47.2451],[131.9175,47.2431],[131.9271,47.2431],[131.9698,47.2506],[131.986,47.2508],[132.0013,47.2483],[132.0029,47.248],[132.0127,47.2549],[132.03,47.2754],[132.0336,47.2912],[132.0332,47.3008],[132.0484,47.3151],[132.0381,47.3268],[132.0351,47.3469],[132.036,47.3576],[132.0406,47.3635],[132.0648,47.3727],[132.08,47.3804],[132.0909,47.3819],[132.1096,47.3932],[132.1233,47.3964],[132.1545,47.4093],[132.1718,47.4099],[132.1936,47.4052],[132.203,47.4058],[132.2392,47.4285],[132.2493,47.4398],[132.2609,47.4468],[132.2684,47.4487],[132.2812,47.4495],[132.2868,47.4518],[132.2893,47.456],[132.2871,47.4627],[132.2893,47.4671],[132.2949,47.4716],[132.3434,47.4955],[132.3638,47.5271],[132.3844,47.5357],[132.4053,47.539],[132.419,47.5672],[132.4425,47.5826],[132.463,47.6249],[132.4655,47.6386],[132.4448,47.6709],[132.4441,47.6727],[132.4448,47.6762],[132.4457,47.6778],[132.4471,47.6795],[132.4492,47.681],[132.4518,47.6824],[132.4559,47.6835],[132.461,47.6842],[132.4772,47.6854],[132.4985,47.6874],[132.5022,47.6884],[132.5055,47.6901],[132.5085,47.6922],[132.5098,47.6938],[132.5177,47.7027],[132.5202,47.7052],[132.5237,47.7073],[132.5278,47.709],[132.5331,47.7107],[132.5487,47.7143]]}},{"type":"Feature","properties":{"name":"Naoli River"},"geometry":{"type":"LineString","coordinates":[[133.131,46.8924],[133.1329,46.8929],[133.1353,46.8946],[133.1362,46.8962],[133.1297,46.9004],[133.1315,46.9015],[133.1336,46.9014],[133.1388,46.8992],[133.1382,46.8972],[133.1373,46.8952],[133.1397,46.8952],[133.1417,46.8979],[133.1415,46.9],[133.1388,46.9021],[133.14,46.9035],[133.1416,46.9044],[133.1415,46.9067],[133.1393,46.9081],[133.1386,46.9099],[133.1412,46.91],[133.1445,46.9096],[133.1462,46.9085],[133.1467,46.9066],[133.1494,46.9077],[133.1485,46.9096],[133.1463,46.9115],[133.1459,46.9124]]}},{"type":"Feature","properties":{"name":null},"geometry":{"type":"LineString","coordinates":[[133.2206,47.1745],[133.2219,47.1759],[133.2229,47.1775],[133.2232,47.1791],[133.2249,47.1787],[133.2254,47.1757],[133.2257,47.1736],[133.2271,47.1725],[133.2289,47.1724],[133.2302,47.1738],[133.229,47.1754],[133.2283,47.1769],[133.2294,47.1782],[133.2284,47.1797],[133.2263,47.1807],[133.2251,47.1817],[133.2268,47.1823],[133.2303,47.1818],[133.232,47.1815],[133.2349,47.1822],[133.2363,47.1834],[133.2352,47.185],[133.2331,47.1854],[133.2311,47.1856],[133.2307,47.1873],[133.2294,47.1889],[133.2295,47.1907],[133.2313,47.1911],[133.2328,47.1918],[133.2328,47.1939],[133.2301,47.1943],[133.2282,47.1936],[133.2256,47.1927],[133.2237,47.1926],[133.2223,47.1942],[133.2239,47.196],[133.2259,47.1961],[133.2284,47.1958],[133.2309,47.1957],[133.233,47.1954],[133.2349,47.1948],[133.2363,47.1933],[133.2383,47.1923],[133.2411,47.1921],[133.2436,47.1923],[133.2454,47.1933],[133.2473,47.1946],[133.2475,47.1965],[133.2498,47.1978],[133.2493,47.2],[133.2487,47.2015],[133.251,47.2019],[133.2527,47.2016],[133.2544,47.2014],[133.2569,47.202],[133.2585,47.2034],[133.2571,47.2058],[133.2571,47.2079],[133.2585,47.2094],[133.2619,47.2099],[133.2639,47.2098],[133.266,47.2099],[133.2689,47.2103],[133.2707,47.2112],[133.2717,47.2125],[133.2732,47.2131],[133.2755,47.2126],[133.2776,47.2103],[133.2783,47.2089],[133.28,47.2084],[133.2817,47.2085],[133.2841,47.2088],[133.2869,47.2085],[133.2888,47.2089],[133.2902,47.2108],[133.2898,47.214]]}},{"type":"Feature","properties":{"name":"Naoli River"},"geometry":{"type":"LineString","coordinates":[[133.2898,47.214],[133.2894,47.2159],[133.2915,47.2179],[133.2939,47.2189],[133.2958,47.2187],[133.297,47.2165],[133.2973,47.2145],[133.2998,47.214],[133.3049,47.2155],[133.3074,47.2162],[133.3093,47.2165],[133.3108,47.2157],[133.3108,47.2133],[133.3111,47.2116],[133.3124,47.2101],[133.3141,47.2095],[133.3174,47.2093],[133.3223,47.2095],[133.3253,47.21],[133.3289,47.2108],[133.3314,47.2125],[133.3321,47.2143],[133.3309,47.217],[133.3321,47.2184],[133.3336,47.2176],[133.3352,47.2151],[133.3373,47.2141],[133.34,47.2141],[133.3419,47.2154],[133.3455,47.2167],[133.3529,47.2166],[133.357,47.216],[133.3581,47.2141],[133.3567,47.2125],[133.3543,47.2118],[133.3496,47.2113],[133.3507,47.2091],[133.3536,47.2091],[133.3562,47.2096],[133.3632,47.2137],[133.3651,47.2157],[133.3651,47.2181],[133.3618,47.2248],[133.3618,47.2269],[133.3629,47.2294],[133.3637,47.2311],[133.3687,47.2283],[133.373,47.2244],[133.3754,47.2205],[133.3763,47.2183],[133.3793,47.2199],[133.3812,47.222],[133.3809,47.2253],[133.3838,47.2291],[133.3864,47.2306],[133.3866,47.2334],[133.3862,47.2351],[133.3929,47.2345],[133.3967,47.2338],[133.3962,47.2313],[133.3936,47.229],[133.3977,47.2287],[133.3991,47.2315],[133.3996,47.2347],[133.399,47.2366],[133.3971,47.238],[133.3949,47.2389],[133.3928,47.2397],[133.392,47.2411],[133.3938,47.2414],[133.3957,47.2412],[133.3998,47.2398],[133.4037,47.238],[133.4066,47.2374],[133.4102,47.2374],[133.4124,47.2369],[133.4126,47.235],[133.4102,47.2337],[133.4078,47.2334],[133.4054,47.2321],[133.4041,47.231],[133.4068,47.2275],[133.4085,47.2241],[133.4108,47.2242],[133.4159,47.2294],[133.4171,47.2325],[133.4192,47.2329],[133.4209,47.2304],[133.4183,47.2268],[133.4145,47.2252],[133.4128,47.2241],[133.4157,47.2237],[133.4193,47.2248],[133.4199,47.2232],[133.4168,47.2226],[133.4262,47.2227],[133.431,47.2247],[133.4363,47.2244],[133.4363,47.2269],[133.4336,47.229],[133.4331,47.2318],[133.4357,47.2332],[133.4315,47.2354],[133.43,47.2364],[133.4314,47.24],[133.4343,47.2408]]}},{"type":"Feature","properties":{"name":null},"geometry":{"type":"LineString","coordinates":[[132.3502,46.9786],[132.3962,46.9796],[132.4328,46.9802],[132.4402,46.9814],[132.4461,46.9826],[132.4556,46.9843],[132.4582,46.9847],[132.4686,46.9877],[132.5246,47.0022],[132.5391,47.0061],[132.5558,47.0104],[132.5746,47.0152],[132.5828,47.0165],[132.5934,47.0182],[132.6642,47.0286],[132.691,47.0333],[132.7251,47.0385],[132.7286,47.039],[132.7352,47.037],[132.7424,47.0347],[132.7683,47.0442],[132.8561,47.0665],[132.8753,47.0713],[132.8783,47.0719],[132.8812,47.0727],[132.8843,47.0736],[132.8864,47.0743],[132.8885,47.0744],[132.89,47.0749],[132.8924,47.0756],[132.9217,47.0833],[132.9264,47.0846],[132.9335,47.086],[132.9452,47.0883],[132.9562,47.0904],[132.9788,47.0998],[132.9989,47.1082],[133.0183,47.1109],[133.019,47.1112]]}},{"type":"Feature","properties":{"name":null},"geometry":{"type":"LineString","coordinates":[[132.6338,46.944],[132.6485,46.9527],[132.6548,46.9565],[132.66,46.9599],[132.6673,46.9646],[132.672,46.9669],[132.6794,46.9705],[132.6896,46.9755],[132.6937,46.9776],[132.6942,46.9797],[132.6936,46.9817],[132.693,46.9844],[132.7002,46.9916],[132.7428,47.0342],[132.743,47.0346]]}},{"type":"Feature","properties":{"name":null},"geometry":{"type":"LineString","coordinates":[[132.1848,47.0714],[132.2048,47.0833],[132.2071,47.0846],[132.2274,47.0958],[132.3132,47.1089],[132.3439,47.1074],[132.4268,47.1261],[132.4375,47.1276],[132.4392,47.1275],[132.5054,47.064],[132.5074,47.062],[132.516,47.0612],[132.6249,47.057],[132.6446,47.0432],[132.647,47.0415],[132.7244,47.0392],[132.7251,47.0385]]}},{"type":"Feature","properties":{"name":"Naoli River"},"geometry":{"type":"LineString","coordinates":[[133.9867,47.271],[133.9875,47.2696],[133.9882,47.2668],[133.9901,47.2658],[133.9927,47.265],[133.991,47.2646],[133.9893,47.2646],[133.987,47.2651],[133.9855,47.2643],[133.9875,47.2628],[133.9895,47.263],[133.9956,47.2654],[133.9973,47.2654],[134.0002,47.2647],[133.9992,47.2665],[133.9997,47.2684],[134.0008,47.2672],[134.002,47.2654],[134.0034,47.264],[134.0015,47.2633],[134.0047,47.2626],[134.0068,47.2636],[134.0071,47.2667],[134.0097,47.2686],[134.0111,47.2697],[134.01,47.2718],[134.0117,47.2733],[134.0111,47.2749],[134.0125,47.2741]]}},{"type":"Feature","properties":{"name":"Naoli River"},"geometry":{"type":"LineString","coordinates":[[133.7523,47.2479],[133.7545,47.25],[133.7561,47.2503],[133.7591,47.2503],[133.7607,47.2506],[133.76,47.252],[133.7589,47.2537],[133.7601,47.2555],[133.7627,47.2562],[133.7639,47.2512],[133.7678,47.2533],[133.7675,47.2509],[133.7702,47.2507],[133.7718,47.2533],[133.773,47.2554],[133.7754,47.2554],[133.7749,47.2521],[133.7769,47.2531],[133.7785,47.2548],[133.7793,47.2533],[133.7791,47.2517],[133.7807,47.2512],[133.7812,47.2494],[133.7798,47.2484],[133.7819,47.2473],[133.7831,47.2459],[133.7852,47.2461],[133.7857,47.2477],[133.7881,47.2477],[133.7896,47.2481],[133.7927,47.2487],[133.7915,47.247],[133.79,47.246],[133.7934,47.2453],[133.7951,47.2459],[133.7953,47.2477],[133.7968,47.2465],[133.7992,47.2465],[133.8004,47.2478],[133.7982,47.2487],[133.7996,47.2502],[133.8013,47.2499],[133.8037,47.2492],[133.8075,47.2489],[133.8116,47.2494],[133.813,47.248],[133.8121,47.2464],[133.8138,47.2452],[133.8155,47.2424],[133.8176,47.2419],[133.8197,47.2428],[133.8217,47.2453],[133.8264,47.2472],[133.8277,47.2488],[133.831,47.2494],[133.8339,47.2499],[133.8353,47.2513],[133.8391,47.2522],[133.8421,47.252],[133.8451,47.2508],[133.8485,47.2488],[133.8504,47.2488],[133.8519,47.2498],[133.854,47.2505],[133.8552,47.249],[133.8572,47.2499],[133.8562,47.2485],[133.8586,47.2494],[133.8603,47.2505],[133.861,47.2528],[133.8603,47.2545],[133.8621,47.2557],[133.8638,47.2549],[133.8658,47.2534],[133.8681,47.2537],[133.8681,47.2516],[133.8706,47.2509],[133.873,47.2526],[133.8754,47.2544],[133.8772,47.2544],[133.8807,47.2542],[133.8792,47.2535],[133.8808,47.2527],[133.8809,47.2554],[133.8832,47.2549],[133.8832,47.251],[133.8851,47.251]]}},{"type":"Feature","properties":{"name":null},"geometry":{"type":"LineString","coordinates":[[133.6309,47.5135],[133.7007,47.5249],[133.9226,47.526],[133.9258,47.524],[133.9478,47.5103],[133.9838,47.4998],[134.0088,47.5143],[134.0221,47.5162],[134.0517,47.514],[134.0538,47.5131],[134.0608,47.5083],[134.0683,47.5031],[134.0735,47.4998],[134.0838,47.4967],[134.0874,47.4966],[134.1052,47.4969],[134.1077,47.4982],[134.1093,47.4993],[134.1128,47.5013],[134.1204,47.5061],[134.1348,47.5152],[134.1427,47.5202],[134.1448,47.5207],[134.1483,47.5207],[134.1512,47.5208],[134.1686,47.5215],[134.1859,47.5222],[134.1878,47.5218],[134.1898,47.5212],[134.1935,47.5204],[134.1957,47.52],[134.1975,47.5195],[134.1991,47.5191],[134.2122,47.5156],[134.2249,47.512],[134.2269,47.5114],[134.229,47.5108],[134.2333,47.5096],[134.2376,47.5083],[134.2411,47.5073],[134.2446,47.5063],[134.2465,47.5056],[134.2508,47.5041],[134.2526,47.5035],[134.2593,47.5011],[134.2635,47.4996],[134.2652,47.499],[134.2673,47.4984],[134.27,47.4973],[134.2721,47.4966],[134.2846,47.4922],[134.2867,47.4914],[134.2887,47.4906],[134.2906,47.49],[134.2923,47.4893],[134.2953,47.4883],[134.2969,47.4875],[134.2988,47.4869],[134.3009,47.4859],[134.303,47.4852],[134.3048,47.4843],[134.3076,47.4826],[134.3104,47.4811],[134.317,47.4771],[134.3192,47.476],[134.3207,47.4751],[134.3227,47.4739],[134.3243,47.473],[134.3265,47.4717],[134.3281,47.4706],[134.3296,47.469],[134.3307,47.4671],[134.3316,47.4644],[134.3323,47.4626],[134.3338,47.4618],[134.3356,47.4607],[134.3373,47.4599],[134.3393,47.459],[134.3408,47.4578],[134.3421,47.4563],[134.3432,47.4551],[134.3445,47.4536],[134.346,47.452],[134.3472,47.4504],[134.3489,47.4491],[134.351,47.4481],[134.3508,47.4463],[134.3526,47.445],[134.354,47.4436],[134.3599,47.4418],[134.3637,47.4358]]}},{"type":"Feature","properties":{"name":"Ussuri"},"geometry":{"type":"LineString","coordinates":[[133.8639,46.5064],[133.8642,46.5085],[133.8651,46.5112],[133.8666,46.5133],[133.8693,46.5149],[133.8766,46.5173],[133.8783,46.518],[133.8798,46.5188],[133.8812,46.5199],[133.8829,46.5215],[133.8848,46.5233],[133.8857,46.525],[133.8863,46.5268],[133.8864,46.5318],[133.8868,46.534],[133.8882,46.5357],[133.8936,46.5414],[133.8947,46.5428],[133.8959,46.5458],[133.8963,46.5476],[133.8959,46.5556],[133.8961,46.5582],[133.898,46.5616],[133.9007,46.566],[133.9015,46.5675],[133.9045,46.5745],[133.9074,46.5824],[133.9099,46.5892],[133.9109,46.5914],[133.9122,46.5935],[133.9138,46.5954],[133.9158,46.5969],[133.9187,46.5985],[133.9226,46.6004],[133.9333,46.6054],[133.9367,46.6068],[133.9393,46.6077],[133.9454,46.6098],[133.948,46.6108],[133.95,46.6118],[133.9549,46.6149],[133.9566,46.6156],[133.9582,46.616],[133.9605,46.6165],[133.9677,46.6172],[133.9696,46.6176],[133.9712,46.6181],[133.9738,46.6191],[133.9832,46.6242],[133.987,46.6259],[133.9953,46.6302],[133.9986,46.6318],[134.0012,46.6334],[134.0035,46.6352],[134.0055,46.6371],[134.0078,46.6405],[134.0084,46.6423],[134.0089,46.6442],[134.0095,46.6472],[134.0098,46.649]]}},{"type":"Feature","properties":{"name":"Ussuri"},"geometry":{"type":"LineString","coordinates":[[133.8255,46.207],[133.8271,46.2037],[133.8314,46.2006],[133.8384,46.2001],[133.8465,46.2031],[133.8515,46.2094],[133.853,46.2188],[133.8564,46.2244],[133.867,46.2284],[133.8723,46.2305],[133.8731,46.2349],[133.8702,46.2385],[133.8614,46.241],[133.8558,46.2426],[133.8531,46.2459],[133.8536,46.2486],[133.8569,46.2507],[133.863,46.2512],[133.8689,46.2502],[133.876,46.2494],[133.8778,46.2471],[133.8836,46.2463],[133.8881,46.2479],[133.8899,46.2488],[133.8977,46.2489],[133.903,46.2519],[133.9055,46.256],[133.9064,46.2585],[133.9107,46.2635],[133.9125,46.2726],[133.9095,46.282],[133.9016,46.291],[133.8996,46.3012],[133.9018,46.3062],[133.9054,46.3092],[133.9089,46.3173],[133.9116,46.3217],[133.9143,46.326],[133.9168,46.331],[133.9132,46.3332],[133.9079,46.333],[133.9026,46.3289],[133.8928,46.3251],[133.8627,46.3368],[133.8616,46.3436],[133.8635,46.3493],[133.8652,46.3542],[133.8707,46.3613],[133.8831,46.3646],[133.8958,46.3659],[133.9062,46.3669],[133.9211,46.3719],[133.9247,46.3735],[133.9313,46.3766],[133.9374,46.3795],[133.9405,46.3869],[133.941,46.3898],[133.9415,46.3927],[133.9402,46.3995],[133.9301,46.4063],[133.9296,46.4084],[133.9274,46.4195],[133.919,46.4278],[133.9143,46.4313],[133.9041,46.4389],[133.9007,46.4409],[133.8908,46.4468],[133.876,46.4483],[133.8733,46.4474],[133.8654,46.4445],[133.8603,46.4441],[133.8543,46.4435],[133.8475,46.4444],[133.8434,46.4495],[133.8443,46.4525],[133.8437,46.4576],[133.8415,46.4654],[133.8415,46.4723],[133.8428,46.475],[133.8457,46.4811],[133.8575,46.4926],[133.8614,46.4964],[133.8647,46.4996],[133.8642,46.504],[133.8639,46.5064]]}},{"type":"Feature","properties":{"name":"Abuqin River"},"geometry":{"type":"LineString","coordinates":[[133.4968,46.1511],[133.4969,46.1528],[133.4982,46.1538],[133.4996,46.1527],[133.5008,46.1516],[133.5008,46.1534],[133.4994,46.1543],[133.5007,46.1553],[133.4998,46.1567],[133.5016,46.157],[133.5049,46.1561],[133.5066,46.1565],[133.5071,46.1547],[133.5055,46.1542],[133.5068,46.1532],[133.5085,46.153],[133.5094,46.1515],[133.5109,46.152],[133.5097,46.1506],[133.5092,46.1487],[133.5112,46.1487],[133.5125,46.1476],[133.5139,46.1465],[133.5151,46.145],[133.5171,46.145],[133.5186,46.1439],[133.5204,46.1433],[133.5221,46.1434],[133.5226,46.1418],[133.5248,46.1421],[133.525,46.1438],[133.5265,46.143],[133.5279,46.1419],[133.5264,46.1408],[133.5285,46.1406],[133.5295,46.142],[133.5311,46.1412],[133.5303,46.1397],[133.5327,46.1392],[133.5316,46.138],[133.5297,46.1373],[133.5316,46.1364],[133.534,46.1375],[133.5365,46.1366],[133.5338,46.1361],[133.5322,46.1357],[133.5336,46.1339],[133.5359,46.1338],[133.5374,46.1348],[133.5395,46.1347],[133.5406,46.1333],[133.5398,46.1354],[133.5417,46.1353],[133.5426,46.137],[133.5446,46.1364],[133.5462,46.1359],[133.547,46.1375],[133.5455,46.1388],[133.5476,46.1383],[133.5487,46.1371],[133.5485,46.1387],[133.5482,46.141],[133.5497,46.1418],[133.5513,46.1425],[133.5521,46.1408],[133.5538,46.1415],[133.5516,46.1431],[133.5539,46.1435],[133.5559,46.144],[133.5571,46.1426],[133.5582,46.1438],[133.5601,46.143]]}},{"type":"Feature","properties":{"name":"Abuqin River"},"geometry":{"type":"LineString","coordinates":[[133.62,46.188],[133.6227,46.1879],[133.6252,46.1865],[133.6269,46.1858],[133.6294,46.1845],[133.6301,46.1861],[133.628,46.1867],[133.6307,46.1878],[133.6324,46.1877],[133.634,46.1879],[133.634,46.1896],[133.6356,46.1902],[133.6374,46.1911],[133.6396,46.1898],[133.6412,46.1911],[133.642,46.1896],[133.6429,46.1918],[133.6429,46.1934],[133.6453,46.1933],[133.6476,46.192],[133.6491,46.191],[133.6486,46.1895],[133.6503,46.1896],[133.6511,46.1878],[133.6528,46.1883],[133.6549,46.1883],[133.6559,46.187],[133.654,46.1866],[133.6547,46.185],[133.6563,46.1851],[133.6584,46.1848],[133.6591,46.1864],[133.6584,46.188],[133.6606,46.1886],[133.6632,46.1886],[133.6648,46.1883],[133.6656,46.188]]}},{"type":"Feature","properties":{"name":"Abuqin River"},"geometry":{"type":"LineString","coordinates":[[133.5832,46.1623],[133.5853,46.1622],[133.5868,46.1612],[133.5862,46.1597],[133.5881,46.1588],[133.5887,46.1606],[133.5915,46.1605],[133.5916,46.1623],[133.5935,46.1613],[133.5952,46.1616],[133.5963,46.1628],[133.5976,46.1614],[133.5983,46.1598],[133.5998,46.1611],[133.6014,46.1628],[133.6038,46.1635],[133.6025,46.1651],[133.6009,46.1653],[133.6005,46.1671],[133.5993,46.1658],[133.5981,46.167],[133.597,46.1685],[133.599,46.1696],[133.6006,46.1689],[133.6023,46.1693],[133.6045,46.1714],[133.6061,46.1722],[133.6075,46.1731],[133.609,46.1723],[133.608,46.171],[133.6102,46.1706],[133.6093,46.1692],[133.6118,46.168]]}},{"type":"Feature","properties":{"name":"Abuqin River"},"geometry":{"type":"LineString","coordinates":[[133.5601,46.143],[133.5595,46.1446],[133.5605,46.146],[133.5592,46.1474],[133.5606,46.1485],[133.5615,46.147],[133.5634,46.1461],[133.563,46.1484],[133.5633,46.1503],[133.5658,46.1501],[133.5654,46.1517],[133.5656,46.1536],[133.5673,46.1542],[133.5692,46.1539],[133.5712,46.1544],[133.5723,46.156],[133.5738,46.157],[133.5755,46.157],[133.5773,46.1579],[133.5788,46.1589],[133.5802,46.158],[133.5819,46.1573],[133.5817,46.1591],[133.5832,46.1581],[133.5845,46.1594],[133.5844,46.161],[133.5826,46.1608],[133.5832,46.1623]]}},{"type":"Feature","properties":{"name":"Abuqin River"},"geometry":{"type":"LineString","coordinates":[[133.6656,46.188],[133.6639,46.186],[133.6655,46.1856],[133.6661,46.1838],[133.6676,46.1827],[133.6694,46.1814],[133.6712,46.1818],[133.6744,46.1809],[133.6766,46.1807],[133.6781,46.1821],[133.6788,46.1806],[133.6771,46.1795],[133.6796,46.1779],[133.6775,46.1771],[133.6784,46.1751],[133.6787,46.1727],[133.6814,46.1749],[133.6831,46.1755],[133.6854,46.1747],[133.6856,46.173],[133.6863,46.171],[133.6889,46.1698],[133.6907,46.1699],[133.6929,46.1698],[133.695,46.1703],[133.6963,46.1692],[133.6989,46.1687],[133.6965,46.1679],[133.6941,46.1675],[133.6927,46.1661],[133.6949,46.1652],[133.6967,46.1634],[133.6994,46.1621]]}},{"type":"Feature","properties":{"name":"Abuqin River"},"geometry":{"type":"LineString","coordinates":[[133.6118,46.168],[133.6128,46.1694],[133.6129,46.171],[133.6151,46.1716],[133.613,46.1725],[133.6143,46.1747],[133.6162,46.1755],[133.6148,46.1765],[133.6163,46.1778],[133.6152,46.179],[133.6133,46.18],[133.6147,46.1808],[133.6133,46.1817],[133.6154,46.1822],[133.6172,46.1834],[133.6186,46.1842],[133.6203,46.1836],[133.6189,46.1825],[133.6209,46.1817],[133.621,46.1837],[133.6231,46.1837],[133.622,46.1853],[133.6236,46.185],[133.6221,46.1862],[133.6201,46.1868],[133.62,46.188]]}},{"type":"Feature","properties":{"name":"Hamatong River"},"geometry":{"type":"LineString","coordinates":[[132.6782,46.6079],[132.6765,46.6079],[132.6763,46.6063],[132.6745,46.6062],[132.6732,46.6079],[132.67,46.6092],[132.6682,46.6104],[132.6666,46.6122],[132.6673,46.614],[132.6703,46.6132],[132.672,46.6129],[132.6737,46.6138],[132.6756,46.6135],[132.6746,46.6155],[132.6745,46.6173],[132.6727,46.6167],[132.6731,46.6183],[132.6712,46.619],[132.6687,46.6186],[132.6671,46.619],[132.6657,46.6198],[132.6675,46.62],[132.6695,46.6205],[132.6683,46.6216],[132.6671,46.6229],[132.6649,46.6233],[132.6613,46.6222],[132.6597,46.6224],[132.6593,46.6242],[132.6577,46.624],[132.6571,46.6224],[132.6561,46.6224]]}},{"type":"Feature","properties":{"name":"Naoli River"},"geometry":{"type":"LineString","coordinates":[[133.1751,47.0091],[133.1753,47.0112],[133.1768,47.0127],[133.1791,47.0129],[133.1808,47.0128],[133.1827,47.0126],[133.1851,47.0124],[133.1869,47.0135],[133.189,47.0151],[133.1922,47.016],[133.1947,47.0166],[133.1963,47.0168],[133.1981,47.0164],[133.1995,47.0152],[133.2009,47.0132],[133.2024,47.0117],[133.2041,47.0112],[133.2059,47.0114],[133.2076,47.0126],[133.2098,47.0141],[133.212,47.0156],[133.2133,47.0176],[133.2138,47.0201],[133.2144,47.0217],[133.2134,47.0231],[133.2119,47.0245],[133.2106,47.0261],[133.2092,47.0268],[133.2066,47.0271],[133.2045,47.0265],[133.2024,47.0256],[133.2001,47.0252],[133.1981,47.025],[133.1959,47.0249],[133.195,47.0263],[133.1959,47.0279],[133.1976,47.029],[133.1995,47.0294],[133.2011,47.0297],[133.2028,47.0301],[133.2044,47.0306],[133.2027,47.0315],[133.2017,47.0334],[133.2005,47.0351],[133.1989,47.0353],[133.1969,47.0347],[133.1971,47.0364],[133.1988,47.037],[133.2014,47.0374],[133.2042,47.0382],[133.2065,47.04],[133.2073,47.0416],[133.2094,47.0427],[133.2113,47.0421],[133.2127,47.0412],[133.2144,47.0396],[133.2141,47.0372],[133.2148,47.0356],[133.2177,47.0359],[133.2197,47.0366],[133.2213,47.0371],[133.2237,47.0374],[133.2272,47.0375],[133.2297,47.038],[133.2312,47.0393],[133.2317,47.0413],[133.2306,47.0432],[133.2289,47.0442],[133.2263,47.0453],[133.2245,47.0466],[133.2236,47.0479],[133.2236,47.0502],[133.2256,47.0514],[133.2279,47.0518],[133.2312,47.0508],[133.2329,47.0508],[133.2339,47.0528],[133.2332,47.055]]}},{"type":"Feature","properties":{"name":"Naoli River"},"geometry":{"type":"LineString","coordinates":[[132.6404,46.6092],[132.6412,46.6106],[132.6438,46.6112],[132.6454,46.6112],[132.6468,46.6122],[132.6475,46.6139],[132.6457,46.6143],[132.6472,46.6152],[132.6483,46.6139],[132.6507,46.6145],[132.649,46.6164],[132.6472,46.616],[132.6451,46.6163],[132.647,46.6178],[132.6484,46.6192],[132.65,46.62],[132.6519,46.619],[132.6504,46.618],[132.6525,46.6173],[132.6539,46.6187],[132.6538,46.6204],[132.6537,46.622],[132.6557,46.6221],[132.6561,46.6224]]}},{"type":"Feature","properties":{"name":"Naoli River"},"geometry":{"type":"LineString","coordinates":[[132.8996,46.8012],[132.9014,46.8008],[132.9017,46.7981],[132.9038,46.7972],[132.9065,46.8008],[132.9087,46.8018],[132.9137,46.801],[132.9205,46.8002],[132.9237,46.8005],[132.9254,46.8004],[132.9251,46.8021],[132.9291,46.8023],[132.9316,46.8018],[132.9328,46.8041],[132.9318,46.8056],[132.9343,46.8051],[132.9353,46.803],[132.9367,46.8012],[132.9383,46.8005],[132.9409,46.8049],[132.945,46.8047],[132.9472,46.805],[132.9487,46.8057],[132.9504,46.8067],[132.9506,46.8099],[132.951,46.8121],[132.954,46.8123],[132.9547,46.8143],[132.952,46.8158],[132.9499,46.8177],[132.9476,46.8177],[132.95,46.8192],[132.952,46.8189],[132.9543,46.8178],[132.9562,46.8164],[132.9569,46.818],[132.9558,46.8192],[132.9536,46.8203],[132.9516,46.8205],[132.9541,46.8209],[132.9571,46.8191],[132.9589,46.8193],[132.9576,46.8221],[132.9555,46.8232],[132.9535,46.8231],[132.952,46.8223],[132.9497,46.8209],[132.9499,46.8231],[132.9515,46.8236],[132.9537,46.8245],[132.9551,46.8255],[132.9562,46.8293],[132.9574,46.8305],[132.9582,46.8322],[132.9614,46.831],[132.9628,46.8297],[132.9646,46.8296],[132.9639,46.8327],[132.9641,46.8349],[132.9613,46.8355],[132.9617,46.8372],[132.966,46.8369],[132.9686,46.8349],[132.9702,46.8346],[132.9716,46.8357],[132.9737,46.8338],[132.9772,46.8322],[132.9797,46.8321],[132.9814,46.8334],[132.9849,46.8329],[132.9869,46.833],[132.9896,46.8335],[132.9913,46.8333],[132.9935,46.8318],[132.9947,46.8316]]}},{"type":"Feature","properties":{"name":"Naoli River"},"geometry":{"type":"LineString","coordinates":[[132.804,46.7729],[132.8058,46.7729],[132.8072,46.7707],[132.8057,46.7685],[132.8043,46.7672],[132.8064,46.7667],[132.8063,46.7647],[132.806,46.763],[132.8046,46.7595],[132.8013,46.7575],[132.8036,46.756],[132.8052,46.7542],[132.804,46.7531],[132.8058,46.7518],[132.8075,46.7521],[132.8098,46.7518],[132.8103,46.7547],[132.8165,46.7571],[132.821,46.7578],[132.8232,46.7609],[132.8255,46.7619],[132.8258,46.7644],[132.8342,46.7686],[132.835,46.7703],[132.8364,46.7723],[132.8421,46.7727],[132.8437,46.7736],[132.8457,46.7748],[132.8479,46.7742],[132.8469,46.7722],[132.8455,46.7704],[132.8434,46.7692],[132.8453,46.7683],[132.8479,46.7685],[132.8496,46.7691],[132.8505,46.7715],[132.8528,46.7715],[132.8512,46.7682],[132.8528,46.7675],[132.8573,46.7691],[132.86,46.7688],[132.8563,46.766],[132.8579,46.7633],[132.8598,46.7631],[132.8624,46.7642],[132.8639,46.7634],[132.8658,46.7636],[132.8656,46.7671],[132.8681,46.7673],[132.8694,46.7652],[132.8711,46.7655],[132.8722,46.7671],[132.8733,46.7707],[132.8753,46.7722],[132.8736,46.7752],[132.8753,46.7794],[132.8787,46.7799],[132.8813,46.7792],[132.883,46.7795],[132.8835,46.782],[132.8847,46.7841],[132.8835,46.7859],[132.8806,46.7875],[132.8756,46.7887],[132.8734,46.7907],[132.8741,46.7933],[132.8791,46.7943],[132.8827,46.7929],[132.884,46.7951],[132.8868,46.7958],[132.8899,46.7954],[132.8927,46.7949],[132.8944,46.7957],[132.8939,46.7975],[132.8946,46.799],[132.8968,46.7985],[132.8984,46.797],[132.9006,46.7974],[132.8989,46.8004],[132.8996,46.8012]]}},{"type":"Feature","properties":{"name":"Naoli River"},"geometry":{"type":"LineString","coordinates":[[133.1459,46.9124],[133.1484,46.9122],[133.15,46.9125],[133.1515,46.9142],[133.1531,46.9145],[133.1549,46.9155],[133.155,46.9171],[133.1567,46.9179],[133.1582,46.919],[133.1575,46.9206],[133.1596,46.9219],[133.1612,46.9224],[133.1624,46.9211],[133.1646,46.9201],[133.1666,46.9191],[133.1682,46.9193],[133.1695,46.9207],[133.1707,46.9194],[133.1726,46.9208],[133.173,46.9224],[133.1752,46.922],[133.1769,46.9225],[133.1786,46.9235],[133.1778,46.9252],[133.1764,46.9267],[133.1764,46.9283],[133.1747,46.9286],[133.1727,46.929],[133.1706,46.9288],[133.1689,46.9287],[133.1671,46.9299],[133.166,46.9314],[133.1676,46.9327],[133.1693,46.9341],[133.1709,46.9353],[133.171,46.937],[133.1729,46.9368],[133.1748,46.9354],[133.1769,46.9349],[133.1789,46.9344],[133.1795,46.9326],[133.1785,46.931],[133.1802,46.93],[133.1818,46.9309],[133.1836,46.933],[133.1827,46.9345],[133.1808,46.9352],[133.1783,46.9375],[133.1772,46.9389],[133.1782,46.9405],[133.1801,46.9404],[133.1819,46.9406],[133.1836,46.9406],[133.1858,46.9408],[133.186,46.9427],[133.1867,46.9443],[133.1847,46.9445],[133.1831,46.9447],[133.1819,46.9459],[133.1802,46.9454],[133.1786,46.9459],[133.1766,46.9463],[133.1752,46.9454],[133.1736,46.9459],[133.1743,46.9477],[133.1736,46.9492],[133.1721,46.9484],[133.1712,46.947],[133.1688,46.9465],[133.1673,46.9478],[133.1677,46.9495],[133.1692,46.9504],[133.1722,46.9507],[133.1739,46.9507],[133.1757,46.9506],[133.1748,46.952],[133.1768,46.9523],[133.1785,46.9521],[133.1809,46.952],[133.1826,46.952],[133.1832,46.9539],[133.184,46.9554],[133.1817,46.9579],[133.1798,46.9594],[133.1782,46.9607],[133.1784,46.9623],[133.1799,46.9629],[133.1814,46.9635],[133.1836,46.964]]}},{"type":"Feature","properties":{"name":"Naoli River"},"geometry":{"type":"LineString","coordinates":[[133.5786,47.216],[133.5819,47.2164],[133.5867,47.219],[133.5884,47.2239],[133.5898,47.2196],[133.5915,47.2193],[133.5926,47.2219],[133.5934,47.2233],[133.5951,47.2244],[133.5974,47.2246],[133.5982,47.2229],[133.6001,47.2221],[133.6034,47.2226],[133.6051,47.223],[133.6082,47.223],[133.6097,47.2244],[133.6121,47.224],[133.6113,47.2223],[133.613,47.2219],[133.6137,47.2234],[133.6149,47.226],[133.6161,47.2275],[133.6176,47.2256],[133.6183,47.224],[133.6159,47.224],[133.6178,47.2217],[133.6224,47.222],[133.6245,47.2235],[133.6255,47.2248],[133.6276,47.2235],[133.6296,47.2256],[133.6325,47.2264],[133.6343,47.2248],[133.6367,47.2234],[133.6394,47.2231],[133.6368,47.2214],[133.6399,47.2221],[133.641,47.2238],[133.6423,47.2254],[133.644,47.2235],[133.6461,47.2237],[133.6463,47.2262],[133.6523,47.2267],[133.6556,47.2249],[133.6571,47.2255],[133.6561,47.2273],[133.6561,47.2301],[133.6593,47.231],[133.66,47.2292],[133.6616,47.2264],[133.6631,47.2241],[133.6648,47.2246],[133.6664,47.2234],[133.6681,47.2234],[133.6695,47.2249],[133.6717,47.2271],[133.6753,47.228],[133.6774,47.2273],[133.6786,47.226],[133.6804,47.2245],[133.6824,47.2231],[133.6843,47.2236],[133.6859,47.2254],[133.6878,47.2264],[133.6901,47.2257],[133.6918,47.2261],[133.6909,47.2282],[133.6894,47.2293],[133.6865,47.2287],[133.6846,47.2275],[133.6825,47.228],[133.6849,47.2301],[133.6877,47.2303],[133.6902,47.2311],[133.6942,47.2323],[133.6938,47.2294],[133.6954,47.2288],[133.6972,47.2293],[133.6986,47.2283],[133.7009,47.2297],[133.7027,47.2306],[133.7033,47.2307]]}},{"type":"Feature","properties":{"name":"Naoli River"},"geometry":{"type":"LineString","coordinates":[[132.9947,46.8316],[132.9971,46.8334],[132.9966,46.8353],[132.9974,46.8375],[132.9991,46.8387],[132.996,46.8398],[132.998,46.8418],[133.0006,46.8419],[132.9992,46.844],[132.9975,46.8452],[132.9951,46.8443],[132.9961,46.8461],[132.9978,46.8461],[133.0018,46.8451],[133.0033,46.8438],[133.0051,46.8447],[133.0039,46.8464],[133.0018,46.846],[133.0061,46.848],[133.0046,46.8496],[133.0025,46.8491],[133.0008,46.848],[132.9993,46.8488],[133.0028,46.8509],[133.0052,46.8507],[133.0072,46.8501],[133.0078,46.8516],[133.0094,46.851],[133.011,46.85],[133.0128,46.8497],[133.015,46.8497],[133.0173,46.8506],[133.0185,46.8492],[133.0203,46.851],[133.0237,46.853],[133.0235,46.8548],[133.0211,46.8567],[133.0221,46.8583],[133.0262,46.8583],[133.0271,46.8558],[133.029,46.8552],[133.0294,46.858],[133.0242,46.8602],[133.0208,46.8605],[133.0192,46.8626],[133.0202,46.8639],[133.0244,46.865],[133.0238,46.8676],[133.0251,46.8693],[133.0286,46.8689],[133.0311,46.8677],[133.0341,46.8671],[133.0325,46.8707],[133.0348,46.8719],[133.037,46.871],[133.0391,46.8697],[133.041,46.8698],[133.0435,46.8709],[133.0455,46.8725],[133.0441,46.8742],[133.0455,46.8754],[133.0488,46.8728],[133.0505,46.873],[133.0504,46.8749],[133.0491,46.8764],[133.053,46.8758],[133.0538,46.8779],[133.0553,46.8786],[133.0571,46.8792],[133.0546,46.8811],[133.0546,46.8827]]}},{"type":"Feature","properties":{"name":"Naoli River"},"geometry":{"type":"LineString","coordinates":[[133.0546,46.8827],[133.057,46.8832],[133.0586,46.8819],[133.0606,46.882],[133.0605,46.8804],[133.0615,46.879],[133.0644,46.878],[133.0661,46.8778],[133.0665,46.8761],[133.0685,46.8764],[133.0683,46.8782],[133.0667,46.8795],[133.0685,46.8796],[133.0698,46.8776],[133.0718,46.8777],[133.0717,46.8796],[133.0703,46.8815],[133.0708,46.8832],[133.0724,46.8835],[133.0749,46.8823],[133.0762,46.8842],[133.0777,46.8826],[133.0797,46.8838],[133.0808,46.8824],[133.0798,46.881],[133.079,46.8792],[133.0805,46.8782],[133.0844,46.8792],[133.0861,46.8815],[133.0868,46.879],[133.09,46.879],[133.0904,46.8816],[133.0927,46.882],[133.0943,46.8819],[133.0963,46.8821],[133.099,46.8841],[133.0982,46.8863],[133.099,46.8886],[133.0976,46.891],[133.0948,46.8922],[133.0959,46.8948],[133.0991,46.8942],[133.1025,46.8914],[133.1038,46.8903],[133.1028,46.8886],[133.1061,46.8889],[133.1093,46.8905],[133.109,46.8921],[133.1065,46.8931],[133.1067,46.8955],[133.105,46.8963],[133.1029,46.8949],[133.1033,46.8966],[133.105,46.8972],[133.1076,46.8971],[133.1093,46.8964],[133.11,46.8939],[133.1115,46.8934],[133.1132,46.8934],[133.1155,46.8943],[133.1159,46.8971],[133.1184,46.8981],[133.1201,46.8971],[133.119,46.8946],[133.1202,46.8923],[133.1233,46.8931],[133.126,46.8951],[133.1276,46.8948],[133.1282,46.8928],[133.1298,46.8942],[133.1286,46.8969],[133.1292,46.8985],[133.1311,46.8978],[133.1321,46.8965],[133.1306,46.8932],[133.131,46.8924]]}},{"type":"Feature","properties":{"name":"Naoli River"},"geometry":{"type":"LineString","coordinates":[[133.2332,47.055],[133.2321,47.0573],[133.2313,47.0587],[133.2287,47.0596],[133.2265,47.0599],[133.2248,47.0604],[133.2228,47.0619],[133.2211,47.0646],[133.22,47.0663],[133.2178,47.0676],[133.2156,47.0675],[133.2135,47.0667],[133.2123,47.0653],[133.212,47.0634],[133.2123,47.0613],[133.2126,47.0597],[133.2117,47.0579],[133.21,47.0568],[133.2079,47.0564],[133.2055,47.0567],[133.2042,47.0577],[133.2036,47.0593],[133.2033,47.0621],[133.2038,47.0642],[133.2061,47.0658],[133.2087,47.0666],[133.2118,47.0678],[133.2138,47.0683],[133.2157,47.0688],[133.215,47.0708],[133.213,47.0716],[133.2112,47.0717],[133.2085,47.0713],[133.206,47.0701],[133.2044,47.0694],[133.2028,47.0695],[133.2019,47.0709],[133.2032,47.0725],[133.2052,47.073],[133.2073,47.0735],[133.2098,47.0751],[133.2122,47.0763],[133.2149,47.0769],[133.217,47.0773],[133.2162,47.0791],[133.2136,47.08],[133.2122,47.0812],[133.2138,47.0828],[133.2157,47.083],[133.2181,47.0824],[133.2194,47.0812],[133.2206,47.0793],[133.2221,47.0783],[133.2237,47.0789],[133.2237,47.0813],[133.2225,47.0824],[133.2213,47.0836],[133.2181,47.0847],[133.2143,47.0851],[133.2122,47.0858],[133.2096,47.0864],[133.2076,47.0861],[133.2056,47.0861],[133.2061,47.0882],[133.208,47.0893],[133.2112,47.09],[133.2128,47.0902],[133.216,47.0908],[133.2177,47.0923],[133.2198,47.0931],[133.2192,47.0948],[133.2189,47.0986],[133.2181,47.1023],[133.2177,47.1045],[133.219,47.106],[133.2213,47.1062],[133.2236,47.1061],[133.2251,47.1069],[133.2249,47.1085],[133.2228,47.1097],[133.2208,47.11],[133.2194,47.1111],[133.2213,47.1117],[133.2248,47.1111],[133.2268,47.1111],[133.2282,47.1123],[133.2281,47.1141],[133.2259,47.1167],[133.2242,47.1181],[133.224,47.1197],[133.2253,47.1207],[133.2272,47.121],[133.2295,47.1205],[133.2309,47.1189],[133.2308,47.1167],[133.2303,47.1152],[133.2305,47.1134],[133.2323,47.1129],[133.233,47.1145],[133.2342,47.1175],[133.2351,47.1197],[133.2358,47.1212],[133.2361,47.1228],[133.2351,47.1242],[133.2326,47.1242],[133.2308,47.1239],[133.2313,47.1257],[133.2333,47.1263],[133.2349,47.1269],[133.2328,47.1289],[133.2302,47.1292],[133.2285,47.1292],[133.228,47.1309],[133.2297,47.1317],[133.232,47.1321],[133.2356,47.1315],[133.2371,47.1309],[133.2385,47.13],[133.24,47.1291],[133.2416,47.129],[133.2423,47.1305],[133.2417,47.1335],[133.2412,47.1361],[133.2417,47.1378],[133.2435,47.1397],[133.2449,47.1411],[133.2466,47.1415],[133.2482,47.141],[133.2488,47.1415]]}},{"type":"Feature","properties":{"name":"Naoli River"},"geometry":{"type":"LineString","coordinates":[[133.4343,47.2408],[133.4403,47.2395],[133.4435,47.2371],[133.4463,47.2338],[133.449,47.2309],[133.452,47.2312],[133.4475,47.2298],[133.4526,47.2243],[133.4549,47.2241],[133.4514,47.2229],[133.4549,47.2219],[133.458,47.2219],[133.4595,47.2206],[133.4607,47.2218],[133.4633,47.2228],[133.4681,47.2257],[133.4698,47.2256],[133.4681,47.2221],[133.471,47.2218],[133.4731,47.2221],[133.4748,47.2212],[133.472,47.219],[133.4739,47.2169],[133.4762,47.2178],[133.4805,47.2244],[133.4827,47.2246],[133.4842,47.2221],[133.4841,47.2195],[133.4796,47.2165],[133.4822,47.2155],[133.4871,47.218],[133.4887,47.2176],[133.4854,47.2156],[133.4914,47.2167],[133.494,47.2196],[133.495,47.2226],[133.4968,47.2269],[133.4966,47.2292],[133.4937,47.2305],[133.4971,47.2305],[133.5005,47.2256],[133.4997,47.2241],[133.4973,47.2223],[133.5004,47.2198],[133.5019,47.2225],[133.5033,47.2245],[133.5021,47.2262],[133.5036,47.2266],[133.5053,47.2253],[133.5081,47.2248],[133.5064,47.2239],[133.5033,47.2221],[133.505,47.2203],[133.5031,47.2189],[133.5048,47.2182],[133.5072,47.2189],[133.5091,47.2183],[133.5078,47.217],[133.5098,47.2168],[133.5138,47.217],[133.5158,47.2179],[133.5174,47.2174],[133.5155,47.2164],[133.5148,47.2149],[133.5177,47.214],[133.52,47.2136],[133.5218,47.2152],[133.5232,47.2165],[133.5253,47.2171],[133.5271,47.2174],[133.5265,47.2193],[133.5262,47.221],[133.5271,47.2231],[133.5276,47.2249],[133.5296,47.2255],[133.5329,47.2252],[133.5369,47.2235],[133.5402,47.2219],[133.5424,47.2217],[133.5424,47.2239],[133.5414,47.226],[133.5426,47.2277],[133.5448,47.2283],[133.5428,47.2289],[133.5406,47.2279],[133.5387,47.2268],[133.5369,47.2267],[133.5384,47.2286],[133.5405,47.2301],[133.543,47.2306],[133.5456,47.2301],[133.5475,47.2286],[133.5482,47.2269],[133.5475,47.2254],[133.549,47.2247],[133.5498,47.2244]]}},{"type":"Feature","properties":{"name":"Naoli River"},"geometry":{"type":"LineString","coordinates":[[132.7436,46.7865],[132.746,46.7866],[132.7481,46.7855],[132.7475,46.7838],[132.7497,46.7845],[132.75,46.7867],[132.7513,46.788],[132.7544,46.7867],[132.7558,46.7853],[132.7573,46.7862],[132.7579,46.788],[132.7592,46.7892],[132.761,46.7883],[132.7611,46.7863],[132.7597,46.784],[132.7584,46.7831],[132.7551,46.7833],[132.7531,46.783],[132.7535,46.7813],[132.7553,46.7805],[132.7569,46.7805],[132.7587,46.7807],[132.7609,46.7825],[132.7627,46.783],[132.7623,46.7812],[132.7607,46.7803],[132.763,46.779],[132.7645,46.778],[132.7678,46.7787],[132.7704,46.7793],[132.7758,46.7799],[132.7781,46.78],[132.7786,46.7819],[132.7801,46.7833],[132.7829,46.7835],[132.7855,46.783],[132.7856,46.7811],[132.7837,46.7798],[132.7807,46.7789],[132.7771,46.7784],[132.7742,46.7778],[132.7713,46.7779],[132.7691,46.7772],[132.7703,46.7752],[132.7719,46.7748],[132.7764,46.7748],[132.7787,46.775],[132.7803,46.7754],[132.7822,46.7765],[132.7879,46.7798],[132.7919,46.7826],[132.794,46.7823],[132.7944,46.7804],[132.793,46.7787],[132.7916,46.7778],[132.7891,46.7772],[132.7858,46.7773],[132.7872,46.7755],[132.7894,46.7746],[132.7925,46.7744],[132.7951,46.7751],[132.7973,46.7764],[132.8009,46.778],[132.8028,46.778],[132.8044,46.7767],[132.8027,46.7743],[132.8009,46.7732],[132.7938,46.7729],[132.7921,46.773],[132.7937,46.771],[132.7968,46.7708],[132.7988,46.7707],[132.8019,46.7708],[132.8036,46.7706],[132.8036,46.7723],[132.804,46.7729]]}},{"type":"Feature","properties":{"name":"Naoli River"},"geometry":{"type":"LineString","coordinates":[[132.5157,46.4895],[132.5174,46.4902],[132.5185,46.4916],[132.52,46.4907],[132.5208,46.4892],[132.5229,46.4901],[132.5244,46.4909],[132.5241,46.4892],[132.5261,46.4903],[132.5283,46.4911],[132.5303,46.4907],[132.5349,46.4916],[132.5377,46.4922],[132.5423,46.4931],[132.5438,46.4942],[132.5464,46.4953],[132.5472,46.4968],[132.5476,46.4983],[132.5472,46.5004],[132.5487,46.5018],[132.5503,46.5023],[132.5484,46.503],[132.5492,46.5048],[132.548,46.5061],[132.5496,46.507],[132.5506,46.5085],[132.5529,46.5084],[132.5542,46.5113],[132.5555,46.5124],[132.5575,46.5123],[132.559,46.5129],[132.5607,46.5131],[132.5592,46.5137],[132.5608,46.5142],[132.5591,46.515],[132.5607,46.5159],[132.5621,46.5168],[132.564,46.5174],[132.5632,46.519],[132.5655,46.5197],[132.5685,46.5196],[132.5701,46.5192],[132.5724,46.5197],[132.5728,46.518],[132.5748,46.5181],[132.5761,46.5191],[132.5777,46.5198],[132.58,46.5192],[132.5822,46.5189],[132.5839,46.5193],[132.5826,46.5206]]}},{"type":"Feature","properties":{"name":"Naoli River"},"geometry":{"type":"LineString","coordinates":[[132.6394,46.657],[132.6416,46.6617],[132.6437,46.6632],[132.6455,46.664],[132.6481,46.6644],[132.6496,46.6654],[132.6488,46.6676],[132.6502,46.6686],[132.6516,46.667],[132.6519,46.6654],[132.6535,46.6661],[132.6528,46.6677],[132.6548,46.6681],[132.6578,46.6694],[132.6588,46.6711],[132.6598,46.6724],[132.6592,46.6742],[132.6579,46.6755],[132.6595,46.6766],[132.6574,46.6766],[132.6593,46.678],[132.6612,46.6779],[132.6636,46.6779],[132.6647,46.6793],[132.6633,46.6808],[132.6652,46.681],[132.6654,46.679],[132.6658,46.6774],[132.6643,46.6767],[132.6658,46.6758],[132.6685,46.6762],[132.6699,46.6771],[132.6714,46.6782],[132.6733,46.6795],[132.674,46.6796]]}},{"type":"Feature","properties":{"name":"Naoli River"},"geometry":{"type":"LineString","coordinates":[[132.709,46.7694],[132.7104,46.7686],[132.7123,46.7687],[132.7144,46.7696],[132.7161,46.7705],[132.716,46.7727],[132.7144,46.7752],[132.7127,46.7765],[132.7109,46.7768],[132.7135,46.7779],[132.7156,46.7782],[132.7163,46.7797],[132.7143,46.7802],[132.7124,46.7801],[132.7108,46.7794],[132.7089,46.7783],[132.7069,46.7776],[132.7065,46.7777]]}},{"type":"Feature","properties":{"name":"Naoli River"},"geometry":{"type":"LineString","coordinates":[[132.6561,46.6224],[132.6542,46.6241],[132.6545,46.6258],[132.6557,46.627],[132.6552,46.6289],[132.6527,46.6295],[132.6501,46.6295],[132.6511,46.6319],[132.6492,46.6317],[132.6478,46.6305],[132.6458,46.6297],[132.6441,46.6297],[132.6445,46.6322],[132.6464,46.6336],[132.6485,46.6342],[132.6478,46.6359],[132.6483,46.6379],[132.6496,46.6392],[132.6501,46.641],[132.6511,46.6427],[132.6496,46.6439],[132.6468,46.6438],[132.6445,46.6434],[132.643,46.6442],[132.6452,46.6458],[132.647,46.647],[132.6445,46.6487],[132.6426,46.649],[132.6436,46.6504],[132.6458,46.6501],[132.6488,46.6489],[132.6505,46.6492],[132.6493,46.6512],[132.6456,46.6527],[132.644,46.6535],[132.6432,46.6554],[132.6423,46.6568],[132.6403,46.6565],[132.6394,46.657]]}},{"type":"Feature","properties":{"name":"Naoli River"},"geometry":{"type":"LineString","coordinates":[[133.2488,47.1415],[133.2473,47.1442],[133.2467,47.1458],[133.2472,47.1478],[133.2486,47.1491],[133.2487,47.1508],[133.2487,47.1536],[133.2495,47.156],[133.2495,47.1577],[133.2484,47.1591],[133.2462,47.1599],[133.2445,47.1605],[133.2438,47.1621],[133.2449,47.1647],[133.2463,47.1662],[133.2483,47.1666],[133.25,47.1656],[133.2506,47.1682],[133.2509,47.1714],[133.2519,47.1728],[133.2541,47.1724],[133.2563,47.172],[133.2579,47.1729],[133.2574,47.1747],[133.2593,47.1747],[133.2608,47.1739],[133.2633,47.1758],[133.2657,47.1776],[133.2668,47.1795],[133.267,47.1824],[133.2679,47.185],[133.2687,47.1872],[133.2697,47.1898],[133.2701,47.192],[133.2693,47.1943],[133.2678,47.1951],[133.2649,47.195],[133.2646,47.1967],[133.2663,47.1975],[133.2681,47.1975],[133.2699,47.1967],[133.271,47.195],[133.2725,47.1928],[133.2728,47.1901],[133.2722,47.1885],[133.2741,47.1886],[133.275,47.1909],[133.2759,47.1938],[133.2761,47.1957],[133.2762,47.1975],[133.2771,47.1999],[133.2775,47.2018],[133.2801,47.2015],[133.2817,47.2009],[133.2832,47.199],[133.2847,47.1983],[133.2865,47.1985],[133.2887,47.1988],[133.2898,47.2001],[133.2908,47.2019],[133.2917,47.2039],[133.2915,47.2057],[133.2938,47.2052],[133.2953,47.2038],[133.2975,47.2057],[133.2979,47.2081],[133.2969,47.2098],[133.2958,47.211],[133.2939,47.2123],[133.2917,47.2134],[133.2898,47.214]]}},{"type":"Feature","properties":{"name":"Naoli River"},"geometry":{"type":"LineString","coordinates":[[132.7065,46.7777],[132.7058,46.7798],[132.7038,46.7814],[132.705,46.7828],[132.7067,46.7839],[132.7087,46.7845],[132.7111,46.784],[132.7143,46.7838],[132.7173,46.7825],[132.7197,46.7808],[132.7216,46.7804],[132.7244,46.7812],[132.7237,46.7836],[132.7243,46.7852],[132.7263,46.7845],[132.7271,46.7824],[132.7285,46.7833],[132.7269,46.7857],[132.7284,46.7863],[132.7305,46.785],[132.7307,46.7833],[132.7292,46.7811],[132.7316,46.7809],[132.7339,46.7814],[132.7358,46.7814],[132.737,46.7826],[132.7385,46.7832],[132.7403,46.7833],[132.7395,46.7848],[132.7414,46.7851],[132.743,46.7864],[132.7436,46.7865]]}},{"type":"Feature","properties":{"name":"Naoli River"},"geometry":{"type":"LineString","coordinates":[[133.1459,46.9124],[133.1417,46.9141],[133.1414,46.9161],[133.1437,46.917],[133.1473,46.9177],[133.1451,46.9195],[133.1431,46.9192],[133.1402,46.9184],[133.1375,46.9167],[133.1353,46.9165],[133.134,46.9182],[133.1324,46.9189],[133.1313,46.9173],[133.131,46.9196],[133.1332,46.9226],[133.1347,46.9236],[133.1373,46.9236],[133.1416,46.9232],[133.1408,46.9251],[133.1374,46.9263],[133.1349,46.9256],[133.1342,46.9272],[133.1366,46.9275],[133.1419,46.9266],[133.1431,46.925],[133.1458,46.9259],[133.1449,46.9284],[133.1401,46.93],[133.1424,46.9319],[133.1381,46.9306],[133.1377,46.9281],[133.1349,46.9286],[133.1358,46.9312],[133.1388,46.9328],[133.1403,46.934],[133.1435,46.9341],[133.138,46.9349],[133.1359,46.9347],[133.1341,46.9348],[133.1363,46.9369],[133.1331,46.9361],[133.133,46.9342],[133.1311,46.9348],[133.1316,46.9367],[133.1329,46.9378],[133.1368,46.9389],[133.1401,46.9403],[133.142,46.9402],[133.1436,46.9387],[133.1416,46.937],[133.1458,46.9344],[133.1481,46.9371],[133.147,46.9385],[133.145,46.9405],[133.1433,46.9421],[133.1414,46.9431],[133.1415,46.9438]]}},{"type":"Feature","properties":{"name":"Naoli River"},"geometry":{"type":"LineString","coordinates":[[133.8851,47.251],[133.8857,47.2541],[133.8868,47.2554],[133.8892,47.2549],[133.8906,47.2535],[133.8919,47.2556],[133.8938,47.2554],[133.8936,47.2575],[133.8959,47.2571],[133.8969,47.2544],[133.8978,47.2526],[133.8988,47.2513],[133.9007,47.2519],[133.9024,47.2533],[133.9007,47.2551],[133.9034,47.2562],[133.9051,47.2544],[133.9081,47.2559],[133.9122,47.2572],[133.9144,47.258],[133.9168,47.2588],[133.9158,47.2616],[133.9168,47.2636],[133.9187,47.2628],[133.9204,47.2607],[133.9211,47.2588],[133.9232,47.2584],[133.9273,47.2584],[133.929,47.2583],[133.9297,47.2565],[133.9326,47.2565],[133.9357,47.2574],[133.9369,47.2591],[133.9384,47.2603],[133.9407,47.2622],[133.9417,47.2642],[133.9417,47.2667],[133.9443,47.2671],[133.9472,47.267],[133.9467,47.2686],[133.9462,47.2702],[133.9472,47.2719],[133.9503,47.272],[133.9522,47.2718],[133.9553,47.2714],[133.958,47.2708],[133.9594,47.2694],[133.9613,47.2665],[133.9642,47.2665],[133.9645,47.2692],[133.9664,47.2686],[133.9664,47.267],[133.9664,47.2653],[133.968,47.2615],[133.9693,47.2597],[133.9718,47.2587],[133.9745,47.2594],[133.9759,47.2606],[133.976,47.263],[133.9776,47.2648],[133.9776,47.2623],[133.9774,47.2604],[133.9798,47.2606],[133.9803,47.2641],[133.9805,47.2671],[133.9817,47.2691],[133.9822,47.2713],[133.9838,47.2723],[133.9858,47.2714],[133.9867,47.271]]}},{"type":"Feature","properties":{"name":"Naoli River"},"geometry":{"type":"LineString","coordinates":[[133.1415,46.9438],[133.1433,46.9441],[133.1469,46.9435],[133.1481,46.9415],[133.1504,46.942],[133.1494,46.9435],[133.1473,46.9444],[133.1503,46.9443],[133.152,46.9466],[133.1532,46.9477],[133.1557,46.9483],[133.1559,46.9504],[133.1576,46.9518],[133.1553,46.9522],[133.1521,46.951],[133.1502,46.9514],[133.1515,46.955],[133.155,46.9558],[133.1579,46.9545],[133.1599,46.9542],[133.1594,46.9564],[133.1574,46.9574],[133.1546,46.9574],[133.1509,46.9571],[133.1476,46.9575],[133.146,46.9564],[133.1445,46.9557],[133.1461,46.9587],[133.15,46.9605],[133.1486,46.9623],[133.1469,46.9625],[133.1446,46.9614],[133.1438,46.9629],[133.1466,46.9636],[133.1493,46.9635],[133.1528,46.9627],[133.1557,46.9629],[133.1568,46.9642],[133.1583,46.9629],[133.1602,46.9627],[133.1596,46.9647],[133.1613,46.9647],[133.1615,46.9627],[133.1625,46.9611],[133.1613,46.96],[133.1643,46.9602],[133.1641,46.9636],[133.1657,46.9651],[133.1675,46.965],[133.1705,46.9632],[133.1724,46.9627],[133.1735,46.9653],[133.172,46.9678],[133.1704,46.9699],[133.1715,46.9721],[133.1756,46.9721],[133.1808,46.9708],[133.185,46.9712],[133.1897,46.9721],[133.1917,46.9702],[133.1903,46.9677],[133.186,46.9659],[133.1841,46.9648],[133.1836,46.964]]}},{"type":"Feature","properties":{"name":"Naoli River"},"geometry":{"type":"LineString","coordinates":[[133.1836,46.964],[133.1839,46.9622],[133.1848,46.9608],[133.187,46.9608],[133.1903,46.9625],[133.1921,46.9636],[133.1932,46.965],[133.1941,46.9688],[133.1939,46.9709],[133.2013,46.9683],[133.2028,46.9696],[133.2045,46.9703],[133.2055,46.9717],[133.205,46.9736],[133.203,46.9748],[133.2015,46.9756],[133.2027,46.9769],[133.2051,46.9773],[133.2065,46.9782],[133.207,46.9798],[133.2046,46.983],[133.2028,46.9838],[133.2005,46.9848],[133.1996,46.9868],[133.2006,46.9891],[133.2016,46.991],[133.2027,46.9924],[133.2048,46.9934],[133.2074,46.9935],[133.2096,46.993],[133.2117,46.9934],[133.2111,46.9952],[133.2088,46.9959],[133.2067,46.9957],[133.2051,46.9956],[133.2051,46.9972],[133.2074,46.9976],[133.2103,46.9972],[133.2124,46.9972],[133.2107,46.9992],[133.2083,46.9999],[133.2054,47.0],[133.2026,46.9999],[133.1999,46.9999],[133.1973,46.9993],[133.1949,46.999],[133.1933,46.9995],[133.1915,46.9991],[133.1902,46.998],[133.1883,46.9969],[133.1862,46.9967],[133.184,46.9973],[133.1848,46.9959],[133.1831,46.9951],[133.1817,46.9968],[133.1814,46.9984],[133.1807,47.0013],[133.1803,47.0037],[133.1814,47.0054],[133.1837,47.0068],[133.185,47.0079],[133.1833,47.0091],[133.1811,47.0088],[133.1785,47.007],[133.1764,47.0063],[133.1752,47.0075],[133.1751,47.0091]]}},{"type":"Feature","properties":{"name":"Qierqin River"},"geometry":{"type":"LineString","coordinates":[[133.2771,46.7914],[133.2754,46.791],[133.2758,46.7926],[133.2745,46.7939],[133.2731,46.7948],[133.2722,46.7961],[133.2725,46.7979],[133.273,46.7986]]}},{"type":"Feature","properties":{"name":"Qixing River"},"geometry":{"type":"LineString","coordinates":[[132.6429,46.7989],[132.6445,46.7999],[132.6464,46.8006],[132.6481,46.8012],[132.6497,46.8019],[132.6523,46.8024],[132.654,46.8032],[132.6552,46.8045],[132.6568,46.8049],[132.6586,46.8058],[132.6592,46.8075],[132.6612,46.8081],[132.6631,46.8083],[132.6648,46.8087],[132.6664,46.8095],[132.6681,46.8093],[132.6696,46.8085],[132.6712,46.8079],[132.673,46.8073],[132.6753,46.8083],[132.6756,46.81],[132.6775,46.8098],[132.6788,46.8109],[132.6809,46.8108],[132.682,46.812],[132.6846,46.8121],[132.6866,46.8124],[132.6882,46.8131],[132.6906,46.8134],[132.6923,46.8132],[132.6942,46.8128],[132.6968,46.8118],[132.6987,46.8109],[132.7003,46.8114],[132.7007,46.813],[132.7037,46.813],[132.7056,46.813],[132.708,46.8136],[132.7096,46.8148],[132.7107,46.8151]]}},{"type":"Feature","properties":{"name":"Qixing River"},"geometry":{"type":"LineString","coordinates":[[132.7107,46.8151],[132.7129,46.8146],[132.7147,46.8133],[132.7159,46.8119],[132.7174,46.8102],[132.7199,46.81],[132.7227,46.8093],[132.7237,46.8076],[132.7253,46.8071],[132.7249,46.804],[132.7256,46.8023],[132.7249,46.8008],[132.726,46.7981],[132.7287,46.7964],[132.7311,46.797],[132.7328,46.7981],[132.7348,46.7973],[132.7356,46.7959],[132.7382,46.7959],[132.7397,46.7973],[132.7394,46.7955],[132.7361,46.7946],[132.7329,46.7936],[132.7343,46.7921],[132.7367,46.7924],[132.7399,46.7939],[132.7413,46.7954],[132.7428,46.7961],[132.7436,46.7943],[132.7423,46.793],[132.7406,46.7919],[132.7388,46.7914],[132.7392,46.7896],[132.7411,46.7895],[132.7443,46.7903],[132.7462,46.7902],[132.7454,46.7883],[132.7421,46.7878],[132.7436,46.7865]]}},{"type":"Feature","properties":{"name":"Qixing River"},"geometry":{"type":"LineString","coordinates":[[132.601,46.8045],[132.603,46.8052],[132.6052,46.8059],[132.6073,46.8064],[132.6095,46.8063],[132.6114,46.8056],[132.6131,46.8058],[132.6151,46.8062],[132.617,46.8066],[132.6186,46.8075],[132.6204,46.8075],[132.6223,46.8076],[132.624,46.8068],[132.625,46.8053],[132.6262,46.8042],[132.628,46.8035],[132.6296,46.803],[132.6314,46.8026],[132.633,46.8029],[132.6349,46.8024],[132.6365,46.8012],[132.6377,46.7999],[132.6395,46.799],[132.6415,46.7991],[132.6429,46.7989]]}},{"type":"Feature","properties":{"name":"Ussuri"},"geometry":{"type":"LineString","coordinates":[[133.826,46.206],[133.8234,46.2062],[133.8221,46.2075],[133.8211,46.209],[133.8196,46.21],[133.8178,46.2099],[133.8163,46.2102],[133.8145,46.2105],[133.8131,46.2098],[133.8129,46.2081],[133.8132,46.2063],[133.813,46.2047],[133.8122,46.2028],[133.8109,46.2008],[133.8099,46.1994],[133.8091,46.1979],[133.8091,46.1963],[133.8103,46.1951],[133.8124,46.1942],[133.8144,46.1936],[133.816,46.1929],[133.8171,46.1916],[133.8176,46.1898],[133.818,46.1879],[133.8192,46.1866],[133.8209,46.1859],[133.8226,46.1854],[133.8244,46.1849],[133.8259,46.184],[133.828,46.1824],[133.8294,46.1815],[133.8311,46.1805],[133.8335,46.1797],[133.8349,46.1788],[133.8367,46.1779],[133.8382,46.177],[133.8403,46.1758],[133.8423,46.1751],[133.8434,46.1739],[133.8448,46.1731],[133.8473,46.1726],[133.849,46.1721],[133.8515,46.1724],[133.8535,46.1725],[133.8554,46.1725],[133.8578,46.1728],[133.8595,46.1731],[133.861,46.1737],[133.8625,46.1743],[133.864,46.1752],[133.8657,46.1761],[133.8673,46.177],[133.8678,46.1787],[133.8684,46.1804],[133.87,46.1815],[133.8717,46.1823],[133.8723,46.1842],[133.8722,46.1858],[133.8727,46.1876],[133.8742,46.1883],[133.8756,46.1891],[133.8755,46.1908],[133.8744,46.192],[133.8751,46.1937],[133.8768,46.1945],[133.8775,46.1962],[133.8789,46.1975],[133.8801,46.1988],[133.8808,46.2007],[133.8823,46.2018],[133.8837,46.2026],[133.8841,46.2045],[133.8843,46.2063],[133.8852,46.2099],[133.8855,46.2151],[133.8856,46.2171],[133.8868,46.2194],[133.8865,46.222],[133.8824,46.2281],[133.8777,46.2305],[133.8726,46.232]]}},{"type":"Feature","properties":{"name":"Ussuri"},"geometry":{"type":"LineString","coordinates":[[133.6894,46.112],[133.6878,46.113],[133.6861,46.1136],[133.6849,46.1148],[133.6857,46.1177],[133.6865,46.12],[133.6859,46.1229],[133.6831,46.1268],[133.6827,46.1284],[133.6844,46.1325]]}},{"type":"Feature","properties":{"name":null},"geometry":{"type":"LineString","coordinates":[[133.6675,46.1838],[133.6676,46.1827]]}},{"type":"Feature","properties":{"name":null},"geometry":{"type":"LineString","coordinates":[[133.6829,46.1096],[133.6844,46.1089],[133.6856,46.1076],[133.6872,46.1075],[133.6891,46.1061],[133.6903,46.1061]]}},{"type":"Feature","properties":{"name":"Чёрная Речка"},"geometry":{"type":"LineString","coordinates":[[134.0008,46.3422],[134.0012,46.3403],[133.9992,46.3395],[133.9975,46.3399],[133.9958,46.3398],[133.9953,46.3382],[133.9938,46.3366],[133.992,46.3359],[133.9904,46.3361],[133.9895,46.338],[133.9898,46.3396],[133.9882,46.3396],[133.9866,46.3383],[133.986,46.3367],[133.9857,46.3388],[133.9847,46.3404],[133.9826,46.3399],[133.9806,46.34],[133.98,46.338],[133.9806,46.3353],[133.9793,46.3344],[133.9765,46.3347],[133.9743,46.3349],[133.9726,46.3344],[133.9713,46.3332],[133.9717,46.3313],[133.973,46.33],[133.9751,46.329],[133.9742,46.3275],[133.9723,46.3276],[133.9705,46.329],[133.9694,46.3303],[133.9677,46.3297],[133.968,46.328],[133.9692,46.3267],[133.9704,46.3254],[133.9681,46.3245],[133.9664,46.3256],[133.9656,46.3274],[133.9636,46.3294],[133.962,46.33],[133.9605,46.3289],[133.9596,46.3275],[133.9585,46.3292],[133.9588,46.3309],[133.958,46.3325],[133.9557,46.3333],[133.9575,46.3351],[133.9582,46.3366],[133.9566,46.3369],[133.9545,46.336],[133.9523,46.335],[133.9495,46.3328],[133.9489,46.3348],[133.9482,46.3365],[133.9464,46.3372],[133.9436,46.3371],[133.9416,46.3371],[133.9395,46.3362],[133.9376,46.3355],[133.9359,46.3344],[133.9368,46.3329],[133.9379,46.3314],[133.9359,46.3311],[133.9322,46.3344],[133.9321,46.3364],[133.9337,46.3382],[133.9315,46.339],[133.9298,46.3398],[133.9288,46.3421],[133.9274,46.3431],[133.9254,46.3435],[133.9237,46.3431],[133.9219,46.3425],[133.9204,46.3416],[133.9182,46.3405],[133.9157,46.3388],[133.9148,46.3356],[133.9132,46.3332]]}},{"type":"Feature","properties":{"name":"Грязная"},"geometry":{"type":"LineString","coordinates":[[133.8527,46.149],[133.8539,46.1501],[133.8542,46.1517],[133.8557,46.1509],[133.8574,46.1514],[133.8581,46.1529],[133.8592,46.1541],[133.8602,46.1553],[133.8593,46.1568],[133.8602,46.1584],[133.8617,46.1591],[133.8607,46.1604],[133.8623,46.1604],[133.8635,46.1615],[133.864,46.1631],[133.8623,46.1634],[133.8632,46.1648],[133.8622,46.1661],[133.8634,46.1671],[133.8623,46.1684],[133.8607,46.168],[133.8623,46.169],[133.8605,46.1692],[133.859,46.1702],[133.8592,46.1722],[133.8595,46.1731]]}},{"type":"Feature","properties":{"name":"Грязная"},"geometry":{"type":"LineString","coordinates":[[133.853,46.1408],[133.8531,46.1425],[133.8523,46.144],[133.8521,46.1456],[133.8523,46.1472],[133.8528,46.1487],[133.8528,46.1488]]}},{"type":"Feature","properties":{"name":null},"geometry":{"type":"LineString","coordinates":[[133.9946,46.8291],[133.9958,46.8304],[133.9975,46.8305],[133.9962,46.8315],[133.9975,46.8326],[133.9992,46.8321],[134.0013,46.8317],[133.9995,46.8303],[134.0013,46.8294],[133.9997,46.8285],[133.9979,46.8284],[133.9997,46.8272],[134.0015,46.8281],[134.0037,46.8287],[134.0055,46.8286],[134.0075,46.8296],[134.0097,46.8278],[134.009,46.825],[134.0092,46.8229],[134.011,46.8229],[134.0142,46.8233]]}},{"type":"Feature","properties":{"name":"Qierqin River"},"geometry":{"type":"LineString","coordinates":[[133.1975,46.8438],[133.1957,46.8442],[133.1944,46.8454],[133.1922,46.8457],[133.1904,46.8455],[133.1905,46.8475],[133.1888,46.847],[133.1869,46.8473],[133.1851,46.8472],[133.183,46.8469],[133.1825,46.8486],[133.1822,46.8505],[133.1806,46.8495],[133.179,46.8485],[133.1783,46.8501],[133.1774,46.8515],[133.1761,46.8528],[133.175,46.8517],[133.173,46.8519],[133.1734,46.8502],[133.1729,46.8484],[133.1715,46.8493],[133.17,46.8499],[133.1694,46.8488]]}},{"type":"Feature","properties":{"name":"Qierqin River"},"geometry":{"type":"LineString","coordinates":[[133.1427,46.862],[133.1412,46.8605],[133.1399,46.8618],[133.1382,46.8616],[133.1385,46.8636],[133.1362,46.8632],[133.1351,46.8644],[133.1341,46.8659],[133.1361,46.8665],[133.1364,46.8684],[133.1347,46.8687],[133.1326,46.8687],[133.1338,46.8702],[133.135,46.8716],[133.1333,46.8734],[133.1312,46.8737],[133.1298,46.8751],[133.1298,46.8733],[133.1278,46.8734],[133.1273,46.8749],[133.1299,46.8759],[133.129,46.8775],[133.1268,46.8775],[133.1255,46.8766],[133.1277,46.8782],[133.126,46.8796],[133.1279,46.8803],[133.1273,46.8821],[133.1294,46.8815],[133.1286,46.8832],[133.1299,46.8846],[133.1272,46.8868],[133.1252,46.8874],[133.125,46.8892],[133.128,46.8891],[133.1306,46.8883],[133.1327,46.8872],[133.1338,46.8888],[133.1316,46.8907],[133.131,46.8924]]}},{"type":"Feature","properties":{"name":"Qierqin River"},"geometry":{"type":"LineString","coordinates":[[133.1694,46.8488],[133.1689,46.8507],[133.1668,46.8513],[133.1671,46.8529],[133.1686,46.8539],[133.1679,46.8556],[133.1663,46.8555],[133.1658,46.8572],[133.1644,46.856],[133.165,46.8545],[133.1621,46.8547],[133.1606,46.8561],[133.1591,46.8566],[133.1587,46.8582],[133.1577,46.8565],[133.1564,46.8556],[133.1547,46.856],[133.1523,46.8564],[133.1506,46.8566],[133.149,46.8568],[133.1483,46.8585],[133.147,46.8573],[133.1473,46.8557],[133.1454,46.8569],[133.144,46.8557],[133.1431,46.8571],[133.1423,46.8587],[133.143,46.8601],[133.1427,46.862]]}},{"type":"Feature","properties":{"name":"Qierqin River"},"geometry":{"type":"LineString","coordinates":[[133.2175,46.8263],[133.2156,46.8253],[133.2139,46.8249],[133.2128,46.8263],[133.2113,46.8255],[133.2094,46.8255],[133.2094,46.8274],[133.2082,46.8285],[133.2093,46.8298],[133.2085,46.8315],[133.2064,46.8322],[133.2046,46.8334],[133.2038,46.8351],[133.2019,46.834],[133.2018,46.8358],[133.1995,46.8351],[133.198,46.836],[133.1965,46.8368],[133.1972,46.8383],[133.1956,46.8385],[133.1966,46.8401],[133.1967,46.8417],[133.1984,46.8414],[133.1976,46.8433],[133.1975,46.8438]]}},{"type":"Feature","properties":{"name":"Qierqin River"},"geometry":{"type":"LineString","coordinates":[[133.273,46.7986],[133.2715,46.7998],[133.2697,46.8],[133.2684,46.801],[133.2678,46.8027],[133.2664,46.8019],[133.2649,46.8026],[133.2634,46.8033],[133.2624,46.8047],[133.2622,46.8063],[133.2605,46.8064],[133.259,46.8075],[133.2588,46.8094],[133.2572,46.8097],[133.2569,46.81]]}},{"type":"Feature","properties":{"name":"Qierqin River"},"geometry":{"type":"LineString","coordinates":[[133.2569,46.81],[133.2553,46.8111],[133.2535,46.811],[133.2526,46.8124],[133.2511,46.8117],[133.25,46.8129],[133.2492,46.8115],[133.2476,46.8119],[133.246,46.8112],[133.2444,46.8108],[133.2431,46.8118],[133.2414,46.8114],[133.2397,46.8121],[133.2383,46.811],[133.2361,46.8103],[133.2343,46.8114],[133.2351,46.813],[133.2334,46.8132],[133.2317,46.8131],[133.2301,46.8124],[133.2285,46.8128],[133.2269,46.8133],[133.2264,46.8126]]}},{"type":"Feature","properties":{"name":"Qierqin River"},"geometry":{"type":"LineString","coordinates":[[133.2264,46.8126],[133.2251,46.8139],[133.2246,46.8155],[133.223,46.8165],[133.2214,46.8163],[133.22,46.8174],[133.2218,46.8175],[133.2219,46.8191],[133.2203,46.8182],[133.2192,46.8194],[133.2175,46.8196],[133.2158,46.8213],[133.2158,46.8231],[133.2158,46.8247],[133.2173,46.8257],[133.2175,46.8263]]}},{"type":"Feature","properties":{"name":null},"geometry":{"type":"LineString","coordinates":[[133.3064,46.8318],[133.3082,46.8313],[133.3074,46.8298],[133.306,46.8286],[133.3043,46.829],[133.3026,46.8287],[133.301,46.8281],[133.3011,46.8264],[133.2998,46.8252],[133.2982,46.8249],[133.2961,46.8247],[133.2944,46.824],[133.2936,46.8225],[133.2927,46.8211],[133.2911,46.8207],[133.2894,46.8212],[133.2876,46.8209],[133.2854,46.8213],[133.2845,46.8211]]}},{"type":"Feature","properties":{"name":null},"geometry":{"type":"LineString","coordinates":[[133.2845,46.8211],[133.286,46.8204],[133.2846,46.8195],[133.2827,46.8192],[133.2811,46.8185],[133.2795,46.8179],[133.2778,46.8189],[133.2768,46.8205],[133.2754,46.8195],[133.2738,46.8197],[133.2726,46.8185],[133.2714,46.8197],[133.2698,46.8201],[133.2679,46.8205],[133.2662,46.8203],[133.2645,46.8186],[133.2645,46.8167],[133.2627,46.8165],[133.2611,46.8154],[133.2597,46.8141],[133.2593,46.8124],[133.2585,46.8107],[133.2569,46.81]]}},{"type":"Feature","properties":{"name":null},"geometry":{"type":"LineString","coordinates":[[133.3187,46.8357],[133.3174,46.8347],[133.3157,46.8338],[133.3141,46.8324],[133.3119,46.8327],[133.3099,46.8329],[133.3071,46.8322],[133.3064,46.8318]]}},{"type":"Feature","properties":{"name":"Naoli River"},"geometry":{"type":"LineString","coordinates":[[132.6904,46.7005],[132.6893,46.7018],[132.6868,46.7021],[132.6839,46.7019],[132.6815,46.702],[132.6796,46.7025],[132.6774,46.703],[132.6766,46.7014],[132.677,46.6999],[132.6752,46.6999],[132.6761,46.6985],[132.6745,46.6984],[132.6737,46.7005],[132.6747,46.7028],[132.6764,46.7038],[132.6787,46.7047],[132.6793,46.7062],[132.6767,46.7068],[132.6742,46.7063],[132.6727,46.7052],[132.6717,46.7027],[132.67,46.7027],[132.6691,46.7043],[132.6696,46.7059],[132.6686,46.7077],[132.6661,46.7076],[132.6694,46.7091],[132.6709,46.7098],[132.6722,46.7108],[132.6739,46.7098],[132.6765,46.7097],[132.6794,46.7101],[132.6792,46.7124],[132.6772,46.7139],[132.6753,46.7144],[132.6737,46.7137],[132.6718,46.714]]}},{"type":"Feature","properties":{"name":"Naoli River"},"geometry":{"type":"LineString","coordinates":[[132.674,46.6796],[132.6729,46.6776],[132.6746,46.6767],[132.6771,46.6779],[132.679,46.6782],[132.6793,46.68],[132.6812,46.681],[132.68,46.6824],[132.6781,46.6822],[132.6766,46.6829],[132.6776,46.6843],[132.6801,46.6845],[132.6822,46.6836],[132.6836,46.6826],[132.6852,46.683],[132.6855,46.6847],[132.6873,46.6868],[132.6873,46.6888],[132.6856,46.6892],[132.6843,46.6902],[132.6831,46.6913],[132.6822,46.6897],[132.6811,46.6884],[132.6792,46.6878],[132.6772,46.6885],[132.6761,46.6897],[132.6792,46.6919],[132.6809,46.6925],[132.6831,46.693],[132.6857,46.6933],[132.6866,46.6947],[132.6849,46.696],[132.6828,46.6969],[132.6811,46.6973],[132.6827,46.6988],[132.6861,46.6989],[132.6886,46.6992],[132.6902,46.7002],[132.6904,46.7005]]}},{"type":"Feature","properties":{"name":"Naoli River"},"geometry":{"type":"LineString","coordinates":[[132.6718,46.714],[132.6727,46.7157],[132.6746,46.716],[132.6789,46.7151],[132.6806,46.7151],[132.6807,46.7168],[132.6782,46.7181],[132.6766,46.719],[132.6775,46.7207],[132.6806,46.7207],[132.6822,46.7208],[132.6839,46.7218],[132.6818,46.7231],[132.6789,46.7237],[132.6804,46.7248],[132.6825,46.7244],[132.6839,46.7253],[132.6824,46.7264],[132.6806,46.7266],[132.6776,46.7259],[132.6757,46.7259],[132.6741,46.7272],[132.6717,46.7259],[132.6694,46.7242],[132.6675,46.7236],[132.6656,46.7242],[132.6655,46.7266],[132.6637,46.727],[132.6621,46.7266],[132.663,46.7294],[132.6639,46.7308],[132.6657,46.7312],[132.6675,46.7321],[132.6696,46.7312],[132.6716,46.7335],[132.6695,46.7346],[132.6678,46.7352],[132.6692,46.7369],[132.6703,46.7384],[132.6707,46.7401],[132.6682,46.7401],[132.6658,46.7394],[132.6637,46.7394],[132.6644,46.7412]]}},{"type":"Feature","properties":{"name":"Naoli River"},"geometry":{"type":"LineString","coordinates":[[132.6644,46.7412],[132.6661,46.7418],[132.6679,46.7424],[132.6681,46.7441],[132.6702,46.7448],[132.6718,46.7451],[132.6711,46.7469],[132.669,46.7473],[132.6725,46.7482],[132.6746,46.7481],[132.6758,46.7496],[132.6756,46.7512],[132.6775,46.7499],[132.6765,46.7473],[132.678,46.7461],[132.6805,46.7476],[132.682,46.7488],[132.6829,46.7474],[132.6842,46.7498],[132.6857,46.7526],[132.6826,46.7536],[132.6809,46.7541]]}},{"type":"Feature","properties":{"name":"Naoli River"},"geometry":{"type":"LineString","coordinates":[[132.6809,46.7541],[132.6835,46.7562],[132.6849,46.7574],[132.6863,46.7587],[132.6885,46.7591],[132.6903,46.7585],[132.6924,46.7578],[132.6932,46.7561],[132.6953,46.7554],[132.6972,46.7567],[132.699,46.758],[132.6973,46.7598],[132.6961,46.7611],[132.6977,46.7617],[132.7005,46.761],[132.7008,46.7629],[132.7024,46.7615],[132.7035,46.76],[132.7051,46.7609],[132.7039,46.7628],[132.7015,46.7638],[132.6999,46.7651],[132.7014,46.7664],[132.7031,46.7665],[132.705,46.7668],[132.7045,46.7686],[132.7071,46.7679],[132.7086,46.7675],[132.7093,46.7691],[132.7078,46.7705],[132.7087,46.7721],[132.7102,46.7735],[132.7103,46.7754],[132.7088,46.7764],[132.7071,46.7769],[132.7065,46.7777]]}},{"type":"Feature","properties":{"name":"挠力河"},"geometry":{"type":"LineString","coordinates":[[132.5923,46.7273],[132.5937,46.7282],[132.5961,46.7285],[132.5976,46.7295],[132.5989,46.7304],[132.5999,46.7318],[132.601,46.7335],[132.6026,46.7331],[132.6042,46.735],[132.6059,46.7359],[132.6076,46.7364],[132.6092,46.7373],[132.6111,46.7369],[132.6123,46.7386],[132.6139,46.7397],[132.6166,46.7397],[132.6182,46.7408]]}},{"type":"Feature","properties":{"name":"Naoli River"},"geometry":{"type":"LineString","coordinates":[[132.746,46.7866],[132.7483,46.7871],[132.75,46.788],[132.7518,46.7893],[132.7533,46.7902],[132.7556,46.7907],[132.7573,46.7906],[132.759,46.7914],[132.7606,46.7933],[132.7619,46.7947],[132.763,46.7961],[132.7646,46.7971],[132.7662,46.7978],[132.7677,46.7991],[132.7681,46.8007],[132.7698,46.8011],[132.7716,46.8009],[132.7739,46.8003],[132.7759,46.7998],[132.7775,46.7993],[132.7797,46.7985],[132.7815,46.7987],[132.7841,46.7991],[132.7861,46.7995],[132.7872,46.7983],[132.7889,46.7983],[132.7905,46.7977],[132.7925,46.7979],[132.7941,46.7987],[132.7955,46.7998],[132.7975,46.7995],[132.7992,46.8005],[132.8013,46.8003],[132.8034,46.7998],[132.8049,46.7993],[132.8045,46.8013],[132.8049,46.8029],[132.8067,46.8031],[132.8091,46.8029],[132.8109,46.8032],[132.8127,46.8033],[132.8152,46.8029],[132.8168,46.8027],[132.8185,46.8019],[132.819,46.8003],[132.8179,46.7987],[132.8182,46.7974]]}},{"type":"Feature","properties":{"name":"Naoli River"},"geometry":{"type":"LineString","coordinates":[[132.8182,46.7974],[132.8206,46.7971],[132.8224,46.7977],[132.8219,46.7961],[132.8209,46.7938],[132.82,46.7923],[132.8194,46.7906],[132.8206,46.7895],[132.8232,46.7896],[132.8263,46.7903],[132.8278,46.7913],[132.83,46.7913],[132.8317,46.7916],[132.8335,46.7914],[132.835,46.792],[132.8338,46.7935],[132.8361,46.7948],[132.8382,46.7947],[132.8408,46.7935],[132.8426,46.792],[132.8447,46.7909],[132.8462,46.79],[132.8475,46.7891],[132.8507,46.7892],[132.8527,46.7904],[132.8541,46.792],[132.8565,46.7933],[132.8585,46.7926],[132.8574,46.7911],[132.8547,46.7898],[132.8575,46.7891],[132.8592,46.7896],[132.8615,46.7903],[132.8634,46.7897],[132.8649,46.7883],[132.8666,46.7885],[132.8678,46.7898],[132.8692,46.7916],[132.871,46.792],[132.8728,46.792]]}},{"type":"Feature","properties":{"name":"挠力河"},"geometry":{"type":"LineString","coordinates":[[132.6182,46.7408],[132.6197,46.7399],[132.6214,46.7405],[132.6231,46.7406],[132.6248,46.7401],[132.6264,46.7405],[132.6261,46.7388],[132.6275,46.7371],[132.6297,46.7372],[132.6302,46.7354],[132.6326,46.7355],[132.6346,46.735],[132.6363,46.7356],[132.6371,46.734],[132.6357,46.7328],[132.637,46.7313],[132.6387,46.7317],[132.6406,46.7323],[132.6425,46.7328],[132.6451,46.7325],[132.6466,46.732],[132.6486,46.7327],[132.6509,46.7348],[132.6519,46.7369],[132.6509,46.7382],[132.6527,46.7386],[132.6538,46.7371],[132.655,46.739],[132.6568,46.7399],[132.6591,46.7406],[132.6607,46.7402],[132.6622,46.7394],[132.6629,46.7412],[132.6644,46.7412]]}},{"type":"Feature","properties":{"name":"别拉洪河"},"geometry":{"type":"LineString","coordinates":[[132.7566,47.3871],[132.7842,47.3866],[132.8,47.388],[132.8028,47.3883],[132.8707,47.4],[132.885,47.3983],[132.9133,47.395],[133.0251,47.3992],[133.0293,47.3993],[133.0411,47.3997],[133.0553,47.4003],[133.074,47.4009],[133.083,47.4007],[133.0895,47.4012],[133.1369,47.4046],[133.1424,47.4038],[133.1548,47.4018],[133.1583,47.4012],[133.1636,47.4003],[133.1763,47.3982],[133.1836,47.3971],[133.1875,47.3964],[133.1892,47.3962],[133.1958,47.399],[133.201,47.4012],[133.203,47.4021],[133.2206,47.4096],[133.2351,47.4158],[133.2549,47.4241],[133.2584,47.4245],[133.2602,47.4235],[133.2693,47.4186]]}},{"type":"Feature","properties":{"name":null},"geometry":{"type":"LineString","coordinates":[[133.2693,47.4186],[133.2799,47.2855],[133.2919,47.2812],[133.35,47.2447],[133.3516,47.2429],[133.3506,47.2415],[133.3537,47.241],[133.3571,47.2392],[133.3591,47.2369],[133.3626,47.2355],[133.3631,47.2335],[133.3641,47.232],[133.3637,47.2311]]}},{"type":"Feature","properties":{"name":null},"geometry":{"type":"LineString","coordinates":[[133.8603,46.4441],[133.8586,46.4455],[133.8565,46.4472],[133.8552,46.4495],[133.8546,46.452],[133.8545,46.4549],[133.8537,46.4583],[133.8515,46.4609],[133.8486,46.4626],[133.8449,46.4644],[133.8415,46.4654]]}},{"type":"Feature","properties":{"name":null},"geometry":{"type":"LineString","coordinates":[[133.8928,46.3251],[133.8917,46.323],[133.8879,46.3209],[133.8847,46.32],[133.8808,46.3194],[133.8768,46.3198],[133.8727,46.3215],[133.8674,46.3246],[133.8662,46.3261],[133.8655,46.3296],[133.8651,46.3318],[133.8627,46.3368]]}},{"type":"Feature","properties":{"name":null},"geometry":{"type":"LineString","coordinates":[[133.8079,46.4208],[133.8073,46.4225],[133.8065,46.4239],[133.8084,46.4241],[133.8097,46.4225],[133.8113,46.4215],[133.8133,46.4217],[133.8147,46.4228],[133.8159,46.4248],[133.8168,46.4266],[133.8184,46.4276],[133.8207,46.4275],[133.8223,46.4272],[133.8242,46.4271],[133.8254,46.4289],[133.8256,46.4304],[133.8273,46.4311],[133.8292,46.4302],[133.831,46.4294],[133.8316,46.431],[133.8301,46.4318],[133.8276,46.4319],[133.8254,46.432],[133.8237,46.432],[133.8222,46.4313],[133.8215,46.4297],[133.8199,46.4296],[133.8183,46.4305],[133.8183,46.4322],[133.8204,46.433],[133.8227,46.4335],[133.8249,46.4344],[133.8268,46.4357],[133.826,46.4377],[133.8278,46.438],[133.8293,46.4388],[133.83,46.4403],[133.8306,46.4419],[133.8292,46.4433],[133.827,46.4446],[133.8254,46.4455],[133.8269,46.4469],[133.8287,46.447],[133.8309,46.4469],[133.8329,46.447],[133.834,46.4484],[133.8316,46.45],[133.83,46.4505],[133.8288,46.4516],[133.829,46.4533],[133.8307,46.4543],[133.8321,46.4561],[133.8326,46.4577],[133.8338,46.4596],[133.8352,46.4606],[133.8363,46.4618],[133.8373,46.4637],[133.8388,46.4655],[133.8415,46.4666]]}},{"type":"Feature","properties":{"name":null},"geometry":{"type":"LineString","coordinates":[[133.8678,46.5142],[133.8722,46.5188],[133.8739,46.5199],[133.8756,46.5222],[133.8769,46.5234],[133.8799,46.5247],[133.8808,46.526],[133.8799,46.5274],[133.8788,46.5289],[133.8795,46.5307],[133.8806,46.532],[133.8837,46.5335],[133.8853,46.534],[133.8874,46.5347]]}},{"type":"Feature","properties":{"name":null},"geometry":{"type":"LineString","coordinates":[[133.8639,46.5064],[133.8635,46.5138],[133.8619,46.5164],[133.8605,46.5179],[133.8584,46.5202],[133.858,46.5257],[133.8589,46.5286],[133.8601,46.5309],[133.8616,46.5325],[133.8632,46.5336],[133.8658,46.5351],[133.8683,46.536],[133.8721,46.5369],[133.8751,46.5373],[133.8779,46.5374],[133.8806,46.5388],[133.8844,46.5403],[133.8856,46.5416],[133.8874,46.5421],[133.8903,46.5432],[133.895,46.5458],[133.8963,46.5476]]}},{"type":"Feature","properties":{"name":null},"geometry":{"type":"LineString","coordinates":[[133.7742,46.5325],[133.7761,46.5316],[133.7779,46.532],[133.7783,46.5336],[133.7801,46.5337],[133.7821,46.5337],[133.7838,46.5338],[133.7855,46.5333],[133.7869,46.5342],[133.7886,46.5348],[133.7902,46.5341],[133.792,46.5336],[133.7935,46.5323],[133.7947,46.5313],[133.7972,46.5289],[133.7977,46.5272],[133.7997,46.5264],[133.8014,46.5267],[133.8036,46.5268],[133.805,46.5256],[133.8068,46.5254],[133.8087,46.5266],[133.8121,46.5276],[133.8142,46.5279],[133.8161,46.5283],[133.8181,46.5284],[133.82,46.527],[133.8219,46.5254],[133.822,46.5238],[133.8229,46.5222],[133.8242,46.521],[133.826,46.5207],[133.8271,46.5194],[133.8284,46.5204],[133.8294,46.5189],[133.8313,46.5187],[133.8317,46.5202],[133.8333,46.5211],[133.8346,46.5224],[133.8366,46.5217],[133.838,46.5227],[133.8399,46.5222],[133.8394,46.5204],[133.8413,46.5203],[133.8426,46.5214],[133.8442,46.5207],[133.846,46.5207],[133.8477,46.5201],[133.8467,46.5218],[133.848,46.523],[133.8497,46.5226],[133.8513,46.5216],[133.853,46.5217],[133.8537,46.5241],[133.855,46.5256],[133.858,46.5257]]}},{"type":"Feature","properties":{"name":null},"geometry":{"type":"LineString","coordinates":[[133.8258,46.4379],[133.8241,46.4379],[133.8222,46.4374],[133.8205,46.4371],[133.8189,46.4387],[133.8205,46.4398],[133.8226,46.4406],[133.8239,46.4418],[133.8244,46.4399],[133.825,46.4384],[133.826,46.4382]]}},{"type":"Feature","properties":{"name":null},"geometry":{"type":"LineString","coordinates":[[133.9537,46.3924],[133.9528,46.3942],[133.9515,46.3961],[133.9494,46.3978],[133.9476,46.3985],[133.9446,46.3985],[133.9402,46.3995]]}},{"type":"Feature","properties":{"name":null},"geometry":{"type":"LineString","coordinates":[[133.8844,46.5403],[133.8862,46.5406],[133.8881,46.5411],[133.8947,46.5428]]}},{"type":"Feature","properties":{"name":null},"geometry":{"type":"LineString","coordinates":[[133.8428,46.475],[133.8395,46.4789],[133.838,46.4824],[133.8382,46.4844],[133.8393,46.4861],[133.8425,46.4889],[133.8464,46.491],[133.849,46.4928],[133.8528,46.4947],[133.8569,46.4961],[133.8614,46.4964]]}},{"type":"Feature","properties":{"name":null},"geometry":{"type":"LineString","coordinates":[[133.8635,46.3493],[133.8689,46.35],[133.8727,46.3503],[133.877,46.3507],[133.8805,46.3516],[133.8824,46.3527],[133.8844,46.3542],[133.8868,46.3556],[133.8899,46.3584],[133.8932,46.3625],[133.8958,46.3659]]}},{"type":"Feature","properties":{"name":null},"geometry":{"type":"LineString","coordinates":[[133.9247,46.3735],[133.9241,46.3764],[133.9233,46.3778],[133.9256,46.379],[133.9289,46.3798],[133.9333,46.3818],[133.9367,46.3849],[133.941,46.3898]]}},{"type":"Feature","properties":{"name":null},"geometry":{"type":"LineString","coordinates":[[133.8586,46.4455],[133.859,46.4473],[133.8586,46.4493],[133.858,46.4508],[133.8567,46.4533],[133.8545,46.4549]]}},{"type":"Feature","properties":{"name":null},"geometry":{"type":"LineString","coordinates":[[133.9549,46.6149],[133.956,46.6161],[133.9584,46.619],[133.9608,46.6214],[133.9637,46.6237],[133.9666,46.6257],[133.968,46.6265],[133.9697,46.6273],[133.9767,46.6296],[133.9789,46.6305],[133.9804,46.6313],[133.9834,46.6334],[133.9869,46.6366],[133.9885,46.6383],[133.994,46.6446],[133.9957,46.6462],[133.9976,46.6478],[134.0033,46.6519],[134.0047,46.6529],[134.0063,46.6542],[134.0074,46.6554],[134.0093,46.6579]]}},{"type":"Feature","properties":{"name":null},"geometry":{"type":"LineString","coordinates":[[133.9869,46.6366],[133.9903,46.6373],[133.9918,46.638],[133.9939,46.6393],[133.9955,46.6403],[133.9969,46.6415],[133.9996,46.6434],[134.0028,46.6461],[134.0043,46.6477],[134.0054,46.6498],[134.0059,46.6519],[134.0063,46.6542]]}},{"type":"Feature","properties":{"name":null},"geometry":{"type":"LineString","coordinates":[[133.9016,46.291],[133.8967,46.2928],[133.8928,46.2945],[133.8888,46.2964],[133.8871,46.2981],[133.8864,46.3006],[133.8867,46.3041],[133.8887,46.3073],[133.8921,46.3103],[133.8981,46.3129],[133.9014,46.3152],[133.9041,46.318],[133.9077,46.3204],[133.9116,46.3217]]}},{"type":"Feature","properties":{"name":null},"geometry":{"type":"LineString","coordinates":[[133.9358,46.3754],[133.9374,46.3757],[133.9403,46.3768],[133.9426,46.3777],[133.945,46.3787],[133.9466,46.3796],[133.9494,46.3806],[133.9514,46.3813],[133.9538,46.3828],[133.9553,46.3845],[133.955,46.387],[133.955,46.388]]}},{"type":"Feature","properties":{"name":null},"geometry":{"type":"LineString","coordinates":[[133.9007,46.4409],[133.8952,46.4401],[133.8932,46.4405],[133.8907,46.4408],[133.889,46.4405],[133.8875,46.4409],[133.8867,46.4423],[133.8846,46.4439],[133.8825,46.4447],[133.8807,46.4454],[133.8777,46.4466],[133.8733,46.4474]]}},{"type":"Feature","properties":{"name":null},"geometry":{"type":"LineString","coordinates":[[133.9953,46.6302],[133.9949,46.6324],[133.9942,46.634],[133.9972,46.6354],[133.9989,46.6358],[134.0013,46.6362],[134.0055,46.6371]]}},{"type":"Feature","properties":{"name":null},"geometry":{"type":"LineString","coordinates":[[133.9226,46.6004],[133.9345,46.6021],[133.9371,46.603],[133.9421,46.6055],[133.946,46.6072],[133.9498,46.6084]]}},{"type":"Feature","properties":{"name":null},"geometry":{"type":"LineString","coordinates":[[133.9789,46.6305],[133.9826,46.6303],[133.9846,46.6309],[133.986,46.6321],[133.9874,46.6329],[133.9896,46.6337],[133.991,46.6354],[133.9921,46.6366],[133.9932,46.638]]}},{"type":"Feature","properties":{"name":null},"geometry":{"type":"LineString","coordinates":[[133.9313,46.3766],[133.9316,46.3789],[133.9328,46.3804],[133.9333,46.3818]]}},{"type":"Feature","properties":{"name":null},"geometry":{"type":"LineString","coordinates":[[133.8464,46.491],[133.8505,46.4917],[133.853,46.492],[133.8575,46.4926]]}},{"type":"Feature","properties":{"name":null},"geometry":{"type":"LineString","coordinates":[[133.9913,46.6377],[133.9932,46.638],[133.9953,46.6395],[133.9955,46.6403]]}},{"type":"Feature","properties":{"name":null},"geometry":{"type":"LineString","coordinates":[[133.9252,46.3738],[133.9304,46.3733],[133.9331,46.3742],[133.9358,46.3754]]}},{"type":"Feature","properties":{"name":null},"geometry":{"type":"LineString","coordinates":[[133.955,46.388],[133.954,46.3903],[133.9537,46.3924]]}},{"type":"Feature","properties":{"name":null},"geometry":{"type":"LineString","coordinates":[[133.9393,46.6077],[133.9498,46.6084],[133.9528,46.6089],[133.9551,46.6096],[133.9612,46.6126],[133.9693,46.6168],[133.9738,46.6191]]}},{"type":"Feature","properties":{"name":null},"geometry":{"type":"LineString","coordinates":[[133.955,46.388],[133.9551,46.3898],[133.9543,46.3918],[133.9537,46.3924]]}},{"type":"Feature","properties":{"name":null},"geometry":{"type":"LineString","coordinates":[[133.9296,46.4084],[133.9215,46.4131],[133.9174,46.4169],[133.9153,46.4216],[133.9144,46.427],[133.9143,46.4313]]}},{"type":"Feature","properties":{"name":null},"geometry":{"type":"LineString","coordinates":[[133.898,46.5616],[133.8965,46.5663],[133.8969,46.5694],[133.8997,46.5745],[133.9026,46.579],[133.9044,46.5807],[133.9074,46.5824]]}},{"type":"Feature","properties":{"name":null},"geometry":{"type":"LineString","coordinates":[[133.9358,46.3754],[133.9378,46.3772],[133.9383,46.3788],[133.9379,46.3809]]}},{"type":"Feature","properties":{"name":null},"geometry":{"type":"LineString","coordinates":[[133.8953,46.5441],[133.8994,46.5468],[133.9036,46.5538],[133.9058,46.5581],[133.905,46.5613],[133.9024,46.5666]]}},{"type":"Feature","properties":{"name":null},"geometry":{"type":"LineString","coordinates":[[133.948,46.6108],[133.9487,46.6123],[133.9492,46.615],[133.9503,46.6161],[133.952,46.617],[133.9538,46.6182],[133.9584,46.619]]}},{"type":"Feature","properties":{"name":null},"geometry":{"type":"LineString","coordinates":[[133.9486,46.6493],[133.9502,46.6479],[133.9517,46.6467],[133.9525,46.6451],[133.954,46.6443],[133.9556,46.6433],[133.9573,46.643],[133.959,46.6412],[133.9601,46.6394],[133.9602,46.6376],[133.9603,46.6355],[133.96,46.6337],[133.9602,46.6321],[133.9617,46.6308],[133.9632,46.6303],[133.9646,46.6295],[133.9668,46.6287],[133.9697,46.6273]]}},{"type":"Feature","properties":{"name":null},"geometry":{"type":"LineString","coordinates":[[133.6726,46.1402],[133.6716,46.1406]]}},{"type":"Feature","properties":{"name":null},"geometry":{"type":"LineString","coordinates":[[133.6852,46.124],[133.6836,46.1244],[133.6819,46.1251],[133.681,46.1265],[133.6796,46.1286],[133.6784,46.1298],[133.678,46.1318],[133.677,46.1333],[133.6762,46.1352],[133.6754,46.1368],[133.675,46.1395],[133.6726,46.1402]]}},{"type":"Feature","properties":{"name":null},"geometry":{"type":"LineString","coordinates":[[133.7801,46.1854],[133.7772,46.1871],[133.7771,46.1891],[133.779,46.1901],[133.7803,46.1915],[133.7822,46.1937],[133.7838,46.1949],[133.7853,46.1962],[133.7872,46.1978],[133.7882,46.1992],[133.7883,46.2023],[133.7885,46.2046],[133.7881,46.2066],[133.7896,46.2107],[133.7906,46.2151],[133.795,46.2176]]}},{"type":"Feature","properties":{"name":null},"geometry":{"type":"LineString","coordinates":[[133.6716,46.1406],[133.6699,46.1408],[133.6632,46.1376],[133.6595,46.1359],[133.6579,46.1361],[133.654,46.1379],[133.6487,46.136],[133.6452,46.1344],[133.6415,46.1326],[133.6387,46.1313],[133.6353,46.1297],[133.6322,46.1283],[133.6295,46.127],[133.6263,46.1255],[133.6223,46.1236],[133.6204,46.1227],[133.6148,46.1213],[133.6076,46.1195],[133.6062,46.1193]]}},{"type":"Feature","properties":{"name":null},"geometry":{"type":"LineString","coordinates":[[132.9515,46.7436],[132.9481,46.7454],[132.9478,46.7485],[132.9489,46.7502],[132.9478,46.753],[132.9476,46.7553],[132.9481,46.757],[132.9483,46.7588],[132.9483,46.7607],[132.9487,46.7623],[132.9484,46.7639],[132.9472,46.765],[132.9487,46.7664],[132.9497,46.7687],[132.9513,46.7702],[132.9496,46.7703],[132.9505,46.7718],[132.9498,46.7734],[132.9487,46.7745],[132.9477,46.776],[132.9458,46.7772],[132.9458,46.7791],[132.9467,46.7806],[132.9462,46.7823],[132.945,46.7839],[132.944,46.7853],[132.9453,46.7864],[132.9439,46.7874],[132.9416,46.7873],[132.9417,46.7895],[132.9418,46.795],[132.9439,46.7961],[132.944,46.7978],[132.9429,46.7996],[132.9448,46.8003],[132.9483,46.7993],[132.9514,46.7979],[132.9533,46.7979],[132.9535,46.801],[132.9523,46.8024],[132.9506,46.803],[132.9491,46.8043],[132.9472,46.805]]}},{"type":"Feature","properties":{"name":null},"geometry":{"type":"LineString","coordinates":[[133.0324,46.6993],[133.0291,46.7025],[133.0201,46.71],[133.017,46.7118],[133.0105,46.7154],[133.0067,46.7176],[133.0012,46.7207],[132.9992,46.7214],[132.9963,46.7221],[132.9809,46.7239],[132.9744,46.7246],[132.971,46.725],[132.9695,46.7253],[132.9669,46.7275],[132.9646,46.7294],[132.9609,46.734],[132.9579,46.7375],[132.9538,46.7424],[132.9515,46.7436]]}},{"type":"Feature","properties":{"name":"Крутобережная"},"geometry":{"type":"LineString","coordinates":[[133.9709,46.1781],[133.9697,46.1793],[133.9682,46.1799],[133.9672,46.1812],[133.967,46.1828],[133.9669,46.1845],[133.9674,46.186],[133.9689,46.1875],[133.97,46.1886],[133.9689,46.1898],[133.9673,46.1911],[133.9672,46.1927],[133.9658,46.194],[133.9668,46.1957],[133.9671,46.1973],[133.9671,46.1989],[133.9686,46.2002],[133.9689,46.2018],[133.9699,46.2031],[133.9695,46.2047],[133.97,46.2062],[133.9715,46.2069],[133.9732,46.2072],[133.9731,46.2088],[133.9731,46.2105],[133.973,46.2118]]}},{"type":"Feature","properties":{"name":null},"geometry":{"type":"LineString","coordinates":[[133.8923,46.8477],[133.8998,46.8469],[133.9025,46.8434],[133.9135,46.8404],[133.9154,46.8383],[133.9215,46.8374],[133.9223,46.839],[133.9239,46.8388],[133.9301,46.8369],[133.9316,46.8375],[133.9328,46.8389],[133.9404,46.8367],[133.9489,46.8377],[133.9549,46.8368],[133.954,46.8385],[133.9591,46.8385],[133.9608,46.8371],[133.9647,46.8355],[133.9673,46.8329],[133.9691,46.8333],[133.9739,46.8304],[133.9795,46.833],[133.9817,46.8326],[133.9835,46.8296],[133.9895,46.8314],[133.9946,46.8291]]}},{"type":"Feature","properties":{"name":null},"geometry":{"type":"LineString","coordinates":[[132.5826,46.5206],[132.5831,46.5222],[132.585,46.5218],[132.5861,46.5232],[132.5878,46.5231],[132.5898,46.5224],[132.5913,46.5238],[132.5926,46.5226],[132.5935,46.5243],[132.5959,46.5241],[132.5977,46.5238],[132.5995,46.5244],[132.6015,46.5245],[132.6027,46.5232],[132.6043,46.5235],[132.6059,46.5237],[132.6067,46.5254],[132.6049,46.5259],[132.6056,46.5274],[132.6073,46.527],[132.6084,46.5251],[132.6077,46.5232],[132.6059,46.5224],[132.6075,46.5218],[132.6115,46.5227],[132.6122,46.5246],[132.611,46.526],[132.6129,46.5278],[132.6147,46.5281],[132.6122,46.5289],[132.6106,46.5287],[132.609,46.5285],[132.6102,46.5298],[132.6122,46.53],[132.6135,46.5309],[132.6148,46.5322],[132.6171,46.5341],[132.6155,46.5344],[132.6157,46.5367],[132.6152,46.5382],[132.6202,46.5377],[132.6219,46.5381],[132.6231,46.537],[132.6253,46.5368],[132.6272,46.5365],[132.6263,46.5383],[132.6272,46.5398],[132.6288,46.5433],[132.6273,46.5446],[132.6261,46.5457],[132.6293,46.5456],[132.6282,46.5471],[132.6263,46.547],[132.6253,46.5493],[132.6236,46.5501],[132.6254,46.5517],[132.6269,46.553],[132.6286,46.5525],[132.6267,46.5545],[132.6255,46.5558],[132.6287,46.5565],[132.6264,46.5586],[132.6283,46.5593],[132.63,46.5582],[132.6288,46.5602],[132.6268,46.5605],[132.6279,46.562],[132.6252,46.5615],[132.6259,46.5633],[132.629,46.5628],[132.6272,46.5641],[132.6236,46.5634],[132.6258,46.5652],[132.6274,46.566],[132.6264,46.5679],[132.6235,46.5672],[132.6229,46.5696],[132.6242,46.5709],[132.6261,46.5726],[132.6252,46.5741],[132.6277,46.5743],[132.6313,46.5752],[132.6333,46.5768],[132.6349,46.5776],[132.633,46.5809],[132.6348,46.5813],[132.6339,46.5829],[132.6355,46.5835],[132.6341,46.5848],[132.6339,46.5878],[132.6329,46.5902],[132.6304,46.5901],[132.631,46.5924],[132.6333,46.5925],[132.6352,46.5913],[132.6348,46.5936],[132.6328,46.5943],[132.6337,46.5959],[132.6363,46.5958],[132.6386,46.5939],[132.6402,46.5944],[132.6394,46.5965],[132.6365,46.5967],[132.6344,46.5968],[132.6353,46.5982],[132.6335,46.598],[132.6332,46.5997],[132.6318,46.6009],[132.6341,46.6017],[132.6347,46.6033],[132.6331,46.6044],[132.6336,46.6071],[132.6356,46.6079],[132.6368,46.6061],[132.6385,46.6061],[132.6404,46.6066],[132.6422,46.6055],[132.6406,46.6077],[132.6404,46.6092]]}},{"type":"Feature","properties":{"name":null},"geometry":{"type":"LineString","coordinates":[[133.0451,46.7575],[133.0371,46.7663],[133.0342,46.7695],[133.0325,46.7714],[133.0304,46.7724],[133.029,46.7776],[133.0273,46.7832],[133.0264,46.7846],[133.024,46.7872],[133.0211,46.7897],[133.0105,46.793],[133.0086,46.7941],[132.9998,46.7975],[132.9933,46.7999],[132.9914,46.8001]]}},{"type":"Feature","properties":{"name":null},"geometry":{"type":"LineString","coordinates":[[133.0628,46.786],[133.0574,46.7906],[133.0541,46.7934],[133.0517,46.7954],[133.0466,46.796],[133.0403,46.7964],[133.0362,46.7967],[133.032,46.7935],[133.0284,46.7909],[133.0244,46.7878]]}},{"type":"Feature","properties":{"name":null},"geometry":{"type":"LineString","coordinates":[[133.0192,46.5684],[133.0168,46.5696],[133.0136,46.5717]]}},{"type":"Feature","properties":{"name":"Qixing River"},"geometry":{"type":"LineString","coordinates":[[132.5478,46.7805],[132.5492,46.7816],[132.5502,46.783],[132.5517,46.7836],[132.5535,46.7835],[132.5548,46.7856],[132.557,46.7862],[132.558,46.7879],[132.5574,46.7895],[132.5593,46.7899],[132.5617,46.7909],[132.5634,46.7909],[132.5662,46.7907],[132.5676,46.7914],[132.5692,46.7906],[132.5698,46.7922],[132.5711,46.7939],[132.5726,46.795],[132.5743,46.7946],[132.5754,46.7934],[132.5773,46.7942],[132.579,46.7937],[132.5806,46.7946],[132.5821,46.7954],[132.5838,46.7958],[132.587,46.7952],[132.5889,46.7959],[132.5899,46.7977],[132.5905,46.7992],[132.5918,46.8003],[132.5935,46.802],[132.5962,46.803],[132.598,46.8025],[132.6001,46.8029],[132.601,46.8045]]}},{"type":"Feature","properties":{"name":"Qixing River"},"geometry":{"type":"LineString","coordinates":[[132.3927,46.7601],[132.3929,46.7626],[132.3912,46.7632],[132.3932,46.7646],[132.3951,46.7647],[132.3961,46.7667],[132.3959,46.7686],[132.3949,46.7702],[132.3917,46.7714],[132.3902,46.7731],[132.3892,46.7753],[132.3899,46.7772],[132.3887,46.7783],[132.3891,46.78],[132.3877,46.7823],[132.3872,46.7854],[132.3864,46.7894],[132.3854,46.7919],[132.3828,46.7931],[132.381,46.7936],[132.379,46.7939],[132.3795,46.7955],[132.3792,46.7975],[132.3781,46.7991],[132.3795,46.8015],[132.3806,46.803],[132.3807,46.8048],[132.3797,46.8071],[132.3808,46.8089],[132.3813,46.8104],[132.3826,46.8119],[132.3849,46.8129],[132.3867,46.8134],[132.3887,46.8145],[132.3906,46.8147],[132.3928,46.8157],[132.3944,46.8155],[132.3953,46.8181],[132.3974,46.82],[132.4,46.8204],[132.4032,46.8218],[132.4051,46.8215],[132.4062,46.8196],[132.4084,46.8218],[132.4103,46.823],[132.4123,46.8234],[132.4139,46.8232],[132.4156,46.8227],[132.4174,46.8228],[132.4186,46.8241],[132.4214,46.8243],[132.4228,46.8252],[132.4248,46.8248],[132.4267,46.8258],[132.4292,46.8235],[132.4299,46.822],[132.4307,46.8203],[132.4326,46.821],[132.4345,46.8207],[132.4361,46.8214],[132.4394,46.8214],[132.4411,46.8204],[132.4427,46.8208],[132.4438,46.8195],[132.4485,46.819],[132.4493,46.8206],[132.4506,46.8216],[132.4524,46.8221],[132.4543,46.8228],[132.4562,46.8224],[132.4579,46.8219],[132.4615,46.8206],[132.4647,46.8211],[132.4664,46.8226],[132.4689,46.8217],[132.4709,46.8203],[132.4724,46.8195],[132.4747,46.8196],[132.4763,46.8187],[132.4787,46.8188],[132.4805,46.8189],[132.4814,46.8209],[132.4832,46.8214],[132.485,46.8219],[132.4868,46.821],[132.4862,46.8194],[132.4874,46.8183],[132.4869,46.8167],[132.4892,46.8159],[132.4906,46.8149],[132.4927,46.8149],[132.4939,46.813],[132.4947,46.8113],[132.4952,46.8098],[132.4975,46.809],[132.4975,46.8072],[132.4955,46.8059],[132.4945,46.8044],[132.4958,46.8035],[132.4944,46.8024],[132.4953,46.8006],[132.4949,46.799],[132.4932,46.7988],[132.4947,46.7973],[132.496,46.7959],[132.4978,46.7946],[132.4995,46.7937],[132.5008,46.7927],[132.5029,46.7927],[132.5044,46.7918],[132.5057,46.7906],[132.5073,46.7895],[132.5089,46.7894],[132.5105,46.7896],[132.5125,46.7897],[132.5146,46.7894],[132.5166,46.7891],[132.52,46.7881],[132.5208,46.7867],[132.5225,46.7862],[132.5245,46.7865],[132.5282,46.7867],[132.5297,46.7875],[132.5315,46.7878],[132.5344,46.7882],[132.5363,46.7875],[132.5378,46.7868],[132.5404,46.7868],[132.542,46.7871],[132.5434,46.7862],[132.5441,46.7839],[132.5449,46.7823],[132.546,46.781],[132.5478,46.7805]]}},{"type":"Feature","properties":{"name":"Грязная"},"geometry":{"type":"LineString","coordinates":[[133.8528,46.1488],[133.8527,46.1489]]}},{"type":"Feature","properties":{"name":"Грязная"},"geometry":{"type":"LineString","coordinates":[[133.8527,46.1489],[133.8527,46.149]]}},{"type":"Feature","properties":{"name":"阿布沁河"},"geometry":{"type":"LineString","coordinates":[[133.1744,46.1955],[133.1861,46.1912],[133.1984,46.17],[133.1999,46.1585],[133.1951,46.1509],[133.2002,46.1482],[133.199,46.1402],[133.2037,46.1409],[133.2172,46.1275],[133.246,46.1305],[133.2501,46.1282],[133.2633,46.129],[133.2753,46.127],[133.2897,46.1294],[133.3097,46.1348],[133.3524,46.1467],[133.3806,46.1509],[133.3823,46.1509],[133.3842,46.151],[133.3861,46.1507],[133.3871,46.1519],[133.3883,46.1532],[133.3901,46.1541],[133.3917,46.1537],[133.3914,46.1517],[133.393,46.1515],[133.3951,46.1517],[133.3971,46.1517],[133.3988,46.1513],[133.4012,46.1523],[133.4026,46.1513],[133.4042,46.152],[133.4058,46.1508],[133.4074,46.1506],[133.409,46.1499],[133.4104,46.1489],[133.4091,46.1474],[133.4108,46.1474],[133.4126,46.1469],[133.4142,46.1463],[133.4156,46.148],[133.4173,46.1459],[133.4188,46.1469],[133.4204,46.1479],[133.4525,46.1441],[133.4543,46.1438],[133.4555,46.1451],[133.4574,46.1453],[133.4588,46.1465],[133.4603,46.1472],[133.4609,46.1446],[133.4625,46.1445],[133.4628,46.1464],[133.461,46.1471],[133.4626,46.1481],[133.4615,46.1494],[133.4632,46.1495],[133.4619,46.1505],[133.4632,46.1518],[133.4643,46.1531],[133.466,46.1532],[133.4673,46.1541],[133.4685,46.153],[133.4701,46.153],[133.4685,46.1541],[133.4703,46.1547],[133.4699,46.1566],[133.4715,46.156],[133.473,46.155],[133.4731,46.1568],[133.473,46.1585],[133.4714,46.1578],[133.471,46.1595],[133.4727,46.1598],[133.4744,46.1589],[133.4756,46.1576],[133.4772,46.1574],[133.479,46.1574],[133.4795,46.1556],[133.4807,46.1544],[133.4813,46.1559],[133.4832,46.1558],[133.4846,46.1548],[133.4864,46.1549],[133.4859,46.1534],[133.4864,46.1519],[133.4879,46.1523],[133.4897,46.1523],[133.492,46.1516],[133.4936,46.1513],[133.4948,46.15],[133.4964,46.1508],[133.4968,46.1511]]}},{"type":"Feature","properties":{"name":null},"geometry":{"type":"LineString","coordinates":[[133.4888,46.3354],[133.4921,46.3361],[133.4999,46.3389],[133.5028,46.3396],[133.5086,46.3409],[133.5127,46.3398],[133.5201,46.3393],[133.5242,46.3439],[133.5335,46.3478],[133.5329,46.3497],[133.5358,46.3514],[133.5414,46.3513],[133.5497,46.3563],[133.5538,46.3548],[133.5553,46.3533],[133.5574,46.354],[133.5652,46.3545],[133.5757,46.361],[133.5847,46.3618],[133.5897,46.3692],[133.5942,46.3689],[133.596,46.3717],[133.6041,46.3711],[133.6163,46.3729],[133.6196,46.3713],[133.6308,46.3712],[133.6336,46.3699],[133.6363,46.3709],[133.6383,46.3698],[133.6435,46.3707],[133.6457,46.3702],[133.6495,46.3711],[133.651,46.3704],[133.6523,46.3667],[133.6534,46.3642],[133.6556,46.3618],[133.6612,46.3577],[133.67,46.3575],[133.6736,46.3571],[133.6743,46.3556],[133.6782,46.3543],[133.6847,46.3604],[133.6914,46.3559],[133.6956,46.3564],[133.6975,46.3556],[133.6998,46.3541],[133.7013,46.3537],[133.7033,46.3553],[133.7016,46.3565],[133.7028,46.358],[133.7044,46.3584],[133.7107,46.3602],[133.7136,46.3603],[133.7151,46.3589],[133.7191,46.3624],[133.7238,46.3622],[133.7298,46.3595],[133.7335,46.3636],[133.7426,46.3642],[133.7524,46.3622],[133.7593,46.3732],[133.7696,46.375],[133.7778,46.3762],[133.7773,46.3738],[133.779,46.3738],[133.7837,46.3895],[133.7934,46.4013],[133.7948,46.4023],[133.7926,46.4024],[133.7897,46.4066],[133.7903,46.4087],[133.7929,46.4104],[133.7948,46.4104],[133.7964,46.4109],[133.7978,46.4098],[133.798,46.412],[133.7999,46.4121],[133.8016,46.4104],[133.7999,46.4098],[133.8015,46.4085],[133.8038,46.4093],[133.8025,46.4113],[133.8015,46.4125],[133.8019,46.4141],[133.8059,46.4145],[133.805,46.4169],[133.8068,46.4174],[133.8084,46.4157],[133.8109,46.4164],[133.8079,46.4208]]}},{"type":"Feature","properties":{"name":"Hamatong River"},"geometry":{"type":"LineString","coordinates":[[132.864,46.4821],[132.8459,46.4865],[132.8257,46.4858],[132.8089,46.5032],[132.7985,46.5015],[132.7958,46.5041],[132.7877,46.5068],[132.7841,46.5085],[132.7881,46.5129],[132.787,46.5288],[132.7817,46.5325],[132.7632,46.5337],[132.7482,46.5437],[132.7339,46.546],[132.7266,46.5449],[132.7069,46.5372],[132.7042,46.5397],[132.7029,46.538],[132.7,46.5393],[132.7007,46.5413],[132.6982,46.54],[132.697,46.5415],[132.6988,46.543],[132.6974,46.5448],[132.6953,46.5443],[132.6968,46.5463],[132.6921,46.5454],[132.694,46.5445],[132.6899,46.5453],[132.6896,46.5479],[132.6913,46.5496],[132.6891,46.5489],[132.6883,46.5505],[132.6864,46.5515],[132.6859,46.5536],[132.6844,46.5546],[132.6864,46.5557],[132.6834,46.5556],[132.6815,46.5544],[132.6827,46.5558],[132.6803,46.5585],[132.676,46.5677],[132.6676,46.5687],[132.6691,46.5725],[132.6667,46.5744],[132.6738,46.58],[132.6763,46.5875],[132.6848,46.5896],[132.693,46.5979],[132.6782,46.6079]]}},{"type":"Feature","properties":{"name":null},"geometry":{"type":"LineString","coordinates":[[133.1412,47.4304],[133.1416,47.4227],[133.1419,47.4148],[133.1423,47.408],[133.1423,47.4055],[133.1424,47.4038]]}},{"type":"Feature","properties":{"name":null},"geometry":{"type":"LineString","coordinates":[[132.2892,47.0328],[132.297,47.0366],[132.3038,47.0399],[132.3195,47.041],[132.3256,47.0416],[132.3443,47.0433],[132.3497,47.0433],[132.3523,47.0431],[132.355,47.0429],[132.3709,47.0418],[132.3769,47.0414],[132.3897,47.0449],[132.405,47.0492],[132.4137,47.0516],[132.4292,47.0531],[132.4368,47.0539],[132.453,47.0559],[132.463,47.0572],[132.4733,47.0585],[132.4925,47.0615],[132.5054,47.064]]}},{"type":"Feature","properties":{"name":"Naoli River"},"geometry":{"type":"LineString","coordinates":[[133.7436,47.2411],[133.7451,47.2406],[133.7466,47.2417],[133.7481,47.2437],[133.7474,47.2459],[133.7496,47.2465],[133.7515,47.2464],[133.7512,47.2447],[133.7529,47.2432],[133.7543,47.2443],[133.7537,47.2464],[133.7523,47.2479]]}},{"type":"Feature","properties":{"name":"Naoli River"},"geometry":{"type":"LineString","coordinates":[[133.7033,47.2307],[133.705,47.2294],[133.7073,47.2288],[133.7057,47.2274],[133.7068,47.2262],[133.7088,47.226],[133.7104,47.2269],[133.7099,47.2289],[133.7116,47.2296],[133.714,47.2291],[133.7159,47.2327],[133.7182,47.2326],[133.7189,47.2309],[133.7208,47.229],[133.7227,47.2287],[133.7243,47.2294],[133.7244,47.2316],[133.7266,47.229],[133.7256,47.2271],[133.7273,47.2264],[133.7295,47.2282],[133.7298,47.2303],[133.7283,47.2322],[133.7263,47.2334],[133.7255,47.235],[133.7241,47.237],[133.726,47.2385],[133.7297,47.2365],[133.7314,47.2361],[133.7344,47.2362],[133.7363,47.2367],[133.7384,47.2371],[133.7372,47.2353],[133.7395,47.2348],[133.7404,47.237],[133.7384,47.2391],[133.736,47.2405],[133.737,47.2423],[133.7392,47.242],[133.7373,47.2438],[133.735,47.2438],[133.7334,47.244]]}},{"type":"Feature","properties":{"name":"Naoli River"},"geometry":{"type":"LineString","coordinates":[[133.7056,47.2307],[133.7081,47.2303],[133.7065,47.2327],[133.7098,47.2345],[133.7143,47.2353],[133.7168,47.236],[133.7177,47.2378],[133.7208,47.2424],[133.7294,47.2429],[133.7321,47.2401],[133.7347,47.2373],[133.7335,47.2428],[133.7341,47.2448],[133.7372,47.2452],[133.739,47.2448],[133.7404,47.2432],[133.742,47.243],[133.743,47.2444],[133.7447,47.2455],[133.7434,47.2471],[133.7414,47.2473],[133.7404,47.2486],[133.7425,47.2491],[133.7464,47.2484],[133.7492,47.2488],[133.7494,47.2506],[133.7511,47.251],[133.7508,47.2484],[133.7523,47.2479]]}},{"type":"Feature","properties":{"name":null},"geometry":{"type":"LineString","coordinates":[[132.3395,46.9636],[132.3568,46.9703],[132.3755,46.9708],[132.3929,46.9711],[132.4439,46.9719],[132.4727,46.9791],[132.5112,46.9888],[132.5429,46.9967],[132.564,47.002],[132.577,47.0052],[132.5827,47.0061],[132.5828,47.0136],[132.5828,47.0162],[132.5828,47.0165]]}},{"type":"Feature","properties":{"name":null},"geometry":{"type":"LineString","coordinates":[[133.019,47.1112],[133.0235,47.1118],[133.0251,47.1124],[133.0262,47.1147],[133.0301,47.115],[133.0279,47.1168],[133.0296,47.1181],[133.0316,47.1155],[133.0328,47.1144],[133.034,47.1162],[133.0331,47.1177],[133.0349,47.1179],[133.0366,47.1156],[133.0367,47.1181],[133.0383,47.1189],[133.0401,47.1173],[133.0384,47.1154],[133.0399,47.1139],[133.0405,47.1124],[133.0427,47.1127],[133.0443,47.1132],[133.0467,47.1159],[133.0484,47.1165],[133.0501,47.1161],[133.0516,47.1153],[133.0555,47.1152],[133.0571,47.114],[133.0587,47.1147],[133.0596,47.1168],[133.0613,47.1153],[133.0622,47.1128],[133.0652,47.1137],[133.0678,47.1133],[133.07,47.1129],[133.0717,47.114],[133.0728,47.1153],[133.0721,47.1176],[133.0755,47.1189],[133.077,47.12],[133.0786,47.1208],[133.0802,47.1205],[133.0817,47.1219],[133.0838,47.1211],[133.0839,47.1195],[133.0853,47.1186],[133.0872,47.1184],[133.0871,47.1162],[133.0892,47.1164],[133.0904,47.1178],[133.0908,47.1201],[133.0931,47.1211],[133.0963,47.1197],[133.0989,47.1216],[133.0978,47.1235],[133.0965,47.1253],[133.0947,47.126],[133.0952,47.1278],[133.0981,47.128],[133.0999,47.1274],[133.1031,47.1261],[133.1045,47.1241],[133.1038,47.1225],[133.1064,47.1235],[133.107,47.1255],[133.1069,47.1281],[133.1067,47.1304],[133.1057,47.1321],[133.1079,47.1333],[133.1108,47.1325],[133.1123,47.1314],[133.1137,47.1324],[133.1108,47.1338],[133.1078,47.1343],[133.1064,47.1353],[133.1069,47.1378],[133.1021,47.1377],[133.1017,47.1398],[133.1045,47.1409],[133.1075,47.1399],[133.1098,47.1392],[133.1113,47.1403],[133.1105,47.1421],[133.1085,47.143],[133.1094,47.1444],[133.1137,47.1435],[133.1152,47.1443],[133.1135,47.1464],[133.1116,47.1475],[133.1113,47.1492],[133.1137,47.1493],[133.1157,47.1487],[133.1185,47.1485],[133.1214,47.1469],[133.1222,47.1455],[133.1246,47.1459],[133.1265,47.1466],[133.1284,47.1468],[133.1304,47.1468],[133.1318,47.1495],[133.1311,47.1526],[133.1339,47.1538],[133.1387,47.153],[133.1408,47.1525],[133.1391,47.1547],[133.1356,47.1551],[133.1344,47.1564],[133.1385,47.1572],[133.1417,47.1565],[133.1426,47.1582],[133.139,47.1597],[133.1411,47.1611],[133.144,47.1606],[133.1452,47.1617],[133.1436,47.1626],[133.1419,47.1629],[133.1398,47.1629],[133.141,47.1647],[133.1434,47.1646],[133.1449,47.1637],[133.1461,47.1626],[133.1479,47.1618],[133.1479,47.1601],[133.1495,47.1594],[133.1503,47.1612],[133.1509,47.1636],[133.1523,47.1652],[133.1544,47.166],[133.1561,47.1645],[133.1551,47.1621],[133.1579,47.1609],[133.1613,47.1638],[133.1633,47.1647],[133.1674,47.1658],[133.171,47.1679],[133.1715,47.1705],[133.174,47.169],[133.1754,47.1672],[133.1781,47.1668],[133.1809,47.167],[133.1833,47.1684],[133.1847,47.1704],[133.1869,47.1712],[133.1893,47.1711],[133.1912,47.1697],[133.193,47.1689],[133.1952,47.1693],[133.1967,47.1714],[133.1981,47.173],[133.2002,47.1733],[133.2018,47.1726],[133.2026,47.1704],[133.2039,47.1692],[133.2052,47.1676],[133.2073,47.1665],[133.2095,47.1666],[133.2109,47.1674],[133.2109,47.1692],[133.2079,47.1705],[133.2068,47.1721],[133.2073,47.1738],[133.2089,47.1749],[133.21,47.1763],[133.2117,47.1757],[133.2141,47.1745],[133.2163,47.175],[133.2178,47.1737],[133.2196,47.173],[133.2206,47.1745]]}},{"type":"Feature","properties":{"name":null},"geometry":{"type":"LineString","coordinates":[[132.8684,47.079],[132.8706,47.0802],[132.8718,47.0814],[132.8727,47.0795],[132.8747,47.0801],[132.8749,47.0817],[132.8731,47.0826],[132.8743,47.084],[132.8756,47.0827],[132.8784,47.0816],[132.88,47.082],[132.8788,47.0836],[132.8802,47.0852],[132.8844,47.0835],[132.8844,47.0811],[132.8856,47.0799],[132.8875,47.0808],[132.887,47.084],[132.8902,47.0844],[132.8897,47.086],[132.89,47.0877],[132.8927,47.0881],[132.8938,47.0865],[132.8956,47.0863],[132.8947,47.0885],[132.8918,47.0895],[132.8926,47.0909],[132.8948,47.091],[132.8967,47.0926],[132.8964,47.0948],[132.8952,47.0962],[132.8983,47.0979],[132.9001,47.099],[132.8998,47.1015],[132.902,47.1027],[132.8998,47.1037],[132.8987,47.1054],[132.8994,47.1071],[132.9017,47.1077],[132.9046,47.1074],[132.904,47.1102],[132.9078,47.1094],[132.908,47.1072],[132.9097,47.1068],[132.9114,47.1076],[132.9114,47.1102],[132.9145,47.1109],[132.9177,47.1081],[132.9196,47.1085],[132.9181,47.1112],[132.918,47.1128],[132.9236,47.1137],[132.9261,47.1147],[132.9285,47.1161],[132.9306,47.1154],[132.932,47.1134],[132.9341,47.1126],[132.9388,47.1131],[132.939,47.1114],[132.9364,47.1102],[132.9348,47.1099],[132.9362,47.1089],[132.9395,47.11],[132.9413,47.1116],[132.9429,47.1121],[132.9452,47.1114],[132.9448,47.1141],[132.947,47.1144],[132.9477,47.1127],[132.9468,47.1106],[132.9454,47.1095],[132.9486,47.1088],[132.95,47.1101],[132.9504,47.1135],[132.952,47.1154],[132.9541,47.1151],[132.9566,47.113],[132.9604,47.112],[132.9647,47.1118],[132.9673,47.1118],[132.97,47.1139],[132.971,47.1163],[132.9712,47.1182],[132.9729,47.1187],[132.9747,47.1176],[132.9753,47.1152],[132.9778,47.1148],[132.9797,47.1161],[132.981,47.1178],[132.9845,47.1196],[132.9862,47.1203],[132.9871,47.1186],[132.989,47.1175],[132.9887,47.1195],[132.9863,47.1215],[132.9907,47.121],[132.9913,47.1187],[132.9931,47.1183],[132.994,47.1208],[132.9906,47.1224],[132.9908,47.1249],[132.9935,47.124],[132.9954,47.1215],[132.9981,47.1216],[132.9992,47.1238],[132.9989,47.1273],[133.0017,47.1264],[133.0016,47.1243],[133.005,47.122],[133.0064,47.1202],[133.0115,47.1206],[133.0145,47.1207],[133.0189,47.1199],[133.0177,47.1177],[133.0158,47.117],[133.0142,47.1173],[133.0126,47.1191],[133.0105,47.1194],[133.0099,47.1175],[133.0118,47.1164],[133.015,47.1153],[133.0161,47.114],[133.0183,47.1123],[133.019,47.1112]]}},{"type":"Feature","properties":{"name":"挠力河"},"geometry":{"type":"LineString","coordinates":[[132.593,46.7258],[132.5919,46.7269],[132.5923,46.7273]]}},{"type":"Feature","properties":{"name":"Qierqin River"},"geometry":{"type":"LineString","coordinates":[[133.4447,46.7044],[133.4337,46.7086],[133.4306,46.7136],[133.4216,46.7167],[133.4184,46.7243],[133.4041,46.7317],[133.39,46.7333],[133.3874,46.735],[133.3861,46.7391],[133.3821,46.7412],[133.3728,46.7437],[133.3692,46.7426],[133.3536,46.7444],[133.3432,46.7444],[133.3315,46.7474],[133.326,46.7522],[133.3189,46.7563],[133.3117,46.7715],[133.2936,46.7855],[133.2771,46.7914]]}},{"type":"Feature","properties":{"name":"Naoli River"},"geometry":{"type":"LineString","coordinates":[[133.5498,47.2244],[133.5485,47.2234],[133.55,47.2218],[133.5524,47.222],[133.5544,47.2227],[133.5536,47.2211],[133.5543,47.2196],[133.556,47.2193],[133.5579,47.219],[133.5603,47.2203],[133.5617,47.2212],[133.5642,47.2222],[133.5661,47.2225],[133.5685,47.2221],[133.5703,47.2213],[133.5719,47.2206],[133.5726,47.2225],[133.5733,47.2242],[133.5743,47.2226],[133.5762,47.2225],[133.5764,47.2208],[133.5778,47.2198],[133.5791,47.2209],[133.5809,47.2193],[133.5828,47.2182],[133.581,47.2181],[133.5776,47.2184],[133.5786,47.216]]}},{"type":"Feature","properties":{"name":"Naoli River"},"geometry":{"type":"LineString","coordinates":[[133.549,47.2247],[133.5513,47.2271],[133.5511,47.2294],[133.5528,47.228],[133.5518,47.2256],[133.5498,47.2244]]}},{"type":"Feature","properties":{"name":null},"geometry":{"type":"LineString","coordinates":[[132.8017,47.1262],[132.8126,47.1189],[132.822,47.1126],[132.8342,47.104],[132.848,47.094],[132.8684,47.079]]}},{"type":"Feature","properties":{"name":null},"geometry":{"type":"LineString","coordinates":[[133.9107,46.246],[133.9121,46.2474],[133.9138,46.2478],[133.9159,46.2485],[133.9159,46.2502],[133.9163,46.252],[133.915,46.253],[133.9159,46.2544],[133.9176,46.2541],[133.9184,46.2525],[133.92,46.2532],[133.9213,46.2542],[133.9229,46.2546],[133.9235,46.2562],[133.9246,46.2574],[133.9231,46.2582],[133.9241,46.2596],[133.925,46.2611],[133.9248,46.263],[133.9242,46.2652],[133.9249,46.2667],[133.925,46.2684],[133.9231,46.2688],[133.9216,46.2695],[133.921,46.2712],[133.9194,46.2718],[133.9175,46.2726],[133.9125,46.2726]]}},{"type":"Feature","properties":{"name":null},"geometry":{"type":"LineString","coordinates":[[133.973,46.2118],[133.9717,46.2129],[133.9704,46.2141],[133.969,46.215],[133.9682,46.2164],[133.9669,46.2176],[133.9658,46.219],[133.9641,46.2191],[133.9625,46.2197],[133.9608,46.2203],[133.9594,46.2212],[133.9591,46.2229],[133.9575,46.2234],[133.9565,46.2247],[133.9547,46.2251],[133.9531,46.2257],[133.9516,46.2263],[133.95,46.2263],[133.9485,46.227],[133.9473,46.2281],[133.9459,46.2269],[133.9445,46.2258],[133.9429,46.2266],[133.9422,46.2281],[133.9419,46.2297],[133.9401,46.2301],[133.9395,46.2316],[133.9378,46.2319],[133.9361,46.2319],[133.9346,46.2313],[133.933,46.2319],[133.9313,46.2308],[133.9296,46.2304],[133.928,46.2305],[133.9263,46.2302],[133.9249,46.231],[133.9237,46.2319],[133.9243,46.2335],[133.9229,46.2345],[133.9216,46.2355],[133.92,46.2362],[133.9185,46.2366],[133.9199,46.2377],[133.9195,46.2393],[133.9179,46.2395],[133.9164,46.239],[133.9164,46.2407],[133.9166,46.2423],[133.9151,46.2417],[133.9152,46.2434],[133.9132,46.2434],[133.9132,46.245],[133.9114,46.2455],[133.9107,46.246]]}},{"type":"Feature","properties":{"name":"青龙河"},"geometry":{"type":"LineString","coordinates":[[132.7306,47.4393],[132.7401,47.4412],[132.7587,47.4459],[132.7602,47.4472],[132.76,47.4492],[132.763,47.4502],[132.7654,47.4508],[132.7608,47.4587],[132.7789,47.4651],[132.8102,47.4748],[132.8091,47.4792],[132.8078,47.482],[132.8067,47.4937],[132.8057,47.5024],[132.8085,47.5095],[132.8117,47.5135],[132.8147,47.5152],[132.8241,47.5176],[132.8257,47.519],[132.8315,47.5211],[132.8331,47.5226],[132.8424,47.53],[132.8493,47.5368],[132.8526,47.5388],[132.8649,47.5504],[132.8703,47.5545],[132.8775,47.5573],[132.8912,47.5632],[132.8942,47.5656],[132.8957,47.5682],[132.8965,47.5737],[132.9008,47.602],[132.9071,47.6156],[132.9082,47.617],[132.909,47.6191],[132.9094,47.6216],[132.9092,47.6242],[132.9085,47.6258],[132.908,47.6276],[132.9055,47.6306],[132.9042,47.6327],[132.9042,47.6357],[132.9046,47.6396],[132.907,47.6421],[132.9104,47.6439],[132.912,47.6446],[132.9136,47.645],[132.9146,47.6463],[132.9194,47.6502],[132.9225,47.6538],[132.9248,47.6563],[132.9263,47.6589],[132.9263,47.6607],[132.928,47.6623],[132.9289,47.6644],[132.9291,47.6674],[132.9299,47.6694],[132.9307,47.6713],[132.93,47.6735],[132.9297,47.6762],[132.9293,47.6788],[132.9287,47.6812],[132.9287,47.686],[132.9283,47.6884],[132.9282,47.6902],[132.9278,47.6945],[132.9257,47.697],[132.9259,47.6987],[132.9267,47.7008],[132.9273,47.703]]}},{"type":"Feature","properties":{"name":null},"geometry":{"type":"LineString","coordinates":[[133.2684,47.4275],[133.2607,47.5027]]}},{"type":"Feature","properties":{"name":"别拉洪河"},"geometry":{"type":"LineString","coordinates":[[132.7106,47.3874],[132.7185,47.3884],[132.7386,47.3873],[132.7565,47.3871]]}},{"type":"Feature","properties":{"name":"别拉洪河"},"geometry":{"type":"LineString","coordinates":[[132.7565,47.3871],[132.7566,47.3871]]}},{"type":"Feature","properties":{"name":"别拉洪河"},"geometry":{"type":"LineString","coordinates":[[133.2684,47.4275],[133.2752,47.4287],[133.284,47.4299],[133.2931,47.4312],[133.3023,47.4314],[133.3232,47.4317],[133.3452,47.432],[133.3679,47.4324]]}},{"type":"Feature","properties":{"name":"别拉洪河"},"geometry":{"type":"LineString","coordinates":[[133.2693,47.4186],[133.2684,47.4275]]}},{"type":"Feature","properties":{"name":"别拉洪河"},"geometry":{"type":"LineString","coordinates":[[133.3679,47.4324],[133.4098,47.433],[133.41,47.4204],[133.4859,47.4213]]}},{"type":"Feature","properties":{"name":"别拉洪河"},"geometry":{"type":"LineString","coordinates":[[133.4859,47.4213],[133.4996,47.4215]]}},{"type":"Feature","properties":{"name":"别拉洪河"},"geometry":{"type":"LineString","coordinates":[[133.4996,47.4215],[133.6083,47.4224],[133.6104,47.4232],[133.6128,47.447],[133.6146,47.4705],[133.6178,47.4881],[133.6298,47.5133],[133.6309,47.5135]]}},{"type":"Feature","properties":{"name":null},"geometry":{"type":"LineString","coordinates":[[132.2754,46.9941],[132.2802,46.9953],[132.2865,46.9969],[132.2971,46.9996],[132.3044,47.0016],[132.3084,47.0026],[132.3155,47.0045],[132.3231,47.0065],[132.3278,47.0076],[132.3331,47.009],[132.3399,47.0108],[132.3472,47.0111],[132.3577,47.0115],[132.3743,47.012],[132.388,47.0136],[132.4002,47.0143],[132.4119,47.0149],[132.43,47.0158],[132.4343,47.0159],[132.4367,47.0162],[132.4455,47.0166],[132.4557,47.017],[132.4714,47.0177],[132.4834,47.0208],[132.4905,47.0226],[132.4927,47.0232],[132.5008,47.0259],[132.5084,47.0285],[132.519,47.0312],[132.5229,47.0323],[132.5281,47.023],[132.5331,47.014],[132.5343,47.0119],[132.5373,47.0066]]}},{"type":"Feature","properties":{"name":null},"geometry":{"type":"LineString","coordinates":[[132.3677,46.9799],[132.3823,46.9803],[132.3938,46.9807],[132.4043,46.9808],[132.4163,46.981],[132.4259,46.9812],[132.433,46.9813],[132.4351,46.9817],[132.4457,46.9835],[132.456,46.9853],[132.4578,46.9856],[132.4614,46.9864],[132.474,46.9899],[132.4953,46.9957],[132.5169,47.0012],[132.5328,47.0054],[132.5373,47.0066],[132.5475,47.0092],[132.5616,47.0128],[132.5737,47.0161]]}},{"type":"Feature","properties":{"name":"阿布沁河"},"geometry":{"type":"LineString","coordinates":[[133.2177,46.3977],[133.2175,46.396],[133.1888,46.3684],[133.1878,46.3557],[133.16,46.3393],[133.1631,46.3361],[133.1603,46.3332],[133.155,46.3317],[133.1541,46.3301],[133.1627,46.3179],[133.1605,46.3119],[133.1565,46.2868],[133.1462,46.2776],[133.1543,46.2498],[133.1661,46.2378],[133.1672,46.2355],[133.1699,46.2348],[133.1703,46.2324],[133.1701,46.2305],[133.1722,46.231],[133.1739,46.2276],[133.1759,46.2271],[133.1745,46.2262],[133.1729,46.2255],[133.1711,46.2255],[133.17,46.2242],[133.1718,46.2241],[133.1704,46.2227],[133.1687,46.2228],[133.1683,46.2208]]}},{"type":"Feature","properties":{"name":null},"geometry":{"type":"LineString","coordinates":[[133.1683,46.2208],[133.1701,46.2135],[133.1686,46.2124],[133.1708,46.2086],[133.1711,46.2069],[133.1726,46.2061],[133.1766,46.1997],[133.1744,46.1955]]}},{"type":"Feature","properties":{"name":"阿布沁河"},"geometry":{"type":"LineString","coordinates":[[133.4586,46.5478],[133.4574,46.5466],[133.4558,46.5462],[133.4526,46.5458],[133.451,46.5451],[133.4494,46.5449],[133.4471,46.5454],[133.4454,46.5455],[133.4437,46.545],[133.4431,46.5435],[133.4438,46.542],[133.444,46.5398],[133.4445,46.5376],[133.4449,46.5358],[133.4453,46.5342],[133.4466,46.5319],[133.4476,46.5306],[133.4474,46.5289],[133.4462,46.5279],[133.4462,46.5276]]}},{"type":"Feature","properties":{"name":"阿布沁河"},"geometry":{"type":"LineString","coordinates":[[133.4388,46.5119],[133.4379,46.5106],[133.4364,46.5095],[133.4342,46.5086],[133.4321,46.5085],[133.4297,46.5081],[133.4276,46.5086],[133.4257,46.5089],[133.4233,46.5089],[133.4216,46.5089],[133.4198,46.5092],[133.4183,46.5099],[133.4169,46.5107],[133.4153,46.5106],[133.4135,46.5108],[133.4115,46.5103],[133.4099,46.5101],[133.4083,46.5094],[133.4066,46.5092],[133.4061,46.5088]]}},{"type":"Feature","properties":{"name":"阿布沁河"},"geometry":{"type":"LineString","coordinates":[[133.4461,46.5276],[133.4455,46.526],[133.4449,46.5243],[133.4439,46.5229],[133.4424,46.5218],[133.4431,46.5202],[133.4428,46.5186],[133.442,46.5172],[133.442,46.5155],[133.4412,46.5139],[133.4398,46.5131],[133.4388,46.512]]}},{"type":"Feature","properties":{"name":"阿布沁河"},"geometry":{"type":"LineString","coordinates":[[133.4388,46.512],[133.4388,46.5119]]}},{"type":"Feature","properties":{"name":"阿布沁河"},"geometry":{"type":"LineString","coordinates":[[133.2952,46.4705],[133.2931,46.4713],[133.2907,46.4713],[133.2891,46.4714],[133.2872,46.4711],[133.2855,46.4707],[133.2834,46.4707],[133.2816,46.4709],[133.2799,46.4719],[133.2781,46.472],[133.2766,46.4712],[133.2752,46.4702],[133.2731,46.4693],[133.2715,46.4685],[133.2699,46.4677],[133.2687,46.4665],[133.267,46.4657],[133.2659,46.4644],[133.2643,46.4642],[133.2627,46.464],[133.2609,46.4644],[133.2595,46.4632],[133.2593,46.4615],[133.2584,46.46],[133.257,46.4588],[133.2561,46.4572],[133.2555,46.4557],[133.2553,46.4539],[133.2538,46.453],[133.252,46.4521],[133.2504,46.4519],[133.2487,46.4518],[133.2468,46.4513],[133.245,46.4512],[133.2431,46.4504],[133.2418,46.449],[133.2408,46.4474],[133.2398,46.4459],[133.2401,46.4439],[133.2391,46.4424],[133.2375,46.4412],[133.2368,46.4396],[133.2353,46.4382],[133.2337,46.4367],[133.2337,46.4349],[133.2337,46.4332],[133.2319,46.433],[133.2308,46.4313],[133.2302,46.4296],[133.2282,46.4297],[133.2267,46.4282],[133.2268,46.4264],[133.2265,46.4244],[133.226,46.4225],[133.2253,46.4206],[133.2243,46.4188],[133.223,46.4176],[133.2219,46.416],[133.2208,46.4147],[133.2212,46.413],[133.2206,46.4113],[133.2216,46.4099],[133.2231,46.4093],[133.2242,46.4079],[133.2249,46.4064],[133.2245,46.4049],[133.2235,46.4033],[133.222,46.4025],[133.2207,46.4016],[133.2195,46.4002],[133.2185,46.3989],[133.2177,46.3977]]}},{"type":"Feature","properties":{"name":"阿布沁河"},"geometry":{"type":"LineString","coordinates":[[133.4462,46.5276],[133.4461,46.5276]]}},{"type":"Feature","properties":{"name":"阿布沁河"},"geometry":{"type":"LineString","coordinates":[[133.3008,46.4713],[133.299,46.4707],[133.297,46.4705],[133.2953,46.4704]]}},{"type":"Feature","properties":{"name":"阿布沁河"},"geometry":{"type":"LineString","coordinates":[[133.2953,46.4704],[133.2952,46.4705]]}},{"type":"Feature","properties":{"name":"挠力河"},"geometry":{"type":"LineString","coordinates":[[132.5745,46.6986],[132.5724,46.6992],[132.5708,46.6999],[132.5708,46.7016],[132.5717,46.703],[132.5734,46.7035],[132.5745,46.7049],[132.5758,46.7064],[132.5776,46.7068],[132.579,46.7082],[132.5806,46.7085],[132.5789,46.709],[132.577,46.7091],[132.5756,46.7084],[132.5763,46.7101],[132.5778,46.7108],[132.5787,46.7123],[132.5799,46.7135],[132.5786,46.7148],[132.5801,46.7157],[132.5816,46.7161],[132.584,46.7159],[132.5852,46.7172],[132.5869,46.7172],[132.5879,46.7189],[132.5887,46.7204],[132.5879,46.7219],[132.5884,46.7235],[132.59,46.7235],[132.5912,46.7245],[132.5925,46.7256],[132.593,46.7258]]}},{"type":"Feature","properties":{"name":"挠力河"},"geometry":{"type":"LineString","coordinates":[[132.5074,46.6454],[132.5062,46.6464],[132.5059,46.6481],[132.5067,46.6497],[132.5076,46.6511],[132.5087,46.6524],[132.5102,46.6533],[132.5089,46.6544],[132.5104,46.6553],[132.5121,46.6547],[132.5138,46.6558],[132.5152,46.6567],[132.5171,46.6575],[132.5189,46.6579],[132.5203,46.657],[132.5215,46.6582],[132.5231,46.6592],[132.5248,46.6585],[132.5268,46.6587],[132.5274,46.6606],[132.5291,46.6618],[132.5294,46.6636],[132.5314,46.6642],[132.5329,46.6655],[132.5343,46.6665],[132.5359,46.667],[132.5375,46.6681],[132.5387,46.6698],[132.5403,46.6707],[132.542,46.6717],[132.5427,46.6731],[132.544,46.6741],[132.5456,46.675],[132.5466,46.6763],[132.5478,46.6774],[132.5493,46.6778],[132.5514,46.6777],[132.5521,46.6794],[132.5537,46.6801],[132.5553,46.6808],[132.5568,46.6816],[132.5562,46.6832],[132.5577,46.6846],[132.5591,46.6858],[132.5606,46.6863],[132.5612,46.6879],[132.5625,46.6891],[132.5642,46.6899],[132.5655,46.6914],[132.5668,46.6926],[132.5686,46.6929],[132.5703,46.6925],[132.5718,46.6932],[132.5729,46.6951],[132.5744,46.6959],[132.575,46.6978],[132.5745,46.6986]]}},{"type":"Feature","properties":{"name":"挠力河"},"geometry":{"type":"LineString","coordinates":[[132.377,46.4915],[132.3786,46.4926],[132.3799,46.4914],[132.3815,46.4907],[132.3824,46.4892],[132.384,46.4902],[132.3858,46.4904],[132.3866,46.4921],[132.3882,46.4919],[132.3897,46.4934],[132.3914,46.4939],[132.3928,46.4931],[132.3937,46.4945],[132.395,46.4954],[132.3962,46.497],[132.3983,46.4979],[132.4003,46.499],[132.4023,46.5],[132.4039,46.5007],[132.4055,46.5012],[132.4066,46.5024],[132.4081,46.5031],[132.4081,46.5047]]}},{"type":"Feature","properties":{"name":"挠力河"},"geometry":{"type":"LineString","coordinates":[[132.4678,46.6135],[132.4695,46.6139],[132.4713,46.6138],[132.472,46.6155],[132.4737,46.6154],[132.475,46.6163],[132.4768,46.6166],[132.4777,46.618],[132.4789,46.6193],[132.4806,46.6195],[132.4822,46.619],[132.483,46.6204],[132.4847,46.6205],[132.4862,46.6215],[132.4885,46.6218],[132.4901,46.6226],[132.4915,46.6234],[132.4925,46.6248],[132.4942,46.6255],[132.4946,46.6272],[132.496,46.6286],[132.4963,46.6302],[132.4963,46.632],[132.4978,46.6329],[132.4995,46.6334],[132.5011,46.6338],[132.5022,46.6354],[132.5038,46.6354],[132.5043,46.6372],[132.5059,46.6377],[132.5062,46.6395],[132.5063,46.6411],[132.5076,46.6423],[132.5071,46.6441],[132.5074,46.6454]]}},{"type":"Feature","properties":{"name":"挠力河"},"geometry":{"type":"LineString","coordinates":[[132.4081,46.5047],[132.4099,46.5042],[132.4113,46.5052],[132.4134,46.5051],[132.4143,46.5066],[132.4155,46.5055],[132.4169,46.5068],[132.4163,46.5084],[132.4162,46.5085]]}},{"type":"Feature","properties":{"name":"挠力河"},"geometry":{"type":"LineString","coordinates":[[132.4162,46.5085],[132.4178,46.5089],[132.4194,46.5085],[132.421,46.5086],[132.4214,46.5103],[132.4197,46.5107],[132.4192,46.5123],[132.4186,46.514],[132.4194,46.5156],[132.4205,46.5168],[132.422,46.5173],[132.4209,46.5187],[132.4193,46.5184],[132.4183,46.5203],[132.4177,46.5219],[132.4195,46.5216],[132.4211,46.521],[132.4224,46.5223],[132.422,46.524],[132.4214,46.5257],[132.4231,46.5255],[132.4244,46.5265],[132.4257,46.5278],[132.4256,46.5281]]}},{"type":"Feature","properties":{"name":"挠力河"},"geometry":{"type":"LineString","coordinates":[[132.4516,46.5828],[132.4501,46.5837],[132.4513,46.585],[132.4528,46.5862],[132.4533,46.5877],[132.4549,46.5884],[132.4551,46.59],[132.4556,46.5916],[132.4557,46.5933],[132.456,46.5951],[132.4578,46.5956],[132.4584,46.5971],[132.458,46.5987],[132.4593,46.6],[132.4602,46.6017],[132.4606,46.6034],[132.4623,46.6031],[132.4634,46.6043],[132.4632,46.6061],[132.4643,46.6073],[132.4625,46.6082],[132.4612,46.6092],[132.4612,46.6109],[132.4628,46.6115],[132.4636,46.613],[132.4651,46.614],[132.4668,46.613],[132.4678,46.6135]]}},{"type":"Feature","properties":{"name":"挠力河"},"geometry":{"type":"LineString","coordinates":[[132.4256,46.5281],[132.4257,46.5298],[132.4256,46.5314],[132.4249,46.533],[132.4251,46.5347],[132.425,46.5363],[132.4246,46.5379],[132.4262,46.5385],[132.4265,46.5401],[132.4265,46.5418],[132.4277,46.5432],[132.4294,46.5435],[132.4312,46.5432],[132.4326,46.5436]]}},{"type":"Feature","properties":{"name":"挠力河"},"geometry":{"type":"LineString","coordinates":[[132.4326,46.5436],[132.4312,46.5446],[132.4304,46.5462],[132.4312,46.5477],[132.4328,46.5495],[132.4348,46.55],[132.4362,46.5511],[132.4369,46.5525],[132.4387,46.5524],[132.44,46.5536],[132.4396,46.5554],[132.4398,46.5573],[132.4402,46.559],[132.442,46.5591],[132.4407,46.5602],[132.4404,46.5619],[132.441,46.5634],[132.4406,46.5651],[132.4414,46.5667],[132.4405,46.5681],[132.4417,46.5694],[132.4404,46.5704],[132.4421,46.5712],[132.4438,46.571],[132.4454,46.5704],[132.447,46.5708],[132.4455,46.5719],[132.445,46.5735],[132.4468,46.5741],[132.4484,46.5748],[132.4486,46.5765],[132.4495,46.5781],[132.4509,46.5793],[132.452,46.5807],[132.4533,46.5817],[132.4517,46.5817],[132.4516,46.5828]]}},{"type":"Feature","properties":{"name":"小挠力河"},"geometry":{"type":"LineString","coordinates":[[132.4822,46.4732],[132.4816,46.4755],[132.4813,46.4773],[132.4807,46.4789],[132.4812,46.4808],[132.4829,46.4802],[132.4836,46.4818],[132.4821,46.4825],[132.4839,46.4833],[132.4855,46.4838],[132.4872,46.4834],[132.4869,46.4856],[132.4851,46.4866],[132.4872,46.487],[132.4889,46.486],[132.4884,46.4877],[132.4872,46.4889],[132.4892,46.489],[132.4909,46.4894],[132.4919,46.4912],[132.4941,46.4917],[132.4952,46.4903],[132.4948,46.4888],[132.4965,46.4886],[132.4974,46.4872],[132.4993,46.4876],[132.5008,46.4889],[132.5022,46.4876],[132.5033,46.4893],[132.5047,46.4904],[132.505,46.4884],[132.5069,46.4878],[132.509,46.4887],[132.5099,46.4872],[132.5112,46.4885],[132.5102,46.4898],[132.5116,46.4906],[132.5128,46.4892],[132.5143,46.49],[132.5157,46.4895]]}},{"type":"Feature","properties":{"name":"小挠力河"},"geometry":{"type":"LineString","coordinates":[[132.3976,46.4504],[132.3999,46.4509],[132.4016,46.4503],[132.4029,46.4512],[132.4015,46.4524],[132.4023,46.4539],[132.4034,46.4553],[132.4012,46.4555],[132.4023,46.4567],[132.404,46.457],[132.4059,46.4573],[132.4061,46.4591],[132.4075,46.4599],[132.4094,46.4604],[132.4112,46.4607],[132.4126,46.4616],[132.4141,46.4609],[132.4153,46.4605]]}},{"type":"Feature","properties":{"name":"小挠力河"},"geometry":{"type":"LineString","coordinates":[[132.4153,46.4605],[132.417,46.4609],[132.4186,46.4602],[132.4203,46.4602],[132.4209,46.4617],[132.4227,46.4617],[132.4243,46.4625],[132.426,46.4619],[132.4274,46.461],[132.429,46.462],[132.4307,46.4624],[132.4329,46.4631],[132.4349,46.4633],[132.4366,46.4637],[132.4386,46.4632],[132.4402,46.4629]]}},{"type":"Feature","properties":{"name":"小挠力河"},"geometry":{"type":"LineString","coordinates":[[132.4402,46.4629],[132.4424,46.4625],[132.4441,46.462],[132.4469,46.4611],[132.4487,46.4595],[132.451,46.4591],[132.453,46.4592],[132.4544,46.4584],[132.4532,46.4574],[132.4547,46.4562],[132.4564,46.4563],[132.4582,46.4556],[132.46,46.4544],[132.46,46.4561],[132.4611,46.4576],[132.4628,46.4579],[132.4635,46.4596],[132.465,46.4588],[132.4664,46.4598],[132.466,46.4614],[132.4643,46.4617],[132.4645,46.4635],[132.4664,46.464],[132.4654,46.4652],[132.4678,46.4651],[132.469,46.4666],[132.4695,46.4681],[132.4714,46.4694],[132.4732,46.4687],[132.4729,46.4703],[132.4748,46.4699],[132.4742,46.4714],[132.4759,46.4711],[132.4749,46.4725],[132.477,46.4729],[132.4784,46.4719],[132.4801,46.472],[132.4821,46.4729],[132.4822,46.4732]]}},{"type":"Feature","properties":{"name":null},"geometry":{"type":"LineString","coordinates":[[132.5059,46.6466],[132.5005,46.6491],[132.4975,46.6493],[132.4833,46.6514],[132.4679,46.6538],[132.4607,46.6549],[132.4487,46.6567],[132.4264,46.6602],[132.425,46.6604]]}},{"type":"Feature","properties":{"name":null},"geometry":{"type":"LineString","coordinates":[[132.4248,46.6604],[132.4186,46.6614],[132.4131,46.6617],[132.3905,46.6629],[132.39,46.663]]}},{"type":"Feature","properties":{"name":null},"geometry":{"type":"LineString","coordinates":[[132.425,46.6604],[132.4248,46.6604]]}},{"type":"Feature","properties":{"name":"Бикин"},"geometry":{"type":"LineString","coordinates":[[134.4023,46.5268],[134.3992,46.5287],[134.3932,46.5304],[134.3875,46.5307],[134.3861,46.5307]]}},{"type":"Feature","properties":{"name":"Ussuri"},"geometry":{"type":"LineString","coordinates":[[134.0098,46.649],[134.0099,46.6512],[134.0096,46.6529],[134.0092,46.6564],[134.0135,46.6659],[134.0242,46.695],[134.0246,46.6978],[134.0247,46.7006],[134.0242,46.7034],[134.0235,46.7058],[134.0218,46.7089],[134.02,46.7123],[134.0186,46.7153],[134.0176,46.7191],[134.0172,46.7221],[134.0174,46.7247],[134.0182,46.7279],[134.0221,46.7393],[134.0244,46.7464],[134.025,46.749],[134.026,46.7541],[134.0266,46.7559],[134.0278,46.7579],[134.0291,46.7591],[134.031,46.7605],[134.0401,46.766],[134.0419,46.7674],[134.0437,46.7691],[134.0458,46.7723],[134.0466,46.7746],[134.0467,46.7766],[134.0462,46.7786],[134.0441,46.7823],[134.0415,46.785],[134.0371,46.7897],[134.0344,46.7921],[134.0315,46.7961],[134.0308,46.7986],[134.0302,46.8012],[134.0228,46.8054],[134.0192,46.8065],[134.0172,46.8096],[134.0158,46.8126],[134.0149,46.8157],[134.0146,46.8181],[134.0145,46.8228],[134.0148,46.8253],[134.0159,46.8287],[134.0174,46.8315],[134.0187,46.8332],[134.021,46.8358],[134.0225,46.8371],[134.0244,46.8384],[134.033,46.8444],[134.0343,46.8455],[134.0351,46.8473],[134.0355,46.8496],[134.0356,46.8528],[134.0352,46.8554],[134.0345,46.8602],[134.0344,46.8621],[134.038,46.8687],[134.0384,46.8704],[134.0385,46.8725],[134.0381,46.8743],[134.0359,46.8823],[134.0357,46.8855],[134.0367,46.8869],[134.0382,46.8876],[134.0422,46.888],[134.0446,46.8889],[134.0498,46.8929],[134.0491,46.9024],[134.0499,46.9079],[134.051,46.9095],[134.0542,46.9139],[134.0623,46.9226],[134.0637,46.9247],[134.0665,46.9299],[134.0679,46.9335],[134.0687,46.9368],[134.0691,46.9399],[134.0693,46.945],[134.0689,46.949],[134.0681,46.952],[134.0668,46.9542],[134.0649,46.9565],[134.0573,46.9645],[134.0553,46.9673],[134.0541,46.9702],[134.0537,46.9723],[134.0549,46.975],[134.0634,46.9836],[134.0672,46.9863],[134.0808,46.995],[134.0872,46.9991],[134.0928,47.0033],[134.0941,47.0047],[134.0953,47.0063],[134.0961,47.0086],[134.0964,47.011],[134.0966,47.0193],[134.0968,47.0211],[134.0974,47.023],[134.0985,47.0245],[134.1123,47.0399],[134.1139,47.0421],[134.1144,47.0438],[134.1147,47.0464],[134.1147,47.0495],[134.1142,47.0523],[134.113,47.0587],[134.1128,47.0606],[134.1132,47.0635],[134.1144,47.0656],[134.1158,47.0667],[134.1177,47.068],[134.1229,47.0705],[134.1246,47.0718],[134.1259,47.0733],[134.1268,47.0753],[134.1278,47.0806],[134.1285,47.0822],[134.1313,47.085],[134.1406,47.0927],[134.1434,47.0942],[134.1455,47.0951],[134.1475,47.0955],[134.1498,47.0958],[134.1527,47.0958],[134.1632,47.0954],[134.1687,47.0953],[134.1804,47.0954],[134.1847,47.0944],[134.1875,47.0938],[134.1918,47.0944],[134.1984,47.0954],[134.2106,47.0996],[134.2142,47.103],[134.2173,47.1065],[134.2188,47.1087],[134.2204,47.1112],[134.2223,47.1158],[134.2243,47.1243],[134.2249,47.128],[134.2252,47.1313],[134.2249,47.1344],[134.2218,47.145],[134.2216,47.1477],[134.2216,47.1513],[134.2218,47.1546],[134.2238,47.1641],[134.2242,47.1676],[134.2241,47.171],[134.2237,47.1742],[134.2219,47.1813],[134.2204,47.1855],[134.2187,47.1889],[134.2164,47.1924],[134.2129,47.1977],[134.2082,47.2035]]}},{"type":"Feature","properties":{"name":"Naoli River"},"geometry":{"type":"LineString","coordinates":[[134.0478,47.2851],[134.0465,47.2833],[134.0467,47.2815],[134.0491,47.2814],[134.051,47.2829],[134.0518,47.2846],[134.054,47.2836],[134.0556,47.2831],[134.0576,47.2833],[134.0582,47.285],[134.0566,47.2877],[134.0539,47.2893],[134.0504,47.2891],[134.0516,47.2916],[134.0544,47.2911],[134.0564,47.2896],[134.0611,47.2893],[134.0638,47.2919],[134.0659,47.2916],[134.0659,47.2883],[134.0676,47.2863],[134.0649,47.2855],[134.0681,47.2847],[134.0698,47.2867],[134.0704,47.2895],[134.0734,47.2912],[134.0767,47.2899],[134.0767,47.2876],[134.0753,47.2865],[134.0767,47.2847],[134.0824,47.286],[134.0861,47.2842],[134.0853,47.2874],[134.0894,47.2872],[134.0925,47.2874],[134.0954,47.2902],[134.0973,47.2904],[134.0994,47.2898],[134.1012,47.2874],[134.1035,47.2863],[134.1057,47.2874],[134.1066,47.2893],[134.1057,47.2919],[134.1019,47.2943],[134.1038,47.298],[134.1069,47.298],[134.1086,47.2963],[134.1114,47.2925],[134.115,47.2916],[134.12,47.2916],[134.1249,47.2934],[134.1275,47.298],[134.1275,47.3009],[134.1301,47.3028],[134.1359,47.3044],[134.1443,47.3045],[134.1507,47.3055],[134.157,47.3091],[134.1605,47.3129],[134.1648,47.3175],[134.1693,47.3184]]}},{"type":"Feature","properties":{"name":"Бикин"},"geometry":{"type":"LineString","coordinates":[[135.4983,46.7065],[135.497,46.7048],[135.4945,46.7017],[135.4929,46.7006],[135.4912,46.7004],[135.4878,46.7009],[135.4857,46.7003],[135.4842,46.6992],[135.483,46.6978],[135.4804,46.6946],[135.4783,46.6919],[135.477,46.689],[135.4757,46.686],[135.4736,46.6815],[135.4723,46.6801],[135.4708,46.6794],[135.4688,46.6791],[135.4668,46.679],[135.4651,46.6788],[135.463,46.678],[135.4614,46.6775],[135.4595,46.6767],[135.4581,46.6758],[135.4567,46.6736],[135.4541,46.6724],[135.4519,46.6723],[135.4503,46.6721],[135.4489,46.671],[135.4467,46.6698],[135.4457,46.6685],[135.4454,46.6667],[135.4469,46.665],[135.4482,46.6639],[135.4493,46.6624],[135.4502,46.6611],[135.4507,46.6596],[135.4507,46.656],[135.4501,46.6537],[135.4493,46.6508],[135.4498,46.6479],[135.4517,46.6455],[135.4531,46.6444],[135.4553,46.6433],[135.4571,46.6421],[135.458,46.6402],[135.4579,46.6383],[135.4569,46.637],[135.4547,46.6366],[135.4523,46.6367],[135.4506,46.6369],[135.4481,46.6375],[135.4463,46.6377],[135.4431,46.6373],[135.4402,46.6358],[135.4391,46.6346],[135.4373,46.6331],[135.4349,46.6319],[135.4333,46.6304],[135.4322,46.629],[135.4316,46.6272],[135.4309,46.6257],[135.4315,46.623],[135.4317,46.6208],[135.4318,46.6188],[135.4316,46.6167],[135.4315,46.6147],[135.4301,46.6129],[135.4283,46.6127],[135.4264,46.6118],[135.4254,46.6101],[135.4253,46.6077],[135.4266,46.6063],[135.4282,46.606],[135.4306,46.6061],[135.4326,46.6067],[135.4342,46.6065],[135.4356,46.6054],[135.436,46.6036],[135.435,46.6019],[135.4344,46.6002],[135.4347,46.5977],[135.4347,46.5961],[135.4336,46.5947],[135.4308,46.5946],[135.4292,46.5942],[135.4277,46.5934],[135.4257,46.5909],[135.4244,46.5889],[135.4237,46.5872],[135.4232,46.5854],[135.4209,46.5841],[135.4189,46.583],[135.4175,46.5818],[135.4175,46.58],[135.4162,46.5787],[135.4135,46.5779],[135.4122,46.5768],[135.414,46.5754],[135.4163,46.5747],[135.4179,46.574],[135.4181,46.5723],[135.4153,46.5716],[135.413,46.5715],[135.4112,46.5713],[135.4092,46.5706],[135.4072,46.5698],[135.4048,46.569],[135.4028,46.5683],[135.401,46.568],[135.3987,46.5679],[135.3968,46.5679],[135.3948,46.568],[135.3926,46.5675],[135.391,46.5653],[135.3884,46.5625],[135.3865,46.5605],[135.3857,46.5588],[135.3856,46.5568],[135.3847,46.5553],[135.3834,46.5538],[135.3819,46.5532],[135.3802,46.5527],[135.379,46.5516],[135.3783,46.5511]]}},{"type":"Feature","properties":{"name":"Бикин"},"geometry":{"type":"LineString","coordinates":[[134.6124,46.5585],[134.6135,46.5531],[134.6135,46.5501],[134.6104,46.5477],[134.6049,46.5455],[134.598,46.5448],[134.6015,46.5407],[134.6001,46.5391],[134.5958,46.5383],[134.5881,46.5414],[134.5833,46.5408],[134.5766,46.5366],[134.5716,46.5358],[134.5673,46.5356],[134.5647,46.5349],[134.5637,46.5335],[134.5661,46.5293],[134.5644,46.5261],[134.5601,46.5261],[134.5548,46.5293],[134.5498,46.5291],[134.5464,46.5246],[134.5427,46.5213],[134.5402,46.5212],[134.5355,46.522],[134.5337,46.5212],[134.5295,46.5189],[134.5263,46.5185],[134.5249,46.5196],[134.5242,46.522],[134.5203,46.5224],[134.5173,46.5215],[134.5148,46.5186],[134.5139,46.5156],[134.5144,46.5064],[134.5132,46.5032],[134.511,46.5023],[134.5079,46.5024],[134.5005,46.5005],[134.4974,46.498],[134.4962,46.4939],[134.494,46.4933],[134.4911,46.4942],[134.4888,46.4958],[134.488,46.4979],[134.4854,46.4984],[134.483,46.4973],[134.4835,46.4953],[134.4851,46.4934],[134.484,46.4884],[134.4818,46.4875],[134.4794,46.4883],[134.478,46.4932],[134.4748,46.4949],[134.4717,46.4949],[134.4667,46.4933],[134.4657,46.4903],[134.4667,46.4889],[134.4682,46.4867],[134.4657,46.4842],[134.465,46.4821],[134.4657,46.4799],[134.4645,46.4763],[134.4612,46.4738],[134.4569,46.4737],[134.4518,46.4751],[134.4487,46.4778],[134.4419,46.4786]]}},{"type":"Feature","properties":{"name":"Бикин"},"geometry":{"type":"LineString","coordinates":[[134.9573,46.5532],[134.9565,46.5503],[134.9571,46.5481],[134.9573,46.5461],[134.9645,46.5451],[134.9659,46.5437],[134.9657,46.5405],[134.9606,46.5401],[134.9563,46.5381],[134.9544,46.5358],[134.9551,46.5325],[134.9544,46.5305],[134.9525,46.5296],[134.9504,46.5299],[134.9436,46.5344],[134.9395,46.5358],[134.9371,46.537],[134.9326,46.5371],[134.9302,46.5363],[134.929,46.5345],[134.9295,46.5325],[134.9319,46.5309],[134.9329,46.5286],[134.9321,46.5266],[134.9297,46.5257],[134.9237,46.5268],[134.9194,46.5284],[134.9175,46.5291],[134.9118,46.5296],[134.9094,46.5298],[134.9022,46.529],[134.9008,46.5277],[134.9008,46.5239],[134.8993,46.522],[134.8964,46.522],[134.8935,46.5229],[134.8897,46.527],[134.8847,46.5292],[134.8811,46.5292],[134.8797,46.5259],[134.8777,46.5252],[134.8747,46.5251],[134.8717,46.5274],[134.8668,46.5279],[134.8617,46.5268],[134.8581,46.5259],[134.8548,46.5262],[134.8521,46.5285],[134.8432,46.5293],[134.839,46.529],[134.8339,46.528],[134.8329,46.5257],[134.8305,46.5249],[134.8272,46.5258],[134.8244,46.5273],[134.825,46.5313],[134.8229,46.5335],[134.8207,46.5359],[134.8184,46.5369],[134.8165,46.5366],[134.8133,46.5355],[134.8066,46.5356],[134.8016,46.5371],[134.7987,46.5377],[134.7954,46.5389],[134.7942,46.5414],[134.7944,46.543],[134.797,46.5443],[134.799,46.5456],[134.7985,46.5473],[134.7905,46.5496],[134.7844,46.552],[134.782,46.5523],[134.7802,46.5539],[134.7812,46.5565],[134.7795,46.5605],[134.7774,46.5624],[134.7747,46.5625],[134.7716,46.5617],[134.7688,46.5617],[134.7645,46.5616],[134.7621,46.5599],[134.7618,46.5566],[134.7596,46.5549],[134.7542,46.5532],[134.7523,46.5507],[134.7462,46.5486],[134.741,46.5489],[134.7396,46.5512],[134.7372,46.5528],[134.7341,46.5521],[134.734,46.55],[134.7311,46.549],[134.729,46.5494],[134.7255,46.5519],[134.7231,46.5532],[134.7224,46.5548],[134.7227,46.5566],[134.7204,46.5591],[134.7163,46.5599],[134.7137,46.5616],[134.7112,46.5622],[134.7091,46.5634],[134.7063,46.5639],[134.7022,46.5623],[134.6991,46.5608],[134.6945,46.5598],[134.6919,46.5589],[134.69,46.5578],[134.6886,46.5565],[134.6865,46.5557],[134.68,46.5552],[134.6747,46.5554],[134.6723,46.5553],[134.6683,46.5547],[134.6662,46.5538],[134.6639,46.5511],[134.6618,46.5504],[134.657,46.5529],[134.655,46.554],[134.6532,46.5545],[134.6509,46.5547],[134.6461,46.5536],[134.6382,46.552],[134.6339,46.5516],[134.6294,46.5539],[134.6282,46.5556],[134.6246,46.5568],[134.6207,46.5568],[134.6171,46.5586],[134.6142,46.5587],[134.6124,46.5585]]}},{"type":"Feature","properties":{"name":null},"geometry":{"type":"LineString","coordinates":[[134.6535,46.5828],[134.6512,46.5796],[134.6459,46.577],[134.642,46.5759],[134.6339,46.5776],[134.6222,46.5781],[134.6116,46.581],[134.6083,46.5823],[134.6066,46.5846],[134.607,46.5873],[134.6082,46.5895],[134.6071,46.5912],[134.6049,46.5936],[134.6037,46.5968],[134.6021,46.5987],[134.5999,46.5993],[134.5968,46.5993],[134.5972,46.5964],[134.6001,46.5952],[134.5987,46.5932],[134.5936,46.5951],[134.5906,46.5968],[134.587,46.5972],[134.5821,46.6008],[134.5773,46.6008],[134.5755,46.602],[134.5755,46.6038],[134.5781,46.6045],[134.5809,46.6041],[134.585,46.602],[134.5879,46.6018],[134.5891,46.603],[134.5886,46.6054],[134.5864,46.6065],[134.5824,46.6065],[134.5797,46.61],[134.5795,46.6133],[134.581,46.6156],[134.5827,46.6156],[134.5846,46.6163],[134.5838,46.6178],[134.5809,46.621],[134.5728,46.6244],[134.572,46.6267],[134.5655,46.6293],[134.5627,46.6317],[134.5591,46.6309],[134.5567,46.6298],[134.5538,46.6294],[134.5472,46.627],[134.5424,46.6268],[134.5397,46.6254],[134.5374,46.6235],[134.535,46.6235],[134.5329,46.6253],[134.528,46.6242],[134.5256,46.6241],[134.525,46.6263],[134.5302,46.6273],[134.5313,46.6291],[134.5243,46.6322],[134.5191,46.6299],[134.5153,46.6294],[134.5098,46.6294],[134.504,46.6269],[134.5005,46.6263],[134.4964,46.6271],[134.4923,46.6291],[134.4897,46.6291],[134.4871,46.6283],[134.484,46.63],[134.4851,46.634],[134.4823,46.6355],[134.4813,46.6379],[134.4763,46.6383],[134.4734,46.6392],[134.4719,46.6408],[134.4719,46.6428],[134.4741,46.6435],[134.4729,46.6461],[134.4742,46.648],[134.4769,46.6473],[134.4789,46.649],[134.4748,46.6506],[134.4727,46.6515],[134.4747,46.6537],[134.4769,46.6538],[134.4794,46.6529],[134.4814,46.6538],[134.4795,46.656],[134.4812,46.6582],[134.4786,46.6588],[134.4774,46.6566],[134.4756,46.6561],[134.4737,46.6566],[134.4715,46.6582],[134.4643,46.6584],[134.4573,46.6567],[134.4454,46.6579],[134.4407,46.6574],[134.4369,46.6577],[134.4325,46.6583],[134.4279,46.6559],[134.426,46.6553],[134.4243,46.6555],[134.4225,46.6556],[134.4181,46.6574],[134.4153,46.6565],[134.4127,46.6569],[134.4113,46.6582],[134.4087,46.6597],[134.4058,46.662],[134.4031,46.6631],[134.4005,46.6633],[134.3991,46.6618],[134.399,46.6602],[134.3972,46.6596],[134.3947,46.6594],[134.3934,46.6611],[134.3949,46.6623],[134.3949,46.6639],[134.3924,46.6644],[134.391,46.6659],[134.3893,46.6674],[134.3868,46.668],[134.3848,46.6686],[134.3824,46.6695],[134.3808,46.6687],[134.3781,46.6684],[134.3805,46.6667],[134.3804,46.6646],[134.3782,46.6649],[134.3761,46.6647],[134.373,46.6649],[134.3695,46.6644],[134.3675,46.6658],[134.368,46.6686],[134.3663,46.6709],[134.364,46.6718],[134.3614,46.6731]]}},{"type":"Feature","properties":{"name":"протока Десятская"},"geometry":{"type":"LineString","coordinates":[[134.1602,47.2374],[134.1605,47.2415],[134.1604,47.2458],[134.1612,47.2488],[134.1645,47.252],[134.1684,47.2536],[134.1703,47.2568],[134.1723,47.2611],[134.175,47.2658],[134.1774,47.2674],[134.1805,47.2681],[134.1858,47.2679],[134.1877,47.2674],[134.1931,47.2678],[134.1959,47.2688],[134.1974,47.2702],[134.1978,47.2721],[134.199,47.2737],[134.2008,47.2751],[134.2045,47.2796],[134.2054,47.282],[134.2051,47.284],[134.2039,47.2857],[134.2021,47.2867],[134.1987,47.287],[134.1959,47.2865],[134.1902,47.2869],[134.1867,47.287],[134.1845,47.2864],[134.183,47.2852],[134.1806,47.2845],[134.1772,47.2843],[134.1733,47.2855],[134.1699,47.2858],[134.1658,47.2869],[134.1611,47.2881]]}},{"type":"Feature","properties":{"name":"Бира"},"geometry":{"type":"LineString","coordinates":[[134.366,47.1463],[134.3649,47.1449],[134.3625,47.1407],[134.3609,47.1399],[134.3592,47.1407],[134.3558,47.1408],[134.353,47.1408],[134.351,47.1406],[134.349,47.1404],[134.3451,47.1407],[134.3431,47.1414],[134.3408,47.1423],[134.3382,47.1421],[134.3348,47.142],[134.3317,47.1407],[134.3319,47.139],[134.33,47.1379],[134.3284,47.1376],[134.3267,47.1388],[134.3244,47.1394],[134.3227,47.1384],[134.3215,47.1396],[134.3183,47.1401],[134.318,47.142],[134.3161,47.1426],[134.314,47.1433],[134.3135,47.1449],[134.3119,47.1454],[134.3102,47.1465],[134.3073,47.1467],[134.3048,47.1466],[134.3031,47.1473],[134.3012,47.1476],[134.2988,47.1479],[134.2969,47.1475],[134.295,47.1477],[134.293,47.1486],[134.2916,47.1495],[134.2898,47.1492],[134.2881,47.1488],[134.2866,47.1494],[134.2863,47.1476],[134.285,47.1465],[134.2834,47.1473],[134.2819,47.1481],[134.281,47.1468],[134.2793,47.1467],[134.2781,47.1478],[134.2777,47.1495],[134.2761,47.1502],[134.2749,47.1492],[134.2731,47.1496],[134.2715,47.1492],[134.2699,47.1483],[134.2686,47.1495],[134.267,47.1487],[134.2654,47.1484],[134.264,47.1473],[134.2649,47.1459],[134.2628,47.1465],[134.2614,47.1452],[134.2598,47.1457],[134.2583,47.1448],[134.258,47.1432],[134.2562,47.1433],[134.2544,47.1441],[134.2523,47.1435],[134.2506,47.1427],[134.2489,47.1425],[134.2472,47.1421],[134.2462,47.1409],[134.2452,47.1394],[134.2434,47.1399],[134.2422,47.1413],[134.2421,47.1431],[134.2404,47.1422],[134.2385,47.142],[134.2368,47.1411],[134.2346,47.141],[134.2345,47.1394],[134.2328,47.1397],[134.2336,47.1415],[134.2324,47.143],[134.2308,47.1422],[134.2319,47.1409],[134.2302,47.14],[134.2209,47.1477]]}},{"type":"Feature","properties":{"name":"Naoli River"},"geometry":{"type":"LineString","coordinates":[[134.0259,47.2753],[134.0294,47.2736],[134.0319,47.2737],[134.0328,47.2758],[134.0309,47.277],[134.0291,47.2772],[134.0275,47.278],[134.0263,47.2795],[134.0246,47.2791],[134.0238,47.2808],[134.0254,47.2817],[134.0256,47.2834],[134.0273,47.2827],[134.0291,47.2819],[134.0306,47.2829],[134.0345,47.2841],[134.0362,47.2829],[134.0386,47.2838],[134.0389,47.2858],[134.0407,47.2857],[134.0413,47.2839],[134.0429,47.2829],[134.0445,47.2837],[134.0451,47.2856],[134.0474,47.2855],[134.0478,47.2851]]}},{"type":"Feature","properties":{"name":"Naoli River"},"geometry":{"type":"LineString","coordinates":[[134.0125,47.2741],[134.014,47.2729],[134.0162,47.2724],[134.0183,47.2725],[134.0198,47.2719],[134.0198,47.2699],[134.0239,47.2692],[134.0253,47.2715],[134.0264,47.2727],[134.0243,47.2741],[134.0259,47.2753]]}},{"type":"Feature","properties":{"name":null},"geometry":{"type":"LineString","coordinates":[[134.5187,46.8236],[134.5187,46.8217],[134.5171,46.822],[134.5161,46.8205],[134.5154,46.8189],[134.5136,46.8181],[134.5151,46.8172],[134.5156,46.8155],[134.5139,46.8146],[134.5154,46.8132],[134.5136,46.8123],[134.5157,46.8119],[134.5166,46.8104],[134.5162,46.8084],[134.5172,46.8068],[134.5179,46.8052],[134.5167,46.8039],[134.5159,46.8023],[134.5158,46.8006],[134.5178,46.8005],[134.5162,46.7997],[134.5145,46.7986],[134.5155,46.797],[134.5172,46.7962],[134.5158,46.7949],[134.5173,46.7944],[134.5178,46.7927],[134.5195,46.7931],[134.5183,46.7911],[134.5172,46.7897],[134.5153,46.7879],[134.5139,46.7861],[134.5128,46.7845],[134.5132,46.7827],[134.5113,46.784],[134.511,46.782],[134.5127,46.7818],[134.511,46.7808],[134.5119,46.779],[134.5107,46.7779],[134.5122,46.7772],[134.5118,46.7755],[134.5099,46.7749],[134.5117,46.774],[134.5131,46.7731],[134.5145,46.772],[134.513,46.7712],[134.5114,46.7708],[134.5133,46.7705],[134.5114,46.7696],[134.5095,46.7689],[134.5101,46.7672],[134.5082,46.767],[134.5065,46.7669],[134.5081,46.7658],[134.5069,46.7644],[134.5087,46.7634],[134.5099,46.7621],[134.5116,46.7613],[134.5117,46.7597],[134.5137,46.7593],[134.5152,46.7585],[134.5143,46.7573],[134.516,46.7567],[134.5155,46.755],[134.5175,46.7549],[134.5163,46.7538],[134.5154,46.7523],[134.5171,46.7518],[134.5194,46.7522],[134.521,46.7513],[134.5225,46.7507],[134.5244,46.7503],[134.5265,46.7497],[134.5276,46.7485],[134.5288,46.7473],[134.5303,46.7468],[134.5288,46.7464],[134.5297,46.7451],[134.5318,46.7439],[134.5299,46.7434],[134.5318,46.7426],[134.5334,46.742],[134.5349,46.7408],[134.533,46.7404],[134.5345,46.7395],[134.5362,46.7388],[134.5385,46.7393],[134.5389,46.7373],[134.5404,46.7366],[134.5418,46.7354],[134.5435,46.736],[134.5423,46.7345],[134.544,46.7351],[134.546,46.7337],[134.5472,46.7318],[134.5492,46.7321],[134.5502,46.7335],[134.552,46.734],[134.553,46.7323],[134.5535,46.7308],[134.5559,46.7308],[134.5552,46.7326],[134.5568,46.7319],[134.5582,46.7331],[134.5594,46.7315],[134.5581,46.7296],[134.5586,46.728],[134.5615,46.7271],[134.5629,46.726],[134.5635,46.7231],[134.565,46.7221],[134.5658,46.7195],[134.5667,46.7161],[134.5658,46.7138],[134.5637,46.7131],[134.5618,46.7143],[134.5601,46.7141],[134.5605,46.7121],[134.5586,46.7116],[134.5575,46.7089],[134.5562,46.707],[134.5557,46.705],[134.555,46.7017],[134.5537,46.6992],[134.5517,46.6968],[134.5507,46.695],[134.549,46.6935],[134.551,46.693],[134.5488,46.6921],[134.547,46.6915],[134.5457,46.6925],[134.5439,46.6928],[134.5428,46.6916],[134.5446,46.6911],[134.5424,46.6907],[134.5425,46.689],[134.5407,46.6884],[134.5389,46.6898],[134.5373,46.6892],[134.5385,46.688],[134.5365,46.6889],[134.5348,46.6891],[134.5333,46.6885],[134.5335,46.6864],[134.5331,46.6846],[134.5319,46.683],[134.5303,46.6827],[134.5302,46.681],[134.528,46.679],[134.525,46.677],[134.5261,46.6755],[134.5248,46.674],[134.5266,46.6728],[134.5251,46.6717],[134.5231,46.6718],[134.5217,46.6726],[134.5201,46.6718],[134.518,46.6712],[134.5196,46.6705],[134.518,46.67],[134.5146,46.6702],[134.5132,46.6694],[134.5118,46.6704],[134.5117,46.6684],[134.5105,46.6672],[134.5092,46.6659],[134.508,46.6671],[134.5045,46.6683],[134.5024,46.6672],[134.5002,46.6659],[134.4984,46.6655],[134.5001,46.6644],[134.5006,46.6627],[134.5,46.6611],[134.5013,46.6598],[134.4988,46.6603],[134.4964,46.6608],[134.4953,46.6593],[134.4939,46.6584],[134.4924,46.6592],[134.4899,46.6582],[134.4883,46.6574],[134.4873,46.6594],[134.4875,46.661],[134.4855,46.6599],[134.4835,46.6598],[134.4824,46.6612],[134.4809,46.66],[134.4788,46.6595],[134.4786,46.6588]]}},{"type":"Feature","properties":{"name":null},"geometry":{"type":"LineString","coordinates":[[134.329,47.5886],[134.3286,47.579],[134.3276,47.5568],[134.3276,47.5457],[134.3279,47.5346],[134.3278,47.4846],[134.3277,47.471]]}},{"type":"Feature","properties":{"name":"Ussuri"},"geometry":{"type":"LineString","coordinates":[[134.2082,47.2035],[134.2027,47.2093],[134.1814,47.2261],[134.1734,47.2283],[134.1658,47.2325],[134.163,47.2351],[134.1602,47.2374],[134.1558,47.2416],[134.1543,47.2459],[134.1501,47.253],[134.1501,47.2574],[134.1542,47.2635],[134.1556,47.2761],[134.1603,47.285],[134.1611,47.2881],[134.1693,47.3184],[134.1944,47.3422],[134.2032,47.3462],[134.2067,47.3477],[134.2245,47.3496],[134.2307,47.3513],[134.2431,47.3576],[134.2494,47.3608],[134.2538,47.3642],[134.2555,47.3667],[134.2558,47.369],[134.2553,47.3773],[134.2598,47.3926],[134.2609,47.3953],[134.264,47.3987],[134.2779,47.4071],[134.2845,47.4106],[134.2926,47.4183],[134.2991,47.4218],[134.3076,47.4305]]}},{"type":"Feature","properties":{"name":"Ussuri"},"geometry":{"type":"LineString","coordinates":[[134.3076,47.4305],[134.3112,47.4333],[134.3204,47.4369],[134.3451,47.441],[134.3499,47.4412],[134.3569,47.4391],[134.3637,47.4358],[134.3682,47.4355],[134.3779,47.438],[134.3812,47.4377],[134.3853,47.4352],[134.3891,47.4344],[134.397,47.4345],[134.4066,47.4358],[134.4205,47.4407],[134.4249,47.4411],[134.4326,47.4415],[134.4466,47.4458],[134.4501,47.4465],[134.4698,47.446],[134.477,47.4437],[134.4862,47.443],[134.4962,47.4456],[134.5018,47.4494],[134.5054,47.4562],[134.5078,47.4595],[134.5147,47.4649],[134.5188,47.4663],[134.5242,47.4681],[134.5331,47.4679],[134.5421,47.4708],[134.546,47.4707],[134.5545,47.473],[134.5631,47.4784],[134.5653,47.4829],[134.5666,47.4856],[134.5707,47.4894],[134.5716,47.4984],[134.5728,47.5006],[134.5703,47.5097],[134.5703,47.5138],[134.5725,47.5185],[134.5768,47.5223],[134.5879,47.528],[134.6046,47.5322],[134.6119,47.5363],[134.6288,47.5484],[134.6301,47.551],[134.645,47.5708],[134.6522,47.5782],[134.6564,47.5802],[134.664,47.5819],[134.6687,47.5843],[134.6716,47.5869],[134.6775,47.5932],[134.6804,47.5981],[134.6798,47.6045],[134.6753,47.6252],[134.6763,47.6295],[134.6816,47.6362],[134.6911,47.6423],[134.7071,47.6509],[134.7202,47.6637],[134.7257,47.6721],[134.7307,47.6764],[134.7408,47.6818],[134.7436,47.6837],[134.7506,47.6949],[134.7546,47.7013],[134.7668,47.7108],[134.7704,47.7151],[134.7751,47.7312],[134.7755,47.7354],[134.7752,47.74],[134.7732,47.7442],[134.7678,47.751],[134.7661,47.7578],[134.7609,47.7635],[134.7536,47.7689],[134.7499,47.7704],[134.7418,47.772],[134.7371,47.7745],[134.7297,47.7772],[134.7271,47.7792],[134.712,47.7962],[134.6936,47.8074]]}},{"type":"Feature","properties":{"name":"Подхорёнок"},"geometry":{"type":"LineString","coordinates":[[135.049,47.3304],[135.0695,47.347],[135.0709,47.3573],[135.0769,47.3709],[135.0936,47.383],[135.1152,47.3853],[135.1275,47.3936],[135.1483,47.4034],[135.1758,47.4152],[135.1914,47.4315],[135.2064,47.4413],[135.2093,47.4516],[135.2217,47.464],[135.2213,47.4883],[135.2247,47.5027],[135.2208,47.5176],[135.2231,47.5314],[135.2253,47.5518],[135.2221,47.5772],[135.2107,47.5861],[135.2062,47.5978],[135.2115,47.6072],[135.2043,47.614],[135.2056,47.6154],[135.2064,47.6171],[135.2045,47.6172],[135.203,47.6184],[135.2014,47.6189],[135.1999,47.6207],[135.1992,47.6222],[135.197,47.6223],[135.1952,47.6224],[135.1945,47.6239],[135.1926,47.6228],[135.1929,47.6244],[135.1905,47.6255],[135.1914,47.6269],[135.1908,47.6294],[135.1893,47.6306],[135.1875,47.6311],[135.1863,47.633],[135.1843,47.6332],[135.1855,47.635],[135.183,47.6355],[135.1813,47.6354],[135.1782,47.6369],[135.1831,47.6397],[135.1776,47.6425],[135.18,47.6435],[135.1807,47.6466],[135.1768,47.6464],[135.1739,47.6526],[135.1783,47.6531],[135.1763,47.655],[135.1784,47.656],[135.1726,47.6573],[135.1637,47.6799],[135.1473,47.698],[135.1349,47.7216],[135.1172,47.7318],[135.1166,47.7391],[135.1095,47.7546],[135.1016,47.7659],[135.0849,47.7752],[135.0772,47.7794]]}},{"type":"Feature","properties":{"name":"Бирушка"},"geometry":{"type":"LineString","coordinates":[[134.4098,47.072],[134.4083,47.0734],[134.4056,47.0732],[134.4031,47.0743],[134.3989,47.0758],[134.3963,47.0765],[134.3933,47.0779],[134.3918,47.077],[134.387,47.0769],[134.3823,47.0774],[134.3789,47.0792],[134.3764,47.0819],[134.3729,47.0832],[134.3701,47.0856],[134.3678,47.088],[134.3652,47.0937],[134.3648,47.0978],[134.3632,47.1007],[134.3595,47.1027],[134.3555,47.1081],[134.352,47.1094],[134.3494,47.1122],[134.3479,47.1128],[134.3479,47.1145],[134.3462,47.115],[134.3447,47.1158],[134.3399,47.1197],[134.3349,47.1208],[134.3292,47.1261],[134.3285,47.1313],[134.327,47.1327],[134.3253,47.133],[134.3248,47.134]]}},{"type":"Feature","properties":{"name":"Бирушка"},"geometry":{"type":"LineString","coordinates":[[134.3248,47.134],[134.3238,47.1353],[134.3226,47.1364],[134.3231,47.138],[134.3227,47.1384]]}},{"type":"Feature","properties":{"name":"Горбун"},"geometry":{"type":"LineString","coordinates":[[134.4331,47.1107],[134.4314,47.1121],[134.4312,47.1144],[134.4285,47.1149],[134.4256,47.1193],[134.4278,47.1199],[134.4279,47.1233],[134.4306,47.1257],[134.4299,47.1288],[134.4268,47.1309],[134.4248,47.1308],[134.4214,47.1316],[134.4188,47.1322],[134.4157,47.1332],[134.4133,47.1352],[134.4095,47.138],[134.4065,47.1376],[134.4033,47.1403],[134.4,47.1406],[134.3964,47.1416],[134.391,47.1428],[134.3865,47.1438],[134.3833,47.1437],[134.3787,47.1416],[134.3762,47.1396],[134.3745,47.138],[134.3717,47.1379],[134.3669,47.1362],[134.3641,47.137],[134.3624,47.1383],[134.3607,47.138],[134.3591,47.1383]]}},{"type":"Feature","properties":{"name":"Горбун"},"geometry":{"type":"LineString","coordinates":[[134.3591,47.1383],[134.3576,47.1392],[134.356,47.1397],[134.3548,47.1408]]}},{"type":"Feature","properties":{"name":"Чаплия"},"geometry":{"type":"LineString","coordinates":[[134.4857,47.1294],[134.4823,47.1316],[134.4778,47.1317],[134.4746,47.1328],[134.4704,47.1329],[134.4666,47.1339],[134.4628,47.1332],[134.4597,47.1318],[134.4548,47.1312],[134.4502,47.1299],[134.4469,47.1277],[134.4443,47.1248],[134.4408,47.1245],[134.438,47.1243],[134.4361,47.1235],[134.4336,47.1237],[134.4324,47.1252],[134.4306,47.1257]]}},{"type":"Feature","properties":{"name":"Аван"},"geometry":{"type":"LineString","coordinates":[[134.6333,47.4077],[134.6325,47.4127],[134.6328,47.416],[134.6307,47.4209],[134.6274,47.4237],[134.6278,47.4264],[134.6273,47.4304],[134.6266,47.4323],[134.6264,47.4342],[134.6249,47.4365],[134.6243,47.439],[134.6219,47.4406],[134.6176,47.4412],[134.6152,47.4432],[134.6139,47.4463],[134.61,47.4485],[134.6083,47.4521],[134.6067,47.4542],[134.6072,47.456],[134.6045,47.4578],[134.6009,47.4601],[134.6004,47.4622],[134.5977,47.464],[134.5958,47.4667],[134.5928,47.4685],[134.5887,47.4693],[134.586,47.4702],[134.5831,47.4706],[134.5815,47.4713],[134.5818,47.4728]]}},{"type":"Feature","properties":{"name":"Аван"},"geometry":{"type":"LineString","coordinates":[[134.5818,47.4728],[134.5804,47.4736],[134.5788,47.4732],[134.5771,47.4727],[134.5757,47.4736],[134.5739,47.4741],[134.5721,47.4747],[134.5707,47.4761],[134.5725,47.477],[134.5709,47.4785],[134.5691,47.4789],[134.5676,47.4808],[134.5653,47.4829]]}},{"type":"Feature","properties":{"name":"Каменушка"},"geometry":{"type":"LineString","coordinates":[[134.2966,47.3276],[134.296,47.3297],[134.2943,47.33],[134.2917,47.3303],[134.2892,47.3307],[134.2875,47.3306],[134.2885,47.3319],[134.2869,47.3316],[134.2854,47.3326],[134.2837,47.3335],[134.282,47.3336],[134.2806,47.3344],[134.2811,47.336],[134.2794,47.3358],[134.278,47.3372],[134.2757,47.3377],[134.274,47.3387],[134.272,47.338],[134.2706,47.3367],[134.269,47.3365],[134.2672,47.3375],[134.268,47.3391],[134.264,47.3422],[134.2628,47.3441],[134.2597,47.3454],[134.2579,47.3466],[134.2549,47.3468],[134.253,47.3475],[134.2511,47.3496],[134.2487,47.3514],[134.2467,47.3517],[134.2448,47.3527],[134.2431,47.3576]]}},{"type":"Feature","properties":{"name":"Китайка"},"geometry":{"type":"LineString","coordinates":[[134.5587,47.4359],[134.5571,47.4353],[134.5548,47.4355],[134.5487,47.4344],[134.5458,47.4352],[134.541,47.4376],[134.5391,47.4394],[134.5387,47.4427],[134.5342,47.4435],[134.5322,47.4473],[134.5264,47.4492],[134.5219,47.4499],[134.5206,47.4509],[134.522,47.4522],[134.5195,47.4538],[134.5178,47.4541],[134.5167,47.4528],[134.5164,47.4512],[134.5147,47.452],[134.5151,47.4536],[134.5078,47.4595]]}},{"type":"Feature","properties":{"name":"Соловьиха"},"geometry":{"type":"LineString","coordinates":[[134.3904,47.3678],[134.3851,47.3743],[134.3848,47.3768],[134.3866,47.3788],[134.3851,47.3823],[134.3832,47.3836],[134.3821,47.3856],[134.3824,47.3875],[134.3802,47.3882],[134.3793,47.3903],[134.3765,47.3919],[134.3775,47.3949],[134.377,47.3973],[134.3742,47.3991],[134.3768,47.4053],[134.3776,47.4088],[134.381,47.4102],[134.3825,47.4125],[134.3853,47.413],[134.3864,47.415],[134.3859,47.4181],[134.3862,47.4209],[134.389,47.4231],[134.3887,47.4248],[134.3887,47.4266],[134.3894,47.4283],[134.3886,47.4297],[134.3904,47.4301],[134.392,47.4299],[134.3925,47.4322],[134.3909,47.432],[134.3892,47.4328],[134.3891,47.4344]]}},{"type":"Feature","properties":{"name":"Шивки"},"geometry":{"type":"LineString","coordinates":[[134.2975,47.0861],[134.2964,47.0873],[134.2945,47.0875],[134.2923,47.0891],[134.2914,47.0916],[134.2889,47.0921],[134.2884,47.0953],[134.2869,47.0963],[134.2845,47.0962],[134.2825,47.0972],[134.2805,47.0968],[134.2781,47.0984],[134.2756,47.0967],[134.2739,47.0971],[134.2721,47.0959],[134.2701,47.0957],[134.2678,47.0963],[134.2664,47.0955],[134.2646,47.0957],[134.2642,47.0979],[134.262,47.0994],[134.2603,47.0997],[134.2577,47.0991],[134.2545,47.0982],[134.2516,47.1002],[134.2481,47.0996],[134.2456,47.0998],[134.2436,47.1012],[134.2423,47.1001],[134.2403,47.1015],[134.2386,47.1024],[134.2367,47.1028],[134.2346,47.1037],[134.2326,47.1039],[134.2318,47.1055],[134.2302,47.1058],[134.2284,47.1068],[134.2272,47.1081],[134.2201,47.1131]]}},{"type":"Feature","properties":{"name":"Щебенчиха"},"geometry":{"type":"LineString","coordinates":[[134.4933,47.4236],[134.4938,47.4253],[134.4945,47.4268],[134.4945,47.4285],[134.4934,47.4297],[134.4937,47.4314],[134.4918,47.4311],[134.4929,47.4325],[134.4913,47.4325],[134.4917,47.4343],[134.49,47.4344],[134.4902,47.4363],[134.4919,47.4359],[134.4908,47.4396],[134.4962,47.4456]]}},{"type":"Feature","properties":{"name":"Щебенчиха"},"geometry":{"type":"LineString","coordinates":[[134.5333,47.3615],[134.5297,47.3636],[134.5261,47.3654],[134.5218,47.3654],[134.5191,47.3667],[134.517,47.3669],[134.5133,47.3678],[134.5094,47.3684],[134.5077,47.3683],[134.5057,47.3693],[134.5044,47.371],[134.5019,47.3726],[134.4998,47.3756],[134.4988,47.379],[134.4997,47.3812],[134.498,47.3837],[134.4967,47.3875],[134.499,47.3905],[134.5003,47.3934],[134.4982,47.3958],[134.4999,47.3983],[134.4972,47.4002],[134.4966,47.4018],[134.4956,47.4039],[134.4968,47.4056],[134.498,47.407],[134.4988,47.4084],[134.5015,47.4096],[134.503,47.4111],[134.5031,47.4143],[134.5021,47.4162],[134.5001,47.4173],[134.5002,47.4197],[134.4971,47.4213],[134.496,47.4229],[134.4939,47.4231],[134.4933,47.4236]]}},{"type":"Feature","properties":{"name":"Матай"},"geometry":{"type":"LineString","coordinates":[[135.6133,47.2763],[135.613,47.2781],[135.6139,47.2805],[135.6124,47.2814],[135.6114,47.2826],[135.6115,47.2849],[135.6136,47.2863],[135.6137,47.2879],[135.6154,47.2887],[135.6175,47.2878],[135.6193,47.2879],[135.6191,47.2896],[135.6208,47.292],[135.6227,47.2937],[135.6229,47.2955],[135.6225,47.2971],[135.6213,47.2987],[135.6194,47.2992],[135.6184,47.2979],[135.6162,47.3018],[135.6147,47.304],[135.6124,47.3061],[135.6114,47.3075],[135.6112,47.3096],[135.6096,47.3106],[135.6081,47.3119],[135.6077,47.3136],[135.6092,47.3157],[135.611,47.3175],[135.6133,47.3194],[135.6148,47.3202],[135.6169,47.321],[135.6181,47.3226],[135.617,47.3242],[135.6166,47.3259],[135.6147,47.3256],[135.6129,47.3259],[135.6129,47.3282],[135.6129,47.33],[135.6113,47.3312],[135.6122,47.3329],[135.6128,47.3349],[135.6122,47.3379],[135.6099,47.3395],[135.609,47.3418],[135.6091,47.3434],[135.6075,47.3441],[135.6078,47.3457],[135.6073,47.3485],[135.6055,47.3502],[135.6038,47.3499],[135.6017,47.3516],[135.604,47.3527],[135.6065,47.3548],[135.6089,47.3562],[135.6115,47.3584],[135.6115,47.3605],[135.6091,47.3614],[135.6075,47.3612],[135.6076,47.3632],[135.607,47.3647],[135.605,47.3651],[135.6065,47.3662],[135.6084,47.3661],[135.6095,47.368],[135.6115,47.3681],[135.6119,47.3686]]}},{"type":"Feature","properties":{"name":"Матай"},"geometry":{"type":"LineString","coordinates":[[135.641,47.4537],[135.6428,47.454],[135.6444,47.4548],[135.6455,47.4561],[135.6453,47.4577],[135.6436,47.4579],[135.6423,47.4576]]}},{"type":"Feature","properties":{"name":"Матай"},"geometry":{"type":"LineString","coordinates":[[135.598,47.4953],[135.5995,47.4962],[135.6011,47.4968],[135.5999,47.4983],[135.6006,47.5],[135.5999,47.5022],[135.5982,47.5031],[135.5958,47.5024],[135.5954,47.5005],[135.595,47.4998]]}},{"type":"Feature","properties":{"name":"Матай"},"geometry":{"type":"LineString","coordinates":[[135.6119,47.3686],[135.6102,47.3698],[135.6094,47.3716],[135.6101,47.3732],[135.6118,47.3739],[135.6132,47.375],[135.6148,47.3753],[135.6163,47.3762],[135.6172,47.3775],[135.6173,47.3791],[135.6168,47.3807],[135.6171,47.3825],[135.6177,47.3841],[135.6173,47.3858],[135.6176,47.3874],[135.615,47.3881],[135.6149,47.3898],[135.6168,47.3906],[135.6189,47.3907],[135.6206,47.391],[135.6228,47.3921],[135.6249,47.3923],[135.6265,47.3928],[135.6277,47.3944],[135.6279,47.3973],[135.6276,47.3991],[135.6265,47.4003],[135.628,47.4016],[135.6273,47.403],[135.6259,47.404],[135.6277,47.4038],[135.6282,47.4055],[135.6276,47.4075],[135.6262,47.409],[135.6265,47.4113],[135.6275,47.4134],[135.6306,47.4144],[135.6319,47.4157],[135.6321,47.4177],[135.6337,47.4178],[135.6364,47.4179],[135.6385,47.4178],[135.6402,47.4177],[135.6428,47.4193],[135.6448,47.4197],[135.6465,47.4201],[135.6482,47.42],[135.6494,47.4187],[135.6517,47.4194],[135.652,47.4214],[135.6534,47.4232],[135.6533,47.4249],[135.6515,47.4259],[135.6513,47.428],[135.6508,47.4298],[135.6523,47.431],[135.6549,47.4309],[135.6562,47.4296],[135.6577,47.4313],[135.6592,47.4326],[135.6606,47.4347],[135.6604,47.4369],[135.6607,47.4385],[135.6596,47.4416],[135.658,47.4428],[135.6547,47.4434],[135.6522,47.4445],[135.6498,47.4463],[135.6478,47.4477],[135.646,47.449],[135.644,47.4497],[135.6425,47.4512],[135.6406,47.4523],[135.6416,47.4541],[135.6404,47.4556],[135.6421,47.4572],[135.6428,47.4593],[135.643,47.4611],[135.6411,47.4624],[135.6401,47.4648],[135.6362,47.4681],[135.6323,47.4689],[135.6297,47.4697],[135.6278,47.4695],[135.6274,47.4679],[135.6246,47.4676],[135.6228,47.4683],[135.6216,47.4697],[135.6208,47.4719],[135.6204,47.4738],[135.6216,47.4754],[135.6209,47.4773],[135.6191,47.4782],[135.6177,47.4775],[135.6161,47.4788],[135.6163,47.4804],[135.6152,47.4824],[135.6131,47.4819],[135.6107,47.4827],[135.6086,47.483],[135.6069,47.4831],[135.6059,47.4844],[135.6057,47.4862],[135.604,47.4867],[135.6026,47.4879],[135.6012,47.489],[135.6,47.4902],[135.5991,47.4917],[135.5985,47.4938],[135.5974,47.496],[135.5958,47.4967],[135.5963,47.4984],[135.595,47.4998],[135.5931,47.501],[135.5914,47.502],[135.5895,47.5021],[135.5881,47.5039],[135.5856,47.5046],[135.5842,47.5032],[135.5821,47.5033],[135.5827,47.5048],[135.5847,47.5055],[135.5857,47.5072],[135.5853,47.5095],[135.5847,47.5111],[135.5843,47.5129],[135.586,47.5134],[135.5876,47.5122],[135.5895,47.5121],[135.5879,47.5139],[135.5889,47.5154],[135.5903,47.5162],[135.589,47.5177],[135.5889,47.5201],[135.5911,47.5207],[135.5923,47.522],[135.5914,47.5243],[135.5914,47.5262],[135.5894,47.5271],[135.5882,47.526],[135.5861,47.5251],[135.5827,47.5265],[135.5807,47.5266],[135.5799,47.5282],[135.5816,47.5289],[135.5797,47.5301],[135.5775,47.5308],[135.5759,47.5307],[135.5765,47.5328],[135.5782,47.5323],[135.5797,47.5333],[135.5807,47.5347],[135.5801,47.5362],[135.5781,47.5361],[135.5791,47.5379],[135.5809,47.5377],[135.5825,47.5383],[135.5824,47.5403],[135.58,47.5414],[135.5783,47.5417],[135.5768,47.5409],[135.5768,47.5428],[135.5747,47.5438],[135.5738,47.5451],[135.5755,47.5464],[135.5771,47.547],[135.5792,47.5481],[135.5812,47.5499],[135.5824,47.5542],[135.583,47.5557],[135.5848,47.5571],[135.5868,47.5574],[135.5889,47.5581],[135.5915,47.5593],[135.5944,47.5614],[135.5965,47.5625],[135.5993,47.5633],[135.6012,47.5643],[135.6029,47.5659],[135.6037,47.5675],[135.604,47.5696],[135.6027,47.5717],[135.5993,47.5719],[135.5974,47.5719],[135.5941,47.5733],[135.5932,47.5754],[135.5918,47.5775],[135.5899,47.5784],[135.5887,47.58],[135.5891,47.5818],[135.5876,47.5826],[135.5861,47.5819],[135.585,47.5833],[135.5868,47.5839],[135.5857,47.5856],[135.5865,47.5872],[135.5891,47.5876],[135.5915,47.5879],[135.5931,47.589],[135.5943,47.5903],[135.5949,47.5924],[135.5953,47.5949],[135.5967,47.5962],[135.5991,47.5965],[135.601,47.5973],[135.602,47.5989],[135.6023,47.6012],[135.604,47.6023],[135.6032,47.6037],[135.6012,47.6039],[135.601,47.606],[135.603,47.6088],[135.6038,47.6106],[135.6041,47.6124],[135.6026,47.6144],[135.5992,47.6151],[135.5974,47.615],[135.5954,47.6136],[135.5935,47.6161],[135.5926,47.6185],[135.5905,47.6208],[135.5894,47.6224],[135.589,47.6253],[135.5883,47.6269],[135.5867,47.6287],[135.5863,47.631],[135.5872,47.6325],[135.5859,47.634],[135.5823,47.6336],[135.5827,47.6355],[135.5841,47.6371],[135.5842,47.6391],[135.5855,47.6404],[135.5858,47.6426],[135.587,47.6439],[135.5898,47.6447],[135.5919,47.6459],[135.5923,47.6475],[135.5883,47.6479],[135.586,47.6485],[135.5837,47.6486],[135.5834,47.6465],[135.5812,47.6456],[135.5795,47.6471],[135.579,47.6489],[135.5782,47.6506],[135.5801,47.6515],[135.5791,47.6528],[135.5806,47.6538],[135.5823,47.6543],[135.5825,47.6561],[135.581,47.6568],[135.5794,47.6564],[135.5785,47.6586],[135.578,47.6602],[135.5785,47.662],[135.5774,47.6631],[135.5752,47.6637],[135.5732,47.6649],[135.5723,47.6663],[135.5707,47.6668],[135.5696,47.6652],[135.568,47.6648],[135.5673,47.667],[135.5666,47.6687],[135.5654,47.67],[135.5655,47.6718],[135.5664,47.674],[135.5662,47.6758],[135.5648,47.6777],[135.5662,47.6791],[135.5677,47.6796],[135.5678,47.6813],[135.5659,47.6818],[135.5665,47.6835],[135.5666,47.6851],[135.5644,47.6856],[135.5634,47.687],[135.5647,47.6885],[135.5657,47.6899],[135.5671,47.691],[135.5674,47.6927],[135.5689,47.6933],[135.5693,47.6949],[135.5688,47.6968],[135.5708,47.698],[135.5718,47.7005],[135.5727,47.7027],[135.5733,47.7047],[135.5734,47.7063],[135.5716,47.7063],[135.5701,47.7072],[135.5689,47.7062],[135.5674,47.7071],[135.567,47.7087],[135.5661,47.7103],[135.5679,47.7105],[135.5692,47.7095],[135.5709,47.7102],[135.5703,47.7121],[135.5684,47.7134],[135.5687,47.7152],[135.5701,47.7163],[135.5705,47.7179],[135.5718,47.719],[135.5734,47.7196],[135.5716,47.7203],[135.5703,47.7214],[135.5717,47.7227],[135.5735,47.7226],[135.5753,47.7224],[135.5758,47.7239],[135.5762,47.7257],[135.5778,47.7264],[135.5798,47.7269],[135.5817,47.727],[135.5836,47.727],[135.585,47.7281],[135.5845,47.7298],[135.5845,47.7318],[135.586,47.7324],[135.5872,47.7336],[135.586,47.7348],[135.5829,47.7346],[135.5811,47.7349],[135.5795,47.7353],[135.578,47.7361],[135.578,47.7377],[135.5769,47.7401],[135.5756,47.7418],[135.5754,47.7438],[135.5738,47.7455],[135.5721,47.746],[135.5704,47.7472],[135.5697,47.7487],[135.5712,47.7496],[135.5728,47.7492],[135.5741,47.7501],[135.5732,47.7515],[135.5715,47.7515],[135.5714,47.7534],[135.5711,47.7555],[135.5729,47.7578],[135.5748,47.7592],[135.5765,47.7602],[135.5775,47.7619],[135.5804,47.7633],[135.5825,47.7645],[135.5843,47.7666],[135.5863,47.7682],[135.5879,47.7694],[135.5917,47.772],[135.5929,47.7733],[135.5922,47.7775],[135.5925,47.7791],[135.5946,47.7825],[135.596,47.7845]]}},{"type":"Feature","properties":{"name":null},"geometry":{"type":"LineString","coordinates":[[135.4901,47.3807],[135.4924,47.3812],[135.4937,47.3822],[135.4978,47.3849],[135.4997,47.3863],[135.5013,47.3877],[135.503,47.3885],[135.5057,47.3883],[135.51,47.3891],[135.5123,47.3896],[135.5145,47.3903],[135.5171,47.392],[135.5193,47.3932],[135.5216,47.394],[135.5228,47.395],[135.5242,47.3968],[135.5256,47.3978],[135.527,47.399],[135.5276,47.4006],[135.5274,47.4027],[135.5294,47.4052],[135.529,47.4069],[135.5279,47.4084],[135.5315,47.411],[135.5334,47.4117],[135.5349,47.4128],[135.5367,47.4135],[135.5392,47.4148],[135.5418,47.4148],[135.5434,47.4151],[135.5441,47.4167],[135.5452,47.418],[135.5464,47.4199],[135.5469,47.4225],[135.5484,47.4243],[135.55,47.4262],[135.5503,47.4282],[135.5515,47.4298],[135.5528,47.4309],[135.5541,47.4322],[135.5551,47.4339],[135.5577,47.4358],[135.5599,47.436],[135.5607,47.4376],[135.5633,47.4398],[135.5638,47.4415],[135.5653,47.4431],[135.5673,47.4435],[135.5695,47.4439],[135.5708,47.4451],[135.5728,47.446],[135.5748,47.4458],[135.5764,47.4463],[135.578,47.4477],[135.5788,47.4493],[135.5797,47.451],[135.581,47.4526],[135.5823,47.454],[135.5838,47.4551],[135.5853,47.4561],[135.5863,47.4574],[135.5877,47.4583],[135.5879,47.4601],[135.5895,47.4608],[135.5905,47.462],[135.5921,47.464],[135.5934,47.4649],[135.5956,47.4658],[135.5968,47.4673],[135.5976,47.4689],[135.5978,47.471],[135.5988,47.4726],[135.5974,47.4744],[135.598,47.4761],[135.5981,47.4777],[135.5998,47.4784],[135.601,47.4797],[135.6024,47.4806],[135.6023,47.4825],[135.6017,47.484],[135.6007,47.486],[135.5987,47.487],[135.5986,47.4887],[135.5979,47.4913],[135.5986,47.493]]}},{"type":"Feature","properties":{"name":"Отводной (теплый) канал"},"geometry":{"type":"LineString","coordinates":[[134.2869,46.4626],[134.2896,46.4626],[134.2916,46.4626],[134.2951,46.4627],[134.2973,46.4626],[134.2997,46.4632],[134.3014,46.4646],[134.3025,46.4665],[134.3036,46.4681],[134.3061,46.4688],[134.3086,46.4685],[134.3106,46.4673],[134.3137,46.4674],[134.3162,46.468],[134.3182,46.469],[134.3199,46.4714],[134.321,46.4734],[134.322,46.4756],[134.3236,46.4767],[134.3273,46.4763],[134.33,46.4774],[134.3318,46.4778],[134.3347,46.4792],[134.3368,46.4805],[134.3385,46.4817],[134.3401,46.4827],[134.3423,46.4841],[134.3441,46.4853],[134.3468,46.4867],[134.3499,46.4876],[134.351,46.4874]]}},{"type":"Feature","properties":{"name":null},"geometry":{"type":"LineString","coordinates":[[134.5188,47.4663],[134.5235,47.4635],[134.5253,47.4633],[134.527,47.4629],[134.5289,47.4627],[134.5305,47.4631],[134.5326,47.4639],[134.5342,47.4647],[134.5367,47.4653],[134.539,47.4656],[134.5407,47.4659],[134.5427,47.4658],[134.5446,47.466],[134.5462,47.4663],[134.548,47.4666],[134.5498,47.4666],[134.5517,47.4667],[134.5533,47.4673],[134.5552,47.4683],[134.5565,47.4695],[134.5581,47.4707],[134.5595,47.4717],[134.5611,47.473],[134.5623,47.4744],[134.5631,47.4784]]}},{"type":"Feature","properties":{"name":"Бурлитовка"},"geometry":{"type":"LineString","coordinates":[[134.2053,46.5503],[134.2067,46.5493],[134.2082,46.5486],[134.2097,46.5494],[134.2111,46.5502],[134.2127,46.5504],[134.2143,46.5505],[134.216,46.5504],[134.2176,46.5511],[134.2188,46.5522],[134.2204,46.5527],[134.222,46.5526],[134.2237,46.5532],[134.2252,46.5538],[134.2269,46.5539],[134.2285,46.5536],[134.2301,46.5537],[134.2317,46.5535],[134.2336,46.553],[134.235,46.5522],[134.2365,46.5529],[134.2382,46.5529],[134.2398,46.5525],[134.2414,46.5531],[134.2427,46.5541],[134.2442,46.5548],[134.2458,46.555],[134.2475,46.5554],[134.2492,46.5555],[134.2508,46.5561],[134.2525,46.5562],[134.2533,46.5576],[134.2548,46.5583],[134.2559,46.5601],[134.2576,46.5608],[134.2564,46.562],[134.2584,46.5635],[134.26,46.5631],[134.261,46.5643],[134.2627,46.5644],[134.2624,46.5661],[134.2624,46.5677],[134.264,46.5685],[134.2658,46.5687],[134.2672,46.5699],[134.269,46.5706],[134.2707,46.5725],[134.2725,46.5733],[134.2742,46.5737],[134.2759,46.5736],[134.2776,46.5736],[134.279,46.5747],[134.2797,46.5762],[134.2812,46.5771],[134.2831,46.5778],[134.2846,46.5765],[134.286,46.5776],[134.2869,46.5762],[134.2886,46.5775],[134.2888,46.5792],[134.2877,46.5806],[134.2888,46.582],[134.2906,46.5822],[134.2925,46.5832],[134.2947,46.5831],[134.2965,46.5827],[134.2982,46.5821],[134.2997,46.5813],[134.3008,46.5825],[134.3038,46.5825]]}},{"type":"Feature","properties":{"name":"Бикин"},"geometry":{"type":"LineString","coordinates":[[134.3861,46.5307],[134.3826,46.5306],[134.3798,46.5321],[134.3762,46.5357],[134.3757,46.5378],[134.3764,46.5406],[134.3778,46.5428],[134.3803,46.5435],[134.3877,46.5434],[134.3908,46.5438],[134.3922,46.5457],[134.3942,46.5548],[134.3932,46.5574],[134.3906,46.5594],[134.3872,46.5604],[134.3846,46.5596],[134.3778,46.5574],[134.3733,46.5566],[134.3692,46.5576],[134.3656,46.5599],[134.3644,46.5624],[134.3638,46.5664],[134.3671,46.5684],[134.3707,46.5693],[134.3781,46.5706],[134.3814,46.5729],[134.3822,46.5753],[134.3815,46.5779],[134.3793,46.5795],[134.3743,46.5812],[134.3659,46.5817],[134.3618,46.5823],[134.3578,46.5838],[134.3503,46.5882],[134.3458,46.5888],[134.3419,46.5888],[134.34,46.5876],[134.339,46.5857],[134.3391,46.5834],[134.3426,46.581],[134.3465,46.5766],[134.3472,46.5732],[134.3458,46.5707],[134.3439,46.5693],[134.339,46.569],[134.334,46.5699],[134.3317,46.572],[134.3311,46.5756],[134.3295,46.5776],[134.3271,46.5794],[134.3233,46.5808],[134.3192,46.5812],[134.3049,46.5818],[134.3046,46.5836],[134.3089,46.5849],[134.3158,46.59],[134.3194,46.5933],[134.3202,46.5973],[134.3213,46.6011],[134.3237,46.6024],[134.3276,46.6033],[134.334,46.6038],[134.339,46.605],[134.3429,46.6079],[134.3455,46.6119],[134.345,46.6159],[134.3429,46.6195],[134.3396,46.6223],[134.3381,46.6254],[134.336,46.6276],[134.3312,46.6295],[134.3287,46.6297],[134.3269,46.6317],[134.3275,46.6334],[134.3295,46.6347],[134.3324,46.6358],[134.3419,46.636],[134.3493,46.6353],[134.352,46.6356],[134.3537,46.637],[134.3539,46.6394],[134.3522,46.6404],[134.3503,46.6404],[134.3463,46.6399],[134.3443,46.6403],[134.3424,46.6423],[134.3417,46.6444],[134.3426,46.6473],[134.3455,46.6505],[134.3503,46.6569],[134.3529,46.6593],[134.3618,46.664],[134.3632,46.6661],[134.363,46.6688],[134.3621,46.6719],[134.3601,46.6753],[134.3601,46.6788],[134.3616,46.6812],[134.3656,46.6831],[134.3673,46.6847],[134.3687,46.6882],[134.369,46.6939],[134.3687,46.701],[134.368,46.7062],[134.3659,46.7082],[134.3635,46.7119],[134.3614,46.7168],[134.3582,46.7226],[134.3553,46.725],[134.3523,46.7274],[134.3481,46.7314],[134.3467,46.7354],[134.3472,46.7382],[134.3498,46.7414],[134.357,46.7458],[134.3608,46.7499],[134.3613,46.7543],[134.3606,46.7575],[134.358,46.7601],[134.3547,46.7616],[134.3511,46.7621],[134.3486,46.7605],[134.3446,46.7589],[134.3391,46.7569],[134.3348,46.7538],[134.3297,46.7515],[134.3228,46.7476],[134.3194,46.7466],[134.3101,46.7497],[134.3063,46.7532],[134.2988,46.757],[134.294,46.7586],[134.2892,46.7624],[134.2854,46.7687],[134.2706,46.7793],[134.2655,46.7852],[134.2621,46.7894],[134.2507,46.7958],[134.2478,46.7978],[134.2449,46.8007],[134.2422,46.8037],[134.2417,46.8053],[134.2405,46.8077],[134.2404,46.8109],[134.2384,46.8141],[134.2318,46.8196],[134.2283,46.8224],[134.2236,46.8249],[134.2205,46.826],[134.2171,46.8266],[134.2112,46.8289],[134.2064,46.8324],[134.2044,46.8336],[134.2019,46.8342],[134.1996,46.834],[134.1975,46.8333],[134.1957,46.8316],[134.1956,46.8294],[134.1965,46.8277],[134.1978,46.8263],[134.2,46.8239],[134.1992,46.8206],[134.1977,46.8198],[134.1959,46.8193],[134.1918,46.8187],[134.1877,46.8187],[134.1838,46.8186],[134.18,46.8167],[134.1755,46.8167],[134.1737,46.8181],[134.1748,46.821],[134.1773,46.8228],[134.1816,46.826],[134.1823,46.8279],[134.1814,46.8303],[134.179,46.8312],[134.1761,46.831],[134.1738,46.8302],[134.1718,46.8291],[134.167,46.8249],[134.1656,46.8229],[134.1651,46.8201],[134.1662,46.8173],[134.1676,46.8158],[134.1676,46.8131],[134.169,46.8107],[134.1675,46.8078],[134.1656,46.8068],[134.1627,46.8064],[134.1606,46.8067],[134.1588,46.8073],[134.1564,46.8084],[134.1545,46.8087],[134.1524,46.8086],[134.1497,46.8079],[134.148,46.8065],[134.1466,46.8049],[134.1434,46.8029],[134.1409,46.8024],[134.1374,46.8025],[134.1347,46.8031],[134.1306,46.8045],[134.1286,46.8057],[134.1263,46.8063],[134.1238,46.8063],[134.1213,46.8056],[134.1164,46.8041],[134.1093,46.8024],[134.1053,46.8015],[134.1021,46.8011],[134.0949,46.8014],[134.0915,46.8023],[134.0886,46.8042],[134.0877,46.8062],[134.0877,46.8083],[134.089,46.8108],[134.0911,46.8125],[134.0955,46.816],[134.0984,46.8196],[134.0991,46.8215],[134.0987,46.8234],[134.0968,46.8239],[134.0947,46.8237],[134.0912,46.823],[134.0894,46.8245],[134.0867,46.8257],[134.0847,46.8259],[134.0828,46.8256],[134.0744,46.8254],[134.0715,46.825],[134.0661,46.8243],[134.064,46.8246],[134.062,46.8257],[134.0604,46.8278],[134.0597,46.83],[134.0578,46.8313],[134.0562,46.8321],[134.0528,46.8339],[134.0455,46.8358],[134.0431,46.8369],[134.0418,46.8384],[134.0428,46.8414],[134.0446,46.8446],[134.0441,46.8485],[134.0405,46.8514],[134.0391,46.8523],[134.0358,46.8533]]}},{"type":"Feature","properties":{"name":"Бикин"},"geometry":{"type":"LineString","coordinates":[[134.4419,46.4786],[134.4394,46.4789],[134.4361,46.4797],[134.4404,46.4844],[134.4408,46.4861],[134.4394,46.4879],[134.4346,46.4897],[134.4332,46.4927],[134.4337,46.4942],[134.4368,46.4965],[134.4373,46.4987],[134.4356,46.4991],[134.4332,46.499],[134.4301,46.5003],[134.4289,46.5032],[134.4308,46.5062],[134.43,46.5086],[134.4286,46.5107],[134.4264,46.5111],[134.421,46.5086],[134.4159,46.5085],[134.4123,46.5097],[134.4116,46.512],[134.4118,46.5138],[134.4142,46.5153],[134.419,46.5154],[134.4222,46.516],[134.4229,46.5176],[134.4231,46.5205],[134.4214,46.5253],[134.4217,46.5279],[134.4193,46.5305],[134.4169,46.5291],[134.4152,46.5268],[134.4107,46.5261],[134.4066,46.5264],[134.4023,46.5268]]}},{"type":"Feature","properties":{"name":"Сахалинка"},"geometry":{"type":"LineString","coordinates":[[134.3581,46.3541],[134.3579,46.3561],[134.3599,46.3574],[134.3614,46.3582],[134.3628,46.3593],[134.3624,46.3607]]}},{"type":"Feature","properties":{"name":"Сахалинка"},"geometry":{"type":"LineString","coordinates":[[134.3624,46.3607],[134.364,46.3613],[134.3658,46.3618],[134.3669,46.3631],[134.3685,46.3637],[134.368,46.3653],[134.3673,46.3667],[134.3659,46.3676],[134.3675,46.3676],[134.3659,46.3683],[134.3663,46.37],[134.3681,46.3716],[134.3664,46.372],[134.3676,46.3731],[134.367,46.3746],[134.3661,46.3767],[134.3676,46.3774],[134.369,46.3783],[134.3702,46.3797],[134.3714,46.3809],[134.3733,46.3818],[134.3749,46.3813],[134.3761,46.3825],[134.3776,46.3829],[134.3786,46.3831]]}},{"type":"Feature","properties":{"name":"Чёрная Речка"},"geometry":{"type":"LineString","coordinates":[[134.0259,46.3093],[134.0246,46.3109]]}},{"type":"Feature","properties":{"name":"Чёрная Речка"},"geometry":{"type":"LineString","coordinates":[[134.0258,46.3085],[134.0259,46.3093]]}},{"type":"Feature","properties":{"name":"Змеиная"},"geometry":{"type":"LineString","coordinates":[[134.8815,46.4971],[134.8806,46.4985],[134.8802,46.5004],[134.8787,46.501],[134.8775,46.4997],[134.8759,46.5],[134.8751,46.5014],[134.8734,46.5016],[134.8733,46.4998],[134.8719,46.5008],[134.8728,46.5027],[134.8746,46.5028],[134.8763,46.5024],[134.875,46.504],[134.8738,46.505],[134.8716,46.5057],[134.87,46.5055],[134.8684,46.5062],[134.8673,46.5048],[134.8656,46.5044],[134.8661,46.5062],[134.8644,46.5074],[134.8629,46.5082],[134.861,46.5087],[134.8594,46.5091],[134.8605,46.5104],[134.8579,46.5104],[134.8568,46.509],[134.8552,46.5094],[134.8555,46.5111],[134.8539,46.5102],[134.8522,46.5105],[134.8519,46.512],[134.85,46.5125],[134.8485,46.5116],[134.8483,46.5133],[134.8483,46.5151],[134.8472,46.5166],[134.8462,46.5184],[134.8463,46.52],[134.8455,46.5225],[134.8418,46.5258],[134.8403,46.5267],[134.8383,46.5269],[134.8362,46.526],[134.834,46.5256],[134.8329,46.5257]]}},{"type":"Feature","properties":{"name":"Змеиная"},"geometry":{"type":"LineString","coordinates":[[134.9874,46.4665],[134.9857,46.4665],[134.9836,46.4674],[134.9817,46.4679],[134.9799,46.4675],[134.9782,46.4674],[134.9773,46.4688],[134.979,46.469],[134.9807,46.4697],[134.9796,46.4712],[134.9799,46.4729],[134.9783,46.474],[134.9763,46.4735],[134.9747,46.4739],[134.9734,46.475],[134.9749,46.4758],[134.9735,46.477],[134.9749,46.4779],[134.9725,46.4779],[134.9719,46.4796],[134.9706,46.4807],[134.969,46.4814],[134.9678,46.4825],[134.9665,46.4839],[134.9644,46.4844],[134.9623,46.4844],[134.9632,46.4858],[134.9617,46.4867],[134.9607,46.4853],[134.959,46.4857],[134.9584,46.4874],[134.9567,46.4869],[134.9552,46.4876],[134.9539,46.4891],[134.9547,46.4905],[134.9531,46.4898],[134.9512,46.4901],[134.9496,46.4906],[134.9483,46.4918],[134.9474,46.4933],[134.9458,46.4944],[134.9438,46.4952],[134.9427,46.4967],[134.9415,46.4956],[134.9399,46.4963],[134.9387,46.4974],[134.9371,46.4968],[134.9353,46.4965],[134.9337,46.4975],[134.9319,46.4979],[134.9305,46.4989],[134.9289,46.4992],[134.9283,46.4977],[134.9267,46.4979],[134.9254,46.4968],[134.9237,46.4969],[134.9245,46.4953],[134.9228,46.4946],[134.9218,46.4959],[134.9216,46.4942],[134.9198,46.4939],[134.9182,46.4941],[134.9176,46.4959],[134.916,46.4963],[134.9152,46.4949],[134.9136,46.4952],[134.9121,46.4943],[134.91,46.4936],[134.9079,46.4943],[134.9094,46.4955],[134.908,46.4966],[134.9067,46.4954],[134.9049,46.4951],[134.9032,46.4958],[134.9011,46.4947],[134.8995,46.4942],[134.8978,46.4946],[134.8962,46.4943],[134.8947,46.4954],[134.8931,46.496],[134.8915,46.4948],[134.8908,46.4964],[134.8891,46.4966],[134.8884,46.4951],[134.887,46.4965],[134.8886,46.4974],[134.8876,46.4987],[134.8859,46.4984],[134.8849,46.4997],[134.8842,46.4982],[134.8824,46.4976],[134.8815,46.4971]]}},{"type":"Feature","properties":{"name":"Змеиная"},"geometry":{"type":"LineString","coordinates":[[134.9962,46.4614],[134.9947,46.4621],[134.9966,46.4625],[134.9949,46.4631],[134.9929,46.463],[134.9914,46.4639],[134.9906,46.4654],[134.9885,46.466],[134.9874,46.4665]]}},{"type":"Feature","properties":{"name":"Бикин"},"geometry":{"type":"LineString","coordinates":[[135.2768,46.5092],[135.2753,46.5112],[135.2736,46.512],[135.2715,46.512],[135.2692,46.5124],[135.2648,46.5141],[135.263,46.5162],[135.2636,46.5188],[135.2606,46.5201],[135.2574,46.5202],[135.2546,46.5182],[135.2522,46.5186],[135.2509,46.5199],[135.2512,46.5215],[135.2536,46.5225],[135.255,46.524],[135.2541,46.5255],[135.2521,46.526],[135.2493,46.5258],[135.2466,46.5255],[135.2419,46.5255],[135.2339,46.5272],[135.227,46.5333],[135.2206,46.5375],[135.2158,46.5398],[135.2138,46.5428],[135.2138,46.5454],[135.2146,46.5492],[135.2134,46.5528],[135.2081,46.5567],[135.2052,46.5575],[135.2026,46.5573],[135.1992,46.5535],[135.1957,46.5512],[135.1911,46.5515],[135.1851,46.5569],[135.1825,46.5571],[135.1776,46.5568],[135.1743,46.5595],[135.1685,46.5591],[135.1659,46.5575],[135.1582,46.5574],[135.1542,46.5559],[135.1544,46.5531],[135.1516,46.5518],[135.1479,46.5518],[135.1437,46.5526],[135.141,46.552],[135.1384,46.5534],[135.1389,46.5564],[135.1377,46.5594],[135.1333,46.5605],[135.1281,46.5653],[135.1252,46.5663],[135.1182,46.569],[135.1142,46.5711],[135.1111,46.5698],[135.1072,46.5695],[135.1031,46.5659],[135.0986,46.5634],[135.094,46.5649],[135.0919,46.5669],[135.0885,46.5683],[135.0831,46.5673],[135.0802,46.5686],[135.0818,46.5713],[135.0804,46.5734],[135.0782,46.5744],[135.0768,46.5784],[135.0744,46.58],[135.072,46.5802],[135.0667,46.5795],[135.0603,46.5831],[135.0553,46.5866],[135.0498,46.586],[135.0467,46.5852],[135.045,46.5828],[135.0447,46.5796],[135.039,46.5775],[135.0358,46.5748],[135.0344,46.5724],[135.0344,46.5672],[135.0334,46.5647],[135.0275,46.5618],[135.0227,46.5613],[135.0129,46.5614],[135.008,46.5628],[135.0028,46.5662],[134.9952,46.5673],[134.993,46.5654],[134.9908,46.5619],[134.9886,46.5617],[134.9858,46.5621],[134.9836,46.5639],[134.9813,46.5639],[134.9796,46.5636],[134.976,46.559],[134.9717,46.556],[134.9659,46.5553],[134.9595,46.5544],[134.9573,46.5532]]}},{"type":"Feature","properties":{"name":"Бикин"},"geometry":{"type":"LineString","coordinates":[[135.305,46.5232],[135.2993,46.5182],[135.2975,46.5143],[135.2962,46.5116],[135.2931,46.5098],[135.2906,46.5098],[135.2881,46.5111],[135.2855,46.5113],[135.2841,46.5102],[135.2823,46.5095],[135.2802,46.5091],[135.2782,46.5091],[135.2768,46.5092]]}},{"type":"Feature","properties":{"name":"Бикин"},"geometry":{"type":"LineString","coordinates":[[135.7674,46.6872],[135.7655,46.688],[135.7626,46.689],[135.7598,46.6894],[135.7535,46.6905],[135.7504,46.6906],[135.7472,46.689],[135.7454,46.6871],[135.7462,46.6854],[135.7433,46.6838],[135.7409,46.6844],[135.738,46.6855],[135.7345,46.685],[135.733,46.6837],[135.7307,46.6824],[135.728,46.6824],[135.7262,46.6808],[135.7238,46.6808],[135.7214,46.6816],[135.7197,46.6821],[135.7181,46.683],[135.7159,46.686],[135.7143,46.6881],[135.7128,46.6892],[135.7065,46.6926],[135.702,46.694],[135.6996,46.6958],[135.6971,46.6984],[135.6955,46.6994],[135.6939,46.7014],[135.6905,46.7038],[135.6867,46.7058],[135.6834,46.707],[135.6843,46.7098],[135.6826,46.7116],[135.6807,46.7121],[135.6788,46.7106],[135.6777,46.709],[135.6749,46.7088],[135.6668,46.7085],[135.6651,46.7089],[135.6591,46.7076],[135.6575,46.7069],[135.6529,46.7063],[135.6484,46.7071],[135.6452,46.7104],[135.6421,46.7114],[135.6398,46.7114],[135.6382,46.7098],[135.6388,46.7075],[135.6385,46.7058],[135.6362,46.7037],[135.6342,46.7001],[135.6325,46.6989],[135.6299,46.6995],[135.6261,46.6978],[135.6244,46.6963],[135.6224,46.6961],[135.6207,46.6954],[135.618,46.6963],[135.616,46.695],[135.6141,46.6945],[135.6115,46.695],[135.6066,46.6948],[135.6035,46.6953],[135.5991,46.6945],[135.5966,46.6963],[135.5935,46.6995],[135.5902,46.6995],[135.5875,46.6979],[135.5857,46.6975],[135.5822,46.6981],[135.5794,46.6986],[135.5781,46.6998],[135.5788,46.7017],[135.5777,46.703],[135.5748,46.7037],[135.5726,46.7037],[135.5709,46.7022],[135.5716,46.6998],[135.5657,46.6953],[135.5622,46.6934],[135.5583,46.6933],[135.5563,46.6948],[135.5567,46.6964],[135.5547,46.6986],[135.5528,46.6991],[135.55,46.6983],[135.5482,46.6965],[135.5454,46.6965],[135.5408,46.6966],[135.537,46.6971],[135.5343,46.6983],[135.5328,46.6998],[135.5336,46.703],[135.5327,46.7053],[135.5297,46.7075],[135.5271,46.7079],[135.5246,46.7079],[135.5198,46.7085],[135.517,46.7085],[135.5154,46.7081],[135.515,46.7053],[135.5156,46.7034],[135.5139,46.7008],[135.5111,46.6999],[135.5077,46.7003],[135.5063,46.7015],[135.5061,46.7049],[135.5047,46.7062]]}},{"type":"Feature","properties":{"name":"Бикин"},"geometry":{"type":"LineString","coordinates":[[135.3783,46.5511],[135.3764,46.5505],[135.374,46.5497],[135.3714,46.5485],[135.3691,46.5478],[135.3674,46.5472],[135.3633,46.545],[135.3566,46.5417],[135.3532,46.541],[135.3495,46.5398],[135.347,46.5386],[135.3455,46.5372],[135.3457,46.5349],[135.346,46.5329],[135.3434,46.5279],[135.3401,46.5254],[135.3371,46.5223],[135.3359,46.5212],[135.3339,46.5202],[135.3308,46.5193],[135.3279,46.519],[135.3249,46.5206],[135.324,46.522],[135.3246,46.5252],[135.3245,46.5269],[135.323,46.528],[135.321,46.5288],[135.3183,46.5291],[135.3165,46.5287],[135.3148,46.5278],[135.313,46.5261],[135.3099,46.5247],[135.3081,46.5244],[135.3063,46.5238],[135.305,46.5232]]}},{"type":"Feature","properties":{"name":"Верхняя Олонка"},"geometry":{"type":"LineString","coordinates":[[135.3581,46.5666],[135.3569,46.5654],[135.3562,46.5639],[135.3547,46.5632],[135.3533,46.5623],[135.3517,46.5617],[135.3501,46.5613],[135.3486,46.5606],[135.3471,46.5596],[135.3456,46.5583],[135.3454,46.5566],[135.3453,46.555],[135.3438,46.5542],[135.3419,46.5544],[135.3399,46.5548],[135.3381,46.5547],[135.3362,46.5544],[135.3347,46.5539],[135.3332,46.5532],[135.3317,46.552],[135.33,46.5523],[135.3283,46.5527],[135.3267,46.5525],[135.3252,46.5531],[135.3237,46.5546],[135.3221,46.5548],[135.3217,46.555]]}},{"type":"Feature","properties":{"name":"Верхняя Олонка"},"geometry":{"type":"LineString","coordinates":[[135.3139,46.6394],[135.315,46.6382],[135.3167,46.6367],[135.318,46.6357],[135.3194,46.6344],[135.3207,46.6333],[135.322,46.6322],[135.3233,46.6312],[135.3246,46.6298],[135.3258,46.6288],[135.3261,46.6284]]}},{"type":"Feature","properties":{"name":"Олонка"},"geometry":{"type":"LineString","coordinates":[[135.3217,46.555],[135.3198,46.5553],[135.3181,46.5553],[135.3169,46.5542],[135.3173,46.5526],[135.3165,46.5512],[135.3149,46.55],[135.316,46.5486],[135.3177,46.5476],[135.3184,46.5461],[135.3182,46.5441],[135.3171,46.5429],[135.3158,46.5417],[135.3142,46.5411],[135.3125,46.5406],[135.3109,46.54],[135.3118,46.5384],[135.3119,46.5368],[135.311,46.5351],[135.3111,46.5327],[135.3115,46.5307],[135.3105,46.5288],[135.3095,46.5268],[135.3076,46.5253],[135.3057,46.5241],[135.305,46.5232]]}},{"type":"Feature","properties":{"name":"Олонка"},"geometry":{"type":"LineString","coordinates":[[135.3211,46.6203],[135.3208,46.618],[135.3211,46.6164],[135.3211,46.6147],[135.3205,46.613],[135.3201,46.6108],[135.3191,46.6096],[135.3181,46.6081],[135.3171,46.6068],[135.3166,46.6052],[135.3166,46.6033],[135.315,46.6024],[135.3139,46.6012],[135.3133,46.5996],[135.3131,46.5979],[135.3129,46.5963],[135.3137,46.5947],[135.3139,46.5928],[135.3146,46.5912],[135.315,46.5896],[135.3158,46.5882],[135.3161,46.5867],[135.3159,46.585],[135.3165,46.5834],[135.3179,46.5826],[135.32,46.5817],[135.3216,46.5814],[135.3235,46.5805],[135.3251,46.5799],[135.3267,46.5785],[135.3276,46.577],[135.3284,46.5755],[135.3279,46.5739],[135.3275,46.5723],[135.3261,46.5713],[135.3257,46.5697],[135.3254,46.5681],[135.3264,46.5667],[135.3254,46.5653],[135.3252,46.5636],[135.3243,46.5622],[135.3241,46.5604],[135.3238,46.5589],[135.3226,46.5576],[135.3217,46.5561],[135.3217,46.555]]}},{"type":"Feature","properties":{"name":"Ostrovnaja River"},"geometry":{"type":"LineString","coordinates":[[135.429,46.3985],[135.4241,46.3997],[135.4216,46.4002],[135.4191,46.4007],[135.4166,46.4012],[135.4125,46.4015],[135.4075,46.4013],[135.4052,46.402],[135.4027,46.4021],[135.4003,46.4028],[135.3992,46.4041],[135.3975,46.4054],[135.3956,46.4066],[135.3939,46.4071],[135.3925,46.408],[135.3918,46.4095],[135.3916,46.4111],[135.3913,46.4133],[135.3903,46.4148],[135.3888,46.416],[135.3875,46.4171],[135.3869,46.4187],[135.3863,46.4202],[135.3867,46.4221],[135.3864,46.4241],[135.386,46.4262],[135.3852,46.4277],[135.3842,46.4291],[135.3832,46.4305],[135.3826,46.4322],[135.3815,46.4336],[135.3805,46.435],[135.3809,46.4367],[135.3801,46.4383],[135.3803,46.4402],[135.3794,46.4417],[135.3779,46.4424],[135.3753,46.4441],[135.3734,46.4452],[135.3718,46.4455],[135.3702,46.446],[135.3687,46.4466],[135.3667,46.4477],[135.3645,46.448],[135.3626,46.4479],[135.3604,46.4489],[135.3584,46.4496],[135.3568,46.4506],[135.355,46.4518],[135.3534,46.453],[135.3516,46.4533],[135.3492,46.4538],[135.3476,46.4546],[135.3459,46.4549],[135.3441,46.455],[135.3426,46.4559],[135.3417,46.4574],[135.3403,46.4582],[135.3389,46.4594],[135.3372,46.4601],[135.3353,46.461],[135.3343,46.4624],[135.3328,46.4635],[135.3316,46.4661],[135.3307,46.4677],[135.3291,46.4686],[135.3276,46.4694],[135.3251,46.4703],[135.3233,46.4707],[135.3214,46.471],[135.3193,46.4713],[135.3171,46.4716],[135.3153,46.4719],[135.3134,46.4729],[135.3115,46.4732],[135.3098,46.4736],[135.3074,46.4739],[135.3053,46.4747],[135.3028,46.4746],[135.3009,46.475],[135.2992,46.4755],[135.2971,46.4755],[135.295,46.476],[135.2929,46.4762],[135.2909,46.4767],[135.2898,46.4782],[135.2896,46.4802],[135.2888,46.4818],[135.2881,46.4834],[135.2868,46.4846],[135.2856,46.486],[135.2835,46.4865],[135.2829,46.488],[135.2822,46.4895],[135.2809,46.4904],[135.2808,46.4921],[135.2798,46.4936],[135.2802,46.4953],[135.2804,46.4969],[135.282,46.4983],[135.283,46.4997],[135.2829,46.5016],[135.2828,46.5033],[135.2823,46.5049],[135.2815,46.5056]]}},{"type":"Feature","properties":{"name":"Sokolikha"},"geometry":{"type":"LineString","coordinates":[[135.6472,46.5116],[135.6457,46.5124],[135.6442,46.5139],[135.6436,46.5165],[135.6434,46.519],[135.6425,46.5208],[135.641,46.5225],[135.6382,46.525],[135.6368,46.527],[135.6353,46.5278],[135.634,46.5295],[135.6325,46.5308],[135.6314,46.5325],[135.6295,46.534],[135.627,46.5351],[135.6252,46.5366],[135.6228,46.5386],[135.6218,46.5404],[135.6198,46.5426],[135.6183,46.5449],[135.6158,46.5471],[135.614,46.5485],[135.6126,46.5493],[135.6109,46.5508],[135.6103,46.5526],[135.6097,46.5545],[135.6076,46.5567],[135.6059,46.5594],[135.6051,46.5627],[135.6043,46.5652],[135.6033,46.5671],[135.6013,46.5687],[135.5999,46.5709],[135.5988,46.5725],[135.5989,46.5749],[135.5979,46.5773],[135.5976,46.5799],[135.597,46.5817],[135.5965,46.5836],[135.5955,46.5853],[135.5945,46.5871],[135.5933,46.5883],[135.5916,46.5898],[135.5912,46.5918],[135.5882,46.5948],[135.5871,46.5972],[135.5872,46.5991],[135.5859,46.6008],[135.5842,46.6024],[135.583,46.6045],[135.581,46.6066],[135.5797,46.6083],[135.5793,46.6102],[135.578,46.6118],[135.5765,46.6126],[135.5749,46.6131],[135.5733,46.6145],[135.5716,46.6145],[135.5697,46.6144],[135.5677,46.6149],[135.5655,46.6161],[135.5644,46.6178],[135.5627,46.6183],[135.5608,46.6183],[135.5591,46.6187],[135.5573,46.619],[135.5552,46.6202],[135.5536,46.6207],[135.5518,46.621],[135.5501,46.6213],[135.5483,46.6211],[135.5467,46.6215],[135.5448,46.6229],[135.543,46.623],[135.541,46.6243],[135.5398,46.6257],[135.5394,46.6274],[135.5382,46.6288],[135.5372,46.6306],[135.5359,46.6315],[135.5356,46.6337],[135.5348,46.6352],[135.5332,46.6356],[135.5315,46.6361],[135.5296,46.6358],[135.5278,46.6363],[135.526,46.6363],[135.5241,46.6364]]}},{"type":"Feature","properties":{"name":"Sputnitza"},"geometry":{"type":"LineString","coordinates":[[135.6034,46.5243],[135.6011,46.5252],[135.6002,46.5268],[135.5993,46.5284],[135.598,46.5299],[135.5958,46.5309],[135.5941,46.5324],[135.5928,46.5339],[135.5921,46.5355],[135.5903,46.5369],[135.5885,46.5381],[135.5861,46.5389],[135.584,46.5411],[135.5805,46.5424],[135.5777,46.5442],[135.5727,46.545],[135.5707,46.5461],[135.5686,46.547],[135.5669,46.5481],[135.5645,46.5489],[135.5623,46.5497],[135.5598,46.5499],[135.5578,46.5509],[135.5557,46.5513],[135.5533,46.5534],[135.5512,46.5543],[135.55,46.5559],[135.5475,46.5562],[135.5453,46.5572],[135.5441,46.5589],[135.5432,46.5605],[135.5418,46.5619],[135.5399,46.5637],[135.539,46.5653],[135.5375,46.5668],[135.5365,46.5686],[135.535,46.571],[135.5352,46.5728],[135.5354,46.5746],[135.5331,46.5768],[135.5318,46.5784],[135.5296,46.5793],[135.5277,46.5805],[135.5267,46.5831],[135.5268,46.5849],[135.5275,46.5866],[135.5272,46.5885],[135.5272,46.5903],[135.5263,46.592],[135.5263,46.5938],[135.5267,46.5955],[135.5254,46.5971],[135.524,46.5985],[135.5235,46.6002],[135.5232,46.6019],[135.5229,46.6036],[135.524,46.6053],[135.5242,46.6071],[135.5225,46.6084],[135.5218,46.6101],[135.5199,46.6112],[135.5199,46.613],[135.5187,46.6146],[135.5188,46.6163],[135.5205,46.6176],[135.5222,46.6185],[135.5225,46.6211],[135.5238,46.6226],[135.524,46.6244],[135.5244,46.627],[135.5234,46.6287],[135.5236,46.6306],[135.5247,46.6321],[135.5253,46.634],[135.5241,46.6355],[135.5236,46.6372],[135.5216,46.6378],[135.5203,46.6387],[135.5182,46.6396],[135.5163,46.6407],[135.5144,46.64],[135.5124,46.6396],[135.5109,46.6403],[135.5086,46.6403],[135.5067,46.64],[135.5051,46.6403],[135.5033,46.6401],[135.5011,46.6397],[135.4995,46.6399],[135.4979,46.6413],[135.4961,46.641],[135.494,46.6413],[135.4921,46.6412],[135.4905,46.6418],[135.4889,46.6413],[135.4867,46.6422],[135.485,46.6422],[135.4824,46.6417],[135.4808,46.6411],[135.4793,46.64],[135.4774,46.6401],[135.4754,46.6399],[135.4737,46.6396],[135.472,46.6388],[135.4695,46.6385],[135.4678,46.6373],[135.4662,46.6369],[135.4632,46.6375],[135.4607,46.6365],[135.4595,46.6353],[135.4582,46.6361],[135.4563,46.6359],[135.456,46.6365]]}},{"type":"Feature","properties":{"name":"Сахалинка"},"geometry":{"type":"LineString","coordinates":[[134.3786,46.3831],[134.38,46.3842],[134.3812,46.3853],[134.3827,46.386],[134.3836,46.3879],[134.3833,46.3895],[134.3818,46.3903],[134.3816,46.3923],[134.3829,46.3935],[134.3816,46.3948],[134.3826,46.3963],[134.3811,46.397],[134.3811,46.3987],[134.3822,46.3998],[134.3825,46.4013],[134.3835,46.4027],[134.3847,46.4038],[134.3859,46.4051],[134.3875,46.4057],[134.3892,46.4062],[134.3903,46.4075],[134.3918,46.4069],[134.3932,46.4078],[134.3949,46.408],[134.3951,46.4096],[134.3964,46.4107],[134.3984,46.4109],[134.397,46.4115],[134.3987,46.412],[134.4004,46.4128],[134.4021,46.4142],[134.4033,46.4154],[134.4045,46.4168],[134.4052,46.4186],[134.406,46.4202],[134.4049,46.4215],[134.4064,46.4225],[134.4076,46.4236],[134.4065,46.4251],[134.4081,46.4259],[134.4096,46.4253],[134.4113,46.426],[134.4128,46.4253],[134.4147,46.4254],[134.4158,46.4266],[134.4171,46.4276],[134.4186,46.4286],[134.4195,46.4301],[134.4204,46.4318],[134.4208,46.4334],[134.4226,46.4346],[134.4245,46.4349],[134.4249,46.437],[134.4264,46.438],[134.4282,46.4384],[134.4286,46.4402],[134.4301,46.4412],[134.4326,46.4425],[134.4342,46.442],[134.4342,46.4437],[134.4359,46.4441],[134.4385,46.4447],[134.44,46.4458],[134.4409,46.4474],[134.443,46.4481],[134.4412,46.4486],[134.4409,46.4502],[134.4429,46.4508],[134.4444,46.4503],[134.443,46.4518],[134.4424,46.4534],[134.4445,46.4535],[134.446,46.4544],[134.4446,46.4554],[134.4465,46.456],[134.4452,46.4569],[134.4462,46.4585],[134.4484,46.4597],[134.4468,46.46],[134.4485,46.4608],[134.4511,46.462],[134.4516,46.4636],[134.4496,46.4639],[134.4491,46.4655],[134.4513,46.4664],[134.4493,46.4679],[134.4476,46.4684],[134.4466,46.4697],[134.4476,46.4719],[134.4462,46.4729],[134.4444,46.4723],[134.4452,46.4738],[134.4479,46.4746],[134.449,46.476],[134.4472,46.4769],[134.4454,46.4766],[134.4433,46.4775],[134.4419,46.4786]]}},{"type":"Feature","properties":{"name":null},"geometry":{"type":"LineString","coordinates":[[135.7971,46.1173],[135.7954,46.118],[135.7936,46.1182],[135.7923,46.1192],[135.7907,46.1198],[135.789,46.1197],[135.7873,46.1194],[135.7849,46.1189],[135.7834,46.1183],[135.7811,46.1153],[135.7794,46.1148],[135.7777,46.1148],[135.7758,46.1142],[135.7741,46.1132],[135.7729,46.1122],[135.771,46.112],[135.7691,46.1113],[135.7672,46.11],[135.7655,46.1096],[135.7641,46.1103],[135.7624,46.1101],[135.7608,46.1106],[135.7591,46.11],[135.7574,46.1095],[135.7564,46.1081],[135.7535,46.108],[135.7522,46.1093],[135.7511,46.1105],[135.7493,46.1105],[135.7483,46.1092],[135.7463,46.1099],[135.7447,46.1101],[135.7429,46.1093],[135.7405,46.1098],[135.7384,46.1101],[135.7367,46.1105],[135.7347,46.1098],[135.7329,46.1087],[135.731,46.1086],[135.7291,46.109],[135.7273,46.1094],[135.7256,46.1086],[135.7232,46.1085],[135.7216,46.109],[135.719,46.1096],[135.717,46.1104],[135.7143,46.1118],[135.7123,46.112],[135.7113,46.1134],[135.7107,46.1152],[135.7088,46.1158],[135.7074,46.1148],[135.7058,46.1153],[135.7039,46.1153],[135.7022,46.1145],[135.7004,46.1146],[135.6988,46.1152],[135.6969,46.1153],[135.6947,46.1156],[135.6931,46.1159],[135.6912,46.1171],[135.6895,46.1174],[135.6872,46.1168],[135.6856,46.1168],[135.6818,46.1168],[135.68,46.1174],[135.6786,46.1182],[135.6768,46.1186],[135.6748,46.1192],[135.6732,46.1187],[135.6718,46.1197],[135.6715,46.1217],[135.6699,46.1229],[135.6681,46.1228],[135.6672,46.1242],[135.6652,46.1255],[135.6652,46.1272],[135.6635,46.128],[135.6619,46.1282],[135.66,46.128],[135.6566,46.1277],[135.6548,46.1278],[135.6507,46.1299],[135.646,46.1312],[135.6405,46.1335],[135.6391,46.1356],[135.6381,46.1395],[135.6344,46.1452],[135.6332,46.149],[135.633,46.1506],[135.6313,46.1534],[135.6318,46.1557],[135.6307,46.1571],[135.6291,46.1568],[135.6275,46.156],[135.6257,46.1557],[135.6241,46.1564],[135.6217,46.1587],[135.6196,46.1594],[135.619,46.1609],[135.6173,46.1611],[135.6155,46.1614],[135.6141,46.1623],[135.6124,46.1622],[135.611,46.1612],[135.6098,46.1623],[135.6081,46.1628],[135.6063,46.1629],[135.6049,46.1641],[135.6031,46.1643],[135.6014,46.164],[135.5997,46.1645],[135.5985,46.1658],[135.5983,46.1674],[135.5974,46.1688],[135.5959,46.1699],[135.5942,46.1702],[135.5904,46.1737],[135.5883,46.1753],[135.5871,46.1765],[135.5861,46.1779],[135.5845,46.1786],[135.583,46.1795],[135.5816,46.1805],[135.5799,46.1813],[135.5785,46.1822],[135.5769,46.1813],[135.5753,46.1807],[135.5736,46.1812],[135.5717,46.1802]]}},{"type":"Feature","properties":{"name":"Верхняя Олонка"},"geometry":{"type":"LineString","coordinates":[[135.3261,46.6284],[135.3276,46.6275],[135.3289,46.6264],[135.3301,46.6252],[135.3313,46.6241],[135.3329,46.6232],[135.3344,46.6223],[135.3356,46.6212],[135.3368,46.62],[135.3383,46.6187],[135.3397,46.6176],[135.3412,46.617],[135.3421,46.6154],[135.3435,46.6146],[135.3447,46.6135],[135.3462,46.6127],[135.3468,46.6112],[135.3473,46.6096],[135.3475,46.608],[135.3472,46.6064],[135.3473,46.6047],[135.3479,46.6032],[135.3483,46.6016],[135.3493,46.6002],[135.3502,46.5988],[135.3516,46.5981],[135.3533,46.5974],[135.3539,46.5958],[135.3548,46.5944],[135.3554,46.593],[135.3561,46.5915],[135.3571,46.5901],[135.3578,46.5886],[135.3593,46.5879],[135.3597,46.5863],[135.3609,46.5851],[135.3615,46.5834],[135.3615,46.5818],[135.3613,46.5801],[135.3611,46.5784],[135.3612,46.5768],[135.36,46.5757],[135.359,46.5745],[135.3588,46.5728],[135.3584,46.5712],[135.358,46.5696],[135.3579,46.568],[135.3581,46.5666]]}},{"type":"Feature","properties":{"name":"Чёрная Речка"},"geometry":{"type":"LineString","coordinates":[[134.0246,46.3109],[134.0242,46.3125],[134.024,46.3143],[134.0226,46.3158],[134.0238,46.3169],[134.0237,46.3189],[134.0225,46.3202],[134.0209,46.3209],[134.0194,46.3221],[134.0211,46.3216],[134.0201,46.3235],[134.0179,46.3237],[134.017,46.3253],[134.0153,46.3249],[134.0136,46.3253],[134.0118,46.3255],[134.0106,46.3267],[134.0121,46.3275],[134.0112,46.3289],[134.0123,46.3303],[134.0134,46.3289],[134.0129,46.3312],[134.0112,46.3321],[134.008,46.3324],[134.0073,46.3341],[134.0088,46.3347],[134.0105,46.3346],[134.0119,46.3357],[134.0104,46.3368],[134.0093,46.3364]]}},{"type":"Feature","properties":{"name":null},"geometry":{"type":"LineString","coordinates":[[135.596,47.1145],[135.5947,47.1157],[135.5937,47.1176],[135.5933,47.1197],[135.5938,47.1213],[135.5952,47.1222],[135.5941,47.1234],[135.5923,47.1235],[135.591,47.1244],[135.5911,47.1262],[135.5904,47.1277],[135.5919,47.1284],[135.5922,47.13],[135.5936,47.1311],[135.5926,47.1325],[135.5929,47.1341],[135.5913,47.1346],[135.5913,47.1363],[135.5904,47.1378],[135.5906,47.1394],[135.5915,47.1407],[135.5908,47.1422],[135.5925,47.1428],[135.5916,47.1442],[135.591,47.1458],[135.5913,47.1474],[135.5897,47.1474],[135.588,47.1475],[135.5894,47.1485],[135.5906,47.1495],[135.5893,47.1507],[135.5893,47.1523],[135.5898,47.1542],[135.5887,47.1554],[135.5873,47.1562],[135.5866,47.1577],[135.5851,47.1584],[135.584,47.1596],[135.5832,47.161],[135.5816,47.1614],[135.5813,47.163],[135.5804,47.1644],[135.5787,47.1643],[135.5793,47.1659],[135.5797,47.1675],[135.5781,47.1681],[135.5767,47.169],[135.5766,47.1707],[135.5752,47.1715],[135.575,47.1732],[135.5756,47.1748],[135.5767,47.176],[135.5751,47.1767],[135.5747,47.1783],[135.5734,47.1796],[135.5746,47.181],[135.575,47.1826],[135.5742,47.1841],[135.575,47.1855],[135.5733,47.1857],[135.5728,47.1873],[135.573,47.189],[135.5744,47.1899],[135.576,47.1906],[135.5777,47.1911],[135.5768,47.1925],[135.5751,47.1922],[135.5733,47.1932],[135.5722,47.1944],[135.5726,47.196],[135.5721,47.1975],[135.5705,47.1981],[135.5693,47.1993]]}},{"type":"Feature","properties":{"name":"Матай"},"geometry":{"type":"LineString","coordinates":[[135.5693,47.1993],[135.5703,47.2006],[135.5698,47.2022],[135.5715,47.2021],[135.5738,47.2025],[135.5736,47.2041],[135.576,47.2039],[135.5773,47.2049],[135.5783,47.2031],[135.5798,47.2039],[135.5814,47.2045],[135.5829,47.204],[135.5835,47.2056],[135.5852,47.2065],[135.5875,47.2066],[135.5892,47.2063],[135.5905,47.2074],[135.5922,47.2075],[135.5937,47.2086],[135.595,47.2102],[135.5959,47.2117],[135.5974,47.2124],[135.5991,47.2129],[135.5989,47.2145],[135.5973,47.2149],[135.5956,47.2151],[135.5941,47.2157],[135.5953,47.217],[135.5932,47.2178],[135.5916,47.2168],[135.5899,47.2173],[135.5912,47.2187],[135.5916,47.2203],[135.5927,47.2217],[135.5948,47.2225],[135.5968,47.2237],[135.5984,47.2245],[135.5997,47.2254],[135.6005,47.2269],[135.6018,47.228],[135.6022,47.2297],[135.6038,47.233],[135.6044,47.2352],[135.603,47.236],[135.6025,47.2375],[135.6038,47.2386],[135.6034,47.2402],[135.602,47.2414],[135.6009,47.243],[135.6003,47.2447],[135.5987,47.2472],[135.5973,47.2496],[135.5967,47.2512],[135.596,47.2527],[135.5966,47.2543],[135.5976,47.2556],[135.599,47.2564],[135.6015,47.2579],[135.6028,47.2589],[135.605,47.2599],[135.6068,47.261],[135.6079,47.2623],[135.6086,47.2637],[135.6104,47.2637],[135.6118,47.2627],[135.6134,47.2628],[135.6128,47.2646],[135.6114,47.2656],[135.6121,47.2671],[135.6124,47.2688],[135.6127,47.2705],[135.6127,47.2722],[135.6132,47.2739],[135.613,47.2756],[135.6133,47.2763]]}},{"type":"Feature","properties":{"name":null},"geometry":{"type":"LineString","coordinates":[[134.2032,47.3462],[134.2009,47.349],[134.1802,47.3734],[134.1685,47.4063],[134.1676,47.4086],[134.1623,47.4233],[134.1628,47.4395],[134.1669,47.4424],[134.1673,47.4443],[134.1633,47.4525],[134.1637,47.4711],[134.184,47.4935],[134.1914,47.5016],[134.1918,47.5032],[134.1919,47.5041]]}},{"type":"Feature","properties":{"name":null},"geometry":{"type":"LineString","coordinates":[[134.0058,46.6375],[134.0043,46.6395],[134.0047,46.6417],[134.0056,46.6436],[134.0072,46.6454],[134.0095,46.6472]]}},{"type":"Feature","properties":{"name":"протока Затяжная"},"geometry":{"type":"LineString","coordinates":[[134.5148,46.5186],[134.5133,46.5171],[134.5113,46.5167],[134.5089,46.5167],[134.5087,46.5183],[134.5061,46.5191],[134.5027,46.5192],[134.4986,46.5187],[134.4962,46.5196],[134.4959,46.5179],[134.4938,46.5173],[134.4934,46.5155],[134.4915,46.5143],[134.4869,46.5152],[134.4877,46.517],[134.4868,46.5192],[134.485,46.5215],[134.4827,46.5186],[134.4798,46.5162],[134.4792,46.5143],[134.4788,46.5123],[134.475,46.5128],[134.4735,46.5153],[134.4711,46.5147],[134.4712,46.5119],[134.4717,46.5103],[134.4683,46.5083],[134.4649,46.5087],[134.462,46.5094],[134.4586,46.5083],[134.4572,46.5055],[134.4604,46.5028],[134.4597,46.501],[134.458,46.5002],[134.4532,46.5007],[134.4519,46.5034],[134.4496,46.5032],[134.4479,46.5025],[134.4478,46.505],[134.4501,46.5056],[134.452,46.5053],[134.4496,46.5084],[134.4469,46.5097],[134.4475,46.5113],[134.4513,46.5122],[134.452,46.514],[134.451,46.5154],[134.4486,46.5157],[134.446,46.5147],[134.4437,46.5134],[134.442,46.5123],[134.4396,46.5118],[134.4375,46.5095],[134.4385,46.5081],[134.44,46.5066],[134.4387,46.5037],[134.4362,46.5017],[134.4344,46.5012],[134.4324,46.5015],[134.4289,46.5032]]}},{"type":"Feature","properties":{"name":"Ракитиха"},"geometry":{"type":"LineString","coordinates":[[134.233,46.5576],[134.2345,46.557],[134.2361,46.5567],[134.2377,46.5568],[134.2385,46.5554],[134.2401,46.5553],[134.2417,46.5551],[134.2422,46.554]]}},{"type":"Feature","properties":{"name":"Каменушка"},"geometry":{"type":"LineString","coordinates":[[134.2356,46.5838],[134.2362,46.5822],[134.2358,46.5806],[134.2364,46.579],[134.2362,46.5774],[134.2377,46.5769],[134.2394,46.577],[134.2409,46.5761],[134.2427,46.5753],[134.2441,46.5742],[134.2454,46.5733],[134.2471,46.5729],[134.2487,46.5726],[134.2503,46.5721],[134.2519,46.5722],[134.2529,46.5709],[134.2546,46.5709],[134.2562,46.5706],[134.2579,46.5708],[134.2593,46.5699],[134.2605,46.5687],[134.2624,46.5678]]}},{"type":"Feature","properties":{"name":"Щеголиха"},"geometry":{"type":"LineString","coordinates":[[134.2592,46.5332],[134.2584,46.5347],[134.2598,46.5356],[134.2613,46.536],[134.2621,46.5375],[134.2629,46.5389],[134.264,46.5401],[134.2656,46.5409],[134.2671,46.5414],[134.2681,46.5427],[134.2696,46.5435],[134.271,46.5445],[134.2726,46.5448],[134.2725,46.5465],[134.2742,46.5472],[134.2758,46.548],[134.2776,46.5481],[134.2791,46.5478],[134.2806,46.5487],[134.2823,46.5489],[134.2837,46.5498],[134.2852,46.5509],[134.2858,46.5524],[134.287,46.5537],[134.2886,46.5541],[134.2894,46.5555],[134.2903,46.5569],[134.2917,46.5576],[134.2923,46.5591],[134.294,46.5593],[134.2954,46.5601],[134.297,46.5596],[134.2985,46.559],[134.2994,46.5577],[134.3009,46.5568],[134.3025,46.5567],[134.3039,46.5578],[134.3024,46.5585],[134.3034,46.5598],[134.305,46.5605],[134.3062,46.5615],[134.3054,46.5629],[134.3067,46.5638],[134.3083,46.5642],[134.3096,46.5651],[134.3095,46.5635],[134.3108,46.5625],[134.3115,46.5639],[134.3133,46.5642],[134.315,46.5643],[134.3168,46.5645],[134.3152,46.5654],[134.3146,46.5669],[134.3162,46.5678],[134.3177,46.5684],[134.3193,46.5679],[134.32,46.5694],[134.3188,46.5707],[134.3173,46.5703],[134.3159,46.5713],[134.3171,46.5727],[134.3188,46.5727],[134.318,46.5741],[134.319,46.5755],[134.3185,46.5771],[134.3172,46.5761],[134.316,46.5775],[134.3146,46.5782],[134.3132,46.577],[134.3112,46.5765],[134.3095,46.5766],[134.308,46.5772],[134.3062,46.5777],[134.304,46.5779],[134.3024,46.578],[134.3009,46.5789],[134.2995,46.5796],[134.2994,46.5812]]}},{"type":"Feature","properties":{"name":"Щеголиха"},"geometry":{"type":"LineString","coordinates":[[134.253,46.5312],[134.2544,46.5321],[134.256,46.5326],[134.2574,46.5335],[134.259,46.5333],[134.2592,46.5332]]}},{"type":"Feature","properties":{"name":"Речка 1-я"},"geometry":{"type":"LineString","coordinates":[[134.4222,46.8834],[134.4221,46.8818],[134.4214,46.8801],[134.4198,46.8792],[134.4187,46.8778],[134.4178,46.8763],[134.4161,46.876],[134.4173,46.8747],[134.4189,46.8742],[134.4208,46.8741],[134.4227,46.8745],[134.4245,46.8735],[134.4265,46.8723],[134.4287,46.8721],[134.4304,46.8709],[134.4314,46.8694],[134.4329,46.8687],[134.435,46.8672],[134.4367,46.8662],[134.4387,46.8651],[134.44,46.8641],[134.4416,46.8631],[134.4438,46.8625],[134.448,46.8613],[134.4497,46.861],[134.4514,46.8603],[134.4532,46.8597],[134.4548,46.8585],[134.456,46.8573],[134.4577,46.8568],[134.4593,46.8556],[134.4615,46.8553],[134.4634,46.8551],[134.4654,46.8548],[134.4672,46.8545],[134.4699,46.8545],[134.4713,46.8539],[134.4731,46.8537],[134.4762,46.8534],[134.4783,46.8533],[134.4799,46.8531],[134.4817,46.8526],[134.4833,46.8519],[134.4848,46.8509],[134.4866,46.8497],[134.489,46.8481],[134.4907,46.8466],[134.4922,46.8458],[134.4941,46.8453],[134.4961,46.8451],[134.4985,46.8446],[134.5005,46.844],[134.5021,46.8435],[134.5045,46.8426],[134.5057,46.8416],[134.5069,46.839],[134.5073,46.8374],[134.5071,46.8346],[134.5083,46.8302],[134.5105,46.8274],[134.5118,46.8263],[134.5135,46.8253],[134.515,46.8241],[134.5169,46.8239],[134.5187,46.8236]]}},{"type":"Feature","properties":{"name":null},"geometry":{"type":"LineString","coordinates":[[134.5128,46.3955],[134.5145,46.3962],[134.5159,46.3971],[134.5153,46.3987],[134.5168,46.3991],[134.5179,46.4004],[134.5195,46.4009],[134.5204,46.4028],[134.5212,46.4041],[134.5195,46.4041],[134.5187,46.4062],[134.5192,46.4081],[134.5176,46.4075],[134.5161,46.4086],[134.5175,46.4101],[134.5157,46.41],[134.5167,46.4114],[134.5157,46.4129],[134.514,46.4129],[134.5155,46.4139],[134.5147,46.4156],[134.5132,46.4162],[134.5108,46.4172],[134.5094,46.4181],[134.5108,46.419],[134.5091,46.4189],[134.5094,46.4207],[134.51,46.4222],[134.5082,46.4218],[134.5073,46.4232],[134.509,46.4235],[134.5073,46.4242],[134.5072,46.4261],[134.5058,46.4272],[134.5075,46.4275],[134.5059,46.4281],[134.5061,46.4299],[134.5072,46.4311],[134.5075,46.4328],[134.5061,46.4336],[134.5074,46.4347],[134.5058,46.4351],[134.5075,46.4351],[134.508,46.4368],[134.5069,46.4382],[134.506,46.4396],[134.5047,46.4408],[134.5026,46.4418],[134.5008,46.4423],[134.4987,46.4422],[134.4974,46.4432],[134.4969,46.445],[134.4956,46.4459],[134.494,46.4467],[134.4936,46.4484],[134.4933,46.45],[134.495,46.4494],[134.4954,46.4511],[134.4937,46.4517],[134.4936,46.4534],[134.4928,46.4549],[134.4911,46.4554],[134.4899,46.4566],[134.4896,46.4582],[134.4879,46.4579],[134.4875,46.4596],[134.4857,46.4598],[134.4841,46.4602],[134.4856,46.4613],[134.4844,46.4628],[134.4826,46.4622],[134.4831,46.4641],[134.4821,46.4663],[134.4804,46.4665],[134.4821,46.4672],[134.4812,46.4687],[134.483,46.4692],[134.4843,46.4704],[134.4856,46.4692],[134.4846,46.4709],[134.4828,46.4711],[134.4808,46.4708],[134.4794,46.4699],[134.4796,46.4683],[134.478,46.4697],[134.4785,46.4712],[134.4801,46.4717],[134.4823,46.4726],[134.4814,46.474],[134.4803,46.4752],[134.4825,46.4751],[134.4804,46.4763],[134.479,46.4777],[134.4771,46.4779],[134.4754,46.4789],[134.4733,46.4787],[134.4747,46.48],[134.4715,46.4792],[134.4694,46.4785],[134.4673,46.4798],[134.4657,46.4799]]}},{"type":"Feature","properties":{"name":"Дальняя"},"geometry":{"type":"LineString","coordinates":[[136.0896,46.3484],[136.0873,46.3493],[136.0854,46.3491],[136.0834,46.35],[136.0813,46.3504],[136.0795,46.3521],[136.0772,46.3526],[136.0754,46.3523],[136.073,46.3513],[136.0708,46.3505],[136.0685,46.3503],[136.0659,46.3496],[136.0639,46.3498],[136.0624,46.3513],[136.0602,46.3515],[136.0582,46.3508],[136.056,46.3506],[136.0545,46.3493],[136.0523,46.3484],[136.0504,46.3484],[136.0483,46.348],[136.0465,46.3492],[136.0431,46.348],[136.0405,46.3467],[136.0394,46.3491],[136.0377,46.3511],[136.036,46.352],[136.0354,46.3541],[136.0365,46.3557],[136.0362,46.3576],[136.0338,46.3585],[136.032,46.3588],[136.03,46.3596],[136.0292,46.3611],[136.0301,46.3625],[136.0295,46.3651],[136.0278,46.3659],[136.0252,46.3669],[136.023,46.3679],[136.019,46.3682],[136.017,46.3682],[136.0153,46.3689],[136.0137,46.3701],[136.0116,46.3708],[136.0076,46.3714],[136.0053,46.3714],[136.0001,46.3704],[135.9971,46.3698],[135.9946,46.37],[135.9925,46.3715],[135.9888,46.3713],[135.9851,46.3714],[135.9827,46.3716],[135.9797,46.3735],[135.9773,46.3745],[135.9757,46.3749],[135.9723,46.3751],[135.9693,46.3758],[135.97,46.378],[135.9685,46.3798],[135.9671,46.3808],[135.9654,46.3812],[135.9608,46.3796],[135.957,46.3811],[135.9556,46.3826],[135.9539,46.3847],[135.9514,46.3869],[135.9486,46.3881],[135.9446,46.3889],[135.9455,46.3906],[135.9453,46.3923],[135.9424,46.3948],[135.9403,46.395],[135.9381,46.3953],[135.938,46.3975],[135.935,46.3985],[135.9349,46.4014],[135.9335,46.4036],[135.9319,46.405],[135.9322,46.4071],[135.9308,46.4088],[135.9285,46.4092],[135.9258,46.4097],[135.9252,46.4117],[135.9231,46.4137],[135.9222,46.4155],[135.9195,46.417],[135.9158,46.418],[135.9128,46.4178],[135.909,46.4197],[135.9069,46.4216],[135.9049,46.4242],[135.9031,46.4253],[135.9005,46.4253],[135.8986,46.4266],[135.8968,46.4282],[135.8953,46.429],[135.8927,46.4296],[135.8908,46.4298],[135.8887,46.4283],[135.886,46.4277],[135.8861,46.4255],[135.8851,46.4241],[135.8818,46.4242],[135.8798,46.4248],[135.8782,46.4259],[135.8755,46.4265],[135.873,46.4261],[135.8709,46.4251],[135.8684,46.4246],[135.8665,46.4256],[135.8639,46.4263],[135.8616,46.4273],[135.8599,46.4273],[135.8578,46.427],[135.855,46.4285],[135.8533,46.4303],[135.8512,46.4317],[135.8469,46.4335],[135.8477,46.4357],[135.846,46.4374],[135.8451,46.4392],[135.8445,46.4411],[135.8424,46.4426],[135.8415,46.4445],[135.8401,46.4457],[135.8379,46.447],[135.8352,46.4473],[135.8335,46.4473],[135.8317,46.4469],[135.8301,46.4468],[135.828,46.4466],[135.8266,46.446],[135.825,46.4453],[135.8233,46.4445],[135.8213,46.4433],[135.8197,46.4426],[135.8179,46.4421],[135.8186,46.4405],[135.8202,46.4392],[135.8211,46.4373],[135.8218,46.4357],[135.8231,46.4339],[135.8246,46.4329],[135.8264,46.4326],[135.8281,46.4323],[135.8287,46.4304],[135.8275,46.4286],[135.826,46.4274],[135.8248,46.4261],[135.8231,46.4251],[135.8211,46.4248],[135.8185,46.4247],[135.8166,46.4242],[135.8154,46.423],[135.8136,46.4232],[135.8128,46.4246],[135.8108,46.4247],[135.809,46.4239],[135.8076,46.4229],[135.8057,46.4223],[135.8036,46.4216],[135.8016,46.4211],[135.8008,46.4196],[135.8001,46.4179],[135.7986,46.4163],[135.7967,46.416],[135.7954,46.4149],[135.7953,46.413],[135.7932,46.4133],[135.791,46.4127],[135.789,46.4123],[135.7873,46.4125],[135.7857,46.4121],[135.7857,46.4102],[135.7851,46.4086],[135.7858,46.407],[135.7839,46.406],[135.7815,46.4061],[135.7797,46.4052],[135.7777,46.4048],[135.7755,46.404],[135.774,46.4028],[135.7726,46.4017],[135.7729,46.3999],[135.7713,46.3996],[135.7689,46.3995],[135.7671,46.3997],[135.7649,46.4003],[135.7631,46.4008],[135.7613,46.4012],[135.7593,46.4021],[135.7571,46.4015],[135.7576,46.4],[135.757,46.3985],[135.7563,46.397],[135.7545,46.3962],[135.7527,46.3962],[135.751,46.3966],[135.7492,46.3962],[135.7476,46.3953],[135.7465,46.3939],[135.7447,46.3938],[135.743,46.3945],[135.7408,46.394],[135.7396,46.3928],[135.741,46.3912],[135.7404,46.3897],[135.7387,46.3889],[135.7365,46.3893],[135.7345,46.3894],[135.7327,46.3889],[135.7308,46.388],[135.7292,46.3861],[135.7269,46.3842],[135.7254,46.3826],[135.7243,46.381],[135.7225,46.3809],[135.7204,46.3808],[135.7187,46.3789],[135.7175,46.3772],[135.7166,46.3756],[135.7158,46.3741],[135.716,46.3715],[135.7167,46.368],[135.7176,46.3662],[135.7189,46.3638],[135.7196,46.3622],[135.7196,46.3601],[135.719,46.3584],[135.718,46.3564],[135.718,46.3543],[135.7188,46.3527],[135.7169,46.351],[135.7144,46.3504],[135.7144,46.3483],[135.7142,46.3467],[135.7128,46.3458],[135.7118,46.344],[135.713,46.3424],[135.715,46.341],[135.716,46.3393],[135.7159,46.3374],[135.7144,46.3364],[135.7149,46.3347],[135.7135,46.3337],[135.7142,46.3318],[135.7146,46.3299],[135.7146,46.3279],[135.7155,46.3261],[135.7155,46.3243],[135.7137,46.3226],[135.7126,46.3214],[135.711,46.3205],[135.7093,46.3197],[135.7075,46.3192],[135.7051,46.3179],[135.7034,46.316],[135.7011,46.3151],[135.6995,46.3154],[135.6978,46.3158],[135.6959,46.3145],[135.6964,46.3129],[135.6955,46.3113],[135.6961,46.3095],[135.6951,46.308],[135.6938,46.3065],[135.6915,46.3064],[135.6894,46.3066],[135.6882,46.305],[135.6878,46.3023],[135.6866,46.3009],[135.6843,46.2997],[135.6836,46.2979],[135.685,46.2959],[135.6868,46.2943],[135.6877,46.2927],[135.6882,46.291],[135.6867,46.2899],[135.684,46.288],[135.6812,46.2852],[135.6784,46.2831],[135.6758,46.2821],[135.6734,46.2807],[135.6716,46.2791],[135.6708,46.2766],[135.672,46.2746],[135.6713,46.2713],[135.67,46.2696],[135.6683,46.2691],[135.6667,46.269],[135.6651,46.2689],[135.6658,46.2673],[135.6647,46.2661],[135.6625,46.2646],[135.6622,46.2627],[135.661,46.2614],[135.6586,46.2608],[135.6565,46.2606],[135.6554,46.2593],[135.6562,46.2578],[135.6559,46.2554],[135.6536,46.2537],[135.6514,46.2525],[135.6493,46.2515],[135.6477,46.2511],[135.6458,46.2513],[135.644,46.251],[135.6432,46.2493],[135.6408,46.2493],[135.6382,46.2483],[135.6366,46.2469],[135.6347,46.2468],[135.6332,46.2462],[135.6313,46.2456],[135.6318,46.2441],[135.6304,46.2427],[135.6293,46.2406],[135.6267,46.2397],[135.6249,46.2374],[135.6239,46.2359],[135.6216,46.2342],[135.6197,46.2323],[135.6166,46.2304],[135.6149,46.2297],[135.6133,46.2286],[135.6131,46.2268],[135.6117,46.2254],[135.6102,46.2247],[135.6086,46.2243],[135.6075,46.2257],[135.6057,46.2263],[135.6029,46.227],[135.6008,46.2272],[135.5992,46.2257],[135.5976,46.2244],[135.5969,46.2216],[135.5961,46.22],[135.595,46.2185],[135.5944,46.2161],[135.595,46.2146],[135.5959,46.2121],[135.5945,46.2102],[135.594,46.2086]]}},{"type":"Feature","properties":{"name":"Бикин"},"geometry":{"type":"LineString","coordinates":[[135.5027,46.7085],[135.501,46.7085],[135.4993,46.7079],[135.4983,46.7065]]}},{"type":"Feature","properties":{"name":"Бикин"},"geometry":{"type":"LineString","coordinates":[[135.5047,46.7062],[135.5025,46.707],[135.4998,46.7071],[135.4983,46.7065]]}},{"type":"Feature","properties":{"name":"Бикин"},"geometry":{"type":"LineString","coordinates":[[135.5047,46.7062],[135.5038,46.708],[135.5027,46.7085]]}},{"type":"Feature","properties":{"name":"Бикин"},"geometry":{"type":"LineString","coordinates":[[135.4326,46.5943],[135.4319,46.5928],[135.4308,46.5912],[135.4304,46.5895],[135.4297,46.588],[135.4293,46.5864],[135.4276,46.5859],[135.4259,46.5862],[135.4232,46.5854]]}},{"type":"Feature","properties":{"name":"Бикин"},"geometry":{"type":"LineString","coordinates":[[135.4317,46.6277],[135.4299,46.6268],[135.4282,46.6256],[135.4265,46.6252],[135.4246,46.6253],[135.4238,46.6236],[135.4241,46.622],[135.4237,46.6204],[135.4248,46.6191],[135.4266,46.6177],[135.4283,46.6166],[135.4286,46.6146],[135.4279,46.6126]]}},{"type":"Feature","properties":{"name":"Бикин"},"geometry":{"type":"LineString","coordinates":[[135.4173,46.5814],[135.4151,46.5807],[135.4134,46.5805],[135.4117,46.5807],[135.41,46.581],[135.4085,46.5803],[135.4078,46.5788],[135.4087,46.5774],[135.4102,46.577],[135.4117,46.5761],[135.4124,46.5758]]}},{"type":"Feature","properties":{"name":"3-Хима"},"geometry":{"type":"LineString","coordinates":[[135.3191,47.1148],[135.321,47.114],[135.3234,47.1129],[135.3251,47.1118],[135.3272,47.1119],[135.3291,47.1118],[135.3313,47.1123],[135.3337,47.113],[135.3368,47.1137],[135.3388,47.1139],[135.3408,47.1138],[135.3425,47.1136],[135.3454,47.1124],[135.3469,47.112],[135.3492,47.1125],[135.3511,47.1123],[135.3538,47.113],[135.3564,47.1137],[135.3594,47.1143],[135.3611,47.1147],[135.3633,47.1151],[135.366,47.1155],[135.3686,47.1151],[135.372,47.114],[135.3748,47.114],[135.3771,47.1154],[135.3787,47.1164],[135.3814,47.1176],[135.3837,47.1175],[135.3866,47.1173],[135.3895,47.1174],[135.3923,47.1173],[135.3943,47.1177],[135.396,47.1175],[135.3979,47.1172],[135.4007,47.1186],[135.4019,47.1205],[135.4045,47.1218],[135.4065,47.1227],[135.4088,47.1237],[135.4111,47.1243],[135.4129,47.1248],[135.4144,47.1256],[135.416,47.1259],[135.4173,47.1275],[135.4175,47.1295],[135.4201,47.1306],[135.4212,47.132],[135.4233,47.1327],[135.4252,47.1335],[135.4273,47.1352],[135.4294,47.1358],[135.431,47.1368],[135.4331,47.1381],[135.4348,47.1393],[135.4379,47.1408],[135.4394,47.1417],[135.4411,47.1423],[135.4422,47.1435],[135.444,47.1439],[135.4484,47.1453],[135.4504,47.1462],[135.4515,47.1476],[135.4535,47.149],[135.4568,47.1499],[135.4589,47.1493],[135.4615,47.1477],[135.4649,47.1485],[135.4689,47.1494],[135.475,47.1514],[135.4786,47.1538],[135.4799,47.1554],[135.4815,47.1566],[135.4832,47.1571],[135.4851,47.1575],[135.4876,47.1591],[135.4898,47.1604],[135.4916,47.1613],[135.4938,47.1639],[135.4952,47.1649],[135.4985,47.1669],[135.5006,47.1676],[135.5043,47.1692],[135.5056,47.1703],[135.5062,47.1718],[135.5101,47.1726],[135.512,47.1732],[135.5138,47.1726],[135.5157,47.1722],[135.5176,47.172],[135.5194,47.1719],[135.5218,47.1722],[135.5238,47.1719],[135.5255,47.1722],[135.5274,47.1723],[135.5293,47.1723],[135.531,47.1729],[135.5329,47.1734],[135.5345,47.1736],[135.5364,47.1739],[135.5381,47.1742],[135.5392,47.1754],[135.541,47.1769],[135.5427,47.178],[135.5443,47.1778],[135.547,47.1801],[135.549,47.1824],[135.5505,47.1837],[135.5509,47.1862],[135.5517,47.1884],[135.5524,47.1901],[135.554,47.1909],[135.5562,47.192],[135.5585,47.1924],[135.5604,47.1926],[135.562,47.1941],[135.5638,47.1951],[135.5658,47.1952],[135.5678,47.1952],[135.5661,47.1972],[135.568,47.198],[135.5693,47.1993]]}},{"type":"Feature","properties":{"name":null},"geometry":{"type":"LineString","coordinates":[[134.9083,46.8115],[134.9073,46.8094],[134.9054,46.8091],[134.9037,46.8093],[134.9044,46.8074],[134.9041,46.8058],[134.9022,46.807],[134.9003,46.8068],[134.9012,46.8051],[134.901,46.8032],[134.8993,46.8036],[134.9004,46.8022],[134.8987,46.8004],[134.8993,46.7983],[134.8976,46.7964],[134.8968,46.7936],[134.8951,46.7922],[134.8925,46.7914],[134.8906,46.7916],[134.891,46.7932],[134.889,46.7932],[134.8862,46.7934],[134.8845,46.7919],[134.8829,46.7912],[134.8809,46.7915],[134.8821,46.7902],[134.8842,46.7894],[134.8846,46.7876],[134.8811,46.7854],[134.8793,46.7848],[134.8764,46.7851],[134.8745,46.7836],[134.8753,46.7818],[134.877,46.7801],[134.8762,46.7781],[134.8741,46.7773],[134.8748,46.7756],[134.8748,46.774],[134.8763,46.7734],[134.878,46.7746],[134.8788,46.7728],[134.8806,46.7743],[134.8822,46.7717],[134.8808,46.7698],[134.8791,46.7691],[134.8774,46.7691],[134.8752,46.7679],[134.8766,46.7667],[134.8786,46.7666],[134.8814,46.7671],[134.8807,46.7655],[134.8786,46.7653],[134.8757,46.7635],[134.874,46.7631],[134.8724,46.7621],[134.872,46.7602],[134.8695,46.7588],[134.8671,46.7581],[134.8687,46.7566],[134.8686,46.7549],[134.8697,46.7561],[134.8714,46.7565],[134.871,46.7547],[134.8691,46.7535],[134.8673,46.7518],[134.8653,46.7516],[134.8635,46.7513],[134.8613,46.7516],[134.8599,46.7504],[134.8595,46.7487],[134.8586,46.7501],[134.8567,46.7495],[134.8547,46.7482],[134.8528,46.7467],[134.8517,46.7455],[134.8499,46.7432],[134.8474,46.7432],[134.8456,46.7426],[134.8466,46.741],[134.8436,46.7392],[134.8425,46.7378],[134.8439,46.737],[134.8454,46.7363],[134.8451,46.7346],[134.8443,46.7327],[134.8423,46.732],[134.8416,46.7337],[134.8399,46.7354],[134.8383,46.7352],[134.8368,46.7338],[134.8361,46.7315],[134.835,46.7297],[134.8367,46.7286],[134.835,46.7282],[134.8333,46.7279],[134.8321,46.7292],[134.8296,46.729],[134.8301,46.7272],[134.8335,46.7265],[134.835,46.7252],[134.8341,46.7235],[134.8349,46.7219],[134.8368,46.7211],[134.8355,46.7203],[134.8329,46.7213],[134.8315,46.7229],[134.8296,46.7232],[134.8295,46.7214],[134.8277,46.7195],[134.8255,46.7184],[134.8262,46.7165],[134.8244,46.716],[134.8214,46.7138],[134.819,46.7128],[134.8166,46.7131],[134.8148,46.7138],[134.8139,46.7123],[134.8127,46.7111],[134.81,46.7108],[134.8082,46.7088],[134.8093,46.7075],[134.8074,46.7064],[134.8056,46.7065],[134.8053,46.7082],[134.804,46.7098],[134.8013,46.7097],[134.7996,46.708],[134.7978,46.7056],[134.7956,46.7027],[134.7934,46.7012],[134.7923,46.7],[134.7898,46.6994],[134.7869,46.7005],[134.7846,46.7003],[134.7829,46.6982],[134.7818,46.6962],[134.7804,46.6954],[134.7788,46.6953],[134.7758,46.6952],[134.7738,46.6954],[134.7753,46.6962],[134.7768,46.6968],[134.7744,46.6974],[134.7729,46.6985],[134.7715,46.6973],[134.7726,46.6958],[134.7714,46.6944],[134.7689,46.6947],[134.7663,46.6946],[134.7651,46.6934],[134.7628,46.6918],[134.7609,46.6924],[134.7592,46.6917],[134.7611,46.6896],[134.7598,46.6885],[134.7582,46.6891],[134.7578,46.6907],[134.758,46.6926],[134.7561,46.6928],[134.7543,46.694],[134.7563,46.695],[134.7581,46.6957],[134.7567,46.6965],[134.7549,46.6957],[134.7522,46.695],[134.7507,46.6957],[134.7492,46.6971],[134.7483,46.6954],[134.7469,46.6938],[134.7483,46.6929],[134.7466,46.6909],[134.7447,46.6915],[134.7436,46.6928],[134.7423,46.6916],[134.7404,46.69],[134.7386,46.69],[134.737,46.6904],[134.7359,46.6891],[134.734,46.6886],[134.7307,46.6866],[134.7276,46.6858],[134.7261,46.685],[134.7238,46.6844],[134.7223,46.6838],[134.7199,46.6814],[134.7183,46.6797],[134.718,46.6767],[134.7174,46.675],[134.7184,46.6732],[134.7207,46.6722],[134.7215,46.6707],[134.72,46.6694],[134.7191,46.6671],[134.7177,46.6659],[134.7158,46.6664],[134.7138,46.6674],[134.7124,46.6663],[134.71,46.6669],[134.7074,46.6675],[134.7063,46.6658],[134.7077,46.6631],[134.7072,46.6615],[134.7048,46.6597],[134.7062,46.6579],[134.7063,46.6557],[134.7071,46.6531],[134.7062,46.6516],[134.7038,46.6516],[134.7032,46.6538],[134.7011,46.6548],[134.7,46.6536],[134.7023,46.6506],[134.7,46.6488],[134.6997,46.6462],[134.7022,46.6449],[134.7041,46.6439],[134.706,46.6446],[134.7078,46.6448],[134.7086,46.6434],[134.7071,46.6425],[134.7057,46.6418],[134.7075,46.6411],[134.7087,46.6399],[134.7109,46.6382],[134.709,46.6358],[134.7104,46.6346],[134.7127,46.6357],[134.7149,46.6353],[134.7146,46.6331],[134.7114,46.6326],[134.708,46.6335],[134.706,46.6332],[134.7065,46.6311],[134.7036,46.6307],[134.7006,46.629],[134.6994,46.6275],[134.6961,46.6276],[134.6945,46.6281],[134.6926,46.6273],[134.6939,46.6249],[134.6973,46.6254],[134.7006,46.6248],[134.7015,46.6231],[134.6984,46.6218],[134.7001,46.6205],[134.7019,46.6205],[134.6995,46.619],[134.6977,46.6171],[134.6949,46.6161],[134.6935,46.6178],[134.6917,46.617],[134.6922,46.6149],[134.6904,46.6116],[134.6909,46.6092],[134.6876,46.6085],[134.6862,46.6075],[134.6881,46.6057],[134.6876,46.6035],[134.6848,46.6032],[134.6836,46.602],[134.6866,46.6015],[134.6874,46.5996],[134.6871,46.5976],[134.684,46.5972],[134.6812,46.5968],[134.6805,46.5951],[134.6786,46.594],[134.6812,46.5936],[134.681,46.5917],[134.6789,46.5919],[134.6767,46.5925],[134.6753,46.5911],[134.6739,46.5901],[134.6757,46.589],[134.6727,46.5881],[134.6711,46.5879],[134.6724,46.5858],[134.6697,46.5849],[134.6679,46.5856],[134.6664,46.5843],[134.6647,46.5835],[134.6627,46.5834],[134.6588,46.5857],[134.6569,46.5864],[134.6548,46.5864],[134.6527,46.5855],[134.6533,46.5838],[134.6535,46.5828]]}},{"type":"Feature","properties":{"name":"Змеиная"},"geometry":{"type":"LineString","coordinates":[[134.849,46.2904],[134.8546,46.2957],[134.858,46.2962],[134.8649,46.2946],[134.8672,46.2954],[134.8732,46.2934],[134.8806,46.2943],[134.889,46.2911],[134.8945,46.2914],[134.8964,46.2897],[134.8994,46.2901],[134.9125,46.2893],[134.9198,46.2903],[134.924,46.2927],[134.9281,46.2928],[134.9309,46.2942],[134.9345,46.2945],[134.9379,46.2991],[134.9378,46.3009],[134.9437,46.3037],[134.9615,46.3131],[134.969,46.3177],[134.9738,46.3228],[134.9765,46.3273],[134.9751,46.334],[134.977,46.3469],[134.9804,46.3569],[134.9861,46.3565],[134.9949,46.3587],[134.9935,46.3654],[134.9997,46.3654],[135.0048,46.3692],[135.0208,46.3732],[135.0258,46.3807],[135.0298,46.3871],[135.0339,46.3943],[135.0394,46.3986],[135.0427,46.4],[135.061,46.402],[135.067,46.4102],[135.081,46.4229],[135.081,46.4319],[135.0797,46.4364],[135.0791,46.4418],[135.0763,46.4451],[135.063,46.4537],[135.0545,46.4623],[135.048,46.467],[135.042,46.4679],[135.0219,46.4633]]}},{"type":"Feature","properties":{"name":"Змеиная"},"geometry":{"type":"LineString","coordinates":[[135.0219,46.4633],[135.0209,46.4648],[135.019,46.4643],[135.0162,46.4636],[135.0133,46.4629],[135.0103,46.4638],[135.0079,46.4636],[135.0058,46.4623],[135.0037,46.463],[135.0022,46.4641],[135.0006,46.4643],[134.9992,46.4634],[135.0009,46.4627],[134.9988,46.4626],[134.9975,46.4615],[134.9962,46.4614]]}},{"type":"Feature","properties":{"name":null},"geometry":{"type":"LineString","coordinates":[[134.3348,46.2585],[134.3337,46.2623],[134.3319,46.2638],[134.3274,46.272],[134.3232,46.2751],[134.3241,46.2774],[134.3216,46.2804],[134.3235,46.2872],[134.3191,46.2962],[134.3198,46.304],[134.318,46.3055],[134.3102,46.3085],[134.3088,46.3095],[134.3088,46.3127],[134.3121,46.3127],[134.3135,46.3139],[134.311,46.3159],[134.3108,46.3178],[134.3146,46.3195],[134.3215,46.3221],[134.3271,46.329],[134.329,46.3304],[134.3283,46.3322],[134.3256,46.3336],[134.3269,46.3375],[134.3286,46.3377],[134.3299,46.3398],[134.3343,46.3406],[134.3317,46.343],[134.3338,46.3449],[134.3378,46.3464],[134.3404,46.3488],[134.3419,46.3502],[134.3445,46.3517],[134.3487,46.3515],[134.3508,46.3508],[134.3549,46.3511],[134.3567,46.3537],[134.3581,46.3541]]}},{"type":"Feature","properties":{"name":null},"geometry":{"type":"LineString","coordinates":[[134.7674,47.0125],[134.7668,47.011],[134.7647,47.0101],[134.7621,47.0096],[134.7614,47.0066],[134.7602,47.0055],[134.7584,47.0052],[134.7579,47.0035],[134.7561,47.0029],[134.7546,47.0019],[134.7537,47.0001],[134.7522,46.9991],[134.7488,46.998],[134.7474,46.9965],[134.746,46.9952],[134.7443,46.9951],[134.7426,46.9951],[134.7407,46.9945],[134.7385,46.9941],[134.7361,46.9926],[134.7342,46.9922],[134.7323,46.9916],[134.731,46.993],[134.7295,46.9922],[134.7267,46.9912],[134.7254,46.9899],[134.7238,46.9901],[134.7222,46.9903],[134.7206,46.9905],[134.7188,46.9889],[134.7163,46.988],[134.7143,46.9874],[134.7132,46.9855],[134.7112,46.9841],[134.7095,46.9837],[134.7077,46.9833],[134.7055,46.9825],[134.704,46.9815],[134.7044,46.9798],[134.7032,46.9783],[134.7018,46.977],[134.7001,46.977],[134.6989,46.9759],[134.6969,46.9741],[134.6948,46.9736],[134.6941,46.9719],[134.692,46.9704],[134.6903,46.9696],[134.6885,46.9682],[134.6862,46.9665],[134.685,46.9648],[134.6839,46.9633],[134.6835,46.9616],[134.6818,46.9603],[134.6801,46.9599],[134.6776,46.9588],[134.6767,46.9573],[134.6763,46.9555],[134.6758,46.954],[134.6733,46.954],[134.6711,46.9539],[134.6695,46.9528],[134.6669,46.9518],[134.6655,46.9504],[134.6656,46.948],[134.6635,46.9477],[134.6619,46.9482],[134.6597,46.9476],[134.6574,46.9467],[134.656,46.9459],[134.6534,46.9456],[134.6511,46.9452],[134.6491,46.9454],[134.6466,46.9449],[134.645,46.9458],[134.6434,46.945],[134.6417,46.9438],[134.6393,46.9434],[134.6379,46.9417],[134.6381,46.9399],[134.6293,46.9396],[134.6246,46.9393],[134.6219,46.9398],[134.6201,46.9396],[134.6185,46.9401],[134.6166,46.941],[134.6143,46.9406],[134.6122,46.9405],[134.6107,46.9399],[134.61,46.9382],[134.6083,46.9383],[134.6067,46.9375],[134.6055,46.9361],[134.6064,46.9345],[134.6049,46.9338],[134.6054,46.9315],[134.6043,46.9299],[134.6034,46.9284],[134.6028,46.9261],[134.6007,46.9251],[134.5992,46.9245],[134.5976,46.924],[134.5963,46.9229],[134.5979,46.9218],[134.5972,46.9203],[134.5956,46.9194],[134.5963,46.918],[134.5947,46.9171],[134.5936,46.9154],[134.5924,46.9142],[134.5901,46.9137],[134.5878,46.9127],[134.5869,46.9112],[134.5851,46.9108],[134.5834,46.9107],[134.5835,46.909],[134.5841,46.9071],[134.5853,46.9048],[134.5844,46.9031],[134.5852,46.9015],[134.5862,46.8993],[134.5876,46.8982],[134.5898,46.8981],[134.589,46.8966],[134.5874,46.896],[134.5862,46.8936],[134.5846,46.8919],[134.583,46.8904],[134.5819,46.8889],[134.5832,46.8879],[134.5842,46.8866],[134.5827,46.8853],[134.5816,46.884],[134.5801,46.8832],[134.5808,46.8817],[134.5815,46.8801],[134.5797,46.8792],[134.5783,46.8784],[134.5779,46.8759],[134.5784,46.874],[134.5769,46.8747],[134.575,46.8748],[134.5743,46.8724],[134.5719,46.8723],[134.5708,46.8711],[134.5717,46.8697],[134.5736,46.8685],[134.5736,46.8666],[134.5716,46.8666],[134.5719,46.8648],[134.5708,46.8632],[134.5696,46.8618],[134.568,46.8612],[134.569,46.8598],[134.5675,46.859],[134.5663,46.8578],[134.5644,46.8575],[134.5632,46.8556],[134.5615,46.855],[134.5599,46.8533],[134.5578,46.8531],[134.5565,46.8521],[134.5573,46.8499],[134.5563,46.8478],[134.5557,46.8459],[134.5548,46.8446],[134.5543,46.843],[134.5529,46.8418],[134.5514,46.8409],[134.5502,46.8396],[134.547,46.8389],[134.5449,46.8385],[134.543,46.8391],[134.5407,46.8382],[134.5398,46.8367],[134.5386,46.8351],[134.535,46.8343],[134.5329,46.8337],[134.5307,46.8328],[134.529,46.8323],[134.5268,46.8317],[134.5241,46.8315],[134.5223,46.8316],[134.5213,46.8298],[134.5228,46.8291],[134.5231,46.8272],[134.5231,46.8255],[134.5219,46.8242],[134.5212,46.8227],[134.5192,46.8235],[134.5187,46.8236]]}},{"type":"Feature","properties":{"name":null},"geometry":{"type":"LineString","coordinates":[[135.2354,46.8255],[135.2335,46.8254],[135.2314,46.8256],[135.2298,46.8256],[135.2284,46.8264],[135.2274,46.8278],[135.226,46.8287],[135.2242,46.8294],[135.2225,46.8305],[135.2207,46.8306],[135.2191,46.8314],[135.2172,46.8311],[135.2153,46.8311],[135.2137,46.8305],[135.211,46.8296],[135.2091,46.8296],[135.2078,46.8307],[135.2062,46.8311],[135.2046,46.8315],[135.2029,46.8313],[135.2011,46.8315],[135.1994,46.8318],[135.1974,46.8321],[135.1956,46.8325],[135.194,46.8328],[135.1923,46.8326],[135.19,46.8333],[135.1888,46.8344],[135.1871,46.8341],[135.1857,46.8331],[135.1841,46.834],[135.1817,46.8339],[135.179,46.8348],[135.1774,46.8347],[135.176,46.8357],[135.1741,46.8363],[135.1723,46.8359],[135.1705,46.8353],[135.1689,46.8357],[135.167,46.8353],[135.1653,46.8353],[135.1632,46.8348],[135.1611,46.8345],[135.1594,46.8346],[135.1578,46.8347],[135.1562,46.8352],[135.1545,46.8347],[135.1529,46.8355],[135.1506,46.8362],[135.1487,46.8366],[135.147,46.8359],[135.1452,46.8349],[135.1435,46.8354],[135.1418,46.8361],[135.1402,46.8363],[135.1385,46.8361],[135.1372,46.8373],[135.1358,46.8385],[135.1339,46.8385],[135.1321,46.8386],[135.1293,46.8389],[135.1277,46.8383],[135.1261,46.8387],[135.1246,46.838],[135.123,46.8375],[135.1214,46.8378],[135.1198,46.8384],[135.1181,46.8384],[135.1164,46.8386],[135.1149,46.838],[135.1135,46.8368],[135.1117,46.8367],[135.1103,46.8358],[135.1085,46.8366],[135.107,46.8376],[135.1053,46.8381],[135.1038,46.8375],[135.102,46.8375],[135.0998,46.8371],[135.0986,46.8383],[135.097,46.8383],[135.0954,46.8387],[135.0939,46.8399],[135.0923,46.8402],[135.0906,46.8402],[135.0891,46.8412],[135.0875,46.8408],[135.0856,46.8398],[135.0836,46.8405],[135.0819,46.8409],[135.0807,46.8399],[135.08,46.8384],[135.0782,46.8389],[135.0768,46.8379],[135.0753,46.8386],[135.0739,46.8378],[135.0722,46.8376],[135.0711,46.8362],[135.0696,46.8355],[135.0678,46.8349],[135.0659,46.8348],[135.0647,46.8337],[135.0657,46.8322],[135.064,46.8322],[135.0626,46.8313],[135.0623,46.8297],[135.063,46.828],[135.0615,46.8269],[135.0603,46.8257],[135.0594,46.8241],[135.0584,46.8228],[135.0572,46.8217],[135.056,46.8204],[135.0565,46.8188],[135.0556,46.8181]]}},{"type":"Feature","properties":{"name":null},"geometry":{"type":"LineString","coordinates":[[135.0556,46.8181],[135.0537,46.8183],[135.0521,46.8176],[135.0505,46.8171],[135.0494,46.8183],[135.0481,46.8172],[135.0467,46.8182],[135.0452,46.8176],[135.0429,46.8171],[135.0412,46.8168],[135.04,46.8157],[135.0389,46.817],[135.0376,46.8156],[135.0361,46.8165],[135.0344,46.816],[135.0327,46.8158],[135.0342,46.8147],[135.0324,46.8143],[135.0321,46.8126],[135.0304,46.8124],[135.0289,46.8137],[135.0272,46.8129],[135.0254,46.8136],[135.0238,46.8128],[135.0225,46.8118],[135.0214,46.8101],[135.021,46.8096]]}},{"type":"Feature","properties":{"name":null},"geometry":{"type":"LineString","coordinates":[[135.021,46.8096],[135.0193,46.809],[135.0184,46.8107],[135.0165,46.8113],[135.0147,46.8106],[135.0129,46.8105],[135.0112,46.8099],[135.0104,46.8082],[135.0089,46.809],[135.0076,46.8076],[135.0089,46.8096],[135.0079,46.811],[135.007,46.8095],[135.0054,46.8093],[135.0043,46.8112],[135.0008,46.8116],[134.9991,46.8125],[134.9983,46.8108],[135.0002,46.8103],[134.9993,46.809],[134.9975,46.8093],[134.9959,46.8098],[134.9946,46.8087],[134.9943,46.8104],[134.9927,46.8095],[134.9918,46.811],[134.9901,46.8107],[134.9888,46.8124],[134.988,46.8141],[134.9859,46.8135],[134.9856,46.8156],[134.9842,46.8166],[134.9823,46.8184],[134.9808,46.8178],[134.9824,46.8168],[134.9808,46.8161],[134.9788,46.8166],[134.9768,46.8155],[134.9755,46.8143],[134.9732,46.8148],[134.9715,46.8139],[134.9715,46.8156],[134.9699,46.8161],[134.9714,46.8173],[134.9698,46.8181],[134.9684,46.8193],[134.967,46.8185],[134.9651,46.8188],[134.9644,46.8203],[134.9632,46.8189],[134.9614,46.8188],[134.9596,46.818],[134.9581,46.8189],[134.9564,46.8194],[134.9548,46.8198],[134.9522,46.819],[134.9502,46.8186],[134.9484,46.8181],[134.947,46.817],[134.945,46.8165],[134.9422,46.8165],[134.94,46.8163],[134.9366,46.8163],[134.935,46.8155],[134.9336,46.8142],[134.9317,46.8136],[134.9304,46.8147],[134.9297,46.8133],[134.9279,46.8124],[134.927,46.8138],[134.9259,46.8123],[134.9243,46.8127],[134.9226,46.8134],[134.9203,46.8145],[134.9206,46.8126],[134.919,46.813],[134.9184,46.8115],[134.9168,46.8109],[134.916,46.8124],[134.9143,46.8128],[134.9131,46.8114],[134.912,46.8126],[134.9112,46.8111],[134.9094,46.8122],[134.9083,46.8115]]}},{"type":"Feature","properties":{"name":null},"geometry":{"type":"LineString","coordinates":[[135.2544,47.0361],[135.2524,47.036],[135.2511,47.0349],[135.2493,47.0341],[135.2476,47.0341],[135.2463,47.0331],[135.2451,47.0319],[135.2432,47.0315],[135.2413,47.0311],[135.2388,47.0301],[135.237,47.0297],[135.2352,47.029],[135.2336,47.0283],[135.2321,47.0291],[135.2302,47.0292],[135.2285,47.0306],[135.2265,47.0306],[135.225,47.0297],[135.2234,47.03],[135.221,47.0296],[135.2194,47.0284],[135.2175,47.0268],[135.2159,47.0259],[135.2142,47.0251],[135.2129,47.0266],[135.2114,47.0274],[135.2098,47.0271],[135.2077,47.0265],[135.2061,47.0273],[135.2043,47.0267],[135.2018,47.0259],[135.2004,47.0238],[135.1993,47.0221],[135.1982,47.0207],[135.1969,47.0193],[135.1954,47.0186],[135.1936,47.0186],[135.1918,47.0192]]}},{"type":"Feature","properties":{"name":null},"geometry":{"type":"LineString","coordinates":[[135.194,47.0346],[135.1938,47.0319],[135.1935,47.0295],[135.1922,47.028],[135.1938,47.0278],[135.1934,47.0261],[135.1928,47.0243],[135.1925,47.022],[135.1924,47.0201],[135.1918,47.0192]]}},{"type":"Feature","properties":{"name":null},"geometry":{"type":"LineString","coordinates":[[135.1918,47.0192],[135.191,47.017],[135.1894,47.0179],[135.1874,47.0167],[135.1867,47.0151],[135.1879,47.0136],[135.1873,47.0113]]}},{"type":"Feature","properties":{"name":null},"geometry":{"type":"LineString","coordinates":[[135.2175,46.9483],[135.2161,46.9489],[135.2153,46.9505],[135.2137,46.9515],[135.2119,46.9525],[135.2123,46.9543],[135.2111,46.9554],[135.21,46.9569],[135.2085,46.9575],[135.2076,46.9594],[135.2073,46.9614],[135.2072,46.9635],[135.2086,46.965],[135.21,46.966],[135.2117,46.967],[135.2129,46.9683],[135.2116,46.9694],[135.212,46.9713],[135.2121,46.973],[135.2107,46.9744],[135.2112,46.9761],[135.2124,46.9773],[135.214,46.9783],[135.2149,46.9799],[135.2146,46.9818],[135.2131,46.9828],[135.2121,46.9841],[135.2112,46.9864],[135.2128,46.9869],[135.2142,46.9881],[135.2151,46.9897],[135.2167,46.9916],[135.2169,46.9937],[135.2167,46.9955],[135.2149,46.9954],[135.2131,46.9972],[135.213,46.9989],[135.2109,46.9997],[135.2104,47.0013],[135.2083,47.0024],[135.2095,47.0039],[135.2083,47.0055],[135.2066,47.0067],[135.2052,47.0082],[135.2036,47.0085],[135.2013,47.0089],[135.1987,47.0085],[135.1968,47.0084],[135.1943,47.0082],[135.1925,47.0086],[135.1895,47.0097],[135.1877,47.0106],[135.1873,47.0113]]}},{"type":"Feature","properties":{"name":null},"geometry":{"type":"LineString","coordinates":[[135.175,47.0033],[135.1735,47.0035]]}},{"type":"Feature","properties":{"name":null},"geometry":{"type":"LineString","coordinates":[[135.1722,47.0038],[135.1707,47.0035]]}},{"type":"Feature","properties":{"name":null},"geometry":{"type":"LineString","coordinates":[[134.997,46.945],[134.9969,46.9434],[134.999,46.9417],[134.9955,46.942],[134.9942,46.9429]]}},{"type":"Feature","properties":{"name":null},"geometry":{"type":"LineString","coordinates":[[135.1873,47.0113],[135.186,47.01],[135.1854,47.0081],[135.1869,47.0071],[135.1852,47.0062],[135.1835,47.0055],[135.1813,47.0037],[135.1794,47.0024],[135.176,47.0025],[135.175,47.0038],[135.1732,47.0034],[135.1712,47.0042],[135.1697,47.0034],[135.1675,47.0032],[135.1656,47.0023],[135.1625,47.0008],[135.1591,47.0005],[135.1576,47.0],[135.1556,46.9996],[135.155,47.0013],[135.1533,47.0021],[135.1512,47.0018],[135.149,47.0012],[135.1485,46.9993],[135.1479,46.9976],[135.1461,46.9965],[135.1445,46.9973],[135.1456,46.9989],[135.144,46.9995],[135.1419,46.9993],[135.1411,46.9968],[135.1395,46.9943],[135.1371,46.9933],[135.135,46.993],[135.1328,46.9926],[135.131,46.9927],[135.1283,46.9924],[135.126,46.9916],[135.1234,46.9906],[135.1215,46.9888],[135.122,46.9872],[135.1222,46.9854],[135.1215,46.9836],[135.1225,46.9822],[135.1212,46.9811],[135.12,46.9798],[135.1183,46.9783],[135.1158,46.9771],[135.1134,46.9761],[135.1113,46.9747],[135.1088,46.974],[135.1069,46.9731],[135.1053,46.9725],[135.1018,46.9721],[135.1001,46.9711],[135.0998,46.9689],[135.0967,46.9677],[135.0944,46.9662],[135.0924,46.9655],[135.0882,46.9664],[135.0865,46.9666],[135.0849,46.967],[135.082,46.9679],[135.0793,46.9674],[135.0801,46.9689],[135.078,46.9694],[135.0743,46.9691],[135.0725,46.9685],[135.0685,46.9692],[135.0641,46.9684],[135.0618,46.9675],[135.056,46.9645],[135.054,46.9628],[135.0519,46.9623],[135.05,46.9625],[135.0484,46.9616],[135.0479,46.9597],[135.0453,46.9593],[135.0436,46.9591],[135.0408,46.9591],[135.0389,46.9583],[135.0376,46.9572],[135.034,46.9565],[135.0321,46.9568],[135.0292,46.9584],[135.0309,46.9593],[135.0296,46.9609],[135.0276,46.9614],[135.0263,46.96],[135.0245,46.9601],[135.0229,46.9598],[135.0227,46.958],[135.021,46.9564],[135.0207,46.9556]]}},{"type":"Feature","properties":{"name":null},"geometry":{"type":"LineString","coordinates":[[134.9898,46.9337],[134.9901,46.932],[134.9877,46.9313],[134.986,46.9309],[134.9832,46.9305]]}},{"type":"Feature","properties":{"name":null},"geometry":{"type":"LineString","coordinates":[[135.0207,46.9556],[135.0198,46.9534],[135.018,46.9525],[135.0196,46.9516],[135.0186,46.9489],[135.0172,46.9478],[135.0152,46.9484],[135.014,46.9495],[135.0115,46.949],[135.009,46.9487],[135.0069,46.9465],[135.0049,46.9464],[135.0049,46.9481],[135.0028,46.9484],[135.0012,46.9469],[134.9985,46.9461],[134.997,46.945],[134.9942,46.9429],[134.9921,46.9426],[134.9899,46.9417],[134.9912,46.9399],[134.9904,46.9384],[134.9884,46.9382],[134.9882,46.9363],[134.9899,46.9353],[134.9897,46.9335],[134.9874,46.9336],[134.9859,46.9348],[134.9841,46.9342],[134.9842,46.932],[134.9832,46.9305],[134.9809,46.9284],[134.9778,46.9276],[134.9789,46.9262],[134.9792,46.9245],[134.9769,46.9243],[134.9758,46.9224],[134.9738,46.9211],[134.9726,46.9196],[134.9713,46.917],[134.9707,46.9149],[134.9705,46.9118],[134.9708,46.9102],[134.9722,46.9093],[134.9708,46.9084],[134.9693,46.9076],[134.9673,46.9074],[134.9663,46.9058],[134.964,46.9052],[134.9607,46.9048],[134.9579,46.9036],[134.9553,46.9024],[134.9536,46.9022],[134.9521,46.9011],[134.9539,46.8995],[134.9551,46.8982],[134.9544,46.8964],[134.9531,46.895],[134.9541,46.8931],[134.9559,46.8926],[134.9575,46.8903],[134.9588,46.8886],[134.9612,46.8884],[134.9603,46.8862],[134.9585,46.8847],[134.9577,46.882],[134.9591,46.8795],[134.9585,46.8771],[134.957,46.8754],[134.9578,46.874],[134.9571,46.872],[134.956,46.8705],[134.9548,46.8683],[134.9529,46.8663],[134.9515,46.8644],[134.9506,46.863],[134.9503,46.8614],[134.9485,46.86],[134.9468,46.8596],[134.9456,46.8582],[134.9439,46.8573],[134.942,46.8577],[134.9435,46.8553],[134.9428,46.8536],[134.941,46.852],[134.9425,46.851],[134.9442,46.8526],[134.9457,46.8516],[134.9444,46.8502],[134.9418,46.8494],[134.9412,46.8477],[134.9395,46.8469],[134.9376,46.8477],[134.9356,46.8481],[134.9351,46.8459],[134.9331,46.8455],[134.9317,46.8464],[134.9301,46.8459],[134.9278,46.8461],[134.9264,46.8451],[134.9245,46.8457],[134.9225,46.8452],[134.923,46.8436],[134.9218,46.8424],[134.922,46.8408],[134.9202,46.8405],[134.9185,46.8395],[134.9162,46.8382],[134.9143,46.8364],[134.9152,46.8346],[134.9128,46.8345],[134.911,46.8347],[134.909,46.8342],[134.9087,46.8324],[134.9103,46.8319],[134.912,46.8319],[134.9137,46.832],[134.9113,46.8294],[134.9102,46.8278],[134.911,46.8261],[134.9116,46.8237],[134.9099,46.8231],[134.9113,46.8221],[134.9101,46.8207],[134.911,46.8187],[134.9123,46.8176],[134.912,46.8161],[134.9105,46.8155],[134.909,46.8142],[134.9081,46.8122],[134.9083,46.8115]]}},{"type":"Feature","properties":{"name":null},"geometry":{"type":"LineString","coordinates":[[134.9003,46.8068],[134.8984,46.8066],[134.897,46.8051],[134.8956,46.804],[134.8975,46.8031],[134.8989,46.803]]}},{"type":"Feature","properties":{"name":null},"geometry":{"type":"LineString","coordinates":[[134.8731,46.7767],[134.8709,46.7764],[134.8698,46.7751],[134.872,46.7743],[134.8741,46.7721],[134.8754,46.7708],[134.8766,46.7694],[134.8752,46.7679]]}},{"type":"Feature","properties":{"name":null},"geometry":{"type":"LineString","coordinates":[[134.8454,46.7363],[134.8441,46.7352],[134.8427,46.7344],[134.8446,46.7339],[134.8449,46.7335]]}},{"type":"Feature","properties":{"name":null},"geometry":{"type":"LineString","coordinates":[[134.7788,46.6953],[134.7774,46.6936],[134.7756,46.6931],[134.7737,46.6917],[134.7711,46.6921],[134.7691,46.6927],[134.7701,46.6912],[134.7687,46.6898],[134.7667,46.6907],[134.7644,46.6921]]}},{"type":"Feature","properties":{"name":"Сактымар"},"geometry":{"type":"LineString","coordinates":[[135.3527,46.8719],[135.3546,46.8723],[135.3563,46.8714],[135.3579,46.8717],[135.36,46.872],[135.3617,46.8718],[135.3635,46.8718],[135.3653,46.8719],[135.3673,46.8725],[135.3697,46.8728],[135.3712,46.8735],[135.3734,46.8741],[135.3757,46.8742],[135.3772,46.875],[135.3796,46.8756],[135.3818,46.8759],[135.3837,46.8763],[135.3854,46.8765],[135.3869,46.8774],[135.3904,46.8773],[135.3934,46.8774],[135.3957,46.8782],[135.3971,46.8796],[135.3984,46.8808],[135.3998,46.882],[135.4019,46.8829],[135.4022,46.8849],[135.4041,46.8853],[135.4058,46.8867],[135.4085,46.8874],[135.4101,46.8882],[135.4113,46.8893],[135.4138,46.8899],[135.415,46.8914],[135.4173,46.8929],[135.4192,46.8935],[135.421,46.8942],[135.4225,46.8957],[135.4237,46.8968],[135.4252,46.8984],[135.4271,46.8988],[135.4288,46.8992],[135.4301,46.898],[135.4322,46.8974],[135.4338,46.898],[135.4353,46.8987],[135.4371,46.8996],[135.4391,46.9001],[135.4406,46.8988],[135.4418,46.8975],[135.4438,46.8974],[135.4458,46.8978],[135.4476,46.8981],[135.4499,46.8982],[135.4521,46.8983],[135.4533,46.8969],[135.4549,46.8971],[135.4568,46.8972],[135.4591,46.8974],[135.4606,46.8969],[135.4624,46.8965],[135.4642,46.8968],[135.4657,46.8972],[135.4684,46.8974],[135.4703,46.8976],[135.4719,46.8973],[135.4735,46.8969],[135.4751,46.897],[135.4768,46.8964],[135.4784,46.8973],[135.4802,46.8966],[135.4822,46.8962],[135.4835,46.8951],[135.4847,46.894],[135.4867,46.8936],[135.4885,46.8935],[135.4904,46.8922],[135.4922,46.8918],[135.4939,46.8913],[135.4957,46.8909],[135.4969,46.8898],[135.4996,46.889],[135.5016,46.8893],[135.5026,46.888],[135.5038,46.8869],[135.5058,46.886],[135.5076,46.8848],[135.5087,46.8833],[135.5105,46.8825],[135.5122,46.8812],[135.5135,46.8799],[135.5154,46.8795],[135.5171,46.8794],[135.5192,46.8786],[135.5206,46.8777],[135.5218,46.8765],[135.5226,46.8747],[135.5233,46.8731],[135.5254,46.8709],[135.5266,46.8692],[135.5285,46.8685],[135.53,46.8669],[135.5313,46.866],[135.533,46.8653],[135.5342,46.8643]]}},{"type":"Feature","properties":{"name":null},"geometry":{"type":"LineString","coordinates":[[135.5484,46.7449],[135.5499,46.744],[135.5488,46.7427],[135.5478,46.7423]]}},{"type":"Feature","properties":{"name":"Тахало"},"geometry":{"type":"LineString","coordinates":[[135.5867,46.9175],[135.585,46.9171],[135.5834,46.9171],[135.5832,46.917]]}},{"type":"Feature","properties":{"name":null},"geometry":{"type":"LineString","coordinates":[[135.5506,46.738],[135.5488,46.7373],[135.5464,46.7369],[135.5448,46.7375]]}},{"type":"Feature","properties":{"name":null},"geometry":{"type":"LineString","coordinates":[[135.5177,46.7099],[135.5162,46.7091],[135.5154,46.7081]]}},{"type":"Feature","properties":{"name":null},"geometry":{"type":"LineString","coordinates":[[135.5177,46.7099],[135.5159,46.7102],[135.5139,46.7104],[135.5123,46.7114],[135.5099,46.7113]]}},{"type":"Feature","properties":{"name":null},"geometry":{"type":"LineString","coordinates":[[135.5099,46.7113],[135.5082,46.7112],[135.5051,46.7094],[135.5027,46.7085]]}},{"type":"Feature","properties":{"name":"Тахало"},"geometry":{"type":"LineString","coordinates":[[135.5448,46.7375],[135.5429,46.7367],[135.5421,46.7352],[135.5403,46.7355],[135.5377,46.7339],[135.5356,46.7333],[135.5338,46.7324],[135.5324,46.7311],[135.531,46.73],[135.5306,46.7283],[135.5292,46.7274],[135.5277,46.7266],[135.5262,46.7258],[135.5259,46.724],[135.5228,46.7232],[135.5203,46.7231],[135.5189,46.7208],[135.5171,46.7211],[135.5154,46.7202],[135.5133,46.7194],[135.5107,46.7175],[135.5095,46.7162],[135.511,46.7155],[135.5122,46.7144],[135.5116,46.7128],[135.5102,46.7119],[135.5099,46.7113]]}},{"type":"Feature","properties":{"name":null},"geometry":{"type":"LineString","coordinates":[[135.515,46.7053],[135.5139,46.704],[135.5109,46.7028],[135.5086,46.7042],[135.5061,46.7049]]}},{"type":"Feature","properties":{"name":null},"geometry":{"type":"LineString","coordinates":[[135.614,47.2867],[135.6156,47.2871],[135.6173,47.2872],[135.6181,47.2873]]}},{"type":"Feature","properties":{"name":null},"geometry":{"type":"LineString","coordinates":[[135.6127,47.2679],[135.6141,47.2692],[135.6122,47.2691]]}},{"type":"Feature","properties":{"name":"Матай"},"geometry":{"type":"LineString","coordinates":[[135.6137,47.2692],[135.6146,47.2711],[135.6134,47.2722],[135.6128,47.273]]}},{"type":"Feature","properties":{"name":null},"geometry":{"type":"LineString","coordinates":[[135.5721,47.1945],[135.5708,47.196],[135.5707,47.1977]]}},{"type":"Feature","properties":{"name":null},"geometry":{"type":"LineString","coordinates":[[135.5911,47.1413],[135.5895,47.1411],[135.5906,47.1424],[135.5913,47.1424]]}},{"type":"Feature","properties":{"name":"Dolmi River"},"geometry":{"type":"LineString","coordinates":[[135.8325,47.1838],[135.8341,47.1855],[135.8369,47.1884],[135.839,47.1907],[135.8386,47.1926],[135.8396,47.1945],[135.8399,47.1972],[135.8402,47.1989],[135.8402,47.2012],[135.84,47.2036],[135.8408,47.206],[135.8414,47.2088],[135.8443,47.2111],[135.8459,47.2124],[135.8476,47.2161],[135.847,47.2178],[135.8469,47.2203],[135.8452,47.222],[135.8454,47.2242],[135.8469,47.2262],[135.8484,47.2276],[135.8488,47.2299],[135.8495,47.2316],[135.8499,47.2342],[135.8508,47.2357],[135.8512,47.2388],[135.8503,47.2408],[135.8505,47.2424],[135.8497,47.2438],[135.8482,47.2448],[135.8472,47.247],[135.8469,47.2502],[135.8472,47.253],[135.8461,47.2543],[135.8443,47.2552],[135.8428,47.2566],[135.842,47.2584],[135.841,47.2605],[135.8416,47.263],[135.8412,47.2652],[135.8429,47.2674],[135.8429,47.2694],[135.8444,47.271],[135.8457,47.2719],[135.8489,47.2733],[135.8525,47.2753],[135.8537,47.2769],[135.8559,47.2785],[135.8571,47.281],[135.8582,47.2826],[135.8647,47.2834],[135.8655,47.2853],[135.8692,47.2864],[135.8708,47.2859],[135.8725,47.286],[135.8742,47.287],[135.8758,47.2894],[135.8786,47.2907],[135.8809,47.2909],[135.8835,47.2921],[135.885,47.2934],[135.8866,47.2948],[135.8882,47.2961],[135.8901,47.298],[135.8911,47.2995],[135.8894,47.3021],[135.889,47.3049],[135.8875,47.308],[135.8859,47.3091],[135.884,47.3095],[135.8819,47.3103],[135.8796,47.3117],[135.8773,47.3125],[135.8751,47.3124],[135.8713,47.3127],[135.869,47.3148],[135.8678,47.316],[135.8668,47.3175],[135.8655,47.3187],[135.8625,47.3191],[135.8604,47.3202],[135.8584,47.3229],[135.8568,47.3243],[135.855,47.3254],[135.8532,47.3249],[135.8515,47.3252],[135.85,47.326],[135.8481,47.3271],[135.8455,47.3281],[135.8442,47.3292],[135.842,47.3293],[135.8401,47.3294],[135.8386,47.3299],[135.8357,47.3304],[135.8343,47.3323],[135.8312,47.3334],[135.8294,47.3337],[135.8275,47.3344],[135.8258,47.3352],[135.824,47.3361],[135.8224,47.3368],[135.8211,47.3378],[135.8193,47.3389],[135.8178,47.3399],[135.816,47.3412],[135.814,47.3427],[135.8128,47.3439],[135.8111,47.3452],[135.8094,47.3463],[135.8084,47.3477],[135.8065,47.3481],[135.8048,47.348],[135.8032,47.3492],[135.8018,47.3507],[135.8002,47.3513],[135.7988,47.3503],[135.7961,47.3511],[135.7944,47.3514],[135.7925,47.3516],[135.7906,47.3523],[135.7888,47.3527],[135.7874,47.3536],[135.7851,47.3535],[135.7831,47.3529],[135.7809,47.3531],[135.7791,47.3529],[135.7769,47.3517],[135.7763,47.3502],[135.7749,47.3488],[135.7727,47.3485],[135.7707,47.3477],[135.7684,47.3471],[135.7672,47.346],[135.7655,47.3456],[135.764,47.344],[135.7622,47.3439],[135.7605,47.3425],[135.7578,47.3419],[135.7568,47.3402],[135.7546,47.3387],[135.7529,47.3371],[135.7507,47.3358],[135.7493,47.3349],[135.7483,47.3336],[135.7471,47.3321],[135.7462,47.3304],[135.7443,47.3304],[135.7424,47.3298],[135.7402,47.33],[135.7386,47.3295],[135.7362,47.3296],[135.7349,47.3286],[135.7331,47.3281],[135.7312,47.3277],[135.7296,47.3269],[135.7278,47.3261],[135.7262,47.326],[135.7239,47.3261],[135.7214,47.3272],[135.7191,47.3283],[135.7169,47.3284],[135.7155,47.3296],[135.7136,47.3309],[135.7122,47.3318],[135.7101,47.3316],[135.7082,47.3313],[135.7071,47.3327],[135.7075,47.3345],[135.7055,47.3353],[135.705,47.337],[135.7032,47.3373],[135.7018,47.3381],[135.7013,47.3396],[135.7025,47.3409],[135.701,47.3417],[135.6991,47.3418],[135.6974,47.3428],[135.6963,47.3442],[135.6941,47.3446],[135.6924,47.3443],[135.6906,47.345],[135.6887,47.3447],[135.6869,47.3447],[135.6849,47.3459],[135.6841,47.3483],[135.6825,47.3494],[135.6807,47.3508],[135.6787,47.3506],[135.6765,47.3499],[135.6747,47.3493],[135.673,47.349],[135.6713,47.3501],[135.6697,47.3496],[135.6681,47.3511],[135.6659,47.351],[135.6638,47.3515],[135.6619,47.3519],[135.6604,47.3532],[135.6587,47.3543],[135.6567,47.356],[135.655,47.3565],[135.6525,47.357],[135.6512,47.3581],[135.6486,47.3593],[135.6465,47.3604],[135.6451,47.3615],[135.643,47.3627],[135.6412,47.363],[135.6395,47.3642],[135.6406,47.3654],[135.6392,47.3666],[135.6376,47.3675],[135.636,47.3673],[135.6354,47.3688],[135.6337,47.3679],[135.6315,47.3678],[135.6303,47.3692],[135.6284,47.3695],[135.6268,47.3697],[135.6252,47.3692],[135.6236,47.3684],[135.6209,47.3684],[135.6192,47.3673],[135.6176,47.3675],[135.6159,47.3682],[135.6142,47.368],[135.6126,47.368],[135.6119,47.3686]]}},{"type":"Feature","properties":{"name":null},"geometry":{"type":"LineString","coordinates":[[135.6258,47.4037],[135.6245,47.4046],[135.626,47.406],[135.6281,47.4063],[135.628,47.4069]]}},{"type":"Feature","properties":{"name":null},"geometry":{"type":"LineString","coordinates":[[135.4062,47.3799],[135.4098,47.3798],[135.4115,47.3809],[135.4145,47.3828],[135.4167,47.3837],[135.4194,47.384],[135.421,47.3841],[135.4234,47.3844],[135.4257,47.3844],[135.4284,47.3843],[135.4319,47.3849],[135.4337,47.3857],[135.4353,47.3864],[135.437,47.3867],[135.4404,47.3876],[135.4431,47.3889],[135.4455,47.39],[135.4486,47.3913],[135.4522,47.3936],[135.4544,47.3954],[135.456,47.3955],[135.4591,47.3951],[135.4614,47.3929],[135.463,47.392],[135.4651,47.39],[135.4673,47.3895],[135.4675,47.3874],[135.4682,47.3859],[135.4709,47.3847],[135.4738,47.3845],[135.4776,47.3832],[135.4794,47.3828],[135.4829,47.3827],[135.486,47.3823],[135.4901,47.3807]]}},{"type":"Feature","properties":{"name":null},"geometry":{"type":"LineString","coordinates":[[135.439,47.3183],[135.4367,47.3205],[135.4348,47.3222],[135.4354,47.3246],[135.4382,47.3276],[135.4393,47.3291],[135.4409,47.3311],[135.4415,47.3326],[135.4411,47.336],[135.4441,47.3394],[135.4451,47.3414],[135.4468,47.342],[135.4504,47.3436],[135.4525,47.3449],[135.454,47.3467],[135.4559,47.3485],[135.4586,47.3516],[135.46,47.3534],[135.4615,47.3553],[135.4631,47.3565],[135.4649,47.3589],[135.4656,47.3622],[135.4662,47.3647],[135.4691,47.3684],[135.4706,47.3699],[135.4721,47.3706],[135.4739,47.3716],[135.4747,47.3735],[135.4765,47.3752],[135.4819,47.377],[135.4851,47.3781],[135.4865,47.3792],[135.4881,47.3795],[135.4897,47.3804],[135.4901,47.3807]]}},{"type":"Feature","properties":{"name":"2-Хима"},"geometry":{"type":"LineString","coordinates":[[135.4114,47.2147],[135.4139,47.2149],[135.4156,47.2149],[135.4172,47.215],[135.4189,47.2148],[135.4207,47.2145],[135.4232,47.2144],[135.4248,47.2148],[135.4279,47.2141],[135.4295,47.2135],[135.4303,47.2121],[135.432,47.2106],[135.4343,47.2096],[135.4362,47.2089],[135.4387,47.2084],[135.4419,47.2092],[135.4441,47.2098],[135.4459,47.2114],[135.4475,47.2133],[135.4486,47.2159],[135.4504,47.2183],[135.4499,47.2207],[135.451,47.222],[135.4515,47.2247],[135.4511,47.2277],[135.4503,47.23],[135.451,47.2336],[135.4511,47.2359],[135.4505,47.2384],[135.449,47.2404],[135.4479,47.2417],[135.4468,47.2442],[135.446,47.2459],[135.4454,47.2477],[135.4441,47.2493],[135.4434,47.2517],[135.4428,47.2546],[135.4429,47.2566],[135.4425,47.2595],[135.4432,47.2614],[135.4432,47.2641],[135.4429,47.2662],[135.4426,47.2679],[135.4444,47.2692],[135.4454,47.2704],[135.4474,47.2734],[135.4495,47.2748],[135.452,47.2762],[135.4549,47.2778],[135.4569,47.2787],[135.4585,47.2792],[135.461,47.2794],[135.4636,47.2799],[135.4658,47.2808],[135.469,47.2801],[135.4713,47.2797],[135.4744,47.2793],[135.4762,47.2781],[135.4803,47.2763],[135.4846,47.276],[135.4875,47.276],[135.4896,47.2771],[135.4924,47.2768],[135.496,47.2773],[135.4986,47.2769],[135.5048,47.2775],[135.5093,47.2789],[135.5123,47.2803],[135.5139,47.2816],[135.5158,47.2837],[135.5162,47.2856],[135.5181,47.2871],[135.519,47.2885],[135.5202,47.2897],[135.5224,47.2911],[135.5277,47.2929],[135.5281,47.297],[135.5293,47.2995],[135.5293,47.3012],[135.5301,47.303],[135.5319,47.3048],[135.5328,47.3063],[135.5347,47.3069],[135.5374,47.3092],[135.5383,47.3111],[135.5387,47.3131],[135.5401,47.3149],[135.5422,47.3169],[135.5445,47.3192],[135.5453,47.3216],[135.5468,47.3233],[135.548,47.3255],[135.549,47.327],[135.552,47.3289],[135.5542,47.3304],[135.556,47.3318],[135.5584,47.3324],[135.5606,47.3333],[135.5634,47.3338],[135.5655,47.335],[135.5692,47.3356],[135.5725,47.3361],[135.5758,47.337],[135.578,47.3378],[135.582,47.3389],[135.5847,47.3397],[135.5873,47.3398],[135.5901,47.3393],[135.5929,47.3399],[135.5972,47.3406],[135.6003,47.3406],[135.6032,47.3411],[135.6044,47.3432],[135.6061,47.344]]}},{"type":"Feature","properties":{"name":null},"geometry":{"type":"LineString","coordinates":[[135.8755,47.4746],[135.8724,47.4747],[135.8699,47.4742],[135.8677,47.4739],[135.8649,47.4737],[135.8614,47.4735],[135.8591,47.4732],[135.8572,47.4724],[135.8544,47.4721],[135.8514,47.4726],[135.8487,47.4727],[135.8458,47.473],[135.8432,47.4732],[135.8404,47.4727],[135.8387,47.4723],[135.8359,47.4718],[135.834,47.472],[135.8312,47.4711],[135.8294,47.4717],[135.8243,47.4732],[135.8164,47.4749],[135.8136,47.4754],[135.8105,47.4765],[135.8074,47.4781],[135.8041,47.4794],[135.801,47.4801],[135.7985,47.4817],[135.796,47.4828],[135.7939,47.4832],[135.7923,47.4838],[135.7914,47.4853],[135.7897,47.4871],[135.7872,47.4878],[135.7851,47.4879],[135.7833,47.4888],[135.7812,47.4904],[135.7797,47.4918],[135.7789,47.4932],[135.7773,47.4934],[135.7764,47.4957],[135.7748,47.4969],[135.7729,47.4995],[135.7711,47.5011],[135.7676,47.5044],[135.7636,47.5083],[135.7574,47.5108],[135.7546,47.5123],[135.7532,47.5146],[135.7506,47.5159],[135.7416,47.5194],[135.7383,47.5197],[135.732,47.5189],[135.729,47.5198],[135.7261,47.5205],[135.7214,47.5214],[135.7194,47.5223],[135.7173,47.5223],[135.7104,47.5257],[135.7091,47.5268],[135.7062,47.5275],[135.7044,47.5286],[135.7015,47.5286],[135.6974,47.5279],[135.695,47.5282],[135.6931,47.5282],[135.6911,47.5311],[135.6888,47.5307],[135.6841,47.5316],[135.6819,47.5333],[135.68,47.5342],[135.6783,47.535],[135.6763,47.5359],[135.6751,47.5376],[135.6725,47.5386],[135.6707,47.5395],[135.6672,47.5397],[135.6637,47.5399],[135.6606,47.5409],[135.6565,47.5412],[135.6535,47.5418],[135.6516,47.5414],[135.6478,47.5413],[135.6446,47.5419],[135.6406,47.5424],[135.638,47.5414],[135.6362,47.5417],[135.6338,47.5425],[135.6317,47.5423],[135.6294,47.5417],[135.6275,47.5409],[135.6254,47.541],[135.6176,47.5399],[135.6155,47.5393],[135.6108,47.5402],[135.6089,47.541],[135.6067,47.5412],[135.6045,47.5414],[135.6027,47.5412],[135.5972,47.5424],[135.5949,47.5435],[135.594,47.5449],[135.5934,47.5464],[135.5917,47.5476],[135.5891,47.5492],[135.5875,47.5503],[135.5861,47.5515],[135.5845,47.5532],[135.5833,47.5546],[135.5828,47.5551]]}},{"type":"Feature","properties":{"name":null},"geometry":{"type":"LineString","coordinates":[[135.5543,47.2311],[135.5579,47.2315],[135.5607,47.2325],[135.5639,47.2344],[135.5655,47.2367],[135.5663,47.2386],[135.5684,47.2406],[135.5709,47.243],[135.5723,47.2454],[135.5751,47.2476],[135.5771,47.2497],[135.5799,47.2515],[135.5819,47.2546],[135.5841,47.2558],[135.587,47.2588],[135.5899,47.2611],[135.5953,47.2639],[135.5976,47.2654],[135.6007,47.2677],[135.6051,47.2675],[135.6072,47.2671],[135.6109,47.2682],[135.6123,47.2685]]}},{"type":"Feature","properties":{"name":"Сактымар"},"geometry":{"type":"LineString","coordinates":[[135.5226,46.8747],[135.5226,46.8739]]}},{"type":"Feature","properties":{"name":"Сактымар"},"geometry":{"type":"LineString","coordinates":[[135.5231,46.8743],[135.5234,46.8731]]}},{"type":"Feature","properties":{"name":"Тахало"},"geometry":{"type":"LineString","coordinates":[[135.5602,46.7953],[135.5598,46.7938]]}},{"type":"Feature","properties":{"name":"Тахало"},"geometry":{"type":"LineString","coordinates":[[135.5616,46.8031],[135.5613,46.8014],[135.5614,46.7997],[135.5599,46.7984],[135.5595,46.7982]]}},{"type":"Feature","properties":{"name":"Тахало"},"geometry":{"type":"LineString","coordinates":[[135.5556,46.806],[135.5572,46.8063],[135.558,46.8056]]}},{"type":"Feature","properties":{"name":"Тахало"},"geometry":{"type":"LineString","coordinates":[[135.5326,46.8513],[135.5314,46.8501]]}},{"type":"Feature","properties":{"name":"Тахало"},"geometry":{"type":"LineString","coordinates":[[135.5361,46.8661],[135.5361,46.8652]]}},{"type":"Feature","properties":{"name":"Тахало"},"geometry":{"type":"LineString","coordinates":[[135.5553,46.7713],[135.5537,46.7706],[135.5527,46.7696]]}},{"type":"Feature","properties":{"name":"Правый Тахало"},"geometry":{"type":"LineString","coordinates":[[135.5643,46.9288],[135.5643,46.9272],[135.5636,46.9257],[135.5626,46.9242],[135.5606,46.9232],[135.5597,46.9216],[135.5587,46.9204],[135.5577,46.919],[135.5559,46.9186],[135.5543,46.9175],[135.553,46.9164],[135.5522,46.915],[135.5509,46.9135],[135.5523,46.9124],[135.552,46.9106],[135.5513,46.9091],[135.5509,46.9075],[135.5492,46.9069],[135.548,46.9058],[135.548,46.9041],[135.5469,46.9026],[135.5453,46.9017],[135.5455,46.8999],[135.5448,46.8982],[135.5443,46.8962],[135.5459,46.8951],[135.5474,46.8936],[135.5474,46.8933]]}},{"type":"Feature","properties":{"name":"Тахало"},"geometry":{"type":"LineString","coordinates":[[135.6139,46.9334],[135.6122,46.9335],[135.6104,46.9335],[135.6084,46.9331],[135.6068,46.9326],[135.6053,46.9317],[135.6048,46.9301],[135.6034,46.9291],[135.6018,46.9283],[135.6004,46.9273],[135.5995,46.9259],[135.5982,46.9249],[135.597,46.9236],[135.5954,46.9226],[135.5935,46.9224],[135.592,46.9219],[135.5904,46.9215],[135.589,46.9206],[135.5872,46.92],[135.5857,46.9192],[135.5839,46.9186],[135.5829,46.9173],[135.5831,46.9168]]}},{"type":"Feature","properties":{"name":"Тахало"},"geometry":{"type":"LineString","coordinates":[[135.5832,46.917],[135.5827,46.9153],[135.5812,46.9145],[135.5798,46.9135],[135.5782,46.9131],[135.5771,46.912],[135.5753,46.9113],[135.574,46.91],[135.5723,46.9091],[135.5708,46.9086],[135.5691,46.9077],[135.5676,46.9068],[135.566,46.9066],[135.5644,46.9063],[135.5627,46.9057],[135.5614,46.9044],[135.5599,46.9031],[135.5583,46.9023],[135.5568,46.9015],[135.5564,46.8999],[135.5555,46.8985],[135.5539,46.8979],[135.5534,46.8964],[135.5523,46.8949],[135.5506,46.8943],[135.5483,46.8936],[135.5468,46.8929],[135.5469,46.8913],[135.5456,46.8905],[135.5469,46.8881],[135.5484,46.8876],[135.5496,46.8864],[135.5486,46.8851],[135.5482,46.8835],[135.5476,46.8814],[135.5484,46.8797],[135.5486,46.878],[135.5484,46.8763],[135.5488,46.8746],[135.5493,46.8729],[135.5475,46.8707],[135.5457,46.8703],[135.5451,46.8688],[135.544,46.8675],[135.5427,46.8663],[135.5409,46.8665],[135.539,46.867],[135.5361,46.8663],[135.5354,46.8648],[135.5344,46.8629],[135.5332,46.8617],[135.5318,46.8601],[135.5316,46.8576],[135.5315,46.8558],[135.5326,46.8524],[135.5319,46.8507],[135.5312,46.849],[135.5327,46.8474],[135.5347,46.8462],[135.5362,46.845],[135.5377,46.8442],[135.5371,46.8426],[135.5374,46.841],[135.539,46.8408],[135.539,46.8392],[135.5383,46.8376],[135.5394,46.8364],[135.5409,46.8352],[135.5428,46.834],[135.5435,46.8325],[135.545,46.8293],[135.5461,46.8274],[135.5475,46.8255],[135.5502,46.8244],[135.5512,46.823],[135.5513,46.8213],[135.551,46.8197],[135.5504,46.8182],[135.5496,46.8166],[135.5489,46.8152],[135.55,46.814],[135.5515,46.8135],[135.5529,46.8126],[135.5538,46.811],[135.5551,46.81],[135.5558,46.8085],[135.5546,46.8074],[135.5556,46.806],[135.558,46.8056],[135.5598,46.8053],[135.5614,46.8039],[135.5603,46.8027],[135.5605,46.7996],[135.5595,46.7982],[135.5607,46.7965],[135.5598,46.795],[135.5597,46.7927],[135.5607,46.7914],[135.5619,46.7899],[135.5634,46.7888],[135.5648,46.7875],[135.5656,46.786],[135.5656,46.7844],[135.564,46.7845],[135.5632,46.7831],[135.5615,46.7826],[135.561,46.781],[135.559,46.7799],[135.559,46.778],[135.5605,46.7772],[135.5597,46.7755],[135.5583,46.7742],[135.5565,46.7729],[135.5565,46.7712],[135.5539,46.771],[135.5522,46.7703],[135.5534,46.7677],[135.5547,46.7656],[135.5545,46.7637],[135.5556,46.7619],[135.5542,46.7608],[135.5526,46.7598],[135.5511,46.759],[135.5494,46.759],[135.5471,46.7573],[135.5467,46.7554],[135.5456,46.7536],[135.5461,46.7519],[135.5483,46.7516],[135.5502,46.7512],[135.5493,46.7495],[135.5476,46.7488],[135.5473,46.747],[135.5484,46.7449],[135.5479,46.7432],[135.5467,46.7417],[135.5462,46.7401],[135.5451,46.7388],[135.5448,46.7375]]}},{"type":"Feature","properties":{"name":"Балаза"},"geometry":{"type":"LineString","coordinates":[[135.7041,47.0689],[135.7023,47.0698],[135.7007,47.0705],[135.6989,47.0708],[135.6975,47.0719],[135.6958,47.0718],[135.6944,47.0729],[135.6928,47.0723],[135.691,47.0728],[135.6893,47.0726],[135.6878,47.0732],[135.6884,47.0748],[135.6866,47.076],[135.6848,47.0766],[135.6834,47.0777],[135.6814,47.0783],[135.6795,47.0789],[135.6778,47.0786],[135.6761,47.0781],[135.6742,47.0781],[135.6729,47.079],[135.6709,47.0797],[135.6695,47.0805],[135.6679,47.0807],[135.6663,47.0819],[135.6646,47.082],[135.6631,47.0827],[135.6615,47.0828],[135.6597,47.0827],[135.6579,47.0825],[135.6563,47.0829],[135.6549,47.0819],[135.6534,47.0829],[135.6512,47.0827],[135.6495,47.0836],[135.648,47.0843],[135.6457,47.0842],[135.6438,47.0846],[135.6422,47.084],[135.6406,47.0832],[135.6387,47.0834],[135.6378,47.0852],[135.6357,47.0852],[135.6339,47.0861],[135.6318,47.0865],[135.63,47.0876],[135.6286,47.0885],[135.6271,47.0892],[135.6264,47.0907],[135.6248,47.0916],[135.623,47.092],[135.622,47.0936],[135.6188,47.0938],[135.6173,47.0929],[135.6154,47.0922],[135.6136,47.0924],[135.6119,47.0922],[135.6106,47.0933],[135.6089,47.0943],[135.6067,47.0943],[135.605,47.0953],[135.6039,47.0965],[135.6022,47.0967],[135.6003,47.0965],[135.5989,47.0974],[135.598,47.0988],[135.5969,47.0999],[135.5956,47.1008],[135.5948,47.1024],[135.5936,47.1024]]}},{"type":"Feature","properties":{"name":"Матай"},"geometry":{"type":"LineString","coordinates":[[135.5941,47.2157],[135.5925,47.2162],[135.5919,47.217]]}},{"type":"Feature","properties":{"name":"Матай"},"geometry":{"type":"LineString","coordinates":[[135.5858,47.2066],[135.5872,47.2078],[135.5889,47.2075],[135.5908,47.2077],[135.5913,47.2075]]}},{"type":"Feature","properties":{"name":"Тахало"},"geometry":{"type":"LineString","coordinates":[[135.5445,46.8681],[135.5428,46.8679],[135.5413,46.8672],[135.5394,46.867]]}},{"type":"Feature","properties":{"name":"Алмазная"},"geometry":{"type":"LineString","coordinates":[[135.4769,46.8222],[135.4784,46.8229],[135.4802,46.8242],[135.4818,46.8247],[135.4835,46.825],[135.4854,46.8254],[135.4871,46.8261],[135.4887,46.8271],[135.4902,46.828],[135.4919,46.8287],[135.4933,46.8296],[135.4947,46.8303],[135.4966,46.8303],[135.4986,46.831],[135.5003,46.8318],[135.5018,46.8329],[135.5033,46.8337],[135.5051,46.8342],[135.5069,46.8344],[135.5086,46.8348],[135.5104,46.8354],[135.5124,46.8358],[135.5139,46.8367],[135.5157,46.8377],[135.5177,46.838],[135.5196,46.8383],[135.5216,46.8387],[135.5231,46.84],[135.5247,46.8407],[135.5267,46.8408],[135.5283,46.8419],[135.5301,46.8422],[135.5322,46.8424],[135.5338,46.8424],[135.5358,46.8424],[135.5366,46.8423]]}},{"type":"Feature","properties":{"name":null},"geometry":{"type":"LineString","coordinates":[[135.3524,46.936],[135.3539,46.9383],[135.3552,46.9393],[135.3578,46.9408],[135.3596,46.9409],[135.3617,46.941],[135.3659,46.9417],[135.3695,46.9422],[135.371,46.9427],[135.3726,46.9431],[135.3766,46.9438],[135.379,46.9461],[135.3795,46.9486],[135.3807,46.9505],[135.3827,46.9512],[135.3852,46.9514],[135.3871,46.9526],[135.39,46.9535],[135.3915,46.9544],[135.3948,46.9565],[135.3966,46.9579],[135.3969,46.9597],[135.3973,46.9614],[135.3986,46.9628],[135.4009,46.9634],[135.4026,46.9639],[135.4037,46.9653],[135.4044,46.967],[135.406,46.9685],[135.4079,46.9686],[135.4099,46.9693],[135.4106,46.9708],[135.4119,46.972],[135.4131,46.9735],[135.4135,46.9752],[135.4154,46.976],[135.4178,46.9771],[135.4194,46.9779],[135.4215,46.9796],[135.4224,46.9811],[135.4231,46.983],[135.4244,46.9845],[135.4267,46.9864],[135.4278,46.9886],[135.4295,46.9895],[135.4311,46.9912],[135.4315,46.9932],[135.4337,46.9947],[135.4354,46.9954],[135.4378,46.997],[135.4408,46.9992],[135.4418,47.0005],[135.4438,47.0024],[135.4471,47.0041],[135.4499,47.0056],[135.4522,47.0067],[135.4551,47.0076],[135.4591,47.0086],[135.462,47.0089],[135.4637,47.0097],[135.4687,47.0085],[135.4717,47.0078],[135.4748,47.0071],[135.4772,47.0058],[135.4813,47.0046],[135.4846,47.0035],[135.4893,47.0023],[135.492,47.0024],[135.496,47.0033],[135.4994,47.0036],[135.5032,47.0034],[135.5049,47.0033],[135.5087,47.0049],[135.512,47.006],[135.5175,47.0068],[135.5205,47.0074],[135.5232,47.0077],[135.5261,47.0077],[135.5293,47.007],[135.5324,47.0076],[135.535,47.0085],[135.5366,47.01],[135.5386,47.0109],[135.5424,47.0134],[135.545,47.0162],[135.547,47.0166],[135.5497,47.0166],[135.5524,47.0167],[135.5573,47.0192],[135.559,47.0196],[135.5607,47.0201],[135.5625,47.0205],[135.5639,47.0217],[135.5651,47.0229],[135.5669,47.0237],[135.5689,47.0235],[135.5718,47.0233],[135.5733,47.0247],[135.5739,47.0263],[135.5751,47.0275],[135.5761,47.029],[135.5773,47.0302],[135.5792,47.0318],[135.581,47.0331],[135.5825,47.0338],[135.5829,47.0353],[135.582,47.0367],[135.5819,47.0384],[135.5831,47.0395],[135.5871,47.0411],[135.5888,47.0418],[135.5903,47.0423],[135.5916,47.0434],[135.5933,47.0439],[135.5936,47.0455],[135.5952,47.0458],[135.5967,47.0464],[135.5982,47.0471],[135.5995,47.048],[135.5994,47.0497],[135.6004,47.0509],[135.5995,47.0523],[135.5996,47.054],[135.6011,47.0549],[135.5995,47.0556],[135.5981,47.0564],[135.5971,47.0579],[135.5955,47.0582],[135.5939,47.0585],[135.5928,47.0598],[135.5934,47.0619],[135.5947,47.063],[135.596,47.064],[135.595,47.0653],[135.5956,47.0668],[135.5961,47.0684],[135.5964,47.0704],[135.597,47.0719]]}},{"type":"Feature","properties":{"name":null},"geometry":{"type":"LineString","coordinates":[[135.597,47.0719],[135.5971,47.0735],[135.5969,47.0751],[135.598,47.0763],[135.5963,47.0765],[135.5947,47.0771],[135.594,47.0788],[135.5929,47.0806],[135.593,47.0826],[135.5922,47.0848],[135.5915,47.0862],[135.5923,47.0876],[135.5906,47.0877],[135.5902,47.0893],[135.5906,47.0908],[135.59,47.0924],[135.5913,47.0943],[135.5911,47.0959],[135.5909,47.0975],[135.5921,47.0987],[135.5915,47.1002],[135.5912,47.1018],[135.5929,47.1015],[135.5928,47.1031],[135.5934,47.105],[135.594,47.1065],[135.5939,47.1081],[135.595,47.1093],[135.5951,47.1119],[135.5963,47.1131],[135.596,47.1145]]}},{"type":"Feature","properties":{"name":null},"geometry":{"type":"LineString","coordinates":[[135.5154,46.8549],[135.5171,46.8543],[135.519,46.8539],[135.5201,46.8526],[135.5216,46.8518],[135.5231,46.851],[135.5251,46.8502],[135.5274,46.8503],[135.5291,46.8503],[135.5308,46.8506],[135.5317,46.8505]]}},{"type":"Feature","properties":{"name":null},"geometry":{"type":"LineString","coordinates":[[135.5136,46.8483],[135.5161,46.849],[135.5182,46.8501],[135.5198,46.851],[135.5215,46.8514],[135.5222,46.8514]]}},{"type":"Feature","properties":{"name":null},"geometry":{"type":"LineString","coordinates":[[135.3955,46.8991],[135.3971,46.8976],[135.3987,46.8972],[135.3998,46.8954],[135.4012,46.894],[135.4033,46.8931],[135.4056,46.8922],[135.4078,46.8913],[135.4096,46.891],[135.4114,46.8902],[135.413,46.8905],[135.4142,46.8908]]}},{"type":"Feature","properties":{"name":null},"geometry":{"type":"LineString","coordinates":[[135.5436,46.7026],[135.542,46.7037],[135.5401,46.7041],[135.5402,46.7059],[135.5387,46.7075],[135.5367,46.7086],[135.5347,46.7089],[135.5328,46.7093],[135.5288,46.7091],[135.527,46.7097],[135.5245,46.7101],[135.5228,46.7094],[135.5204,46.7098],[135.5177,46.7099]]}},{"type":"Feature","properties":{"name":"Доступная"},"geometry":{"type":"LineString","coordinates":[[135.441,46.7777],[135.4426,46.7774],[135.4445,46.7767],[135.4462,46.7764],[135.4486,46.7764],[135.4506,46.7763],[135.4522,46.7761],[135.4541,46.7766],[135.4561,46.7769],[135.4577,46.7772],[135.46,46.7771],[135.4618,46.7771],[135.4636,46.777],[135.4652,46.7771],[135.4669,46.7774],[135.4686,46.7775],[135.4705,46.7774],[135.4722,46.7778],[135.4741,46.7783],[135.4758,46.7787],[135.4771,46.7799],[135.478,46.7812],[135.4794,46.7831],[135.4806,46.7844],[135.4821,46.7855],[135.4838,46.7861],[135.4854,46.7866],[135.4874,46.7866],[135.489,46.7873],[135.4908,46.7877],[135.4923,46.7883],[135.4938,46.789],[135.4955,46.7894],[135.4971,46.7886],[135.499,46.7884],[135.5006,46.7886],[135.5023,46.7884],[135.5035,46.7873],[135.5052,46.7868],[135.5069,46.7862],[135.5085,46.7858],[135.5101,46.7862],[135.5115,46.7871],[135.513,46.7875],[135.5148,46.7876],[135.5164,46.7872],[135.5183,46.7873],[135.5201,46.7872],[135.5217,46.7874],[135.5235,46.7871],[135.5249,46.7862],[135.5266,46.7858],[135.5282,46.7859],[135.5302,46.7854],[135.5318,46.785],[135.5337,46.7844],[135.5354,46.7846],[135.5372,46.7842],[135.539,46.7838],[135.5407,46.7843],[135.5423,46.7847],[135.544,46.7846],[135.5459,46.7846],[135.5475,46.7842],[135.549,46.7834],[135.5509,46.7833],[135.5527,46.7828],[135.5543,46.783],[135.556,46.7827],[135.5576,46.783],[135.5594,46.7825],[135.561,46.7819]]}},{"type":"Feature","properties":{"name":"Маревка"},"geometry":{"type":"LineString","coordinates":[[134.9677,46.1295],[134.9658,46.1292],[134.9645,46.1281],[134.9629,46.1281],[134.9615,46.129],[134.9597,46.1291],[134.9585,46.128],[134.9579,46.1256],[134.9564,46.1251],[134.9548,46.1245],[134.9532,46.1246],[134.9522,46.126],[134.9515,46.1244],[134.9501,46.1233],[134.9498,46.1217],[134.9484,46.121],[134.9475,46.1195],[134.9458,46.1191],[134.9443,46.1199],[134.943,46.1189],[134.9414,46.1195],[134.9399,46.1187],[134.9385,46.1179],[134.9374,46.1166],[134.9355,46.1175],[134.9339,46.1182],[134.9334,46.1198],[134.9318,46.1203],[134.9306,46.1192],[134.9289,46.1192],[134.9272,46.1191],[134.9256,46.1193],[134.9236,46.1195],[134.9223,46.1184],[134.9206,46.1186],[134.9191,46.1193],[134.917,46.119],[134.9154,46.1182],[134.9161,46.1167],[134.9145,46.1171],[134.9129,46.1176],[134.9115,46.1167],[134.9097,46.1168],[134.9082,46.116],[134.9067,46.1168],[134.9051,46.1174],[134.9036,46.1181],[134.9014,46.1182],[134.9001,46.117],[134.8986,46.1164],[134.8988,46.1148],[134.8971,46.1145],[134.8956,46.1151],[134.8942,46.1143],[134.8922,46.114],[134.8906,46.1143],[134.8891,46.1135],[134.8881,46.1151],[134.8864,46.1153],[134.885,46.1161],[134.8838,46.1172],[134.8822,46.1165],[134.8821,46.1164]]}},{"type":"Feature","properties":{"name":"Маревка"},"geometry":{"type":"LineString","coordinates":[[134.9776,46.1373],[134.9759,46.1373],[134.9773,46.1363],[134.977,46.1346],[134.9755,46.1339],[134.9738,46.1333],[134.9721,46.1335],[134.9705,46.1337],[134.9688,46.1337],[134.9686,46.1321],[134.9695,46.1308],[134.9681,46.1298],[134.9677,46.1295]]}},{"type":"Feature","properties":{"name":"Нижняя Лимониха"},"geometry":{"type":"LineString","coordinates":[[135.0044,46.1127],[135.0033,46.1141],[135.0017,46.114],[135.0001,46.1148],[134.9987,46.1158],[134.9972,46.1171],[134.9957,46.1166],[134.9937,46.1169],[134.9917,46.1181],[134.99,46.1178],[134.9882,46.1184],[134.9868,46.1193],[134.9849,46.1196],[134.9833,46.1206],[134.9834,46.1222],[134.9821,46.1232],[134.9804,46.1233],[134.9795,46.1248],[134.9781,46.1256],[134.9773,46.1271],[134.9763,46.1284],[134.9747,46.1286],[134.9732,46.1292],[134.9742,46.1305],[134.9726,46.1309],[134.9716,46.1295],[134.9699,46.1292],[134.9683,46.1294],[134.9677,46.1295]]}},{"type":"Feature","properties":{"name":null},"geometry":{"type":"LineString","coordinates":[[134.036,46.35],[134.0343,46.3497],[134.0328,46.3491],[134.0315,46.3482],[134.0316,46.3466],[134.033,46.3457],[134.0327,46.3441],[134.0319,46.3426],[134.0304,46.3433],[134.0291,46.3425],[134.0272,46.3419],[134.0255,46.3419],[134.0239,46.3423],[134.0224,46.3431],[134.0211,46.3442],[134.0193,46.3443],[134.0176,46.3439],[134.0179,46.3423],[134.0167,46.3432],[134.0163,46.3416],[134.0146,46.3419],[134.0133,46.3409],[134.0135,46.3393],[134.0149,46.3381],[134.0133,46.3373],[134.0122,46.3385],[134.011,46.3374],[134.0101,46.3391],[134.0095,46.3371],[134.0093,46.3364]]}},{"type":"Feature","properties":{"name":"Чёрная Речка"},"geometry":{"type":"LineString","coordinates":[[134.0093,46.3364],[134.0072,46.3367],[134.0069,46.3386],[134.0059,46.34],[134.0043,46.3404],[134.0038,46.3422],[134.002,46.3428],[134.0008,46.3422]]}},{"type":"Feature","properties":{"name":null},"geometry":{"type":"LineString","coordinates":[[134.2213,46.5619],[134.2229,46.5616],[134.2245,46.5613],[134.226,46.5605],[134.2276,46.5604],[134.229,46.5596],[134.2305,46.5589],[134.2315,46.5577],[134.233,46.5576]]}},{"type":"Feature","properties":{"name":null},"geometry":{"type":"LineString","coordinates":[[134.2499,46.5286],[134.2513,46.5293],[134.2522,46.5306],[134.253,46.5312]]}},{"type":"Feature","properties":{"name":null},"geometry":{"type":"LineString","coordinates":[[135.3727,46.5496],[135.3697,46.5495],[135.3682,46.5488],[135.3677,46.5473]]}},{"type":"Feature","properties":{"name":null},"geometry":{"type":"LineString","coordinates":[[135.4177,46.5805],[135.4192,46.579],[135.4183,46.5775],[135.4182,46.5757],[135.4203,46.5751],[135.4205,46.5726],[135.419,46.5721],[135.4181,46.5723]]}},{"type":"Feature","properties":{"name":null},"geometry":{"type":"LineString","coordinates":[[135.4592,46.6764],[135.4565,46.6775],[135.4541,46.6771],[135.451,46.6739],[135.4503,46.6721]]}},{"type":"Feature","properties":{"name":null},"geometry":{"type":"LineString","coordinates":[[135.5812,46.7031],[135.5768,46.706],[135.5738,46.7064],[135.5715,46.7052],[135.5702,46.7039],[135.5709,46.7022]]}},{"type":"Feature","properties":{"name":null},"geometry":{"type":"LineString","coordinates":[[135.6066,46.6948],[135.6043,46.6943],[135.6011,46.6939],[135.5991,46.6945]]}},{"type":"Feature","properties":{"name":null},"geometry":{"type":"LineString","coordinates":[[135.601,46.6939],[135.5989,46.6932],[135.5998,46.6918],[135.5964,46.6903],[135.5934,46.6907],[135.5892,46.6914],[135.5854,46.6931],[135.5848,46.6945],[135.5847,46.6962],[135.5815,46.6978]]}},{"type":"Feature","properties":{"name":null},"geometry":{"type":"LineString","coordinates":[[135.6258,46.6964],[135.6269,46.6949],[135.6274,46.6934],[135.6261,46.6921],[135.6231,46.6927],[135.6202,46.6951],[135.6175,46.6947],[135.615,46.6939],[135.614,46.6945]]}},{"type":"Feature","properties":{"name":null},"geometry":{"type":"LineString","coordinates":[[135.62,46.6957],[135.6197,46.6951]]}},{"type":"Feature","properties":{"name":null},"geometry":{"type":"LineString","coordinates":[[135.6274,46.6934],[135.6296,46.693],[135.6298,46.6909],[135.6273,46.6895],[135.6233,46.6886],[135.6203,46.6886],[135.6172,46.6886],[135.6127,46.6883],[135.6098,46.6895],[135.6054,46.6911],[135.6007,46.6912],[135.5998,46.6913]]}},{"type":"Feature","properties":{"name":null},"geometry":{"type":"LineString","coordinates":[[135.6312,46.6988],[135.6298,46.6964],[135.6301,46.6937],[135.6296,46.693]]}},{"type":"Feature","properties":{"name":null},"geometry":{"type":"LineString","coordinates":[[135.6378,46.7052],[135.6377,46.7033],[135.6362,46.7017],[135.6346,46.7003],[135.6342,46.7001]]}},{"type":"Feature","properties":{"name":null},"geometry":{"type":"LineString","coordinates":[[135.6304,46.7059],[135.6313,46.7045],[135.6307,46.703],[135.6301,46.7003],[135.6296,46.6994]]}},{"type":"Feature","properties":{"name":null},"geometry":{"type":"LineString","coordinates":[[135.6653,46.7089],[135.6629,46.7078],[135.6601,46.707],[135.6575,46.7069]]}},{"type":"Feature","properties":{"name":null},"geometry":{"type":"LineString","coordinates":[[135.6756,46.7146],[135.6732,46.7141],[135.6702,46.7141],[135.668,46.7125],[135.6664,46.7113],[135.6651,46.7089]]}},{"type":"Feature","properties":{"name":null},"geometry":{"type":"LineString","coordinates":[[135.6834,46.707],[135.6814,46.7073],[135.6786,46.708],[135.6749,46.7088]]}},{"type":"Feature","properties":{"name":null},"geometry":{"type":"LineString","coordinates":[[135.6934,46.702],[135.6931,46.704],[135.6919,46.7058],[135.6885,46.7087],[135.6868,46.7115],[135.6849,46.713],[135.6821,46.7135],[135.6803,46.7117]]}},{"type":"Feature","properties":{"name":null},"geometry":{"type":"LineString","coordinates":[[135.6996,46.6958],[135.6995,46.6975],[135.6981,46.6984],[135.6971,46.6984]]}},{"type":"Feature","properties":{"name":null},"geometry":{"type":"LineString","coordinates":[[135.7366,46.6855],[135.7356,46.6867],[135.7331,46.6866],[135.7307,46.6856],[135.729,46.6861],[135.7259,46.687],[135.7245,46.6853],[135.7227,46.6853],[135.7202,46.6886],[135.7183,46.6899],[135.7162,46.6902],[135.7143,46.6924],[135.7111,46.6932],[135.7081,46.6951],[135.7051,46.6961],[135.7031,46.6962],[135.7006,46.6974],[135.6994,46.6993],[135.698,46.7001],[135.6951,46.7012],[135.6939,46.7014]]}},{"type":"Feature","properties":{"name":"Отроговая"},"geometry":{"type":"LineString","coordinates":[[135.663,46.6068],[135.6651,46.6061],[135.6708,46.6057],[135.6786,46.606],[135.6886,46.6063],[135.692,46.6066],[135.6993,46.6075],[135.7031,46.608],[135.7089,46.6086],[135.7151,46.6108],[135.7188,46.6129],[135.7202,46.614],[135.7219,46.6153],[135.7234,46.6166],[135.7277,46.619],[135.7305,46.6231],[135.7323,46.6247],[135.7345,46.6277],[135.7362,46.6291],[135.7372,46.6312],[135.7392,46.6324],[135.7412,46.6331],[135.7425,46.6347],[135.7442,46.6359],[135.7463,46.6367],[135.7505,46.6389],[135.7532,46.6402],[135.7543,46.6419],[135.7562,46.6442],[135.7602,46.6455],[135.7619,46.6462],[135.7641,46.6464],[135.7664,46.6483],[135.7667,46.6503],[135.7676,46.6521],[135.7665,46.6537],[135.7679,46.6549],[135.7693,46.6571],[135.7696,46.6587],[135.7691,46.6603],[135.7669,46.661],[135.7662,46.6626],[135.7649,46.6635],[135.7646,46.6652],[135.764,46.6667],[135.7639,46.6679]]}},{"type":"Feature","properties":{"name":null},"geometry":{"type":"LineString","coordinates":[[135.2906,46.5098],[135.2895,46.5082],[135.2881,46.507],[135.287,46.5056],[135.2855,46.5048],[135.2834,46.5048],[135.2815,46.5056],[135.2788,46.5062],[135.2769,46.5065],[135.2748,46.5059],[135.272,46.506],[135.2697,46.507],[135.2681,46.509],[135.2664,46.5102],[135.2646,46.5103],[135.2632,46.509],[135.2616,46.5082],[135.2594,46.5082],[135.2575,46.5088],[135.2575,46.5105],[135.256,46.5115],[135.2541,46.5118],[135.253,46.5137],[135.2521,46.5155],[135.251,46.5171],[135.2483,46.5188],[135.2461,46.5201],[135.2464,46.5219],[135.249,46.5227],[135.2504,46.5238],[135.2482,46.5256]]}},{"type":"Feature","properties":{"name":"Лебеда"},"geometry":{"type":"LineString","coordinates":[[135.4093,46.4374],[135.4087,46.4408],[135.4092,46.4464],[135.4084,46.4478],[135.4074,46.4524],[135.4059,46.4553],[135.4035,46.4568],[135.4003,46.4579],[135.3908,46.4579],[135.3874,46.4605],[135.385,46.4619],[135.3818,46.4636],[135.3798,46.4663],[135.3765,46.4686],[135.3743,46.4709],[135.3728,46.4728],[135.3675,46.4783],[135.3667,46.4803],[135.3654,46.4826],[135.3632,46.4843],[135.3614,46.4865],[135.361,46.4887],[135.359,46.4895],[135.3561,46.4907],[135.3453,46.4918],[135.3391,46.4953],[135.3347,46.4987],[135.3315,46.5016],[135.3296,46.504],[135.3262,46.5091],[135.3206,46.5118],[135.3172,46.5132],[135.3136,46.5131],[135.3106,46.5136],[135.3074,46.5133],[135.3058,46.5123],[135.3046,46.5103],[135.3029,46.5097],[135.3008,46.5096],[135.2984,46.5096],[135.2975,46.5072],[135.2968,46.5056],[135.2952,46.5052],[135.2932,46.5057],[135.2898,46.5073],[135.2892,46.5076]]}},{"type":"Feature","properties":{"name":null},"geometry":{"type":"LineString","coordinates":[[135.6996,46.6958],[135.6972,46.6962],[135.6958,46.6986],[135.6955,46.6994]]}},{"type":"Feature","properties":{"name":null},"geometry":{"type":"LineString","coordinates":[[135.2706,46.512],[135.2697,46.5103],[135.2681,46.5099],[135.2672,46.5099]]}},{"type":"Feature","properties":{"name":null},"geometry":{"type":"LineString","coordinates":[[135.2823,46.5095],[135.2837,46.5083]]}},{"type":"Feature","properties":{"name":null},"geometry":{"type":"LineString","coordinates":[[135.2829,46.5073],[135.2809,46.5065],[135.2807,46.5063]]}},{"type":"Feature","properties":{"name":null},"geometry":{"type":"LineString","coordinates":[[135.2841,46.5102],[135.2837,46.5083],[135.2826,46.5069],[135.2807,46.5063],[135.28,46.506]]}},{"type":"Feature","properties":{"name":null},"geometry":{"type":"LineString","coordinates":[[135.2687,46.508],[135.2661,46.5078],[135.2643,46.5083],[135.263,46.5088]]}},{"type":"Feature","properties":{"name":null},"geometry":{"type":"LineString","coordinates":[[135.2768,46.5092],[135.2761,46.5075],[135.2764,46.5064]]}},{"type":"Feature","properties":{"name":"Amur"},"geometry":{"type":"LineString","coordinates":[[133.6313,48.195],[133.6392,48.1804],[133.6419,48.1773],[133.6468,48.1741],[133.6536,48.1714],[133.6613,48.1696],[133.6628,48.169],[133.6657,48.1673],[133.6701,48.1653],[133.6746,48.1645],[133.7213,48.168],[133.7295,48.1702],[133.7384,48.1735],[133.7522,48.1789],[133.758,48.1825],[133.7773,48.2008],[133.7831,48.2045],[133.7898,48.206],[133.8023,48.206],[133.8133,48.2011],[133.8173,48.1978],[133.8209,48.1933],[133.8301,48.1865],[133.8449,48.1793],[133.8507,48.1776],[133.8612,48.1777],[133.8727,48.1799],[133.878,48.1849],[133.883,48.1957],[133.8801,48.2056],[133.8666,48.2163],[133.8634,48.2243],[133.8666,48.2317],[133.8821,48.2439],[133.902,48.2703],[133.9227,48.2751],[133.9261,48.2754],[133.9303,48.2751],[133.9522,48.272],[133.9564,48.2723],[133.9684,48.274],[133.9965,48.2767],[133.9987,48.277],[134.0148,48.286],[134.0196,48.2953],[134.0198,48.297],[134.0196,48.2987],[134.0129,48.321]]}},{"type":"Feature","properties":{"name":"Bira River"},"geometry":{"type":"LineString","coordinates":[[133.2374,48.2912],[133.2389,48.2892],[133.238,48.2871],[133.2367,48.2857],[133.2341,48.2845],[133.2322,48.2828],[133.2325,48.2792],[133.2345,48.2775],[133.2375,48.2768],[133.2406,48.2762],[133.2448,48.2754],[133.2466,48.2738],[133.2457,48.2714],[133.2406,48.2673],[133.2394,48.2659],[133.2405,48.2637],[133.2433,48.2634],[133.247,48.2632],[133.2488,48.2615],[133.2475,48.2597],[133.2451,48.2594],[133.2423,48.2583],[133.238,48.2565],[133.2346,48.2551],[133.2315,48.2532],[133.2291,48.2512],[133.2262,48.2487],[133.2253,48.2459],[133.2272,48.2421],[133.2294,48.2396],[133.2315,48.2369],[133.2339,48.2346],[133.2396,48.2324],[133.2401,48.2304],[133.2367,48.2257],[133.2372,48.2239],[133.2423,48.2218],[133.2454,48.2214],[133.2475,48.2196],[133.2466,48.2171],[133.2445,48.2163],[133.2413,48.2162],[133.2382,48.2173],[133.2334,48.2189],[133.2303,48.2194],[133.2274,48.219],[133.2248,48.2168],[133.2245,48.2136],[133.2279,48.2113],[133.2313,48.2085],[133.2379,48.2074],[133.2432,48.203],[133.2468,48.2005],[133.2499,48.1956],[133.2547,48.1931],[133.2631,48.1927],[133.2713,48.1918],[133.2748,48.188],[133.2773,48.1838],[133.2832,48.1804],[133.2861,48.1764],[133.2852,48.1723],[133.2875,48.1683],[133.2879,48.1667],[133.285,48.1629],[133.2848,48.1612],[133.2839,48.1591],[133.2855,48.1576],[133.2869,48.1564],[133.2882,48.155],[133.2914,48.1536]]}},{"type":"Feature","properties":{"name":"Bira River"},"geometry":{"type":"LineString","coordinates":[[132.9572,48.6249],[132.9571,48.6233],[132.9581,48.622],[132.9606,48.6223],[132.9622,48.6232],[132.9638,48.6232],[132.966,48.6213],[132.9654,48.6195],[132.9632,48.6184],[132.962,48.6171],[132.9643,48.6162],[132.966,48.6165],[132.9693,48.6166],[132.9716,48.6165],[132.9734,48.6166],[132.9761,48.6169],[132.9781,48.6169],[132.9801,48.6156],[132.9798,48.6135],[132.9793,48.6116],[132.9778,48.6094],[132.9761,48.6086],[132.9745,48.6081],[132.9723,48.6083],[132.9687,48.6094],[132.9666,48.6085],[132.9668,48.606],[132.9673,48.6032],[132.9659,48.6012],[132.9646,48.5995],[132.9625,48.5964],[132.9623,48.5946],[132.9653,48.5932],[132.9682,48.5927],[132.9701,48.5927],[132.973,48.594],[132.9735,48.5957],[132.9762,48.5975],[132.9786,48.597],[132.9802,48.595],[132.9802,48.5929],[132.9792,48.5904],[132.981,48.5881],[132.9835,48.5875],[132.9884,48.5877],[132.9908,48.5891],[132.992,48.5912],[132.9944,48.5921],[132.9975,48.5932],[132.9998,48.5923],[132.9979,48.5896],[132.9994,48.5882],[133.0003,48.5866],[132.9996,48.585],[133.0015,48.5828],[133.0011,48.5803],[132.9996,48.5789],[132.999,48.5765],[132.9999,48.576]]}},{"type":"Feature","properties":{"name":"Bira River"},"geometry":{"type":"LineString","coordinates":[[132.9297,48.7013],[132.9311,48.6999],[132.9348,48.6991],[132.9368,48.6988],[132.9397,48.6988],[132.9404,48.6973],[132.9399,48.6952],[132.9429,48.694],[132.9443,48.6916],[132.9441,48.6893],[132.9438,48.6871],[132.9418,48.6869],[132.9388,48.6866],[132.9363,48.6867],[132.9341,48.6861],[132.932,48.6853],[132.9305,48.6847],[132.9291,48.6834],[132.9296,48.6819],[132.9314,48.6807],[132.9335,48.6809],[132.9363,48.6814],[132.9388,48.6814],[132.9407,48.6799],[132.9421,48.6782],[132.9407,48.6759],[132.9395,48.6747],[132.939,48.6728],[132.938,48.6702],[132.9386,48.6686],[132.9411,48.6676],[132.9429,48.6675],[132.946,48.6682],[132.9484,48.6675],[132.9498,48.665],[132.9527,48.6634],[132.9562,48.6618],[132.9567,48.6601],[132.9553,48.6591],[132.9536,48.6586],[132.9503,48.6569],[132.9495,48.6547],[132.9508,48.6538],[132.9526,48.6507],[132.9529,48.6484],[132.9539,48.6463],[132.9553,48.6438],[132.9558,48.6422],[132.9577,48.6399],[132.9598,48.6396],[132.9619,48.6403],[132.9639,48.6416],[132.967,48.6422],[132.9685,48.6403],[132.9695,48.6388],[132.969,48.637],[132.9672,48.6353],[132.966,48.6322],[132.9642,48.6308],[132.961,48.6303],[132.9595,48.6294],[132.9575,48.6267],[132.9572,48.6249]]}},{"type":"Feature","properties":{"name":"Urmi"},"geometry":{"type":"LineString","coordinates":[[133.8648,48.6622],[133.8666,48.6618],[133.8692,48.6619],[133.8713,48.6616],[133.8713,48.6597],[133.8657,48.6585],[133.8646,48.6571],[133.8659,48.6554],[133.868,48.655],[133.8702,48.6552],[133.8727,48.6559],[133.8747,48.6574],[133.876,48.6608],[133.8771,48.6631],[133.8766,48.6653],[133.8717,48.667],[133.8704,48.668],[133.8718,48.6706],[133.8735,48.6706],[133.8763,48.6693],[133.8801,48.6679],[133.8821,48.6651],[133.8936,48.6611],[133.8997,48.6618],[133.9036,48.6608],[133.9055,48.6583],[133.9053,48.6557],[133.9031,48.6518],[133.9051,48.6499],[133.9124,48.65],[133.9142,48.6487],[133.914,48.6463],[133.9121,48.6443],[133.9158,48.6431],[133.9251,48.6467],[133.9279,48.6471],[133.9301,48.6464],[133.9314,48.645],[133.9311,48.6429],[133.9238,48.6405],[133.922,48.6395],[133.9234,48.6363],[133.9251,48.6359],[133.9269,48.6357],[133.9287,48.636],[133.9314,48.6371],[133.9353,48.6412],[133.9394,48.6467],[133.9403,48.652],[133.9431,48.6542],[133.9474,48.6553],[133.9505,48.6549],[133.9527,48.6535],[133.9542,48.6482],[133.9566,48.6461],[133.9609,48.6455],[133.9635,48.6464],[133.964,48.6488],[133.9639,48.6518],[133.959,48.6561],[133.9582,48.6594],[133.9602,48.6619],[133.9635,48.6619],[133.9657,48.6616],[133.9681,48.6593],[133.9681,48.657],[133.9669,48.6528],[133.9681,48.6508],[133.9711,48.6481],[133.9704,48.6461],[133.9687,48.6441],[133.9632,48.6426],[133.9604,48.6412],[133.9604,48.6393],[133.9627,48.6376],[133.9656,48.637],[133.9705,48.6375],[133.9795,48.6451],[133.9879,48.6474],[133.9908,48.6472],[133.9937,48.6449],[133.9973,48.6404],[133.9999,48.64],[134.0025,48.6406],[134.0038,48.6424],[134.0037,48.6457],[134.0049,48.6475],[134.0067,48.6484],[134.009,48.6487],[134.0128,48.6485],[134.0183,48.6496],[134.021,48.6495],[134.0229,48.6491],[134.0261,48.647],[134.0282,48.6444],[134.0307,48.6433],[134.0336,48.643],[134.0384,48.6442],[134.0428,48.6477],[134.0456,48.648],[134.0482,48.6472],[134.0487,48.6444],[134.046,48.6426],[134.0412,48.6422],[134.038,48.641],[134.0372,48.638],[134.0389,48.6358],[134.0446,48.6352],[134.0535,48.6382],[134.0645,48.6419],[134.0665,48.6456],[134.0668,48.6482],[134.0677,48.6494],[134.0699,48.6499],[134.0716,48.6494],[134.0738,48.6476],[134.0806,48.6433],[134.0854,48.6413],[134.089,48.6385],[134.0912,48.638],[134.0935,48.6388],[134.095,48.6418],[134.1005,48.646],[134.0998,48.6495],[134.1016,48.6509],[134.1098,48.651],[134.1118,48.6517],[134.1135,48.652],[134.1154,48.6513],[134.1196,48.6486],[134.1219,48.6459],[134.1236,48.6449],[134.1284,48.6455],[134.1307,48.6451],[134.1343,48.6444],[134.137,48.6446],[134.1393,48.6457],[134.1393,48.649],[134.1348,48.6516],[134.1297,48.6527],[134.1281,48.655],[134.1317,48.6577],[134.1417,48.6582],[134.1506,48.6617],[134.1551,48.6618],[134.1575,48.6607],[134.1602,48.6585],[134.1619,48.6585],[134.1654,48.6603],[134.1678,48.6602],[134.1697,48.6583],[134.1738,48.657],[134.1784,48.6596],[134.181,48.6596],[134.185,48.6577],[134.1882,48.6582],[134.1935,48.6618],[134.1966,48.6626],[134.1997,48.6621],[134.203,48.6598],[134.2028,48.6574],[134.2001,48.6548],[134.2042,48.6531],[134.2069,48.6548],[134.2086,48.6575],[134.2102,48.659],[134.2126,48.6591],[134.2155,48.6575],[134.2177,48.6579],[134.2181,48.6596],[134.2167,48.6613],[134.2205,48.662],[134.2239,48.6602],[134.2277,48.66],[134.2291,48.6622],[134.2277,48.6647],[134.2239,48.6671],[134.22,48.6679],[134.2169,48.6705],[134.2169,48.6737],[134.2191,48.6757],[134.2274,48.6756],[134.2337,48.678],[134.2368,48.6809],[134.2387,48.6824],[134.2435,48.6824],[134.2455,48.6811],[134.2468,48.6775],[134.2488,48.6766],[134.2569,48.6764],[134.2588,48.6743],[134.2565,48.6712],[134.2583,48.6672],[134.2625,48.6659],[134.2674,48.6666],[134.2728,48.6703],[134.2739,48.6734],[134.273,48.6782],[134.2667,48.6856],[134.2586,48.6904],[134.2552,48.6925],[134.2545,48.6945],[134.2556,48.6964],[134.2572,48.6974],[134.2598,48.6978],[134.2623,48.6988],[134.2596,48.7],[134.2578,48.7008],[134.2599,48.7032],[134.261,48.7047],[134.2532,48.7086],[134.2527,48.7105],[134.2546,48.7127],[134.2538,48.7144],[134.2561,48.7187],[134.2592,48.7205],[134.263,48.7215],[134.2694,48.7217],[134.2737,48.7217],[134.2794,48.7223],[134.2821,48.7234],[134.2833,48.7259],[134.2851,48.729],[134.2856,48.7342]]}},{"type":"Feature","properties":{"name":"Urmi River"},"geometry":{"type":"LineString","coordinates":[[133.8124,48.6829],[133.8152,48.6824],[133.8188,48.6832],[133.8202,48.6845],[133.8226,48.6889],[133.8257,48.6898],[133.8288,48.6897],[133.831,48.6883],[133.8322,48.686],[133.8329,48.682],[133.8341,48.6806],[133.8427,48.6794],[133.8466,48.6779],[133.8495,48.6781],[133.853,48.6796],[133.8554,48.6807],[133.8566,48.676],[133.8548,48.6694],[133.8547,48.6653],[133.863,48.6633],[133.8648,48.6622]]}},{"type":"Feature","properties":{"name":"Urmi River"},"geometry":{"type":"LineString","coordinates":[[133.7709,48.8359],[133.7709,48.834],[133.7688,48.8323],[133.7644,48.8315],[133.7596,48.8319],[133.7529,48.834],[133.7488,48.8342],[133.7458,48.8336],[133.7436,48.8314],[133.7433,48.8284],[133.7465,48.8258],[133.7481,48.8239],[133.7465,48.8223],[133.7424,48.8227],[133.7407,48.8245],[133.7395,48.8299],[133.7369,48.8314],[133.7337,48.8311],[133.7318,48.8281],[133.7333,48.8228],[133.7373,48.8197],[133.7378,48.8179],[133.7369,48.8155],[133.734,48.8134],[133.7302,48.812],[133.7292,48.81],[133.7316,48.8085],[133.735,48.8078],[133.7419,48.8087],[133.7446,48.8082],[133.746,48.8064],[133.745,48.8042],[133.7422,48.8023],[133.7422,48.8005],[133.7484,48.7974],[133.7493,48.7961],[133.7458,48.7936],[133.7479,48.7917],[133.7558,48.7936],[133.7592,48.7971],[133.7616,48.8011],[133.7644,48.8017],[133.7668,48.8015],[133.7695,48.7994],[133.7634,48.7892],[133.7623,48.7839],[133.7611,48.7813],[133.7585,48.7804],[133.7561,48.7804],[133.7501,48.7823],[133.7469,48.7819],[133.7446,48.7791],[133.745,48.7763],[133.7477,48.7736],[133.7525,48.7712],[133.7582,48.77],[133.7591,48.7684],[133.7553,48.7663],[133.7548,48.7645],[133.7573,48.7614],[133.7663,48.7605],[133.769,48.7589],[133.7699,48.7566],[133.768,48.7538],[133.7725,48.7532],[133.7737,48.7552],[133.773,48.7585],[133.7749,48.7605],[133.7785,48.7608],[133.7793,48.759],[133.7761,48.753],[133.7771,48.7497],[133.7793,48.7488],[133.7827,48.7491],[133.786,48.753],[133.7889,48.7533],[133.7917,48.7524],[133.7929,48.7508],[133.7915,48.7486],[133.7862,48.7462],[133.7755,48.743],[133.7674,48.7438]]}},{"type":"Feature","properties":{"name":"Икура"},"geometry":{"type":"LineString","coordinates":[[132.9544,48.7868],[132.9559,48.7863],[132.9575,48.7867],[132.9591,48.7862],[132.9605,48.7853],[132.9622,48.7852],[132.964,48.7855],[132.9662,48.7866],[132.9679,48.7871],[132.9695,48.7875],[132.9721,48.7885],[132.9739,48.7894],[132.9756,48.7899],[132.9777,48.7888],[132.9796,48.7893],[132.9812,48.789],[132.9829,48.7885],[132.9845,48.7891],[132.9877,48.7838],[132.9887,48.7819],[132.9876,48.7803],[132.9868,48.7788],[132.9851,48.7776],[132.9831,48.7765],[132.982,48.7752],[132.9835,48.774],[132.9844,48.7726],[132.9846,48.7709],[132.9834,48.7694],[132.9833,48.7677],[132.9814,48.7676],[132.9823,48.7659],[132.9837,48.7648],[132.9851,48.7657],[132.9867,48.7649],[132.9873,48.7633],[132.989,48.7622],[132.9904,48.7608],[132.9903,48.7591],[132.9923,48.7579],[132.9929,48.7564],[132.9912,48.7563],[132.9914,48.7544],[132.9912,48.7526],[132.9921,48.7508],[132.9936,48.7503],[132.9931,48.7493]]}},{"type":"Feature","properties":{"name":null},"geometry":{"type":"LineString","coordinates":[[132.9263,48.7537],[132.9279,48.7548],[132.9269,48.7564],[132.9272,48.7583],[132.9289,48.7592],[132.9309,48.7595],[132.9327,48.7593],[132.9342,48.7584],[132.9357,48.7573],[132.9359,48.7554],[132.9351,48.7538],[132.9338,48.7519],[132.9335,48.7504]]}},{"type":"Feature","properties":{"name":null},"geometry":{"type":"LineString","coordinates":[[132.9137,48.7579],[132.9145,48.7562],[132.9161,48.7541],[132.9179,48.7532],[132.9205,48.7527],[132.9231,48.7529],[132.9253,48.7526],[132.9276,48.7516],[132.9287,48.7501],[132.9268,48.7492],[132.9249,48.7486],[132.9238,48.7471],[132.9242,48.7453],[132.9254,48.7434],[132.9266,48.742],[132.9285,48.7406],[132.9294,48.7391]]}},{"type":"Feature","properties":{"name":null},"geometry":{"type":"LineString","coordinates":[[132.922,48.7888],[132.9229,48.7874]]}},{"type":"Feature","properties":{"name":null},"geometry":{"type":"LineString","coordinates":[[132.9287,48.7821],[132.9295,48.7806],[132.9291,48.7787],[132.9275,48.7778],[132.926,48.7768],[132.9242,48.7752],[132.9219,48.774],[132.9205,48.773]]}},{"type":"Feature","properties":{"name":null},"geometry":{"type":"LineString","coordinates":[[132.9284,48.7828],[132.93,48.7815],[132.9311,48.7798],[132.9293,48.7777],[132.928,48.776],[132.9257,48.7754],[132.9242,48.7752]]}},{"type":"Feature","properties":{"name":null},"geometry":{"type":"LineString","coordinates":[[132.8953,48.7921],[132.8972,48.7926],[132.8992,48.7928],[132.9018,48.7932],[132.904,48.7935],[132.9057,48.7941],[132.9066,48.7945]]}},{"type":"Feature","properties":{"name":null},"geometry":{"type":"LineString","coordinates":[[132.8992,48.7928],[132.9015,48.7924],[132.9034,48.7918],[132.905,48.7918],[132.9071,48.7923],[132.9092,48.7918],[132.911,48.7917],[132.9126,48.7919],[132.9149,48.7919]]}},{"type":"Feature","properties":{"name":null},"geometry":{"type":"LineString","coordinates":[[132.9076,48.7922],[132.9063,48.7932],[132.9044,48.7935]]}},{"type":"Feature","properties":{"name":null},"geometry":{"type":"LineString","coordinates":[[132.9478,48.7931],[132.9483,48.793]]}},{"type":"Feature","properties":{"name":"Amur"},"geometry":{"type":"LineString","coordinates":[[133.9941,48.3022],[134.0074,48.3088],[134.0129,48.321],[134.0144,48.3312],[134.0238,48.3396],[134.034,48.3451],[134.045,48.3468],[134.0556,48.3458],[134.0685,48.3413],[134.0809,48.337],[134.0968,48.3332],[134.1232,48.3319],[134.14,48.3382],[134.1616,48.3627],[134.1883,48.3837],[134.2223,48.3859],[134.2703,48.379]]}},{"type":"Feature","properties":{"name":"Amur"},"geometry":{"type":"LineString","coordinates":[[133.2136,48.1274],[133.2172,48.1293],[133.2196,48.1304],[133.2253,48.1325],[133.2271,48.1333],[133.2338,48.1375],[133.2354,48.1382],[133.2372,48.1386],[133.2398,48.1391],[133.2428,48.1396],[133.2457,48.14],[133.2503,48.1404],[133.2575,48.1409],[133.2599,48.1412],[133.2624,48.1416],[133.2656,48.1422],[133.2689,48.143],[133.2715,48.1438],[133.2739,48.1446],[133.2787,48.1465],[133.281,48.1476],[133.2827,48.1485],[133.2914,48.1536],[133.2955,48.1556],[133.2974,48.1564],[133.2993,48.1572],[133.3016,48.1575],[133.3037,48.1572],[133.3074,48.1562],[133.3127,48.1543],[133.3147,48.1536],[133.3165,48.1527],[133.3182,48.1515],[133.3227,48.1469],[133.3306,48.138],[133.3319,48.1367],[133.3332,48.1356],[133.3358,48.1341],[133.3375,48.1333],[133.3394,48.1326],[133.341,48.1322],[133.3505,48.1307],[133.3646,48.129],[133.385,48.1268],[133.3876,48.1265],[133.3901,48.126],[133.3928,48.1252],[133.3982,48.1234]]}},{"type":"Feature","properties":{"name":null},"geometry":{"type":"LineString","coordinates":[[132.7895,48.8953],[132.7882,48.8939],[132.7878,48.8921],[132.7897,48.8911],[132.79,48.8908]]}},{"type":"Feature","properties":{"name":"Трек"},"geometry":{"type":"LineString","coordinates":[[132.7994,49.001],[132.8013,49.0006],[132.8034,48.9996],[132.8042,48.9982],[132.8037,48.9966],[132.8021,48.9955],[132.8013,48.9939],[132.8006,48.9921],[132.8023,48.992],[132.8036,48.9909],[132.802,48.99],[132.8038,48.9891],[132.8038,48.9872],[132.8022,48.9861],[132.8004,48.9861],[132.7991,48.9851],[132.8002,48.9837],[132.7988,48.9825],[132.7999,48.9812],[132.7985,48.9803],[132.7989,48.9786],[132.7981,48.9769],[132.7993,48.9755],[132.8008,48.9747],[132.7994,48.9731],[132.8013,48.972],[132.8025,48.9706],[132.8031,48.969],[132.8043,48.9678],[132.8035,48.9663],[132.8026,48.9647],[132.8005,48.9648],[132.8015,48.9635],[132.8006,48.9619],[132.7987,48.9613],[132.7967,48.9604],[132.798,48.9586],[132.7963,48.9577],[132.7954,48.9564],[132.7946,48.9545],[132.7941,48.9529],[132.7953,48.9513],[132.7957,48.9496],[132.796,48.948],[132.7949,48.9467],[132.7932,48.9474],[132.7917,48.9465],[132.7925,48.9447],[132.7941,48.9452],[132.7948,48.9436],[132.7946,48.9418],[132.7948,48.9396],[132.7925,48.9399],[132.792,48.9383],[132.7908,48.9369],[132.7888,48.9366],[132.7899,48.935],[132.7916,48.9352],[132.7908,48.9338],[132.7906,48.9322],[132.7917,48.9336],[132.7929,48.9325],[132.7942,48.9313],[132.7946,48.9296],[132.7951,48.9279],[132.7967,48.9272],[132.7948,48.9261],[132.7935,48.9243],[132.7926,48.9228],[132.7942,48.9224],[132.7942,48.9208],[132.793,48.9197],[132.7937,48.9182],[132.7932,48.9166],[132.7912,48.9156],[132.7907,48.9141],[132.7919,48.9128],[132.7903,48.9115],[132.789,48.9103],[132.7894,48.9086],[132.7889,48.9068],[132.7899,48.9054],[132.7879,48.9049],[132.789,48.9036],[132.7905,48.9023],[132.7924,48.9016],[132.7907,48.9009],[132.7921,48.8991],[132.79,48.8984],[132.7913,48.8973],[132.7895,48.8971],[132.7895,48.8953],[132.7906,48.8937],[132.79,48.8908],[132.7882,48.8896],[132.7881,48.8892]]}},{"type":"Feature","properties":{"name":"Средняя протока"},"geometry":{"type":"LineString","coordinates":[[132.8651,48.0265],[132.8667,48.0241],[132.8683,48.0222],[132.8698,48.0205],[132.8714,48.0191],[132.8728,48.0184],[132.8747,48.0178],[132.8768,48.0178],[132.8797,48.0181],[132.8813,48.0186],[132.8831,48.0199],[132.8847,48.0217],[132.8862,48.024],[132.8875,48.0259],[132.8891,48.0273],[132.8906,48.0284],[132.892,48.0296],[132.8939,48.0318],[132.8979,48.0368],[132.8995,48.0383],[132.9018,48.039],[132.9038,48.0388],[132.9067,48.0387],[132.9094,48.0384],[132.9117,48.0378],[132.9144,48.0367],[132.9191,48.0339],[132.9208,48.0332],[132.9225,48.033],[132.9244,48.0333],[132.9275,48.0335],[132.9302,48.0337],[132.9326,48.0342],[132.9348,48.0351],[132.9363,48.0361],[132.9376,48.0377],[132.9375,48.0399],[132.9361,48.0413],[132.9324,48.0434],[132.9303,48.044],[132.9281,48.0444],[132.9265,48.0454],[132.9255,48.0468],[132.9255,48.0484],[132.9264,48.0502],[132.9281,48.0522],[132.9298,48.054],[132.931,48.0555],[132.9317,48.057],[132.9323,48.0592],[132.9332,48.061],[132.9349,48.0633],[132.9356,48.0655],[132.9369,48.0679],[132.9387,48.0697],[132.9406,48.0711],[132.9434,48.0725],[132.945,48.0732],[132.9475,48.074],[132.95,48.0748],[132.9525,48.0755],[132.9543,48.076],[132.9561,48.0763],[132.9581,48.0766],[132.9599,48.0767],[132.9623,48.0768],[132.9668,48.0769],[132.9688,48.0767],[132.9707,48.0758],[132.9711,48.0742],[132.97,48.0724],[132.9699,48.0706],[132.9706,48.0689],[132.9721,48.0671],[132.974,48.0661],[132.9765,48.0652],[132.9794,48.0645],[132.9813,48.0642],[132.9835,48.0641],[132.9869,48.0644],[132.9905,48.065],[132.9932,48.0658],[132.9957,48.0671],[132.997,48.0684],[133.0002,48.0725],[133.0016,48.0738],[133.0032,48.0748],[133.0056,48.0756],[133.0081,48.0762],[133.0099,48.0768],[133.0118,48.0781],[133.0136,48.0806],[133.0193,48.0872],[133.0226,48.0892],[133.0244,48.09],[133.0265,48.0908],[133.0286,48.0915],[133.0311,48.0921],[133.033,48.0926],[133.0368,48.0936]]}},{"type":"Feature","properties":{"name":null},"geometry":{"type":"LineString","coordinates":[[132.744,48.884],[132.7423,48.8862],[132.7427,48.8887],[132.7444,48.8897],[132.7466,48.8902],[132.7482,48.8902],[132.7504,48.8891],[132.751,48.8872],[132.7519,48.886]]}},{"type":"Feature","properties":{"name":null},"geometry":{"type":"LineString","coordinates":[[132.7429,48.882],[132.7452,48.8826],[132.7461,48.8842],[132.7444,48.8852]]}},{"type":"Feature","properties":{"name":null},"geometry":{"type":"LineString","coordinates":[[132.7235,48.8963],[132.7255,48.896],[132.7271,48.8946],[132.7289,48.8943],[132.7314,48.8953],[132.7332,48.8949],[132.7353,48.896],[132.7372,48.8969],[132.7389,48.8966],[132.7408,48.8972],[132.7424,48.8979],[132.7452,48.898],[132.7469,48.8976],[132.7488,48.8968],[132.7512,48.8965],[132.7528,48.8959],[132.7547,48.8951],[132.7557,48.8934],[132.7574,48.893],[132.7594,48.8927],[132.7619,48.893],[132.764,48.8934],[132.7648,48.8936]]}},{"type":"Feature","properties":{"name":"Бирушка"},"geometry":{"type":"LineString","coordinates":[[132.6757,48.3851],[132.6774,48.3858],[132.6794,48.3869],[132.681,48.3866],[132.6818,48.385],[132.6832,48.3841],[132.6849,48.3843],[132.6865,48.3848],[132.688,48.3841],[132.6896,48.3836],[132.6915,48.3831],[132.6918,48.3814],[132.6936,48.3812],[132.6955,48.3815],[132.697,48.3816],[132.6974,48.3813]]}},{"type":"Feature","properties":{"name":"Аур"},"geometry":{"type":"LineString","coordinates":[[133.3384,48.6895],[133.3367,48.6889],[133.3364,48.6886]]}},{"type":"Feature","properties":{"name":"Большой Ин"},"geometry":{"type":"LineString","coordinates":[[133.3457,48.6742],[133.345,48.6724],[133.347,48.6724],[133.3485,48.6735],[133.3506,48.6754],[133.3512,48.677],[133.3495,48.678],[133.3477,48.6782],[133.3456,48.6788],[133.3462,48.6806],[133.3478,48.6806],[133.3497,48.6794],[133.3522,48.6791],[133.3538,48.6792],[133.3562,48.6795],[133.3586,48.6779],[133.3601,48.6762],[133.3615,48.6745],[133.3592,48.6731],[133.3569,48.6733],[133.355,48.6742],[133.353,48.674],[133.3528,48.672],[133.3537,48.6704],[133.3552,48.6691],[133.3571,48.6686],[133.3587,48.6693],[133.361,48.6702],[133.3632,48.6698],[133.3644,48.6683],[133.3631,48.6673],[133.3618,48.6661],[133.3632,48.6643],[133.3649,48.6641],[133.3664,48.6651],[133.3667,48.6674],[133.3657,48.6692],[133.3677,48.6705],[133.3696,48.6704],[133.3716,48.6707],[133.3741,48.6711],[133.3771,48.6717],[133.3794,48.6724],[133.3812,48.6732],[133.3831,48.6738],[133.3855,48.6741],[133.3873,48.6733],[133.3893,48.6711],[133.3891,48.6686],[133.3884,48.6668],[133.3896,48.6654],[133.3921,48.6658],[133.394,48.6665],[133.3957,48.6661],[133.3979,48.6642],[133.4002,48.6635],[133.4012,48.6616],[133.3996,48.661],[133.3998,48.6595],[133.4016,48.6596],[133.4032,48.6586],[133.4051,48.6585],[133.4048,48.6601],[133.4063,48.6608],[133.4075,48.6594],[133.4088,48.6584],[133.4108,48.6584],[133.4102,48.6567],[133.4081,48.6568],[133.4094,48.6548],[133.4088,48.6531],[133.4096,48.6516],[133.4109,48.6506],[133.4131,48.6503],[133.4148,48.6503],[133.4161,48.6487],[133.4185,48.6485],[133.4203,48.6481],[133.422,48.6482],[133.4243,48.6476],[133.4256,48.6477]]}},{"type":"Feature","properties":{"name":"Большой Ин"},"geometry":{"type":"LineString","coordinates":[[133.5821,48.6113],[133.5838,48.6096],[133.5849,48.6082],[133.5855,48.6066],[133.5873,48.6069],[133.5892,48.6075],[133.5911,48.6097],[133.5926,48.6111],[133.5944,48.6107],[133.5958,48.6097],[133.5977,48.6097],[133.599,48.6108],[133.6008,48.6112],[133.6007,48.6094],[133.599,48.6084],[133.6001,48.6073],[133.6017,48.6079],[133.6033,48.6083],[133.6033,48.61],[133.605,48.6098],[133.6058,48.6084],[133.6069,48.607],[133.6084,48.6077],[133.6066,48.6092],[133.6078,48.6106],[133.6095,48.6106],[133.6118,48.6098],[133.6138,48.6103],[133.6156,48.6096],[133.6175,48.6102],[133.6178,48.6123],[133.6185,48.6139],[133.6207,48.6141],[133.6229,48.6122],[133.6234,48.6101],[133.6243,48.6086],[133.6259,48.6089],[133.6272,48.6077],[133.6294,48.6075],[133.6318,48.6075],[133.6321,48.6056],[133.634,48.6058],[133.634,48.6042],[133.6357,48.6045],[133.6382,48.605],[133.6395,48.6068],[133.6387,48.6082],[133.637,48.608],[133.6394,48.6093],[133.6418,48.6093],[133.643,48.6107],[133.6459,48.61],[133.6477,48.6086],[133.6494,48.6074],[133.6515,48.6075],[133.652,48.6092],[133.6539,48.6091],[133.6541,48.6112],[133.6555,48.6122],[133.6572,48.6116],[133.6576,48.6097],[133.6589,48.6086],[133.6572,48.608],[133.6559,48.6068],[133.6585,48.6066],[133.6605,48.6071],[133.6623,48.6077],[133.6627,48.606],[133.6655,48.6055],[133.6673,48.6061],[133.6685,48.6074],[133.6674,48.6086],[133.6682,48.6103],[133.6704,48.6118],[133.6713,48.6138],[133.6725,48.6155],[133.6741,48.6158],[133.6759,48.6162],[133.6777,48.6162],[133.6792,48.617],[133.6811,48.6168],[133.6817,48.6153],[133.6824,48.6135],[133.6841,48.6136],[133.6852,48.6151],[133.687,48.6154],[133.6878,48.6139],[133.6891,48.6129],[133.6911,48.6126],[133.6931,48.6125],[133.6946,48.6118],[133.6962,48.6117],[133.6956,48.6136],[133.6968,48.6147],[133.6953,48.6155],[133.6973,48.616],[133.6989,48.6163],[133.6996,48.615]]}},{"type":"Feature","properties":{"name":"Большой Ин"},"geometry":{"type":"LineString","coordinates":[[133.4256,48.6477],[133.4281,48.6476],[133.4297,48.6481],[133.4316,48.649],[133.4333,48.6494],[133.4357,48.6506],[133.4361,48.6531],[133.4376,48.6547],[133.4394,48.6549],[133.4417,48.6537],[133.4434,48.6528],[133.4415,48.6513],[133.4396,48.6498],[133.4394,48.6478],[133.4409,48.647],[133.439,48.6468],[133.4396,48.6453],[133.4382,48.6425],[133.4382,48.6407],[133.4367,48.639],[133.4366,48.6368],[133.4376,48.6342],[133.4397,48.633],[133.4415,48.6328],[133.4439,48.6317],[133.4455,48.6317],[133.4487,48.6329],[133.4511,48.6338],[133.4536,48.6334],[133.4554,48.6323],[133.4535,48.631],[133.4554,48.6297],[133.4575,48.6296],[133.4597,48.6302],[133.4615,48.6295],[133.4636,48.6293],[133.4634,48.6318],[133.4646,48.6332],[133.4664,48.6332],[133.4686,48.6326],[133.4702,48.6338],[133.4689,48.635],[133.4707,48.6353],[133.4711,48.6369],[133.4739,48.6363],[133.4753,48.6356],[133.4761,48.6341],[133.4744,48.6333],[133.4742,48.6305],[133.4755,48.6288],[133.4773,48.6292],[133.4783,48.631],[133.4798,48.632],[133.4821,48.6321],[133.4818,48.6339],[133.484,48.6339],[133.4853,48.6349],[133.487,48.6338],[133.4888,48.6333],[133.4902,48.6343],[133.4902,48.6364],[133.4924,48.6361],[133.4944,48.634],[133.4955,48.6326],[133.4968,48.6313],[133.4988,48.6317],[133.4998,48.6333],[133.5014,48.6329],[133.5019,48.635],[133.5042,48.6351],[133.5058,48.6359],[133.5079,48.6364],[133.5084,48.6343],[133.5102,48.6338],[133.5125,48.6338],[133.5127,48.6318],[133.5103,48.6314],[133.5086,48.6301],[133.5108,48.6288],[133.5135,48.6291],[133.5152,48.6308],[133.5173,48.6311],[133.5183,48.6294],[133.5202,48.6295],[133.5225,48.6305],[133.5249,48.6302],[133.5265,48.6308],[133.5284,48.631],[133.5286,48.6329],[133.5304,48.6319],[133.5322,48.6297],[133.5338,48.6288],[133.5314,48.628],[133.5285,48.6267],[133.5284,48.6249],[133.5312,48.6257],[133.5329,48.6253],[133.5346,48.6235],[133.5334,48.6218],[133.5315,48.6215],[133.5298,48.6221],[133.5273,48.622],[133.5287,48.62],[133.5305,48.6183],[133.5326,48.6192],[133.5352,48.6196],[133.5373,48.6213],[133.5391,48.6217],[133.541,48.6206],[133.541,48.6188],[133.5422,48.6173],[133.5429,48.6158],[133.5446,48.616],[133.5445,48.6178],[133.5462,48.6185],[133.5476,48.6175],[133.5462,48.6157],[133.5475,48.6147],[133.5506,48.615],[133.5526,48.6153],[133.556,48.6147],[133.5575,48.6159],[133.5584,48.6145],[133.5566,48.6136],[133.5578,48.6121],[133.5596,48.6118],[133.5617,48.6124],[133.5629,48.6148],[133.5647,48.6155],[133.566,48.6141],[133.5683,48.6144],[133.5704,48.6146],[133.5698,48.6123],[133.5687,48.6108],[133.5671,48.6116],[133.566,48.6104],[133.5678,48.6097],[133.5693,48.6088],[133.5703,48.6103],[133.5723,48.6106],[133.5738,48.6114],[133.5755,48.6117],[133.5779,48.6123],[133.5799,48.6133],[133.5813,48.6141],[133.582,48.6125],[133.5821,48.6113]]}},{"type":"Feature","properties":{"name":"Большой Ин"},"geometry":{"type":"LineString","coordinates":[[133.3052,48.6899],[133.3067,48.6893],[133.3085,48.6892],[133.3102,48.6888],[133.3089,48.6875],[133.3073,48.6869],[133.3071,48.6851],[133.3087,48.6848],[133.3106,48.686],[133.3128,48.6862],[133.3146,48.686],[133.3161,48.6872],[133.3148,48.689],[133.3147,48.691],[133.3163,48.6923],[133.3178,48.6934],[133.3198,48.6934],[133.32,48.6914],[133.3189,48.6896],[133.3204,48.6883],[133.3221,48.6883],[133.3235,48.6901],[133.325,48.6907],[133.3254,48.689],[133.3269,48.6884],[133.3274,48.6899],[133.329,48.6894],[133.3302,48.6907],[133.3319,48.6915],[133.3325,48.6899],[133.3325,48.6882],[133.3349,48.6886],[133.3363,48.6878],[133.3378,48.6867],[133.3393,48.6846],[133.3382,48.6825],[133.3362,48.6813],[133.3373,48.68],[133.3383,48.6813],[133.3407,48.6818],[133.3429,48.6816],[133.3446,48.6817],[133.3426,48.6806],[133.341,48.6806],[133.3398,48.679],[133.3415,48.6776],[133.3395,48.6768],[133.3385,48.6754],[133.3408,48.6737],[133.3429,48.674],[133.3457,48.6742]]}},{"type":"Feature","properties":{"name":"Большой Ин"},"geometry":{"type":"LineString","coordinates":[[133.6996,48.615],[133.7015,48.6144],[133.7027,48.6156],[133.7044,48.6152],[133.7053,48.6168],[133.7069,48.6173],[133.7094,48.6173],[133.7108,48.6182],[133.7119,48.6196],[133.7134,48.6184],[133.7148,48.6173],[133.7161,48.6186],[133.7157,48.6204],[133.7152,48.622],[133.7171,48.6222],[133.7187,48.6206],[133.7185,48.6186],[133.7205,48.6176],[133.7221,48.6187],[133.7241,48.6178],[133.7254,48.6165],[133.7271,48.6169],[133.7278,48.6183],[133.728,48.62],[133.7298,48.6198],[133.7305,48.6184],[133.7294,48.6169],[133.7315,48.6163],[133.7332,48.618],[133.7337,48.6198],[133.7342,48.6214],[133.7362,48.6215],[133.7378,48.6207],[133.7401,48.6204],[133.7422,48.6206],[133.7442,48.622],[133.7455,48.624],[133.7471,48.6249],[133.7488,48.6237],[133.7505,48.624],[133.7523,48.6233],[133.754,48.623],[133.7548,48.625],[133.7567,48.6259],[133.7581,48.6268],[133.7598,48.6274],[133.7585,48.6283],[133.7567,48.6288],[133.7563,48.6305],[133.7579,48.6306],[133.7595,48.6295],[133.761,48.6279],[133.762,48.6265],[133.7635,48.6253],[133.7652,48.6247],[133.7642,48.6233],[133.7659,48.6224],[133.7683,48.6229],[133.7702,48.623],[133.7683,48.6209],[133.7657,48.6203],[133.7651,48.6188],[133.7668,48.6183],[133.7689,48.6184],[133.7705,48.6187],[133.7731,48.6197],[133.7731,48.6215],[133.7722,48.623],[133.774,48.6244],[133.7763,48.6243],[133.7776,48.6228],[133.7773,48.621],[133.7787,48.6201],[133.7805,48.6206],[133.7806,48.6228],[133.7804,48.6246],[133.7822,48.6254],[133.7825,48.6234],[133.7845,48.6221],[133.7867,48.6219],[133.7885,48.6231],[133.7892,48.6258],[133.7873,48.6269],[133.788,48.6287],[133.7897,48.6286],[133.7913,48.6277],[133.7922,48.6252],[133.7926,48.6232],[133.7935,48.6218],[133.7957,48.6229],[133.7972,48.6244],[133.7989,48.624],[133.7985,48.6224],[133.8003,48.6242],[133.8006,48.626],[133.7993,48.6273],[133.7961,48.6279],[133.7952,48.6292],[133.7966,48.6301],[133.799,48.6298],[133.8007,48.6297],[133.8014,48.6314],[133.7991,48.6319],[133.7976,48.6328],[133.7989,48.6339],[133.8017,48.6334],[133.8041,48.632],[133.8058,48.6318],[133.8072,48.6326],[133.8089,48.6334],[133.8108,48.6331],[133.8118,48.6349],[133.8138,48.6349],[133.8134,48.6332],[133.815,48.6318],[133.817,48.6311],[133.819,48.6315],[133.8205,48.6333],[133.8203,48.6351],[133.8222,48.6365],[133.8233,48.6379],[133.8224,48.6394],[133.8237,48.6412],[133.8242,48.6433],[133.8256,48.6442],[133.8266,48.6426],[133.8284,48.6415],[133.8299,48.6422],[133.8291,48.6439],[133.8288,48.6456],[133.8306,48.6469],[133.8328,48.6469],[133.8346,48.6478],[133.8362,48.6493],[133.8377,48.6501],[133.8394,48.6503],[133.8413,48.6502],[133.8435,48.6518],[133.8454,48.6531],[133.8475,48.654],[133.85,48.6542],[133.8522,48.6537],[133.8541,48.6537],[133.8558,48.6539],[133.8572,48.6549],[133.8589,48.6543],[133.8601,48.6554],[133.8616,48.6568],[133.8613,48.6586],[133.8623,48.66],[133.864,48.6605],[133.8648,48.6622]]}},{"type":"Feature","properties":{"name":null},"geometry":{"type":"LineString","coordinates":[[133.6082,48.0294],[133.5826,48.0435],[133.5591,48.0563],[133.5303,48.0672],[133.5216,48.0705],[133.5198,48.072]]}},{"type":"Feature","properties":{"name":"二道河"},"geometry":{"type":"LineString","coordinates":[[133.9844,47.6828],[133.9878,47.6815],[133.9901,47.6807],[133.992,47.68],[133.995,47.679],[133.9972,47.6782],[134.0003,47.6771],[134.0027,47.6763],[134.0048,47.6756],[134.0069,47.675],[134.0099,47.6741],[134.0114,47.673],[134.0169,47.6676],[134.0336,47.6508],[134.0404,47.6438],[134.0464,47.64],[134.0685,47.6369],[134.0822,47.6277],[134.0914,47.6159],[134.1038,47.6132],[134.1325,47.607],[134.1694,47.5881],[134.1736,47.5857]]}},{"type":"Feature","properties":{"name":"Amur"},"geometry":{"type":"LineString","coordinates":[[132.5487,47.7143],[132.5566,47.7173],[132.5773,47.7241],[132.5849,47.7271],[132.5898,47.7297],[132.5955,47.7337],[132.5992,47.7381],[132.6016,47.7433],[132.6019,47.7484],[132.6023,47.7539],[132.6019,47.7578],[132.601,47.7604],[132.5997,47.7626],[132.5967,47.7651],[132.5933,47.7679],[132.5901,47.7716],[132.5888,47.7757],[132.5888,47.779],[132.5898,47.7843],[132.5928,47.7932],[132.5967,47.8008],[132.5979,47.804],[132.6003,47.8118],[132.6025,47.8151],[132.6049,47.8177],[132.618,47.8315],[132.6264,47.8386],[132.6373,47.8455],[132.6576,47.8564],[132.669,47.8625],[132.6736,47.8655],[132.6772,47.8694],[132.6796,47.8729],[132.6809,47.8769],[132.6816,47.8815],[132.6815,47.885],[132.6804,47.8889],[132.6792,47.8919],[132.6734,47.9025],[132.6682,47.9096],[132.6585,47.9217],[132.6561,47.9255],[132.6548,47.9293],[132.654,47.9334],[132.6547,47.9375],[132.6569,47.9418],[132.6599,47.9461],[132.6648,47.9495],[132.6715,47.9529],[132.6776,47.9557],[132.6813,47.9572],[132.6869,47.9589],[132.6919,47.9597],[132.6954,47.9603],[132.6989,47.9606],[132.7018,47.9608],[132.7066,47.961],[132.7096,47.961],[132.7128,47.961],[132.717,47.9607],[132.7196,47.9603],[132.722,47.9597],[132.7243,47.9589],[132.7261,47.958],[132.7318,47.9538],[132.7501,47.9375],[132.7557,47.9337],[132.7608,47.9315],[132.768,47.9295],[132.7755,47.9278],[132.7824,47.9273],[132.7897,47.9276],[132.7952,47.9285],[132.8029,47.9308],[132.8105,47.9339],[132.8155,47.9369],[132.8199,47.9399],[132.824,47.9443],[132.8344,47.9562],[132.838,47.9607],[132.844,47.9691],[132.8464,47.9723],[132.8526,47.9786],[132.8564,47.9819],[132.8593,47.9849],[132.8625,47.9893],[132.8664,47.995],[132.8684,47.9974],[132.8723,47.9999],[132.8759,48.0016],[132.9065,48.0131],[132.9159,48.0161],[132.9238,48.0185],[132.9343,48.0207],[132.9654,48.025],[132.9753,48.0271],[132.9839,48.0297],[132.996,48.0343],[133.0013,48.0372],[133.0048,48.0402],[133.0092,48.0454],[133.0125,48.0525],[133.0153,48.0563],[133.0211,48.0624],[133.0259,48.067],[133.0273,48.0695],[133.0289,48.073],[133.0309,48.0828],[133.0338,48.0897],[133.0368,48.0936],[133.044,48.1018],[133.0468,48.1052],[133.0483,48.1072],[133.0497,48.1088],[133.0514,48.1104],[133.0531,48.1117],[133.0553,48.113],[133.0577,48.1141],[133.0605,48.1151],[133.0658,48.1169]]}},{"type":"Feature","properties":{"name":"Amur"},"geometry":{"type":"LineString","coordinates":[[133.3092,48.0993],[133.3126,48.0998],[133.3169,48.1014],[133.3482,48.1152],[133.3915,48.1236],[133.3982,48.1234],[133.4126,48.1212],[133.4428,48.1103],[133.4645,48.1091],[133.4917,48.1174],[133.5225,48.1215],[133.5432,48.1266],[133.5566,48.1303],[133.5655,48.1374],[133.5717,48.1549],[133.574,48.1711],[133.5802,48.1886],[133.5861,48.1944],[133.5934,48.1983],[133.598,48.1997],[133.6034,48.2008],[133.6136,48.1999],[133.6313,48.195],[133.6776,48.1822],[133.6943,48.1822],[133.7032,48.1843],[133.7116,48.1874],[133.7167,48.1915],[133.7193,48.1966],[133.7213,48.2082],[133.7162,48.2213],[133.7158,48.228],[133.7176,48.2327],[133.7192,48.2347],[133.7206,48.2379],[133.7207,48.2416],[133.729,48.2493],[133.7405,48.2518],[133.7429,48.2539],[133.7464,48.2568],[133.7679,48.2603],[133.7978,48.26],[133.8068,48.2622],[133.8338,48.2757],[133.8776,48.2831],[133.9136,48.2924],[133.9364,48.3018],[133.9496,48.3043],[133.9724,48.2998],[133.9861,48.3013],[133.9941,48.3022]]}},{"type":"Feature","properties":{"name":"Amur"},"geometry":{"type":"LineString","coordinates":[[133.0658,48.1169],[133.0816,48.1216],[133.0861,48.1228],[133.0918,48.1242],[133.1059,48.1269],[133.1307,48.1304],[133.139,48.1315],[133.1434,48.1321],[133.1483,48.1325],[133.1557,48.1327],[133.1634,48.1327],[133.1715,48.1325],[133.1792,48.1322],[133.1884,48.1315],[133.1973,48.1304],[133.2058,48.1289],[133.2136,48.1274],[133.2418,48.1212],[133.2459,48.1199],[133.25,48.1182],[133.2601,48.1128],[133.2635,48.1114],[133.2685,48.1096],[133.2769,48.1068],[133.29,48.1026],[133.2948,48.1012],[133.3004,48.0998],[133.3049,48.0993],[133.3092,48.0993]]}},{"type":"Feature","properties":{"name":"Nong River"},"geometry":{"type":"LineString","coordinates":[[133.8072,47.8917],[133.8097,47.8921],[133.8127,47.8923],[133.8163,47.8933],[133.8191,47.8941],[133.8222,47.8946],[133.8227,47.8964],[133.8221,47.8979],[133.8242,47.8996],[133.826,47.8995],[133.8261,47.9014],[133.8282,47.9024],[133.8294,47.904],[133.8312,47.9038],[133.8335,47.9043],[133.8349,47.9056],[133.8369,47.9061],[133.8391,47.9071],[133.8413,47.9073],[133.8427,47.9081],[133.8457,47.9087],[133.8485,47.9091],[133.8502,47.9096],[133.8517,47.9103],[133.8536,47.9109],[133.8551,47.9119],[133.8573,47.9128],[133.858,47.9147],[133.8575,47.9168],[133.858,47.9183],[133.8601,47.9167],[133.8621,47.916],[133.8635,47.9179],[133.8655,47.9183],[133.8671,47.9186],[133.8628,47.9205],[133.864,47.9222],[133.8673,47.9216],[133.8699,47.9221],[133.8712,47.9204],[133.8724,47.9239],[133.8739,47.9248],[133.8742,47.9229],[133.8742,47.9208],[133.8788,47.9194],[133.881,47.9202],[133.8789,47.9235],[133.8774,47.9247],[133.8792,47.9255],[133.8819,47.9246],[133.8849,47.9241],[133.8858,47.9259],[133.8873,47.9241],[133.8862,47.9226],[133.885,47.9215],[133.887,47.921],[133.8906,47.9213],[133.8925,47.9219],[133.8965,47.9249],[133.8981,47.9254],[133.8987,47.9277],[133.9018,47.9279],[133.9032,47.93],[133.9048,47.9307],[133.9072,47.9305],[133.9089,47.9306],[133.9093,47.9325],[133.9056,47.933],[133.9053,47.9348],[133.9097,47.9371],[133.9132,47.9366],[133.9149,47.9369],[133.9149,47.9386],[133.9173,47.939],[133.9188,47.9397],[133.9192,47.9437],[133.921,47.9442],[133.9224,47.942],[133.9241,47.9408],[133.9256,47.9415],[133.9252,47.9437],[133.9257,47.9453],[133.923,47.9462],[133.9211,47.9457],[133.9196,47.9475],[133.9207,47.9487],[133.9247,47.9489],[133.9223,47.9509],[133.9247,47.9527],[133.9267,47.9528],[133.9254,47.9548],[133.9273,47.959],[133.9341,47.9629],[133.9487,47.967],[133.956,47.9629],[133.9601,47.963],[133.9657,47.9665],[133.9652,47.97],[133.9668,47.9714],[133.969,47.9709],[133.9696,47.9728],[133.9723,47.9714],[133.975,47.9709],[133.9768,47.971],[133.9791,47.9717],[133.9809,47.9732],[133.9825,47.9733],[133.9838,47.9724],[133.9855,47.9736],[133.9866,47.9724],[133.9861,47.9748],[133.9879,47.9748],[133.9907,47.9731],[133.9926,47.9719],[133.9943,47.9727],[133.9961,47.9755],[133.996,47.9787],[133.9974,47.9795],[133.9994,47.981],[134.0008,47.9798],[134.0049,47.9805],[134.0064,47.9822],[134.0086,47.9824],[134.0117,47.9832],[134.0142,47.9829],[134.0146,47.9812],[134.0161,47.9795],[134.018,47.9804],[134.0199,47.9794],[134.0189,47.9775],[134.0218,47.9774],[134.0221,47.9793],[134.0201,47.9807],[134.0193,47.9822],[134.0212,47.9833],[134.0232,47.9823],[134.0245,47.9804],[134.026,47.9799],[134.0271,47.9815],[134.0273,47.9839],[134.0297,47.9837],[134.0316,47.9834],[134.0321,47.985],[134.0325,47.9818],[134.0345,47.9826],[134.0356,47.9841],[134.0362,47.9812],[134.0381,47.9819],[134.04,47.9825],[134.0413,47.9835],[134.043,47.9824],[134.0439,47.9809],[134.0447,47.9826],[134.0462,47.9833],[134.0479,47.9833],[134.0468,47.9817],[134.0492,47.9812],[134.0508,47.9812],[134.0509,47.9831],[134.053,47.9844],[134.0531,47.9861],[134.0547,47.9869],[134.0565,47.9855],[134.0566,47.9884],[134.0592,47.988],[134.0614,47.9873],[134.0615,47.989],[134.0634,47.9883],[134.0658,47.9879],[134.0671,47.9895],[134.0687,47.989],[134.0715,47.9891],[134.0716,47.9906]]}},{"type":"Feature","properties":{"name":"Глинянка"},"geometry":{"type":"LineString","coordinates":[[133.0226,48.8661],[133.0243,48.8663],[133.026,48.8667],[133.0276,48.8671],[133.0292,48.8663],[133.0307,48.8659],[133.0321,48.8667],[133.0333,48.8679],[133.0351,48.8679],[133.0365,48.8686],[133.0381,48.8681],[133.0398,48.8686],[133.0415,48.8686],[133.0428,48.8674],[133.0442,48.8666],[133.0449,48.8651],[133.0464,48.8646],[133.0473,48.8659]]}},{"type":"Feature","properties":{"name":"Bira River"},"geometry":{"type":"LineString","coordinates":[[132.9999,48.576],[133.0016,48.5759],[133.0032,48.5764],[133.006,48.578],[133.0082,48.5786],[133.0109,48.5788],[133.0137,48.5791],[133.0164,48.5786],[133.019,48.5779],[133.0226,48.5768],[133.0262,48.5753],[133.0296,48.5728],[133.0312,48.5712],[133.0332,48.5698],[133.0354,48.5692],[133.0375,48.5692],[133.0396,48.5697],[133.0425,48.5707],[133.0453,48.5711],[133.0475,48.5702],[133.0483,48.5676],[133.0477,48.5657],[133.0465,48.5644],[133.0446,48.5635],[133.0426,48.5629],[133.0404,48.562],[133.0391,48.5611],[133.0372,48.5602],[133.0317,48.5578],[133.0317,48.5537],[133.034,48.5516],[133.0353,48.5502],[133.0356,48.5486],[133.034,48.5459],[133.0313,48.5436],[133.029,48.5414],[133.0264,48.5394],[133.0249,48.5379],[133.0252,48.5353],[133.0266,48.5322],[133.0288,48.5292],[133.0319,48.5259],[133.0348,48.5232],[133.0386,48.5209],[133.0432,48.5187],[133.0474,48.5164],[133.0503,48.5155],[133.0521,48.5144],[133.0545,48.5114],[133.0552,48.5093],[133.0551,48.5068],[133.0531,48.5049],[133.0502,48.5036],[133.0476,48.5034],[133.0452,48.504],[133.0439,48.5052],[133.0424,48.5061],[133.0394,48.5064],[133.0386,48.5048],[133.0392,48.5029],[133.0403,48.5012],[133.0426,48.4998],[133.0456,48.4993],[133.0485,48.4992],[133.0536,48.4995],[133.0578,48.4986],[133.0606,48.4971],[133.0643,48.4957],[133.0672,48.4948],[133.0703,48.4937],[133.0714,48.4919],[133.0717,48.4902],[133.0724,48.4883],[133.0731,48.4867],[133.0735,48.4845],[133.0722,48.4828],[133.0698,48.4814],[133.0657,48.48],[133.0631,48.4793],[133.0607,48.4781],[133.0587,48.4765],[133.0567,48.4739],[133.056,48.4713],[133.0568,48.4688],[133.0592,48.4668],[133.061,48.466],[133.0632,48.4657],[133.0653,48.4664],[133.067,48.4672],[133.0695,48.4679],[133.0714,48.4686],[133.073,48.4696],[133.0755,48.4712],[133.0773,48.4723],[133.0789,48.4734],[133.0798,48.476],[133.0802,48.4782],[133.0814,48.4803],[133.084,48.4818],[133.0861,48.4818],[133.0898,48.4809],[133.0914,48.479],[133.0932,48.4769],[133.0942,48.4749],[133.0947,48.471]]}},{"type":"Feature","properties":{"name":"Bira"},"geometry":{"type":"LineString","coordinates":[[132.9334,48.7452],[132.9318,48.7437],[132.9296,48.7412],[132.9294,48.7391],[132.9294,48.7371],[132.9283,48.7349],[132.928,48.7308],[132.9301,48.7303],[132.9322,48.7293],[132.9351,48.7296],[132.9365,48.7293]]}},{"type":"Feature","properties":{"name":"Bira River"},"geometry":{"type":"LineString","coordinates":[[132.9208,48.7892],[132.9223,48.7877],[132.9243,48.7866],[132.9268,48.7855],[132.9278,48.7845]]}},{"type":"Feature","properties":{"name":"Bira River"},"geometry":{"type":"LineString","coordinates":[[133.0947,48.471],[133.0938,48.4688],[133.0913,48.4669],[133.0894,48.4665],[133.0873,48.4654],[133.0858,48.4635],[133.085,48.4617],[133.0864,48.4581],[133.0883,48.4565],[133.0904,48.4562],[133.0952,48.4566],[133.0976,48.4565],[133.0995,48.4542],[133.0995,48.4516],[133.0972,48.4491],[133.0941,48.4473],[133.0915,48.447],[133.0886,48.4474],[133.0851,48.4474],[133.083,48.4466],[133.0815,48.4439],[133.0831,48.4417],[133.0853,48.4409],[133.0881,48.4407],[133.0909,48.4408],[133.0953,48.4423],[133.097,48.443],[133.099,48.4435],[133.1019,48.4429],[133.1043,48.4433],[133.1078,48.4428],[133.1094,48.4411],[133.1097,48.4395],[133.1086,48.4374],[133.1067,48.4361],[133.1035,48.4356],[133.0984,48.4354],[133.0943,48.4351],[133.0918,48.4339],[133.0902,48.4325],[133.0894,48.4305],[133.0903,48.4288],[133.0942,48.426],[133.0978,48.4254],[133.101,48.4255],[133.1035,48.426],[133.1068,48.4271],[133.1097,48.4284],[133.1128,48.4292],[133.1153,48.429],[133.1172,48.4281],[133.1181,48.4256],[133.115,48.4217],[133.1146,48.4184],[133.1151,48.4158],[133.1174,48.4124],[133.1222,48.4105],[133.1259,48.4096],[133.1295,48.4095],[133.1311,48.4094],[133.1339,48.4091],[133.136,48.4101],[133.1394,48.4119],[133.1431,48.4126],[133.1456,48.4124],[133.1476,48.4109],[133.1472,48.4086],[133.146,48.4061],[133.145,48.4043],[133.1437,48.4023],[133.1428,48.3997],[133.14,48.3984],[133.137,48.3959],[133.1359,48.3938],[133.1335,48.3925],[133.1319,48.3918],[133.1314,48.3902],[133.1329,48.3885],[133.1352,48.3873],[133.1387,48.3856],[133.1424,48.3848],[133.1476,48.3834],[133.1497,48.3799],[133.1528,48.377],[133.153,48.375],[133.152,48.3728],[133.151,48.3705],[133.1488,48.3685],[133.1486,48.3663],[133.1501,48.3644],[133.1539,48.3628],[133.1575,48.362],[133.1591,48.36],[133.158,48.3576],[133.156,48.3563],[133.1509,48.3559],[133.1488,48.3541],[133.1493,48.3522],[133.1511,48.3506],[133.1534,48.3506],[133.1574,48.3513],[133.1604,48.3513],[133.1625,48.3513],[133.1654,48.3515],[133.1682,48.353],[133.1694,48.355],[133.1711,48.3565],[133.174,48.3566],[133.1764,48.3557],[133.1777,48.3539],[133.1763,48.3521],[133.175,48.3496],[133.1747,48.3473],[133.1759,48.345],[133.1793,48.3439],[133.1834,48.3415],[133.1898,48.34],[133.1943,48.3391],[133.1975,48.3377],[133.2004,48.3361],[133.2037,48.3349],[133.2044,48.3324],[133.2032,48.3301],[133.1997,48.3277],[133.1965,48.3261],[133.1948,48.3243],[133.1943,48.3221],[133.1956,48.3191],[133.1985,48.3171],[133.2013,48.3156],[133.2042,48.3149],[133.2054,48.3126],[133.2051,48.3109],[133.2035,48.3077],[133.2019,48.3061],[133.1977,48.3039],[133.1954,48.3012],[133.1967,48.2974],[133.2026,48.2932],[133.2076,48.292],[133.2111,48.2913],[133.2138,48.2906],[133.2155,48.2899],[133.2178,48.2884],[133.2221,48.2869],[133.2257,48.2868],[133.2289,48.2884],[133.231,48.2897],[133.2324,48.2915],[133.2346,48.2915],[133.2374,48.2912]]}},{"type":"Feature","properties":{"name":"Bira"},"geometry":{"type":"LineString","coordinates":[[132.9365,48.7293],[132.9373,48.7268],[132.938,48.7248],[132.9391,48.7232],[132.9394,48.7222]]}},{"type":"Feature","properties":{"name":"Bira"},"geometry":{"type":"LineString","coordinates":[[132.9334,48.7452],[132.9356,48.7452],[132.936,48.7428],[132.9358,48.7411],[132.9367,48.7395],[132.9381,48.7382],[132.9392,48.7366],[132.9391,48.7349],[132.9371,48.7333],[132.9351,48.7323],[132.937,48.7317],[132.9387,48.731],[132.9375,48.7297],[132.9365,48.7293]]}},{"type":"Feature","properties":{"name":"Ikura"},"geometry":{"type":"LineString","coordinates":[[133.1026,48.5158],[133.1033,48.5143],[133.1033,48.5125],[133.1026,48.511],[133.1047,48.5101],[133.1064,48.5097],[133.1051,48.5085],[133.106,48.5073],[133.1076,48.5067],[133.1066,48.5053],[133.1072,48.5037],[133.1056,48.5043],[133.1069,48.5032],[133.1056,48.5021],[133.1039,48.5009],[133.1021,48.5005],[133.1003,48.5004],[133.0989,48.4993],[133.097,48.4994],[133.0961,48.498],[133.0955,48.4965],[133.0941,48.4974],[133.0925,48.4967],[133.0935,48.4953],[133.093,48.4936],[133.0915,48.4929],[133.0925,48.4914],[133.0926,48.4897],[133.0915,48.4877],[133.0898,48.4869],[133.0887,48.4852],[133.0898,48.4838],[133.0924,48.4836],[133.0941,48.4841],[133.0966,48.4838],[133.099,48.4832],[133.1002,48.4815],[133.0993,48.4798],[133.0983,48.4783],[133.0977,48.4768],[133.0959,48.4758]]}},{"type":"Feature","properties":{"name":"Ikura"},"geometry":{"type":"LineString","coordinates":[[132.9931,48.7493],[132.9939,48.7478],[132.9958,48.7474],[132.9952,48.7457],[132.9964,48.7444],[132.998,48.7436],[133.0002,48.7436],[133.0018,48.7425],[133.0041,48.7421],[133.0064,48.7418],[133.0081,48.7408],[133.009,48.7392],[133.0073,48.7395],[133.0057,48.7389],[133.006,48.7372],[133.0079,48.7369],[133.0093,48.7381],[133.011,48.7383],[133.0131,48.7381],[133.014,48.7365],[133.016,48.7371],[133.0179,48.7361],[133.0195,48.7354],[133.021,48.7347],[133.0224,48.7335],[133.0213,48.7323],[133.0199,48.7331],[133.0182,48.7329],[133.0165,48.7322],[133.0179,48.731],[133.0193,48.7297],[133.0209,48.7295],[133.0226,48.7295],[133.0215,48.7276],[133.0198,48.7284],[133.0202,48.7263],[133.0223,48.7263],[133.0241,48.7267],[133.0263,48.727],[133.0283,48.7271],[133.0298,48.7263],[133.0333,48.7263],[133.0353,48.7261],[133.0372,48.7257],[133.0391,48.7253],[133.0406,48.7244],[133.0422,48.7247],[133.0427,48.723],[133.0446,48.7227],[133.0462,48.7227],[133.0478,48.7218],[133.0483,48.7202],[133.0502,48.7193],[133.0518,48.7187],[133.0534,48.7195],[133.055,48.7189],[133.0569,48.7189],[133.0586,48.7191],[133.0605,48.7187],[133.0609,48.717],[133.0619,48.7158],[133.0613,48.7145]]}},{"type":"Feature","properties":{"name":"Ikura"},"geometry":{"type":"LineString","coordinates":[[133.0613,48.7145],[133.0596,48.7151],[133.0582,48.7141],[133.0566,48.7144],[133.0549,48.7143],[133.0531,48.7137],[133.0515,48.7144],[133.0498,48.7154],[133.0481,48.7154],[133.0464,48.7157],[133.0446,48.7147],[133.0443,48.713],[133.0451,48.7114],[133.0439,48.7089],[133.0418,48.7098],[133.0402,48.7103],[133.0386,48.7102],[133.0373,48.7087],[133.0369,48.7072],[133.035,48.7071],[133.0336,48.7059],[133.0351,48.7052],[133.0347,48.7036],[133.0334,48.7022],[133.0333,48.7002],[133.0337,48.6981],[133.0322,48.6973],[133.0306,48.697],[133.0288,48.6969],[133.0278,48.6954],[133.0299,48.6943],[133.0383,48.6929],[133.0399,48.6928],[133.0414,48.6946],[133.0429,48.6937],[133.0447,48.6937],[133.0474,48.6924],[133.0487,48.6913],[133.0478,48.69],[133.0488,48.6885],[133.0502,48.6872],[133.0517,48.6862],[133.0498,48.6858],[133.0511,48.685],[133.0491,48.685],[133.0505,48.684],[133.0491,48.683],[133.0505,48.6816],[133.0519,48.6805],[133.0538,48.6807],[133.0557,48.6795],[133.0575,48.6784],[133.0595,48.6776],[133.0611,48.676],[133.0622,48.6747],[133.061,48.6729],[133.0598,48.6714],[133.0614,48.6714],[133.0594,48.6708],[133.0578,48.6711],[133.058,48.6692],[133.0578,48.6676],[133.0594,48.6674],[133.061,48.6663],[133.06,48.665],[133.0607,48.6633],[133.0605,48.6615],[133.062,48.6623],[133.0626,48.6606],[133.0645,48.6599],[133.0662,48.6589],[133.0671,48.6575],[133.0678,48.6558],[133.0665,48.6539],[133.0672,48.6525],[133.0665,48.6508],[133.0648,48.6504],[133.0626,48.6515],[133.061,48.6508],[133.06,48.6494],[133.0619,48.6489],[133.0614,48.6467],[133.0603,48.6451],[133.0621,48.6446],[133.0641,48.6439],[133.0659,48.6444],[133.0675,48.6449],[133.0689,48.6459],[133.0675,48.6472],[133.0679,48.6489],[133.0695,48.6483],[133.071,48.6489],[133.0726,48.6485],[133.0742,48.6484],[133.0728,48.6478],[133.0737,48.6464],[133.0755,48.6455],[133.0766,48.6443],[133.0784,48.6443],[133.0796,48.6432],[133.0809,48.642],[133.0805,48.6401],[133.0823,48.6403],[133.0841,48.6394],[133.0868,48.64],[133.0884,48.6403],[133.0898,48.6412],[133.0885,48.6398],[133.0887,48.6379],[133.0903,48.6379],[133.0916,48.6365],[133.0917,48.6347],[133.0906,48.6334],[133.0915,48.633]]}},{"type":"Feature","properties":{"name":"Щукинка 1-я"},"geometry":{"type":"LineString","coordinates":[[132.7863,48.7301],[132.7883,48.7298],[132.7904,48.7295],[132.7927,48.7294],[132.7943,48.7299],[132.7961,48.7299],[132.7977,48.7304],[132.8,48.7303],[132.8019,48.7304],[132.8044,48.7308],[132.8061,48.7303],[132.8077,48.7299],[132.8095,48.7301],[132.8111,48.7296],[132.8131,48.7296],[132.8152,48.73],[132.8167,48.7291],[132.8185,48.7285],[132.8202,48.7279],[132.8221,48.7283],[132.8242,48.7292],[132.8257,48.7295],[132.8278,48.7297],[132.8297,48.73],[132.8316,48.7298],[132.8336,48.73],[132.8355,48.731],[132.8379,48.7308],[132.8395,48.7312],[132.8411,48.7318],[132.8404,48.7333],[132.8419,48.7348],[132.8437,48.7351],[132.8454,48.7351],[132.8474,48.7365],[132.8492,48.7365],[132.8511,48.736],[132.8521,48.7347],[132.8537,48.7349],[132.8544,48.7368],[132.856,48.7372],[132.8581,48.7374],[132.8587,48.7357],[132.8606,48.7348],[132.8622,48.7342],[132.8639,48.7333],[132.8655,48.7326],[132.8673,48.7321],[132.8693,48.7325],[132.871,48.7322],[132.8724,48.7313],[132.8741,48.7305],[132.8764,48.7301],[132.8777,48.731],[132.8794,48.7311],[132.8814,48.7314],[132.8823,48.7296],[132.8834,48.7284],[132.8836,48.7282]]}},{"type":"Feature","properties":{"name":"Щукинка 2-я"},"geometry":{"type":"LineString","coordinates":[[132.7913,48.6876],[132.7931,48.6879],[132.7953,48.6876],[132.7973,48.6869],[132.8019,48.6862],[132.8043,48.6858],[132.8063,48.6858],[132.8082,48.6855],[132.8104,48.6843],[132.8128,48.6834],[132.8145,48.6828],[132.8165,48.6826],[132.8179,48.6816],[132.8212,48.6802],[132.8262,48.6788],[132.8282,48.6764],[132.8301,48.6749],[132.8327,48.6706],[132.8351,48.6689],[132.8358,48.6663],[132.8385,48.6648],[132.8402,48.6628],[132.8475,48.6654],[132.8529,48.6656],[132.8556,48.6643],[132.8655,48.666],[132.8697,48.6652],[132.8738,48.6631],[132.8764,48.6632],[132.878,48.6612],[132.8775,48.6596],[132.8791,48.6595],[132.8807,48.6598],[132.8823,48.6603],[132.883,48.6609]]}},{"type":"Feature","properties":{"name":"Щукинка 3-я"},"geometry":{"type":"LineString","coordinates":[[132.9826,48.5825],[132.9844,48.5821],[132.9862,48.583],[132.9884,48.582],[132.9865,48.5815],[132.9865,48.5797],[132.9875,48.5783],[132.9891,48.5774],[132.9896,48.5755],[132.9912,48.576],[132.9923,48.5776],[132.9941,48.5782],[132.9934,48.5765],[132.9947,48.5753],[132.9958,48.5738],[132.9985,48.5743],[132.9999,48.576]]}},{"type":"Feature","properties":{"name":"Щукинка 3-я"},"geometry":{"type":"LineString","coordinates":[[132.7222,48.6033],[132.722,48.6015],[132.7221,48.5994],[132.7232,48.597],[132.7235,48.5953],[132.7227,48.593],[132.7216,48.5904],[132.722,48.5888],[132.7229,48.5873],[132.7251,48.586],[132.7275,48.583],[132.7284,48.5813],[132.7317,48.5789],[132.7335,48.5777],[132.7349,48.577],[132.7372,48.5756],[132.7387,48.5747],[132.7405,48.5742],[132.7422,48.5746],[132.7439,48.5742],[132.7464,48.5745],[132.7496,48.5742],[132.7515,48.5741],[132.7549,48.5742],[132.757,48.5747],[132.7605,48.5752],[132.7624,48.5751],[132.7648,48.5758],[132.7668,48.5757],[132.7689,48.5748],[132.7705,48.5734],[132.7727,48.5735],[132.7746,48.5724],[132.776,48.5708],[132.7776,48.5712],[132.7792,48.5701],[132.7809,48.5698],[132.7832,48.5691],[132.7848,48.5697],[132.7865,48.5698],[132.7878,48.5686],[132.789,48.5675],[132.7906,48.568],[132.7925,48.5673],[132.7937,48.5661],[132.796,48.5667],[132.798,48.5664],[132.7995,48.5648],[132.8057,48.5639],[132.8065,48.5607],[132.8115,48.5592],[132.8133,48.5594],[132.815,48.559],[132.8165,48.558],[132.8187,48.5585],[132.8176,48.5598],[132.8204,48.5607],[132.8231,48.5614],[132.823,48.5591],[132.8252,48.5604],[132.827,48.5628],[132.8289,48.5639],[132.8325,48.5653],[132.8343,48.5644],[132.8366,48.565],[132.8357,48.5665],[132.8374,48.569],[132.841,48.5733],[132.8428,48.5733],[132.8448,48.5723],[132.8461,48.5734],[132.847,48.5765],[132.8492,48.578],[132.8536,48.5755],[132.8545,48.5777],[132.8566,48.5788],[132.8564,48.5811],[132.8607,48.581],[132.8629,48.5801],[132.8647,48.5801],[132.8657,48.582],[132.8674,48.5816],[132.869,48.581],[132.8709,48.5814],[132.8732,48.5805],[132.8764,48.5815],[132.8796,48.5807],[132.8844,48.58],[132.8881,48.5787],[132.8897,48.5793],[132.8922,48.5799],[132.8935,48.5811],[132.8958,48.5801],[132.8996,48.5813],[132.9031,48.5815],[132.9051,48.5811],[132.9074,48.5818],[132.9112,48.5799],[132.9134,48.5809],[132.9155,48.5806],[132.9175,48.5818],[132.9238,48.5814],[132.928,48.585],[132.9401,48.5818],[132.9477,48.582],[132.9461,48.5795],[132.9534,48.5785],[132.9583,48.5794],[132.9589,48.5757],[132.9621,48.5772],[132.9633,48.5746],[132.9683,48.5744],[132.9729,48.5719],[132.9728,48.5768],[132.9826,48.5825]]}},{"type":"Feature","properties":{"name":"Бира"},"geometry":{"type":"LineString","coordinates":[[133.0898,48.4809],[133.0915,48.4807],[133.0931,48.4807],[133.0946,48.4796],[133.0958,48.4776],[133.0959,48.4758],[133.0947,48.471]]}},{"type":"Feature","properties":{"name":null},"geometry":{"type":"LineString","coordinates":[[132.9322,48.699],[132.9342,48.6976],[132.9348,48.6959],[132.933,48.6952],[132.9332,48.692],[132.9328,48.6902],[132.9304,48.6896],[132.9298,48.688],[132.9334,48.6872],[132.9341,48.6861]]}},{"type":"Feature","properties":{"name":null},"geometry":{"type":"LineString","coordinates":[[132.928,48.7308],[132.9279,48.7289],[132.9268,48.7273],[132.9243,48.7265],[132.9248,48.7245],[132.9241,48.7226],[132.922,48.7204],[132.919,48.7182],[132.9184,48.7162],[132.9199,48.7145],[132.9219,48.714],[132.9247,48.7139],[132.9267,48.7128],[132.9288,48.7111]]}},{"type":"Feature","properties":{"name":null},"geometry":{"type":"LineString","coordinates":[[132.9577,48.6399],[132.957,48.6372],[132.9553,48.6346],[132.955,48.6318],[132.9536,48.6301],[132.9535,48.628],[132.9529,48.6264],[132.9506,48.6271],[132.9524,48.6257],[132.9508,48.6234],[132.9517,48.6221],[132.9533,48.6219],[132.9527,48.6198],[132.9546,48.619],[132.9567,48.6187],[132.9585,48.618],[132.9604,48.6166],[132.962,48.6171]]}},{"type":"Feature","properties":{"name":null},"geometry":{"type":"LineString","coordinates":[[132.9322,48.7293],[132.9346,48.7291],[132.9364,48.7288],[132.9372,48.7283]]}},{"type":"Feature","properties":{"name":null},"geometry":{"type":"LineString","coordinates":[[132.9572,48.6249],[132.9548,48.6226],[132.9533,48.6219]]}},{"type":"Feature","properties":{"name":null},"geometry":{"type":"LineString","coordinates":[[132.9497,48.6335],[132.9478,48.6316],[132.9488,48.6285],[132.9504,48.6276],[132.9506,48.6271]]}},{"type":"Feature","properties":{"name":null},"geometry":{"type":"LineString","coordinates":[[132.9366,48.7258],[132.9353,48.7233],[132.9355,48.7213],[132.9382,48.721]]}},{"type":"Feature","properties":{"name":"Августовский Ключ"},"geometry":{"type":"LineString","coordinates":[[132.8307,48.7865],[132.8335,48.7869],[132.8348,48.7885],[132.8361,48.7899],[132.8379,48.7895],[132.8396,48.789],[132.8405,48.7876],[132.8419,48.7867],[132.8441,48.7864],[132.8457,48.787],[132.8477,48.7867],[132.8488,48.7883],[132.8506,48.7875],[132.8525,48.7879],[132.8539,48.7888],[132.8538,48.7907],[132.8535,48.7923],[132.8545,48.7936],[132.8546,48.7953],[132.8563,48.7946],[132.8578,48.7952],[132.8589,48.7965],[132.8583,48.798],[132.8599,48.7985],[132.8619,48.7987],[132.8638,48.7985],[132.8658,48.7987],[132.8676,48.7979],[132.8697,48.798],[132.8713,48.799]]}},{"type":"Feature","properties":{"name":"Bira River"},"geometry":{"type":"LineString","coordinates":[[132.7881,48.8892],[132.7904,48.8884],[132.7935,48.8867],[132.7985,48.883],[132.7994,48.8808],[132.8006,48.8784],[132.8016,48.8769],[132.8016,48.8752],[132.8018,48.8729],[132.8027,48.8707],[132.804,48.8694],[132.8051,48.8675],[132.8052,48.8649],[132.8045,48.8621],[132.8046,48.8602],[132.8083,48.8574],[132.8108,48.8564],[132.8118,48.8547],[132.81,48.8528],[132.8095,48.8507],[132.8108,48.8492]]}},{"type":"Feature","properties":{"name":"Bira River"},"geometry":{"type":"LineString","coordinates":[[132.8295,48.8378],[132.831,48.836],[132.8336,48.835],[132.8372,48.8323],[132.8389,48.8298],[132.8394,48.8276],[132.8391,48.8248],[132.8368,48.8204],[132.8396,48.8183],[132.8414,48.8175],[132.8462,48.8169],[132.8502,48.8153],[132.8528,48.8145],[132.8556,48.8139],[132.859,48.8136],[132.8652,48.8139],[132.8674,48.8142],[132.8696,48.8145],[132.8725,48.8134],[132.8741,48.8124],[132.8744,48.8108],[132.8733,48.8087],[132.8709,48.8067],[132.8703,48.8046],[132.8703,48.8004],[132.8713,48.799]]}},{"type":"Feature","properties":{"name":"Bira River"},"geometry":{"type":"LineString","coordinates":[[132.773,48.886],[132.7757,48.8864],[132.7793,48.8871],[132.7813,48.8878],[132.7832,48.8888],[132.7855,48.8893],[132.7881,48.8892]]}},{"type":"Feature","properties":{"name":"Bira River"},"geometry":{"type":"LineString","coordinates":[[132.8713,48.799],[132.8727,48.7978],[132.8753,48.7968],[132.878,48.7966],[132.8805,48.7961],[132.8822,48.7952],[132.8839,48.7938],[132.8863,48.792],[132.8879,48.7924],[132.8907,48.7919],[132.8931,48.7918],[132.8953,48.7921],[132.8973,48.7929],[132.8991,48.7943],[132.901,48.7947],[132.9034,48.795],[132.9058,48.7947],[132.9083,48.7942],[132.9132,48.7928],[132.9149,48.7919],[132.9189,48.7901],[132.9208,48.7892],[132.9246,48.7879],[132.9264,48.7868],[132.9276,48.7856],[132.9284,48.7828],[132.9284,48.7809],[132.9264,48.7792],[132.9241,48.7782],[132.9205,48.773],[132.9179,48.7691],[132.9184,48.7656],[132.9174,48.7632],[132.9151,48.7609],[132.9138,48.7589],[132.9143,48.7572],[132.9163,48.7568],[132.9177,48.7561],[132.9203,48.7546],[132.9228,48.7538],[132.9252,48.7536],[132.9276,48.7538],[132.9301,48.7545],[132.9318,48.7543],[132.9324,48.7526],[132.9332,48.7508],[132.9341,48.7475],[132.9334,48.7452]]}},{"type":"Feature","properties":{"name":"Bira River"},"geometry":{"type":"LineString","coordinates":[[132.6761,48.9053],[132.6774,48.9041],[132.6785,48.9018],[132.6799,48.9011],[132.6823,48.9005],[132.685,48.8996],[132.6867,48.8992],[132.6886,48.8997],[132.6876,48.902],[132.688,48.9042],[132.6911,48.9054],[132.694,48.9059],[132.6969,48.9059],[132.7001,48.905],[132.7018,48.904],[132.7037,48.9033],[132.7074,48.9023],[132.7097,48.9011],[132.7114,48.8997],[132.7123,48.8983],[132.7136,48.8965],[132.7169,48.8974],[132.7191,48.8979],[132.7217,48.8973],[132.7235,48.8963],[132.7245,48.8941],[132.7236,48.8924],[132.7217,48.8911],[132.7199,48.8901],[132.7196,48.888],[132.7218,48.8865],[132.7237,48.8867],[132.7256,48.8874],[132.7273,48.8872],[132.7298,48.8859],[132.7313,48.8848],[132.7309,48.883],[132.732,48.8817],[132.734,48.8815],[132.7366,48.8813],[132.7399,48.8815],[132.7429,48.882],[132.744,48.884],[132.7442,48.8861],[132.7463,48.8878],[132.7483,48.8874],[132.7519,48.886],[132.754,48.8854],[132.7551,48.8837],[132.7591,48.8843],[132.7612,48.884],[132.7625,48.8822],[132.7619,48.8802],[132.7634,48.8787],[132.7656,48.878],[132.7685,48.8795],[132.7688,48.8814],[132.768,48.8832],[132.77,48.885],[132.7716,48.8857],[132.773,48.886]]}},{"type":"Feature","properties":{"name":"Каменный Ключ"},"geometry":{"type":"LineString","coordinates":[[132.7484,48.8159],[132.7537,48.8165],[132.7572,48.8177],[132.7604,48.8194],[132.7622,48.8218],[132.7658,48.8233],[132.767,48.825],[132.7722,48.8269],[132.7762,48.8291],[132.7805,48.8296],[132.7827,48.8305],[132.7828,48.8328],[132.7859,48.8336],[132.7869,48.8352],[132.7903,48.8365],[132.7946,48.8355],[132.7983,48.8369],[132.7983,48.8392],[132.7999,48.8415],[132.8014,48.8427],[132.8017,48.8443],[132.8033,48.8448],[132.805,48.8455],[132.8056,48.847],[132.807,48.8482],[132.8086,48.8488],[132.8108,48.8492]]}},{"type":"Feature","properties":{"name":null},"geometry":{"type":"LineString","coordinates":[[132.7136,48.8965],[132.7129,48.8944],[132.711,48.8933],[132.7091,48.8933],[132.7071,48.8919],[132.7086,48.8911],[132.7104,48.8907],[132.7107,48.8886],[132.7091,48.8876],[132.7086,48.8861],[132.7096,48.8845],[132.7121,48.8831],[132.7149,48.8821],[132.7173,48.8832],[132.7195,48.8833],[132.7214,48.8841],[132.7237,48.8867]]}},{"type":"Feature","properties":{"name":null},"geometry":{"type":"LineString","coordinates":[[132.8336,48.835],[132.8354,48.835],[132.8373,48.8342],[132.8372,48.8323]]}},{"type":"Feature","properties":{"name":"Bira River"},"geometry":{"type":"LineString","coordinates":[[132.8108,48.8492],[132.8138,48.8472],[132.8154,48.8453],[132.815,48.843],[132.8193,48.8409],[132.8231,48.841],[132.8264,48.8408],[132.8285,48.8402],[132.8295,48.8388],[132.8295,48.8378]]}},{"type":"Feature","properties":{"name":null},"geometry":{"type":"LineString","coordinates":[[132.7064,48.8972],[132.7061,48.8948],[132.7091,48.8933]]}},{"type":"Feature","properties":{"name":null},"geometry":{"type":"LineString","coordinates":[[132.7015,48.8924],[132.7033,48.8922],[132.705,48.8925],[132.7071,48.8919]]}},{"type":"Feature","properties":{"name":"Джаварга"},"geometry":{"type":"LineString","coordinates":[[133.058,48.2817],[133.0596,48.2824],[133.0605,48.2809],[133.061,48.2792],[133.0626,48.2799],[133.0655,48.2799],[133.066,48.2772],[133.0643,48.2756],[133.0644,48.2727],[133.0683,48.2707],[133.0708,48.2709],[133.0711,48.2692],[133.074,48.2688],[133.0737,48.2668],[133.0766,48.2637],[133.0756,48.2624],[133.0722,48.2625],[133.0711,48.2612],[133.0715,48.2594],[133.0694,48.2585],[133.0724,48.2569],[133.0719,48.2546],[133.0745,48.2541],[133.075,48.2519],[133.0765,48.2529],[133.0783,48.2523],[133.0768,48.251],[133.0787,48.2513],[133.0773,48.2501],[133.0776,48.2484],[133.0791,48.2468],[133.0793,48.246]]}},{"type":"Feature","properties":{"name":"Малая Бира"},"geometry":{"type":"LineString","coordinates":[[132.9742,48.2898],[132.9763,48.2907],[132.9749,48.2896],[132.9764,48.289],[132.9782,48.2896],[132.9796,48.2905],[132.9786,48.2891],[132.9803,48.2892],[132.982,48.2882],[132.9832,48.2896],[132.9843,48.2883],[132.9835,48.2897],[132.9854,48.2898],[132.9872,48.2904],[132.9889,48.2907],[132.9906,48.2906],[132.9923,48.2911],[132.9939,48.2917],[132.9927,48.2902],[132.9927,48.2885],[132.9935,48.2901],[132.9947,48.2887],[132.9968,48.2889],[132.9979,48.2877],[132.9997,48.2872],[133.0012,48.2884],[133.0024,48.2896],[133.0031,48.288],[133.0037,48.2864],[133.0045,48.2849],[133.0064,48.2851],[133.0084,48.2846],[133.0079,48.2828],[133.0095,48.2822],[133.0084,48.2806],[133.0102,48.28],[133.0122,48.2801],[133.0136,48.2794],[133.0149,48.2805],[133.0167,48.2816],[133.0185,48.2822],[133.0186,48.2806],[133.0209,48.2807],[133.0221,48.2794],[133.0229,48.278],[133.0212,48.277],[133.0197,48.2758],[133.0216,48.2751],[133.0232,48.2741],[133.0251,48.2744],[133.0249,48.2726],[133.027,48.2734],[133.0277,48.2719],[133.0293,48.2712],[133.0312,48.271],[133.0329,48.2703],[133.0348,48.2698],[133.0355,48.2679],[133.0338,48.2673],[133.0354,48.2661],[133.0339,48.2655],[133.0358,48.2655],[133.0373,48.2646],[133.0383,48.2634],[133.0387,48.2618],[133.0406,48.2615],[133.0409,48.2599],[133.0414,48.2583],[133.0432,48.2581],[133.0448,48.2573],[133.0453,48.2557],[133.047,48.2561],[133.0485,48.2556],[133.0492,48.2575],[133.0502,48.2588],[133.0518,48.2589],[133.053,48.26],[133.0539,48.2585],[133.0524,48.2579],[133.0541,48.2573],[133.0529,48.2562],[133.0536,48.2547],[133.0554,48.2559],[133.0572,48.2552],[133.0583,48.2539],[133.0564,48.2538],[133.0586,48.2522],[133.0607,48.2529],[133.0601,48.2509],[133.0618,48.2508],[133.0604,48.2499],[133.0622,48.2489],[133.0631,48.2474],[133.0626,48.249],[133.0646,48.2491],[133.0664,48.2488],[133.0682,48.2492],[133.0698,48.2497],[133.071,48.2484],[133.0727,48.2478],[133.0737,48.2492],[133.073,48.2476],[133.0748,48.247],[133.0766,48.2463],[133.0777,48.2448],[133.0793,48.246],[133.0788,48.2442],[133.0773,48.2428],[133.0755,48.2429],[133.076,48.2408],[133.0777,48.2401],[133.079,48.2388],[133.0777,48.2378],[133.0788,48.2361],[133.0796,48.2345],[133.0809,48.2356],[133.0812,48.2339],[133.0826,48.2329],[133.0833,48.2314],[133.0829,48.2294],[133.0842,48.2283],[133.0854,48.2294],[133.0871,48.2285],[133.0889,48.2286],[133.0892,48.2302],[133.0912,48.2303],[133.0913,48.2285],[133.0944,48.228],[133.0961,48.2267],[133.0981,48.2262],[133.0986,48.2246],[133.0985,48.2229],[133.0966,48.2221],[133.0982,48.2211],[133.0998,48.2208],[133.1018,48.2208],[133.1029,48.2195],[133.1016,48.2181],[133.1034,48.2177],[133.1051,48.2168],[133.1062,48.2155],[133.1071,48.217],[133.1087,48.2162],[133.11,48.215],[133.112,48.2135],[133.1131,48.2121],[133.1147,48.2118],[133.1169,48.2123],[133.116,48.2109],[133.1177,48.2098],[133.1195,48.2092],[133.1197,48.2108],[133.1218,48.2113],[133.1235,48.2101],[133.1254,48.2101],[133.1259,48.2082],[133.1276,48.2077],[133.1292,48.2079],[133.1309,48.208],[133.1324,48.2087],[133.1336,48.2076],[133.1351,48.2072],[133.1362,48.2087],[133.1379,48.2084],[133.1394,48.2092],[133.1407,48.2101],[133.1403,48.2085],[133.1422,48.2086],[133.1407,48.2079],[133.1425,48.208],[133.1434,48.2093],[133.145,48.2086],[133.1459,48.2072],[133.1443,48.2066],[133.1462,48.2061],[133.1481,48.2067],[133.1498,48.2061],[133.1512,48.2049],[133.1502,48.2035],[133.1519,48.2024],[133.1528,48.2011],[133.154,48.1994],[133.1557,48.1997],[133.1572,48.2004],[133.1589,48.2007],[133.16,48.1992],[133.1583,48.1992],[133.1602,48.1982],[133.1597,48.1963],[133.1581,48.1961],[133.1567,48.1969],[133.1567,48.1949],[133.1583,48.1937],[133.16,48.193],[133.1628,48.1928],[133.1636,48.1907],[133.1637,48.1889],[133.1656,48.1891],[133.1663,48.1907],[133.1673,48.192],[133.1695,48.1914],[133.1706,48.1897],[133.171,48.188],[133.1726,48.188],[133.1731,48.1863],[133.1749,48.1856],[133.1764,48.1849],[133.178,48.1853],[133.1795,48.1859],[133.1801,48.1857]]}},{"type":"Feature","properties":{"name":"Малая Бира"},"geometry":{"type":"LineString","coordinates":[[133.1801,48.1857],[133.1807,48.1838],[133.182,48.1828],[133.1811,48.181],[133.1824,48.1798],[133.1845,48.1807],[133.1864,48.181],[133.188,48.1805],[133.1884,48.1787],[133.1869,48.1775],[133.188,48.1754],[133.1894,48.1738],[133.1911,48.1734],[133.1927,48.1742],[133.193,48.1771],[133.1948,48.178],[133.1971,48.1776],[133.1985,48.1761],[133.1974,48.1742],[133.1968,48.1722],[133.1982,48.171],[133.1998,48.1709],[133.2014,48.1715],[133.2028,48.1728],[133.2046,48.1733],[133.2067,48.1731],[133.2082,48.1723],[133.2072,48.1702],[133.2056,48.169],[133.2064,48.1676],[133.208,48.1663],[133.21,48.1657],[133.2123,48.1658],[133.2139,48.1676],[133.2161,48.1679],[133.2183,48.1682],[133.2197,48.1666],[133.2185,48.1647],[133.2161,48.1632],[133.216,48.1615],[133.2179,48.1603],[133.2183,48.1583],[133.2163,48.1574],[133.2144,48.1569],[133.2131,48.1579],[133.2122,48.1599],[133.2102,48.1609],[133.2075,48.1613],[133.2058,48.1609],[133.2055,48.159],[133.207,48.1576],[133.209,48.1565],[133.2109,48.1562],[133.2132,48.1551],[133.2149,48.1547],[133.2168,48.1539],[133.2163,48.1521],[133.2163,48.1504],[133.2142,48.1486],[133.2139,48.1467],[133.2155,48.1454],[133.2172,48.1456],[133.2188,48.1448],[133.2171,48.1436],[133.215,48.1431],[133.2135,48.1421],[133.2147,48.1407],[133.2163,48.1411],[133.2178,48.1417],[133.2199,48.1416],[133.2219,48.1413],[133.225,48.1398],[133.2267,48.1389],[133.2316,48.1379],[133.2338,48.1375]]}},{"type":"Feature","properties":{"name":"Большой Ин"},"geometry":{"type":"LineString","coordinates":[[133.1659,48.774],[133.1676,48.7746],[133.1692,48.7736],[133.1701,48.7722],[133.1717,48.7715],[133.1727,48.7729],[133.1721,48.7745],[133.1738,48.7753],[133.175,48.7742],[133.1755,48.7725],[133.1771,48.7733],[133.1781,48.7719],[133.1801,48.7717],[133.1802,48.7701],[133.1786,48.77],[133.179,48.7684],[133.1795,48.7667],[133.1812,48.7663],[133.1818,48.7647],[133.1815,48.7631],[133.1836,48.7631],[133.1857,48.7627],[133.1843,48.7617],[133.1846,48.7598],[133.1865,48.7595],[133.188,48.7607],[133.1898,48.7611],[133.1921,48.761],[133.1936,48.7603],[133.1951,48.761],[133.1962,48.7624],[133.1961,48.7604],[133.1945,48.7595],[133.1927,48.7589],[133.1908,48.7588],[133.1896,48.76],[133.1883,48.7589],[133.1896,48.7574],[133.1916,48.7575],[133.1932,48.7575],[133.1947,48.7571],[133.1955,48.7553],[133.1945,48.7538],[133.196,48.7533],[133.1976,48.7527],[133.1992,48.7537],[133.2008,48.7532],[133.2013,48.7513],[133.2002,48.7498],[133.2,48.7481],[133.2017,48.7476],[133.2006,48.7461],[133.1988,48.7461],[133.1991,48.7445],[133.2009,48.7445],[133.2027,48.7441],[133.2043,48.7437],[133.2057,48.7429],[133.2071,48.7438],[133.2083,48.7427],[133.2076,48.741],[133.209,48.74],[133.2107,48.7396],[133.2103,48.7381],[133.212,48.7376],[133.2134,48.7389],[133.2151,48.7392],[133.2161,48.7376],[133.2143,48.7366],[133.213,48.7353],[133.2144,48.7342],[133.2161,48.7349],[133.2165,48.7364],[133.2184,48.7372],[133.2194,48.7359],[133.2194,48.7342],[133.221,48.7339],[133.22,48.7325],[133.2194,48.7308],[133.2202,48.7294],[133.2189,48.7285],[133.2171,48.7282],[133.2183,48.7268],[133.2203,48.7263],[133.2221,48.7263],[133.2238,48.7267],[133.2232,48.7248],[133.2214,48.7242],[133.2224,48.7225],[133.2242,48.7227],[133.2256,48.724],[133.2279,48.7251],[133.2296,48.7256],[133.231,48.7246],[133.2302,48.7226],[133.2307,48.7209],[133.2289,48.7205],[133.2269,48.7213],[133.2253,48.7203],[133.2237,48.7197],[133.2234,48.7179],[133.2247,48.717],[133.2255,48.7155],[133.2239,48.7147],[133.2231,48.7132],[133.2245,48.7119],[133.2264,48.7119],[133.2286,48.7113],[133.2311,48.7112],[133.2328,48.7111],[133.2344,48.7105],[133.2337,48.7088],[133.2316,48.7084],[133.2324,48.7069],[133.2336,48.7057],[133.2346,48.707],[133.2355,48.7083],[133.2371,48.7076],[133.2377,48.7059],[133.2391,48.7068],[133.2407,48.7059],[133.2394,48.7043],[133.2383,48.703],[133.24,48.7024],[133.2412,48.704],[133.2423,48.7052],[133.2436,48.7064],[133.2446,48.7046],[133.2435,48.7033],[133.2435,48.7017],[133.2453,48.7018],[133.2472,48.7032],[133.2483,48.7045],[133.2497,48.7034],[133.2484,48.7017],[133.2465,48.7009],[133.2478,48.6995],[133.2462,48.6992],[133.2463,48.6972],[133.2456,48.6956],[133.2467,48.6941],[133.2475,48.6925],[133.2494,48.6927],[133.2508,48.6943],[133.2529,48.6951],[133.2521,48.6967],[133.2536,48.6973],[133.2557,48.6976],[133.2573,48.6972],[133.2567,48.6954],[133.2579,48.6938],[133.2599,48.6935],[133.2615,48.6939],[133.263,48.6932],[133.264,48.6919],[133.2654,48.6929],[133.2672,48.6922],[133.2662,48.6936],[133.2679,48.6946],[133.2689,48.693],[133.2705,48.693],[133.2695,48.6916],[133.2703,48.6902],[133.272,48.6898],[133.2738,48.69],[133.2754,48.6909],[133.2764,48.6896],[133.278,48.689],[133.2797,48.6888],[133.2787,48.6874],[133.2779,48.6858],[133.279,48.6846],[133.2807,48.6856],[133.2815,48.687],[133.2831,48.6866],[133.2821,48.688],[133.284,48.6888],[133.2844,48.687],[133.2843,48.6852],[133.2846,48.6836],[133.2867,48.6838],[133.2879,48.6852],[133.287,48.6866],[133.2884,48.6879],[133.2901,48.6878],[133.2921,48.6878],[133.2929,48.6863],[133.2948,48.6864],[133.2944,48.688],[133.2959,48.689],[133.2969,48.6903],[133.2992,48.6908],[133.3013,48.6902],[133.3034,48.6894],[133.3052,48.6899]]}},{"type":"Feature","properties":{"name":"Большой Ин"},"geometry":{"type":"LineString","coordinates":[[133.1584,48.8064],[133.1601,48.8055],[133.1589,48.8041],[133.1571,48.8041],[133.1557,48.805],[133.1544,48.804],[133.1527,48.8038],[133.1538,48.8023],[133.1558,48.8021],[133.1573,48.8014],[133.1585,48.8004],[133.1576,48.7989],[133.1558,48.7989],[133.1557,48.7972],[133.1573,48.7969],[133.1592,48.7972],[133.1588,48.7956],[133.1605,48.7952],[133.1621,48.7958],[133.1617,48.7942],[133.1603,48.793],[133.1587,48.7927],[133.1604,48.792],[133.1617,48.7911],[133.1631,48.79],[133.1637,48.7885],[133.1652,48.7874],[133.1653,48.7857],[133.1668,48.7847],[133.1685,48.7843],[133.1696,48.783],[133.1712,48.7832],[133.1696,48.7815],[133.168,48.7807],[133.1677,48.7791],[133.1661,48.7786],[133.1643,48.7783],[133.1642,48.7765],[133.1629,48.7754],[133.1644,48.7746],[133.1659,48.774]]}},{"type":"Feature","properties":{"name":"Глинянка"},"geometry":{"type":"LineString","coordinates":[[133.0473,48.8659],[133.0489,48.8663],[133.0504,48.8672],[133.0521,48.8673],[133.0531,48.8686],[133.0547,48.8691],[133.0563,48.8693],[133.0573,48.868],[133.0589,48.8681],[133.0602,48.8671],[133.0617,48.8676],[133.0635,48.8674],[133.0649,48.8682],[133.0664,48.8689],[133.0679,48.8685],[133.0694,48.8679],[133.0712,48.8674],[133.0727,48.8667],[133.074,48.8658],[133.0755,48.865],[133.0771,48.8641],[133.0784,48.8631],[133.0801,48.8632],[133.0812,48.862],[133.0828,48.8626],[133.0828,48.861],[133.0844,48.861],[133.0861,48.8613],[133.0874,48.8603],[133.0872,48.8587],[133.0888,48.8581],[133.09,48.8591],[133.0915,48.8597],[133.0932,48.8594],[133.0949,48.8591],[133.0956,48.8576],[133.0974,48.8568],[133.0981,48.8553],[133.0993,48.8542],[133.1005,48.853],[133.1021,48.8524],[133.1038,48.8523],[133.1052,48.8533],[133.1067,48.8539],[133.1083,48.8538],[133.1093,48.8525],[133.1109,48.8529],[133.1121,48.8519],[133.1137,48.8517],[133.1142,48.8532],[133.1158,48.8533],[133.1174,48.8529],[133.119,48.8524],[133.1206,48.8528],[133.1222,48.8527],[133.1238,48.8523],[133.1242,48.8513]]}},{"type":"Feature","properties":{"name":null},"geometry":{"type":"LineString","coordinates":[[133.1771,48.8832],[133.1787,48.8829],[133.1807,48.8837],[133.1809,48.8842]]}},{"type":"Feature","properties":{"name":"Bira River"},"geometry":{"type":"LineString","coordinates":[[132.8193,48.8409],[132.8212,48.8398],[132.8243,48.8392],[132.8271,48.839],[132.8295,48.8378]]}},{"type":"Feature","properties":{"name":"Забеловка"},"geometry":{"type":"LineString","coordinates":[[133.8714,48.484],[133.8955,48.4745],[133.905,48.4473],[133.9189,48.4164],[133.9464,48.3799],[133.9562,48.3754],[133.9583,48.3753],[133.9643,48.3735],[133.9698,48.3726],[133.9771,48.3737],[133.9899,48.3809],[134.0217,48.3847],[134.0363,48.3884],[134.0639,48.3781],[134.0721,48.3834],[134.1024,48.39],[134.1038,48.389],[134.1056,48.3885],[134.1074,48.3886],[134.1061,48.3873],[134.1076,48.3863],[134.1098,48.386],[134.1117,48.3857],[134.1133,48.3859],[134.1152,48.3863],[134.1169,48.3866],[134.1182,48.3881],[134.1199,48.3879],[134.1215,48.3874],[134.1207,48.3889],[134.1221,48.39],[134.1236,48.3894],[134.1236,48.3878],[134.1255,48.3877],[134.1274,48.3881],[134.1295,48.3884],[134.131,48.3893],[134.1326,48.39],[134.1344,48.3891],[134.1348,48.3909],[134.1366,48.391],[134.1371,48.3894],[134.136,48.3875],[134.1371,48.3862],[134.1386,48.3855],[134.1402,48.386],[134.1419,48.3849],[134.1438,48.3853],[134.1436,48.3869],[134.1446,48.3883],[134.1462,48.3884],[134.1478,48.3879],[134.1499,48.3887],[134.1512,48.39],[134.153,48.3909],[134.1547,48.3903],[134.1563,48.3896],[134.1574,48.391],[134.1575,48.3929],[134.1563,48.3943],[134.1544,48.3945],[134.1522,48.3945],[134.1509,48.3956],[134.1526,48.3969],[134.1545,48.3973],[134.1562,48.397],[134.1576,48.3959],[134.1599,48.3957],[134.1623,48.3978],[134.1631,48.3999],[134.1657,48.4005],[134.1669,48.402],[134.1659,48.4037],[134.166,48.4046]]}},{"type":"Feature","properties":{"name":"Xi River"},"geometry":{"type":"LineString","coordinates":[[133.923,48.0512],[133.9252,48.0502],[133.9265,48.0513],[133.9281,48.0509],[133.9306,48.0521],[133.9321,48.0528],[133.9353,48.0531],[133.9385,48.0536],[133.9408,48.0535],[133.9426,48.0532],[133.9447,48.0538],[133.9466,48.0575],[133.9485,48.0577],[133.9504,48.0559],[133.9523,48.0551],[133.9541,48.055],[133.9536,48.0534],[133.9548,48.0521],[133.9565,48.052],[133.9581,48.0531],[133.96,48.0522],[133.9591,48.0502],[133.9606,48.0491],[133.9636,48.0483],[133.9657,48.0485],[133.9668,48.0501],[133.9663,48.0521],[133.9647,48.0533],[133.9632,48.0544],[133.9652,48.0558],[133.9648,48.0577],[133.9658,48.059],[133.9673,48.0598],[133.9664,48.0615],[133.9646,48.0609],[133.9637,48.0622],[133.9675,48.0637],[133.9658,48.0647],[133.9638,48.0649],[133.9619,48.0665],[133.9608,48.0678],[133.9611,48.0697],[133.9626,48.0708],[133.964,48.072],[133.9655,48.0711],[133.9673,48.0713],[133.9691,48.0715],[133.9712,48.0727],[133.9729,48.0732],[133.9753,48.0729],[133.977,48.0739],[133.9771,48.0755],[133.9788,48.0762],[133.9792,48.0744],[133.9818,48.074],[133.9819,48.0759],[133.9807,48.0773],[133.9821,48.0783],[133.9839,48.0778],[133.9836,48.0761],[133.9852,48.0757],[133.9873,48.076],[133.9889,48.077],[133.9893,48.0748],[133.9909,48.0738],[133.9896,48.0725],[133.9917,48.0711],[133.9936,48.0719],[133.9958,48.0715],[133.9985,48.0716],[134.0003,48.0722],[134.0019,48.0711],[134.0046,48.0694],[134.0047,48.0675],[134.0064,48.0678],[134.0084,48.0675],[134.0113,48.0701],[134.0131,48.0716],[134.015,48.0726],[134.0165,48.0716],[134.0169,48.0733],[134.0176,48.0736]]}},{"type":"Feature","properties":{"name":null},"geometry":{"type":"LineString","coordinates":[[133.3584,48.0991],[133.3543,48.0883],[133.3473,48.0852],[133.325,48.077],[133.3199,48.0712],[133.3187,48.0699],[133.3147,48.0657],[133.3091,48.0602],[133.3104,48.0548],[133.3131,48.0519],[133.3157,48.0493],[133.3163,48.0467],[133.3166,48.0443],[133.3167,48.0423],[133.3166,48.0406],[133.3167,48.0372],[133.3211,48.0362],[133.326,48.0354],[133.3349,48.034],[133.3421,48.0329],[133.3433,48.0306],[133.3433,48.0305]]}},{"type":"Feature","properties":{"name":"Bira"},"geometry":{"type":"LineString","coordinates":[[132.9394,48.7222],[132.9382,48.721]]}},{"type":"Feature","properties":{"name":"Bira"},"geometry":{"type":"LineString","coordinates":[[132.9382,48.721],[132.9383,48.7191],[132.9368,48.7171],[132.935,48.7166],[132.9323,48.7186],[132.9304,48.7194],[132.9281,48.7193],[132.9266,48.7177],[132.9264,48.7156],[132.9278,48.7137],[132.9303,48.7132],[132.9288,48.7111],[132.9299,48.7089],[132.9305,48.7062],[132.9295,48.7034],[132.9297,48.7013]]}},{"type":"Feature","properties":{"name":"Щукинка 1-я"},"geometry":{"type":"LineString","coordinates":[[132.8836,48.7282],[132.8852,48.7271],[132.8874,48.7276],[132.8883,48.7259],[132.8882,48.7241],[132.8897,48.7218],[132.8919,48.7212],[132.8937,48.7204],[132.8955,48.7197],[132.8956,48.718],[132.8969,48.7163],[132.8959,48.7149],[132.8942,48.715],[132.8957,48.714],[132.8977,48.7132],[132.8996,48.7118],[132.8997,48.7102],[132.9017,48.7094],[132.9007,48.7079],[132.9013,48.7061],[132.9024,48.7047],[132.9039,48.7054],[132.9049,48.7068],[132.9064,48.7061],[132.905,48.7051],[132.9069,48.7052],[132.9087,48.705],[132.9103,48.7054],[132.9124,48.7076],[132.9139,48.7086],[132.9155,48.7091],[132.9173,48.7088],[132.9163,48.7074],[132.9166,48.7057],[132.9174,48.7043],[132.9184,48.703],[132.9196,48.7017],[132.92,48.7001],[132.9221,48.6988],[132.9243,48.6981],[132.9266,48.6985],[132.9281,48.6994],[132.9284,48.701],[132.9297,48.7013]]}},{"type":"Feature","properties":{"name":"Ларга-Озёрная"},"geometry":{"type":"LineString","coordinates":[[132.8178,48.2807],[132.8197,48.28],[132.8215,48.28],[132.8237,48.2785],[132.8255,48.2781],[132.8269,48.2769],[132.829,48.2771],[132.8316,48.2769],[132.8341,48.2762],[132.8364,48.2751],[132.8383,48.2762],[132.8406,48.2767],[132.8422,48.2761],[132.8437,48.2753],[132.8455,48.2768],[132.8469,48.2776],[132.8486,48.2789],[132.8497,48.2802],[132.8512,48.2809],[132.8511,48.2827],[132.8522,48.2841],[132.854,48.2848],[132.8557,48.2838],[132.8559,48.2856],[132.8578,48.2866],[132.8578,48.2883],[132.8596,48.2882],[132.8611,48.289],[132.8623,48.2902],[132.864,48.2908],[132.8658,48.2922],[132.8678,48.2918],[132.869,48.2933],[132.8697,48.2953],[132.8713,48.2964],[132.8725,48.2976],[132.8706,48.2972],[132.8718,48.2984],[132.8733,48.2992],[132.8746,48.3004],[132.8765,48.301],[132.8766,48.3028],[132.8786,48.3031],[132.8771,48.3044],[132.8754,48.3043],[132.8747,48.3061],[132.8769,48.3066],[132.8783,48.3081],[132.8796,48.3094],[132.8812,48.3104],[132.8837,48.31],[132.8849,48.3089],[132.8864,48.3102],[132.888,48.3111],[132.8877,48.309],[132.8894,48.3086],[132.8899,48.3105],[132.8915,48.3118],[132.8929,48.311],[132.8938,48.3105]]}},{"type":"Feature","properties":{"name":"Amur"},"geometry":{"type":"LineString","coordinates":[[132.3436,47.7578],[132.3537,47.7557],[132.361,47.7542],[132.3844,47.7507],[132.3969,47.7461],[132.4014,47.7423],[132.4089,47.7359],[132.4134,47.7345],[132.428,47.7302],[132.4366,47.7302],[132.4606,47.7302],[132.474,47.7214],[132.4825,47.717],[132.4848,47.7158],[132.4901,47.7145],[132.4958,47.714],[132.5,47.7139],[132.5053,47.7145],[132.5107,47.7147]]}},{"type":"Feature","properties":{"name":null},"geometry":{"type":"LineString","coordinates":[[132.4704,47.6989],[132.4719,47.6979],[132.4735,47.6971],[132.4755,47.6965],[132.4801,47.6957],[132.4827,47.6955],[132.4847,47.6955],[132.4866,47.6953],[132.491,47.6939],[132.4926,47.6936],[132.4946,47.6935],[132.4997,47.6936],[132.5098,47.6938]]}},{"type":"Feature","properties":{"name":null},"geometry":{"type":"LineString","coordinates":[[132.5566,47.7173],[132.5636,47.7265],[132.5652,47.7282],[132.5679,47.73],[132.5693,47.731],[132.5755,47.7381],[132.577,47.7395],[132.579,47.7411],[132.5839,47.7442],[132.5908,47.7467],[132.593,47.7476],[132.5964,47.7497],[132.6023,47.7539]]}},{"type":"Feature","properties":{"name":null},"geometry":{"type":"LineString","coordinates":[[132.4439,47.8003],[132.445,47.802],[132.4455,47.8036],[132.4466,47.8053],[132.4477,47.8069],[132.4483,47.8084],[132.4494,47.8098]]}},{"type":"Feature","properties":{"name":null},"geometry":{"type":"LineString","coordinates":[[132.6003,47.8118],[132.5979,47.822],[132.5977,47.8238],[132.5976,47.8266],[132.5967,47.8292],[132.5948,47.833],[132.5924,47.8359],[132.5918,47.8381],[132.5929,47.8403],[132.5942,47.8419],[132.5972,47.8482],[132.5984,47.8499],[132.6001,47.8516],[132.6015,47.8524],[132.6044,47.8533],[132.6064,47.8537],[132.6087,47.854],[132.6133,47.854],[132.6152,47.8541],[132.6184,47.8549],[132.6211,47.8559],[132.6234,47.8566],[132.6307,47.8571]]}},{"type":"Feature","properties":{"name":null},"geometry":{"type":"LineString","coordinates":[[132.4577,47.7148],[132.4603,47.7135],[132.4625,47.712],[132.464,47.7114],[132.4669,47.7111],[132.4691,47.7103],[132.4709,47.709],[132.473,47.7084],[132.4744,47.7075],[132.4735,47.706],[132.4711,47.7052],[132.4701,47.7039],[132.4709,47.7024],[132.4714,47.7006],[132.4704,47.6989]]}},{"type":"Feature","properties":{"name":null},"geometry":{"type":"LineString","coordinates":[[132.6019,47.7578],[132.6106,47.7636],[132.6144,47.767],[132.617,47.7694],[132.6191,47.7715],[132.6263,47.7781],[132.6292,47.7801],[132.6347,47.783],[132.6361,47.784],[132.6372,47.7858],[132.6371,47.7882],[132.6369,47.7905],[132.6377,47.7924],[132.6401,47.7939],[132.6442,47.7958],[132.6468,47.7968],[132.649,47.7975],[132.6514,47.7981],[132.6554,47.7991],[132.66,47.7999],[132.6633,47.8007],[132.6652,47.8015],[132.6688,47.8046],[132.6713,47.8067],[132.6738,47.8091],[132.6756,47.8115],[132.6773,47.8142],[132.6801,47.8199],[132.6829,47.8249],[132.6829,47.828],[132.6811,47.8304],[132.6788,47.8315],[132.6747,47.8337],[132.6734,47.8346],[132.6688,47.838],[132.6675,47.8395],[132.6663,47.8411],[132.6631,47.8467],[132.6576,47.8564]]}},{"type":"Feature","properties":{"name":null},"geometry":{"type":"LineString","coordinates":[[132.4444,47.6715],[132.4392,47.6738],[132.4377,47.6752],[132.436,47.6775],[132.4356,47.68],[132.4363,47.6819],[132.4406,47.6858],[132.4416,47.6871],[132.4429,47.6916],[132.4438,47.6951],[132.4465,47.6991],[132.4491,47.7038],[132.4504,47.7056],[132.4521,47.707],[132.4547,47.7079],[132.4572,47.7081],[132.4593,47.7079],[132.4612,47.707],[132.4625,47.7048],[132.4634,47.7025],[132.4643,47.701],[132.4666,47.6997],[132.4684,47.6993],[132.4704,47.6989]]}},{"type":"Feature","properties":{"name":null},"geometry":{"type":"LineString","coordinates":[[132.3537,47.7557],[132.3601,47.7583],[132.3617,47.7587],[132.3642,47.759],[132.3688,47.7591],[132.3713,47.7585],[132.3733,47.7578],[132.3751,47.757],[132.377,47.756],[132.379,47.7554],[132.3807,47.7551],[132.3824,47.7553],[132.3841,47.7562],[132.3857,47.7565],[132.3877,47.7565],[132.3897,47.7565],[132.392,47.7565],[132.3938,47.7562],[132.395,47.7548],[132.3965,47.7527],[132.3978,47.7512],[132.3992,47.7504],[132.4018,47.7494],[132.4049,47.7487],[132.4079,47.7483],[132.4102,47.7485],[132.4116,47.7489]]}},{"type":"Feature","properties":{"name":null},"geometry":{"type":"LineString","coordinates":[[132.5736,47.792],[132.5789,47.7916],[132.5821,47.7915],[132.5854,47.792],[132.5928,47.7932]]}},{"type":"Feature","properties":{"name":null},"geometry":{"type":"LineString","coordinates":[[132.4461,47.7219],[132.4471,47.7202],[132.4491,47.7185],[132.4508,47.7176],[132.4533,47.7165],[132.4577,47.7148]]}},{"type":"Feature","properties":{"name":null},"geometry":{"type":"LineString","coordinates":[[132.3601,47.7752],[132.3727,47.7727],[132.3771,47.7724],[132.3821,47.7724],[132.3852,47.7727],[132.3882,47.7733],[132.391,47.7744],[132.3979,47.7782],[132.4085,47.7827],[132.4227,47.7886],[132.4258,47.7892],[132.4294,47.7893],[132.4335,47.789],[132.4396,47.7878],[132.442,47.7868],[132.4438,47.7855],[132.4454,47.784],[132.4488,47.78],[132.454,47.7726],[132.4571,47.7685],[132.4586,47.7672],[132.461,47.7658],[132.4641,47.7648],[132.4669,47.7642],[132.4705,47.7638],[132.4736,47.7641],[132.4773,47.765],[132.4798,47.7662],[132.4821,47.7674],[132.485,47.7691],[132.4883,47.7717],[132.4937,47.7753],[132.4956,47.7761],[132.4979,47.7765],[132.5005,47.7765],[132.5029,47.7762],[132.5054,47.7754],[132.5071,47.7744],[132.5085,47.7727],[132.5113,47.7666],[132.5125,47.7641],[132.5139,47.7626],[132.516,47.7612],[132.5189,47.7598],[132.5215,47.759],[132.5243,47.7584],[132.5277,47.7581],[132.5308,47.7583],[132.5339,47.7589],[132.5375,47.76],[132.5408,47.7618],[132.5429,47.7634],[132.5478,47.7674],[132.5543,47.7715],[132.5573,47.7794]]}},{"type":"Feature","properties":{"name":null},"geometry":{"type":"LineString","coordinates":[[132.2776,47.7201],[132.2821,47.7186],[132.2863,47.7181],[132.2907,47.7182],[132.2937,47.7186],[132.2961,47.7195],[132.2977,47.7206],[132.2996,47.7211],[132.3018,47.72],[132.3035,47.7185],[132.3052,47.715],[132.3057,47.7128],[132.3064,47.7112],[132.3077,47.7085],[132.3095,47.7054],[132.3113,47.7025],[132.3128,47.7009],[132.3146,47.6999],[132.3168,47.6991],[132.3195,47.6985],[132.3241,47.6976],[132.3294,47.6966],[132.3357,47.695],[132.3449,47.6929],[132.3504,47.6922],[132.3548,47.6921],[132.3577,47.6924],[132.3607,47.6938],[132.3625,47.6955],[132.3631,47.6971],[132.3629,47.6994],[132.3622,47.7017],[132.3606,47.7041],[132.3592,47.7062],[132.3564,47.7094],[132.354,47.7129],[132.3516,47.7161],[132.3505,47.7191],[132.3502,47.7217],[132.351,47.7247],[132.3526,47.7276],[132.3548,47.7307],[132.3577,47.7326],[132.3616,47.7338],[132.3683,47.7353],[132.3707,47.7353],[132.3741,47.7348],[132.3786,47.7331],[132.3853,47.73],[132.3879,47.7292],[132.3911,47.7286],[132.3941,47.7286],[132.3973,47.7291],[132.3994,47.7298],[132.4027,47.7309],[132.406,47.7323],[132.4134,47.7345]]}},{"type":"Feature","properties":{"name":null},"geometry":{"type":"LineString","coordinates":[[132.4577,47.7148],[132.4594,47.716],[132.4627,47.7164],[132.4684,47.7161],[132.4723,47.716],[132.4755,47.7161],[132.4791,47.7164],[132.4825,47.717]]}},{"type":"Feature","properties":{"name":null},"geometry":{"type":"LineString","coordinates":[[132.5543,47.7715],[132.562,47.7734],[132.5661,47.7743],[132.57,47.7756],[132.574,47.777],[132.5776,47.7785],[132.5898,47.7843]]}},{"type":"Feature","properties":{"name":null},"geometry":{"type":"LineString","coordinates":[[132.4249,47.8176],[132.4243,47.8193],[132.4257,47.8203],[132.4277,47.8195],[132.428,47.8178],[132.4303,47.816],[132.4327,47.815],[132.4347,47.8139],[132.4367,47.8137],[132.4365,47.812],[132.4376,47.8096],[132.4386,47.8073],[132.4399,47.8061],[132.4416,47.806],[132.4431,47.8066],[132.4435,47.8085],[132.4448,47.8097],[132.4472,47.8098],[132.4494,47.8098]]}},{"type":"Feature","properties":{"name":null},"geometry":{"type":"LineString","coordinates":[[132.4014,47.7423],[132.4107,47.7429],[132.4124,47.7429],[132.4141,47.7426],[132.4162,47.7421],[132.4186,47.7412],[132.4278,47.7376],[132.4302,47.7363],[132.4317,47.7353],[132.4338,47.7335],[132.4366,47.7302]]}},{"type":"Feature","properties":{"name":null},"geometry":{"type":"LineString","coordinates":[[132.4227,47.7886],[132.4223,47.7904],[132.4227,47.7921],[132.4257,47.7952],[132.4277,47.7971],[132.4297,47.7983],[132.4338,47.7994],[132.4385,47.8004]]}},{"type":"Feature","properties":{"name":null},"geometry":{"type":"LineString","coordinates":[[132.4825,47.717],[132.4825,47.7128],[132.4838,47.7102],[132.4859,47.7085],[132.4885,47.7069],[132.4919,47.7055],[132.5002,47.7029],[132.5033,47.7022],[132.5066,47.7016],[132.5097,47.7016],[132.5177,47.7027]]}},{"type":"Feature","properties":{"name":null},"geometry":{"type":"LineString","coordinates":[[132.428,47.7302],[132.4369,47.7266],[132.4461,47.7219],[132.449,47.7216],[132.4524,47.7216],[132.4562,47.7217],[132.4631,47.7224],[132.4659,47.7225],[132.4691,47.7223],[132.474,47.7214]]}},{"type":"Feature","properties":{"name":null},"geometry":{"type":"LineString","coordinates":[[132.4124,47.7429],[132.4141,47.7448],[132.4139,47.7466],[132.4126,47.7479],[132.4116,47.7489]]}},{"type":"Feature","properties":{"name":null},"geometry":{"type":"LineString","coordinates":[[132.3601,47.7752],[132.363,47.7764],[132.3654,47.7775],[132.3669,47.7786],[132.3685,47.7806],[132.3689,47.7836],[132.3681,47.7872],[132.368,47.7895],[132.3694,47.792],[132.3719,47.7946],[132.3748,47.7965],[132.3765,47.7971],[132.3782,47.7975],[132.38,47.7977],[132.3828,47.7975],[132.3881,47.796],[132.3898,47.7958],[132.3917,47.7957],[132.3937,47.7958],[132.3968,47.7967],[132.3988,47.7982],[132.4,47.8001],[132.4012,47.8014],[132.4073,47.805],[132.4087,47.806],[132.41,47.8071],[132.4116,47.8104],[132.4123,47.8128],[132.4134,47.8156],[132.4161,47.8178],[132.4187,47.8186],[132.4215,47.8185],[132.4234,47.8181],[132.4249,47.8176],[132.427,47.816],[132.4281,47.8146],[132.4293,47.8113],[132.4296,47.8089],[132.4314,47.805],[132.4335,47.8026],[132.4356,47.8013],[132.4373,47.8006],[132.4439,47.8003],[132.4458,47.8004],[132.4476,47.8007],[132.4496,47.8012],[132.4511,47.8019],[132.4534,47.8034],[132.4553,47.8042],[132.4625,47.8042],[132.4648,47.8044],[132.4673,47.8051],[132.4697,47.8061],[132.4737,47.8084],[132.4778,47.8098],[132.4799,47.8103],[132.4815,47.8109],[132.4853,47.814],[132.4868,47.8148],[132.4885,47.8155],[132.4903,47.816],[132.4922,47.8164],[132.494,47.8167],[132.4961,47.8167],[132.4992,47.8165],[132.5017,47.8162],[132.5038,47.8157],[132.5062,47.8143],[132.5076,47.8129],[132.5156,47.8032],[132.5184,47.8014],[132.5204,47.8005],[132.5268,47.7976],[132.5287,47.7959],[132.5293,47.7937],[132.5287,47.7901],[132.5287,47.788],[132.5297,47.786],[132.531,47.7849],[132.5358,47.7821],[132.538,47.781],[132.5414,47.7798],[132.544,47.7793],[132.5474,47.7791],[132.5511,47.779],[132.5573,47.7794]]}},{"type":"Feature","properties":{"name":null},"geometry":{"type":"LineString","coordinates":[[132.5573,47.7794],[132.5628,47.7848],[132.5661,47.7874],[132.5698,47.7896],[132.5736,47.792],[132.5814,47.8013],[132.5841,47.804],[132.5859,47.8057],[132.5882,47.8071],[132.5909,47.8081],[132.5954,47.8098],[132.6003,47.8118]]}},{"type":"Feature","properties":{"name":null},"geometry":{"type":"LineString","coordinates":[[132.5948,47.833],[132.5964,47.8342],[132.5971,47.8358],[132.5977,47.8376],[132.5985,47.8428],[132.5986,47.8446],[132.5991,47.8465],[132.5984,47.8499]]}},{"type":"Feature","properties":{"name":null},"geometry":{"type":"LineString","coordinates":[[132.6249,47.8332],[132.6279,47.8468],[132.6292,47.8512],[132.6307,47.8571],[132.6374,47.862],[132.6412,47.8649],[132.6457,47.8695],[132.6519,47.8765],[132.662,47.8879],[132.6734,47.9025]]}},{"type":"Feature","properties":{"name":null},"geometry":{"type":"LineString","coordinates":[[132.5265,47.7137],[132.5351,47.7206],[132.5369,47.7211],[132.539,47.7228],[132.54,47.7249],[132.541,47.7262],[132.543,47.7275],[132.5447,47.7283],[132.5462,47.7289],[132.5476,47.7305],[132.5485,47.7319],[132.549,47.7337],[132.5488,47.7354],[132.5474,47.7362],[132.5468,47.738],[132.5481,47.7397],[132.5498,47.7404],[132.5515,47.7404],[132.5534,47.7405],[132.5551,47.7405],[132.5568,47.7403],[132.5584,47.7406],[132.5598,47.7415],[132.5598,47.7433],[132.561,47.745],[132.562,47.7464],[132.5629,47.7477],[132.5633,47.7496],[132.5648,47.7513],[132.5662,47.7521],[132.568,47.7528],[132.5704,47.7534],[132.5718,47.7538]]}},{"type":"Feature","properties":{"name":null},"geometry":{"type":"LineString","coordinates":[[132.4116,47.7489],[132.4139,47.7503],[132.4159,47.7512],[132.4176,47.7518],[132.4192,47.7523],[132.421,47.7527],[132.4233,47.753],[132.4261,47.7527],[132.4283,47.7518],[132.4298,47.751],[132.4324,47.7499],[132.4341,47.7495],[132.4384,47.7484],[132.4403,47.7481],[132.4419,47.748],[132.4448,47.7484],[132.4476,47.7494],[132.4506,47.7505],[132.4521,47.7514],[132.4541,47.7531],[132.4556,47.7539],[132.4582,47.7544],[132.4599,47.7545],[132.462,47.7543],[132.4645,47.7531],[132.4673,47.7496],[132.4687,47.7472],[132.4695,47.7451],[132.4698,47.7428],[132.4702,47.7377],[132.4712,47.7355],[132.4726,47.7341],[132.4743,47.7332],[132.4766,47.7327],[132.4792,47.7324],[132.4835,47.7321],[132.4858,47.7321],[132.4885,47.7326],[132.4913,47.7336],[132.4935,47.7349],[132.4957,47.7372],[132.4972,47.7399],[132.4986,47.7431],[132.4992,47.7459],[132.4992,47.7482],[132.4978,47.7504],[132.4958,47.7517],[132.4922,47.7531],[132.491,47.7543],[132.4905,47.7559],[132.4915,47.7577],[132.4936,47.7587],[132.4957,47.7589],[132.4979,47.7588],[132.5024,47.7583],[132.5048,47.7577],[132.5075,47.7567],[132.509,47.7558],[132.5113,47.7539],[132.5127,47.7523],[132.5136,47.7508],[132.5147,47.7481],[132.5167,47.7436],[132.5177,47.7422],[132.5233,47.7383],[132.5251,47.7375],[132.5271,47.7372],[132.5335,47.7375],[132.5358,47.7378],[132.5376,47.7382],[132.5406,47.7396],[132.5419,47.7407],[132.5433,47.7433],[132.544,47.7456],[132.545,47.7481],[132.5457,47.7505],[132.5469,47.7536],[132.5485,47.7558],[132.5505,47.7571],[132.5527,47.7579],[132.5552,47.7584],[132.5581,47.7585],[132.5608,47.7582],[132.5631,47.7575],[132.5691,47.7546],[132.571,47.754],[132.5727,47.7536],[132.5749,47.7534],[132.5772,47.7536],[132.5794,47.7542],[132.5816,47.7557],[132.5829,47.7571],[132.5839,47.7591],[132.5846,47.7615],[132.5855,47.7646],[132.5901,47.7716]]}},{"type":"Feature","properties":{"name":null},"geometry":{"type":"LineString","coordinates":[[132.4494,47.8098],[132.4518,47.8101],[132.4534,47.8102],[132.4554,47.8101],[132.4571,47.8097],[132.4602,47.8081],[132.4628,47.8065],[132.4644,47.8056],[132.4659,47.8046]]}},{"type":"Feature","properties":{"name":"Amur"},"geometry":{"type":"LineString","coordinates":[[133.9522,48.272],[133.9629,48.2617],[133.9678,48.2592],[133.9719,48.2584],[133.9831,48.2577],[133.9956,48.2577],[133.999,48.2581],[134.0026,48.2591],[134.0048,48.26],[134.0062,48.261],[134.0086,48.264],[134.0122,48.2677],[134.0155,48.2737],[134.0169,48.2784],[134.0169,48.2803],[134.0148,48.286]]}},{"type":"Feature","properties":{"name":"莲花河"},"geometry":{"type":"LineString","coordinates":[[132.7228,47.76],[132.725,47.7619],[132.7284,47.7628],[132.7324,47.764],[132.7394,47.7694],[132.7447,47.77],[132.7463,47.7707],[132.7518,47.7698],[132.7544,47.767],[132.7567,47.7661],[132.7615,47.7663],[132.7636,47.7668],[132.7665,47.77],[132.7695,47.7705],[132.7714,47.7704],[132.7744,47.7738],[132.7751,47.7766],[132.7749,47.7809],[132.7778,47.7822],[132.7798,47.7824],[132.7817,47.7819],[132.7838,47.7804],[132.7863,47.7805],[132.7882,47.7818],[132.7888,47.7842],[132.7874,47.7858],[132.7855,47.787],[132.7827,47.7872],[132.7814,47.7882],[132.78,47.7864],[132.7781,47.7857],[132.7715,47.7877],[132.7732,47.7905],[132.7752,47.7911],[132.7767,47.792],[132.7783,47.7909],[132.7784,47.7926],[132.776,47.7939],[132.7757,47.7955],[132.7777,47.7954],[132.7796,47.7951],[132.7812,47.7955],[132.7822,47.7939],[132.7857,47.7925],[132.7871,47.7912],[132.7891,47.7898],[132.7908,47.7876],[132.7905,47.7852],[132.792,47.7839],[132.7943,47.7841],[132.7972,47.7869],[132.7992,47.7876],[132.8014,47.7875],[132.8037,47.788],[132.804,47.7899],[132.8049,47.7923],[132.807,47.7937],[132.8038,47.7971],[132.8038,47.7996],[132.8058,47.8008],[132.8073,47.8015],[132.8085,47.8033],[132.8074,47.8049],[132.8037,47.8053],[132.8006,47.8062],[132.7986,47.8064],[132.7968,47.8075],[132.7952,47.8069],[132.7923,47.807],[132.7882,47.8042],[132.7859,47.8032],[132.7841,47.8023],[132.782,47.802],[132.78,47.8025],[132.7771,47.8053],[132.7726,47.8079],[132.7708,47.8085],[132.7667,47.8082],[132.7649,47.8088],[132.7638,47.8117],[132.7636,47.8135],[132.7645,47.8154],[132.7683,47.8198],[132.7754,47.8218],[132.7785,47.8231],[132.7795,47.826],[132.7802,47.8281],[132.7819,47.8295],[132.7836,47.8301],[132.7853,47.8303],[132.787,47.8307],[132.7877,47.8321],[132.7878,47.8343],[132.7865,47.8368],[132.7869,47.8384],[132.789,47.8395],[132.791,47.8402],[132.7939,47.8404],[132.7957,47.8402],[132.7981,47.8396],[132.7999,47.8388],[132.8016,47.8379],[132.8033,47.8381],[132.8047,47.8392],[132.8063,47.84],[132.8078,47.8407],[132.8093,47.8413],[132.8104,47.8425],[132.8111,47.8441],[132.8123,47.8454],[132.8142,47.8462],[132.8152,47.8478],[132.816,47.8496],[132.8167,47.8511],[132.8172,47.8529],[132.8195,47.853],[132.8221,47.8531],[132.8238,47.8541],[132.8252,47.8555],[132.825,47.8574],[132.8266,47.8585],[132.8287,47.8588],[132.8307,47.8583],[132.833,47.8583],[132.8344,47.8595],[132.8342,47.8611],[132.8351,47.8628],[132.835,47.8646],[132.8337,47.8656],[132.8353,47.8662],[132.8356,47.8679],[132.8379,47.8714],[132.8397,47.8747],[132.8387,47.8766],[132.8372,47.8776],[132.8356,47.8785],[132.8348,47.88],[132.8334,47.8836],[132.8331,47.8866],[132.8326,47.8892],[132.8333,47.8916],[132.8336,47.894],[132.8336,47.8961],[132.8324,47.9014],[132.8322,47.9066],[132.8323,47.9103],[132.8336,47.9134],[132.8351,47.9163],[132.8362,47.9186],[132.8381,47.9212],[132.8407,47.9242],[132.8412,47.9264],[132.841,47.9283],[132.8385,47.9309],[132.8362,47.9326],[132.834,47.9333],[132.8325,47.9343],[132.8308,47.9368],[132.8257,47.9384],[132.8199,47.9399]]}},{"type":"Feature","properties":{"name":"Amur"},"geometry":{"type":"LineString","coordinates":[[133.8505,48.253],[133.8501,48.2552],[133.85,48.2578],[133.8511,48.2592],[133.8528,48.2605],[133.8564,48.2644],[133.8597,48.2679],[133.8618,48.2706],[133.8627,48.2724],[133.8636,48.2742],[133.8656,48.276],[133.8776,48.2831]]}},{"type":"Feature","properties":{"name":"Amur"},"geometry":{"type":"LineString","coordinates":[[133.8223,48.2435],[133.8325,48.2433],[133.8359,48.2438],[133.8397,48.2451],[133.8436,48.2473],[133.8477,48.2505],[133.8505,48.253],[133.8535,48.2557],[133.8575,48.2587],[133.8608,48.2602],[133.8637,48.2613],[133.8652,48.2621],[133.8707,48.2656]]}},{"type":"Feature","properties":{"name":"Amur"},"geometry":{"type":"LineString","coordinates":[[133.7978,48.26],[133.8078,48.2537],[133.8223,48.2435],[133.8241,48.2411],[133.8274,48.2387],[133.8313,48.2371],[133.8364,48.2362],[133.8419,48.2361],[133.8462,48.2367],[133.8492,48.2375],[133.8514,48.2386],[133.8539,48.2407],[133.8568,48.2435],[133.8608,48.2476],[133.8627,48.2504],[133.8637,48.2531],[133.8707,48.2656],[133.8721,48.2681],[133.8759,48.2701],[133.8809,48.2711],[133.8894,48.2712],[133.902,48.2703]]}},{"type":"Feature","properties":{"name":"Amur"},"geometry":{"type":"LineString","coordinates":[[133.7206,48.2379],[133.7251,48.2389],[133.7337,48.2439],[133.7405,48.2518]]}},{"type":"Feature","properties":{"name":"Amur"},"geometry":{"type":"LineString","coordinates":[[133.7162,48.2213],[133.7121,48.2234],[133.7087,48.2294],[133.7071,48.2333],[133.7087,48.2359],[133.7113,48.2376],[133.7152,48.2405],[133.7207,48.2416]]}},{"type":"Feature","properties":{"name":"Большой Ин"},"geometry":{"type":"LineString","coordinates":[[133.2234,48.9609],[133.2238,48.9593],[133.2229,48.9574],[133.2211,48.9568],[133.2218,48.9549],[133.2201,48.9545],[133.2188,48.9534],[133.2178,48.9552],[133.2154,48.9549],[133.2137,48.9542],[133.2122,48.9535],[133.2113,48.9519],[133.2101,48.9508],[133.2087,48.9499],[133.207,48.9505],[133.2043,48.9494],[133.2032,48.9481],[133.2052,48.9479],[133.2032,48.9467],[133.205,48.946],[133.2034,48.9452],[133.2025,48.9437],[133.2008,48.9441],[133.2008,48.9419],[133.2008,48.94],[133.1999,48.9418],[133.1983,48.9408],[133.1971,48.9397],[133.1991,48.9393],[133.2,48.9379],[133.198,48.9378],[133.1964,48.9374],[133.1947,48.937],[133.1942,48.9387],[133.1926,48.938],[133.1916,48.9368],[133.1911,48.9351],[133.1893,48.9339],[133.188,48.933],[133.1874,48.9307],[133.1859,48.9295],[133.1841,48.9298],[133.1836,48.9281],[133.1822,48.9272],[133.181,48.9261],[133.1791,48.9261],[133.1809,48.927],[133.1789,48.9278],[133.1784,48.9262],[133.1797,48.925],[133.1785,48.924],[133.1803,48.9232],[133.1821,48.9228],[133.1804,48.9217],[133.1787,48.9213],[133.1768,48.9218],[133.1783,48.9209],[133.1788,48.9193],[133.1775,48.918],[133.1759,48.9182],[133.1757,48.9163],[133.1763,48.9145],[133.1743,48.9141],[133.1732,48.9129],[133.1754,48.9122],[133.1774,48.9127],[133.1794,48.9129],[133.1775,48.9117],[133.1761,48.9108],[133.1748,48.9095],[133.173,48.9102],[133.1732,48.9078],[133.1712,48.9082],[133.1707,48.9064],[133.1702,48.9046],[133.1718,48.9037],[133.172,48.9019],[133.1704,48.9014],[133.1699,48.8999],[133.172,48.8992],[133.1737,48.8998],[133.1753,48.9005],[133.1767,48.899],[133.1783,48.8979],[133.1766,48.897],[133.1777,48.8957],[133.1791,48.8967],[133.1809,48.8968],[133.1791,48.8952],[133.1781,48.8935],[133.179,48.8919],[133.1809,48.8912],[133.1825,48.8906],[133.1818,48.8887],[133.18,48.888],[133.1784,48.8882],[133.1766,48.8886],[133.1747,48.8877],[133.173,48.8885],[133.1713,48.888],[133.1727,48.8865],[133.1744,48.8858],[133.1742,48.884],[133.1758,48.8832],[133.1777,48.8838],[133.1774,48.8854],[133.1789,48.8857],[133.1799,48.8842],[133.1816,48.8847],[133.1836,48.8854],[133.1858,48.8848],[133.1844,48.8839],[133.1829,48.8827],[133.1832,48.8808],[133.1831,48.8791],[133.1846,48.8783],[133.1859,48.8765],[133.1874,48.8756],[133.189,48.8753],[133.1876,48.8743],[133.1856,48.8743],[133.1832,48.8736],[133.1813,48.8736],[133.1815,48.8716],[133.1836,48.8715],[133.1837,48.8697],[133.1821,48.869],[133.1799,48.8683],[133.1779,48.8689],[133.1762,48.8685],[133.1773,48.8672],[133.1793,48.8671],[133.1807,48.8656],[133.1797,48.864],[133.1777,48.8632],[133.1779,48.8616],[133.1761,48.8615],[133.1753,48.863],[133.1737,48.8613],[133.1717,48.8603],[133.1704,48.8589],[133.1718,48.8571],[133.1742,48.8565],[133.1762,48.8554],[133.1778,48.856],[133.1796,48.8561],[133.1816,48.8556],[133.1802,48.8541],[133.1785,48.8532],[133.1764,48.8531],[133.1747,48.8532],[133.1722,48.8533],[133.1705,48.8539],[133.1687,48.8544],[133.1696,48.8526],[133.1696,48.8509],[133.171,48.8497],[133.1719,48.8483],[133.1711,48.8469],[133.1723,48.8451],[133.1739,48.8443],[133.1756,48.8437],[133.178,48.8433],[133.1797,48.8426],[133.1797,48.8408],[133.1815,48.8401],[133.1821,48.8383],[133.18,48.8373],[133.1781,48.8381],[133.1785,48.84],[133.1765,48.8408],[133.1748,48.8406],[133.1737,48.842],[133.1719,48.8428],[133.1711,48.8414],[133.1731,48.8399],[133.1745,48.8388],[133.1763,48.8383],[133.1768,48.8365],[133.1747,48.8356],[133.1731,48.8356],[133.1714,48.8361],[133.1697,48.8361],[133.1684,48.835],[133.1668,48.8344],[133.1652,48.8352],[133.1663,48.8336],[133.1679,48.8336],[133.1696,48.8336],[133.17,48.832],[133.1684,48.8314],[133.1665,48.8315],[133.167,48.8299],[133.1672,48.8282],[133.1655,48.8274],[133.1639,48.8267],[133.1648,48.8249],[133.1665,48.825],[133.1682,48.8247],[133.1679,48.8231],[133.1691,48.8242],[133.1693,48.8225],[133.171,48.8222],[133.173,48.8218],[133.1747,48.8218],[133.1735,48.8203],[133.1713,48.8209],[133.17,48.82],[133.1714,48.8191],[133.1697,48.8185],[133.1681,48.8195],[133.1663,48.8187],[133.1662,48.817],[133.1673,48.8157],[133.1665,48.8143],[133.1647,48.8147],[133.1638,48.8161],[133.1621,48.8165],[133.1613,48.8149],[133.163,48.8141],[133.1629,48.8124],[133.1609,48.8124],[133.1592,48.8132],[133.158,48.8121],[133.1574,48.8105],[133.1585,48.8094],[133.1592,48.8078],[133.1584,48.8064]]}},{"type":"Feature","properties":{"name":null},"geometry":{"type":"LineString","coordinates":[[132.8754,47.9971],[132.8815,47.9949],[132.8837,47.9943],[132.8862,47.9946],[132.8885,47.9952],[132.8902,47.9955],[132.893,47.9954],[132.8993,47.9942],[132.9016,47.994],[132.9042,47.9945],[132.9063,47.9956],[132.9073,47.9977],[132.909,47.999],[132.912,47.9996],[132.9139,47.9996],[132.9172,47.9999],[132.9192,47.9998],[132.9209,48.0],[132.9252,48.0001],[132.9285,48.0],[132.9319,47.9996],[132.9335,47.9992],[132.9364,47.9979],[132.9411,47.9947],[132.9427,47.9942],[132.9448,47.9937],[132.947,47.9936],[132.9494,47.9944],[132.9512,47.9951],[132.9556,47.9952],[132.9584,47.995],[132.9607,47.9945],[132.964,47.9937],[132.9664,47.9935],[132.9689,47.9935],[132.9709,47.9941],[132.9754,47.9957],[132.9767,47.9969],[132.9781,47.9993],[132.9825,48.0025],[132.9842,48.0034],[132.9862,48.004],[132.9924,48.0048],[132.9944,48.0052],[132.9959,48.0059],[132.9979,48.0072],[132.9991,48.0085],[132.9995,48.0101],[132.9998,48.0119],[133.0029,48.0162],[133.0045,48.0173],[133.0091,48.0178],[133.0109,48.018],[133.0131,48.0187],[133.0148,48.0195],[133.0172,48.0212],[133.0204,48.0241],[133.0217,48.0256],[133.0236,48.0282],[133.0246,48.0304],[133.0252,48.033],[133.0251,48.0348],[133.0241,48.0377],[133.0231,48.0392],[133.0212,48.0407],[133.0189,48.0419],[133.0153,48.0433],[133.0104,48.0452]]}},{"type":"Feature","properties":{"name":"Глинянка"},"geometry":{"type":"LineString","coordinates":[[133.1242,48.8513],[133.1237,48.8497],[133.1245,48.8483],[133.1261,48.8488],[133.1249,48.8476],[133.1248,48.846],[133.1263,48.8468],[133.1271,48.8453],[133.1286,48.8443],[133.1284,48.8427],[133.1278,48.8412],[133.127,48.8398],[133.1263,48.8384],[133.1262,48.8367],[133.1278,48.8363],[133.1287,48.8347],[133.13,48.8338],[133.1294,48.8324],[133.1308,48.8315],[133.1324,48.8314],[133.1339,48.8303],[133.1355,48.8305],[133.1367,48.8295],[133.1381,48.8303],[133.1396,48.8296],[133.1394,48.8279],[133.138,48.8271],[133.1363,48.8271],[133.1356,48.8256],[133.1372,48.826],[133.138,48.8245],[133.1397,48.8241],[133.139,48.8226],[133.1408,48.8225],[133.1424,48.8226],[133.143,48.8242],[133.1447,48.8244],[133.1447,48.8228],[133.1463,48.8225],[133.1462,48.8209],[133.1456,48.8194],[133.1467,48.8183],[133.1479,48.8172],[133.1487,48.8157],[133.1502,48.8148],[133.1494,48.8133],[133.1508,48.8125],[133.1522,48.8115],[133.1533,48.8103],[133.154,48.8087],[133.1558,48.8083],[133.1573,48.8077],[133.1559,48.8067],[133.1575,48.806],[133.1584,48.8064]]}},{"type":"Feature","properties":{"name":"Глинянка"},"geometry":{"type":"LineString","coordinates":[[133.1486,48.8169],[133.1485,48.8167]]}},{"type":"Feature","properties":{"name":"Глинянка"},"geometry":{"type":"LineString","coordinates":[[133.1287,48.8409],[133.1285,48.8407]]}},{"type":"Feature","properties":{"name":"Глинянка"},"geometry":{"type":"LineString","coordinates":[[133.0676,48.8685],[133.0682,48.8684]]}},{"type":"Feature","properties":{"name":"Грязнушка"},"geometry":{"type":"LineString","coordinates":[[133.1282,48.8504],[133.1267,48.8499],[133.1261,48.8486]]}},{"type":"Feature","properties":{"name":"Зыряк"},"geometry":{"type":"LineString","coordinates":[[132.7513,48.9619],[132.7511,48.9602],[132.7509,48.9584],[132.7505,48.9567],[132.7497,48.9551],[132.7493,48.9534],[132.7481,48.9522],[132.7468,48.9512],[132.7453,48.9502],[132.7446,48.9487],[132.7453,48.9472],[132.7463,48.9458],[132.746,48.9442],[132.7471,48.9429],[132.7485,48.9422],[132.748,48.9406],[132.7489,48.9393],[132.748,48.9379],[132.7477,48.9362],[132.7486,48.9347],[132.7497,48.9335],[132.7506,48.9322],[132.7507,48.9306],[132.7518,48.9291],[132.7532,48.9282],[132.7549,48.9279],[132.7565,48.9273],[132.757,48.9257],[132.7568,48.924],[132.7573,48.9224],[132.757,48.9207],[132.7575,48.9192],[132.7589,48.9184],[132.7576,48.9174],[132.7568,48.9157],[132.7578,48.9143],[132.7583,48.9128],[132.7598,48.912],[132.7609,48.9104],[132.7624,48.9097],[132.7623,48.908],[132.7614,48.9067],[132.761,48.9051],[132.7605,48.9036],[132.761,48.9021],[132.7604,48.9006],[132.7609,48.899],[132.7626,48.8987],[132.7628,48.8971],[132.7644,48.8964],[132.7645,48.8947],[132.7659,48.8935],[132.7679,48.8926],[132.7673,48.891],[132.766,48.8896],[132.7666,48.8879],[132.7691,48.8876],[132.7717,48.8864],[132.773,48.886]]}},{"type":"Feature","properties":{"name":"Бобриха"},"geometry":{"type":"LineString","coordinates":[[132.527,48.2752],[132.5253,48.2762],[132.5236,48.2765],[132.5217,48.2774],[132.5193,48.2782],[132.5169,48.2779],[132.5151,48.279],[132.5112,48.2793],[132.508,48.2808],[132.5073,48.2828],[132.5044,48.2854],[132.5026,48.287],[132.5013,48.2882],[132.4996,48.289],[132.4963,48.29],[132.4954,48.2914],[132.4918,48.2929],[132.49,48.2924],[132.4875,48.2922],[132.4859,48.293],[132.4843,48.293],[132.4826,48.2929],[132.4813,48.2946],[132.4795,48.2946],[132.4777,48.2956],[132.4763,48.2963],[132.4743,48.2957],[132.4723,48.2957],[132.4718,48.2972],[132.4704,48.2982],[132.4693,48.2994],[132.4691,48.301],[132.4675,48.3022],[132.4656,48.3027],[132.4658,48.3044],[132.4654,48.3062],[132.4666,48.3077],[132.4679,48.3093],[132.469,48.3107],[132.4698,48.3123],[132.4687,48.3138],[132.4697,48.3153],[132.4712,48.3162],[132.4707,48.3168]]}},{"type":"Feature","properties":{"name":"Амер"},"geometry":{"type":"LineString","coordinates":[[133.8287,48.8348],[133.8304,48.8343],[133.8321,48.8347],[133.8336,48.8354],[133.8328,48.8338],[133.8349,48.8331],[133.8366,48.8342],[133.8377,48.8356],[133.8393,48.835],[133.8408,48.8343],[133.8408,48.8361],[133.8425,48.837],[133.8444,48.8368],[133.8461,48.8374],[133.8481,48.8367],[133.8499,48.8356],[133.8518,48.8353],[133.8534,48.8339],[133.8552,48.8331],[133.8568,48.8324],[133.8586,48.8332],[133.8603,48.8337],[133.8619,48.8343],[133.8621,48.8321],[133.8615,48.8306],[133.863,48.8293],[133.8647,48.8289],[133.8678,48.8291],[133.8695,48.8296],[133.8712,48.8292],[133.8711,48.8275],[133.8719,48.8256],[133.8734,48.825],[133.8752,48.8252],[133.8776,48.8255],[133.8792,48.8261],[133.8795,48.828],[133.8782,48.829],[133.8798,48.8294],[133.8818,48.8291],[133.8835,48.8282],[133.8849,48.8291],[133.8865,48.8298],[133.8873,48.8313],[133.8888,48.8304],[133.8898,48.8287],[133.8916,48.8284],[133.8928,48.827],[133.8908,48.827],[133.891,48.8251],[133.8924,48.8243],[133.8941,48.8246],[133.8958,48.8249],[133.8975,48.8249],[133.8991,48.8243],[133.9008,48.8243],[133.9024,48.8248],[133.9039,48.8256],[133.9061,48.8247],[133.9079,48.825],[133.9097,48.8269],[133.9102,48.8285],[133.912,48.8296],[133.9138,48.8293],[133.9155,48.829],[133.9172,48.8287],[133.9188,48.829],[133.9181,48.8312],[133.9171,48.8327],[133.9185,48.8345],[133.9192,48.836],[133.9186,48.8375],[133.9192,48.839],[133.9205,48.84],[133.9226,48.8403],[133.9222,48.8423],[133.9234,48.8434],[133.925,48.8435],[133.9268,48.8438],[133.9269,48.8422],[133.9285,48.8428],[133.9294,48.8442],[133.9311,48.8444],[133.9303,48.8426],[133.9319,48.8423],[133.934,48.8438],[133.9361,48.844],[133.9376,48.8423],[133.9394,48.8424],[133.9411,48.8422],[133.9429,48.8424],[133.9446,48.8425],[133.9461,48.8433],[133.9454,48.8448],[133.9473,48.845],[133.9488,48.8457],[133.9511,48.8451],[133.9519,48.8436],[133.9508,48.8422],[133.9513,48.8406],[133.9497,48.8402],[133.9485,48.839],[133.9496,48.8377],[133.9507,48.8362],[133.9523,48.8365],[133.9535,48.8353],[133.9551,48.8358],[133.9571,48.8359],[133.9587,48.8365],[133.9602,48.8372],[133.9597,48.8356],[133.9613,48.8354],[133.962,48.8338],[133.9636,48.8338],[133.9652,48.8328],[133.9669,48.8333],[133.9674,48.8317],[133.9658,48.8307],[133.967,48.8295],[133.9657,48.8283],[133.9665,48.8268],[133.9682,48.8258],[133.9683,48.8242],[133.9699,48.8231],[133.9712,48.8221],[133.9725,48.821],[133.9738,48.8201],[133.9756,48.8203],[133.9773,48.8195],[133.9782,48.8177],[133.98,48.8175],[133.9814,48.8166],[133.9794,48.8155],[133.9786,48.814],[133.9799,48.8126],[133.9818,48.8126],[133.9817,48.8109],[133.9814,48.8092],[133.9819,48.8076],[133.9835,48.8078],[133.9836,48.8062],[133.9855,48.806],[133.9873,48.8058],[133.9887,48.805],[133.99,48.8039],[133.9911,48.8022],[133.9928,48.8023],[133.9943,48.803],[133.9962,48.8024],[133.9971,48.8011],[133.9955,48.8016],[133.9962,48.8001],[133.9984,48.7993],[134.0008,48.798],[134.0025,48.7978],[134.0042,48.7978],[134.0064,48.7978],[134.0083,48.7984],[134.0101,48.7985],[134.0111,48.7973],[134.0097,48.7964],[134.011,48.795],[134.0136,48.7953],[134.0128,48.7967],[134.0145,48.7973],[134.0162,48.7973],[134.0177,48.7977],[134.0194,48.7978],[134.0212,48.7967],[134.0231,48.7976],[134.0235,48.7961],[134.0257,48.796],[134.0263,48.7943],[134.028,48.7934],[134.0267,48.7925],[134.0259,48.7911],[134.0275,48.7904],[134.0293,48.7898],[134.031,48.79],[134.0329,48.7896],[134.0344,48.7902],[134.0328,48.7908],[134.0345,48.7909],[134.0361,48.7906],[134.0379,48.7901],[134.0384,48.7917],[134.0394,48.7902],[134.0409,48.7912],[134.0427,48.7906],[134.0437,48.7892],[134.0435,48.7872],[134.0444,48.7856],[134.0463,48.7854],[134.0481,48.7846],[134.0501,48.7846],[134.0517,48.7836],[134.0534,48.7835],[134.0557,48.7827],[134.0577,48.7825],[134.0594,48.7824],[134.0603,48.7838],[134.0618,48.7831],[134.0614,48.7847],[134.063,48.7854],[134.065,48.7861],[134.0669,48.7851],[134.0685,48.7857],[134.0702,48.786],[134.0685,48.7865],[134.0704,48.7868],[134.0717,48.7878],[134.0736,48.7883],[134.0718,48.7888],[134.0717,48.7905],[134.0736,48.7905],[134.0753,48.7905],[134.0772,48.7903],[134.0787,48.7894],[134.0801,48.7881],[134.0807,48.7864],[134.0821,48.7857],[134.0843,48.7872],[134.0847,48.7857],[134.0865,48.7853],[134.0864,48.7837],[134.087,48.7821],[134.0885,48.7827],[134.0906,48.7831],[134.092,48.784],[134.0936,48.7846],[134.0952,48.7847],[134.0957,48.7863],[134.098,48.7867],[134.0995,48.7861],[134.1006,48.7874],[134.1024,48.787],[134.1045,48.7879],[134.1047,48.7896],[134.106,48.7909],[134.1079,48.7917],[134.1096,48.7919],[134.1107,48.7931],[134.1121,48.7939],[134.1138,48.7941],[134.1155,48.7932],[134.1141,48.7944],[134.1159,48.7947],[134.1168,48.7931],[134.1178,48.7919],[134.1184,48.7934],[134.119,48.7917],[134.1207,48.7915],[134.1218,48.7903],[134.1234,48.7905],[134.1252,48.7913],[134.1266,48.7924],[134.1272,48.794],[134.1289,48.7947],[134.1309,48.7946],[134.1318,48.7959],[134.1334,48.7957],[134.1349,48.7951],[134.1366,48.7951],[134.1384,48.7957],[134.1376,48.7971],[134.1386,48.7984],[134.1368,48.7992],[134.1353,48.8],[134.1344,48.8014],[134.1361,48.8014],[134.1377,48.801],[134.1391,48.8019],[134.1408,48.8028],[134.143,48.8019],[134.1448,48.8025],[134.1464,48.8032],[134.1454,48.8045],[134.1473,48.8048],[134.149,48.8037],[134.1504,48.8049],[134.1516,48.8061],[134.1516,48.8044],[134.1533,48.8037],[134.1549,48.8029],[134.1565,48.8021],[134.1588,48.8024],[134.1605,48.8019],[134.1624,48.8014],[134.164,48.8021],[134.1657,48.8017],[134.1655,48.8035],[134.1642,48.8048],[134.1663,48.8042],[134.1679,48.8044],[134.1695,48.8045],[134.1713,48.8047],[134.1736,48.8057],[134.1756,48.8051],[134.1747,48.8037],[134.1767,48.8026],[134.1786,48.8028],[134.1803,48.8039],[134.182,48.8034],[134.184,48.804],[134.186,48.8026],[134.1885,48.8023],[134.1875,48.8036],[134.1893,48.804],[134.1905,48.8022],[134.1895,48.8004],[134.1909,48.7997]]}},{"type":"Feature","properties":{"name":"Кунктыке"},"geometry":{"type":"LineString","coordinates":[[133.85,48.8992],[133.8516,48.8988],[133.8529,48.8973],[133.8547,48.8978],[133.8562,48.8988],[133.858,48.8984],[133.8586,48.8969],[133.8591,48.8954],[133.8608,48.8953],[133.8614,48.8969],[133.863,48.8965],[133.8646,48.8963],[133.866,48.8972],[133.8674,48.8982],[133.8691,48.8978],[133.8709,48.8982],[133.8725,48.8977],[133.8738,48.8991],[133.8748,48.8977],[133.8759,48.896],[133.8771,48.8947],[133.8781,48.8933],[133.8763,48.8932],[133.8765,48.8915],[133.8778,48.8904],[133.8794,48.8898],[133.8808,48.8886],[133.8787,48.8885],[133.8774,48.8875],[133.8782,48.8861],[133.8798,48.8853],[133.881,48.8841],[133.8799,48.8827],[133.8791,48.8812],[133.8776,48.8803],[133.876,48.8807],[133.8766,48.8792],[133.877,48.8775],[133.8775,48.8759],[133.8767,48.8742],[133.8772,48.8725],[133.8789,48.8717],[133.8805,48.8722],[133.8819,48.8732],[133.8833,48.8723],[133.8844,48.8709],[133.8854,48.8697],[133.8849,48.8681],[133.887,48.8677],[133.8886,48.8669],[133.8901,48.8675],[133.8917,48.8676],[133.8929,48.8662],[133.8945,48.8658],[133.8958,48.8649],[133.8971,48.8638],[133.898,48.8623],[133.8996,48.8616],[133.901,48.8606],[133.9028,48.8602],[133.9044,48.8601],[133.9058,48.8594],[133.9074,48.8588],[133.9078,48.857],[133.9094,48.8571],[133.9111,48.8566],[133.9126,48.8559],[133.9142,48.8556],[133.9158,48.8558],[133.9175,48.8551],[133.9192,48.8548],[133.9208,48.8551],[133.9225,48.8555],[133.9214,48.8541],[133.9231,48.8541],[133.9249,48.8544],[133.9263,48.8535],[133.9278,48.8531],[133.9291,48.852],[133.9289,48.8504],[133.9297,48.8489],[133.9314,48.8495],[133.9331,48.8497],[133.935,48.8499],[133.9368,48.8498],[133.9385,48.8502],[133.9394,48.8488],[133.9413,48.8483],[133.9417,48.8466],[133.9405,48.8455],[133.9417,48.8444],[133.9431,48.8435],[133.9445,48.8444],[133.9461,48.844],[133.9463,48.8439]]}},{"type":"Feature","properties":{"name":"Большой Ушумун"},"geometry":{"type":"LineString","coordinates":[[132.6663,48.5928],[132.666,48.5911],[132.6662,48.5894],[132.6669,48.5879],[132.6681,48.5866],[132.6689,48.5852],[132.6704,48.5845],[132.6698,48.583],[132.6705,48.5813],[132.6717,48.5796],[132.6729,48.5783],[132.6738,48.577],[132.6752,48.5761],[132.6754,48.5752]]}},{"type":"Feature","properties":{"name":"Большой Ушумун"},"geometry":{"type":"LineString","coordinates":[[132.7252,48.5069],[132.7268,48.5065],[132.7284,48.5067],[132.7276,48.5053],[132.7286,48.5039],[132.728,48.5023],[132.7279,48.5005],[132.7272,48.4988],[132.7255,48.4981],[132.7269,48.4969],[132.7287,48.4972],[132.7302,48.4963],[132.7316,48.4976],[132.7325,48.496],[132.7342,48.4958],[132.7336,48.4937],[132.7353,48.493],[132.7354,48.4909],[132.7366,48.4896],[132.738,48.4882],[132.7369,48.4867],[132.7356,48.4844],[132.7364,48.4827],[132.7334,48.4813],[132.7319,48.4803],[132.733,48.4791],[132.7339,48.4775],[132.7344,48.4758],[132.7362,48.4761],[132.7359,48.4744],[132.7343,48.4735],[132.7327,48.4738],[132.7313,48.4748],[132.7297,48.4742],[132.7279,48.4735],[132.7266,48.4722],[132.7249,48.4716],[132.7234,48.4708],[132.7225,48.4692],[132.7221,48.4676],[132.7214,48.4659],[132.7201,48.465],[132.7203,48.4648]]}},{"type":"Feature","properties":{"name":"Большой Ушумун"},"geometry":{"type":"LineString","coordinates":[[132.6754,48.5752],[132.6762,48.5738],[132.6768,48.5722],[132.6784,48.5718],[132.6787,48.5701],[132.68,48.569],[132.6811,48.5677],[132.6823,48.5665],[132.6839,48.5664],[132.6855,48.5659],[132.6867,48.5646],[132.6881,48.5638],[132.6897,48.5629],[132.691,48.562],[132.6929,48.5614],[132.6936,48.5598],[132.6935,48.5582],[132.6949,48.5574],[132.6963,48.5563],[132.6973,48.555],[132.699,48.554],[132.7007,48.5538],[132.7008,48.5534]]}},{"type":"Feature","properties":{"name":"Большой Ушумун"},"geometry":{"type":"LineString","coordinates":[[132.7203,48.4648],[132.7203,48.4631],[132.7196,48.4616],[132.72,48.46],[132.721,48.4587],[132.7222,48.4577],[132.7235,48.4567],[132.7227,48.4553],[132.7208,48.4548],[132.7204,48.4532],[132.7206,48.4515],[132.7209,48.4498],[132.7193,48.4494],[132.7202,48.4479],[132.7196,48.4464],[132.7193,48.4446],[132.7209,48.444],[132.7206,48.4423],[132.7203,48.4413]]}},{"type":"Feature","properties":{"name":"Большой Ушумун"},"geometry":{"type":"LineString","coordinates":[[132.7008,48.5534],[132.701,48.5517],[132.7025,48.5508],[132.7039,48.5501],[132.7049,48.5488],[132.7063,48.5478],[132.7075,48.5467],[132.7088,48.5457],[132.7101,48.5448],[132.7117,48.545],[132.7133,48.5446],[132.715,48.5445],[132.7159,48.5431],[132.7162,48.5413],[132.7168,48.5398],[132.7172,48.5382],[132.7177,48.5366],[132.7172,48.535],[132.7186,48.5341],[132.7202,48.5335],[132.7201,48.5319],[132.7217,48.5315],[132.7229,48.5305],[132.7222,48.529],[132.7215,48.5275],[132.7214,48.5259],[132.7205,48.5246],[132.719,48.5237],[132.7203,48.5226],[132.7191,48.5215],[132.7198,48.52],[132.7193,48.5184],[132.7193,48.5166],[132.719,48.5149],[132.7192,48.5133],[132.72,48.5119],[132.7209,48.5103],[132.7224,48.5099],[132.7241,48.5094],[132.7256,48.5085],[132.7252,48.5069]]}},{"type":"Feature","properties":{"name":"Большой Ушумун"},"geometry":{"type":"LineString","coordinates":[[132.7261,48.4388],[132.7276,48.4383],[132.7291,48.4376],[132.7284,48.4361],[132.7291,48.4346],[132.73,48.4333],[132.7315,48.4327],[132.7305,48.4314],[132.7299,48.4299],[132.7288,48.4283],[132.7276,48.4294],[132.7265,48.4282],[132.7248,48.4288],[132.7233,48.4281],[132.7218,48.4272],[132.7221,48.4256],[132.7205,48.4259],[132.7199,48.4245],[132.7185,48.4235],[132.7167,48.4234],[132.7169,48.4217],[132.7176,48.4201],[132.7165,48.4189],[132.7175,48.4176],[132.7196,48.4173],[132.7209,48.4162],[132.721,48.4145],[132.7224,48.4138],[132.7236,48.4122],[132.7249,48.4113],[132.7264,48.4106],[132.728,48.411],[132.7294,48.4096],[132.7284,48.4081],[132.73,48.4072],[132.7314,48.4062],[132.7319,48.4046],[132.7337,48.4044],[132.7354,48.4043],[132.737,48.4041],[132.7374,48.4024],[132.7386,48.4],[132.7389,48.3984],[132.7405,48.3986],[132.7417,48.3975],[132.7412,48.3959],[132.7419,48.3944],[132.7437,48.3942],[132.7455,48.3941],[132.7454,48.3925],[132.7457,48.3908],[132.7455,48.3892],[132.7471,48.3885],[132.7474,48.3869],[132.7464,48.3856],[132.7475,48.3844],[132.7483,48.3838]]}},{"type":"Feature","properties":{"name":"Бирушка"},"geometry":{"type":"LineString","coordinates":[[132.9539,48.3005],[132.9556,48.3006],[132.9575,48.3008],[132.9588,48.2997],[132.9605,48.3007],[132.9614,48.2994],[132.9597,48.2992],[132.9607,48.2978],[132.9621,48.297],[132.96,48.2964],[132.9596,48.2948],[132.9611,48.2938],[132.9595,48.2936],[132.9586,48.2921],[132.9607,48.2921],[132.9623,48.2928],[132.9642,48.293],[132.9638,48.2914],[132.9655,48.292],[132.9669,48.2931],[132.9696,48.2927],[132.9716,48.2929],[132.9735,48.2931],[132.9727,48.2914],[132.9736,48.29],[132.9742,48.2898]]}},{"type":"Feature","properties":{"name":"Бирушка"},"geometry":{"type":"LineString","coordinates":[[132.5688,48.4049],[132.571,48.4054],[132.5724,48.4064],[132.5743,48.406],[132.576,48.4053],[132.5775,48.4064],[132.5787,48.4079],[132.5812,48.4086],[132.5826,48.41],[132.5846,48.41],[132.5865,48.4094],[132.589,48.4099],[132.5909,48.4101],[132.5933,48.4102],[132.5949,48.4092],[132.5968,48.4088],[132.5984,48.4084],[132.6002,48.4086],[132.601,48.4102],[132.6028,48.411],[132.6045,48.411],[132.6062,48.411],[132.608,48.4123],[132.6103,48.4124],[132.6127,48.4125],[132.6159,48.4136],[132.6174,48.4123],[132.6192,48.4125],[132.6215,48.4134],[132.6239,48.4121],[132.624,48.4103],[132.6263,48.4094],[132.6279,48.4106],[132.63,48.4114],[132.6321,48.4121],[132.6339,48.4124],[132.6355,48.4111],[132.6367,48.4097],[132.6379,48.4082],[132.6395,48.4071],[132.6416,48.4068],[132.6444,48.4067],[132.6452,48.4051],[132.6468,48.404],[132.6473,48.4023],[132.6488,48.4011],[132.6504,48.4006],[132.652,48.4003],[132.6518,48.3983],[132.6534,48.3973],[132.6552,48.3972],[132.6569,48.3968],[132.6571,48.3951],[132.6586,48.3947],[132.6591,48.393],[132.6598,48.3913],[132.6616,48.3915],[132.6633,48.3905],[132.6647,48.3895],[132.6668,48.3893],[132.6684,48.3889],[132.67,48.3881],[132.6702,48.3864],[132.6718,48.3867],[132.6738,48.3865],[132.6753,48.3853],[132.6757,48.3851]]}},{"type":"Feature","properties":{"name":"Бирушка"},"geometry":{"type":"LineString","coordinates":[[132.8234,48.3691],[132.8247,48.3673],[132.8267,48.3672],[132.8271,48.3654],[132.8285,48.3663],[132.8284,48.368],[132.8299,48.3688],[132.8304,48.3672],[132.8319,48.3666],[132.8309,48.3652],[132.8322,48.3641],[132.8337,48.365],[132.8359,48.3647],[132.8361,48.3631],[132.8379,48.3635],[132.8393,48.3643],[132.8392,48.3627],[132.8409,48.3635],[132.842,48.3624],[132.8434,48.3634],[132.845,48.364],[132.8463,48.363],[132.8445,48.3626],[132.846,48.3618],[132.8475,48.36],[132.8462,48.3591],[132.8442,48.3588],[132.8427,48.3579],[132.8438,48.3564],[132.8452,48.3555],[132.847,48.356],[132.8482,48.3547],[132.849,48.3533],[132.8505,48.3525],[132.8518,48.3515],[132.8535,48.3515],[132.8534,48.3494],[132.8548,48.3481],[132.855,48.3464],[132.8549,48.346]]}},{"type":"Feature","properties":{"name":"Бирушка"},"geometry":{"type":"LineString","coordinates":[[132.8529,48.3501],[132.8513,48.3508],[132.8498,48.3495],[132.8483,48.3489],[132.8484,48.3473],[132.8496,48.3462],[132.8512,48.3466],[132.8528,48.3469],[132.8544,48.346],[132.856,48.3463],[132.8577,48.3462],[132.8579,48.344],[132.859,48.3428],[132.8573,48.3431],[132.8557,48.3428],[132.8561,48.341],[132.8551,48.3396],[132.8566,48.3387],[132.8585,48.3383],[132.86,48.3389],[132.8602,48.3372],[132.8587,48.3378],[132.8596,48.3365],[132.8615,48.337],[132.8633,48.3369],[132.8649,48.3358],[132.866,48.3345],[132.8677,48.3337],[132.8664,48.3326],[132.8651,48.3336],[132.8644,48.332],[132.8656,48.3308],[132.8637,48.3302],[132.8652,48.3295],[132.8665,48.3285],[132.8667,48.3269],[132.8683,48.326],[132.8705,48.3259],[132.8718,48.325],[132.8716,48.3266],[132.8735,48.3268],[132.8749,48.3256],[132.8765,48.3249],[132.8767,48.3249]]}},{"type":"Feature","properties":{"name":"Бирушка"},"geometry":{"type":"LineString","coordinates":[[132.7483,48.3838],[132.7499,48.3827],[132.7516,48.3836],[132.7525,48.3821],[132.754,48.3832],[132.7553,48.3821],[132.7566,48.3831],[132.7582,48.3827],[132.7586,48.3811],[132.7569,48.3816],[132.7586,48.3801],[132.7601,48.3808],[132.7618,48.3807],[132.7634,48.3802],[132.7653,48.3803],[132.7668,48.3794],[132.7677,48.3781],[132.7694,48.3782],[132.7701,48.3764],[132.7725,48.3764],[132.7745,48.3767],[132.7761,48.3774],[132.778,48.3775],[132.7798,48.3771],[132.7815,48.3767],[132.783,48.3758],[132.7846,48.3764],[132.7842,48.3748],[132.7856,48.3737],[132.7875,48.3743],[132.789,48.3754],[132.7913,48.3753],[132.7914,48.3736],[132.7914,48.3719],[132.7932,48.3724],[132.7949,48.3723],[132.7969,48.3722],[132.7983,48.373],[132.7977,48.3714],[132.7994,48.3716],[132.799,48.3734],[132.8007,48.3734],[132.8024,48.3736],[132.804,48.3741],[132.8054,48.3749],[132.8062,48.3734],[132.8078,48.3733],[132.8091,48.3724],[132.8108,48.3728],[132.8126,48.3727],[132.8144,48.3727],[132.8157,48.3716],[132.814,48.3719],[132.8146,48.3704],[132.8168,48.3705],[132.8186,48.3701],[132.8203,48.3707],[132.8218,48.3699],[132.8234,48.3691]]}},{"type":"Feature","properties":{"name":"Бирушка"},"geometry":{"type":"LineString","coordinates":[[132.6974,48.3813],[132.699,48.3814],[132.7006,48.3811],[132.7022,48.3816],[132.7038,48.3821],[132.7054,48.3817],[132.7067,48.3806],[132.705,48.3802],[132.7068,48.3799],[132.7079,48.3811],[132.7091,48.38],[132.7108,48.3802],[132.7109,48.3818],[132.7126,48.3814],[132.7144,48.3817],[132.7153,48.383],[132.7169,48.3835],[132.7181,48.3848],[132.7188,48.3863],[132.7198,48.3875],[132.7216,48.3869],[132.7232,48.3862],[132.7247,48.3867],[132.7264,48.3868],[132.7276,48.3855],[132.7288,48.3844],[132.73,48.3832],[132.7316,48.3827],[132.7333,48.3829],[132.7348,48.3821],[132.7364,48.3824],[132.7379,48.3818],[132.7397,48.3813],[132.741,48.3822],[132.7424,48.3832],[132.7433,48.3849],[132.7449,48.385],[132.7438,48.3836],[132.7463,48.3838],[132.7478,48.383],[132.7483,48.3838]]}},{"type":"Feature","properties":{"name":"Бирушка"},"geometry":{"type":"LineString","coordinates":[[132.8759,48.3248],[132.8744,48.3253],[132.8729,48.3239],[132.8745,48.3233],[132.876,48.3241],[132.8777,48.3245],[132.8794,48.3246],[132.8812,48.324],[132.8826,48.3232],[132.8846,48.3224],[132.8856,48.3211],[132.8876,48.3208],[132.8887,48.322],[132.8903,48.3221],[132.892,48.3219],[132.8936,48.3213],[132.8941,48.3197],[132.8955,48.3187],[132.8959,48.3168],[132.8943,48.3177],[132.8947,48.316],[132.8963,48.3161],[132.8977,48.317],[132.8974,48.3154],[132.8988,48.3146],[132.8973,48.3139],[132.8959,48.3129],[132.8946,48.3119],[132.8939,48.3101],[132.8954,48.3096],[132.8971,48.3102],[132.8988,48.3095],[132.9005,48.3095],[132.902,48.3086],[132.9035,48.3093],[132.9051,48.3085],[132.9063,48.3071],[132.9081,48.3075],[132.9093,48.3064],[132.9112,48.3055],[132.9123,48.3042],[132.9134,48.3054],[132.9148,48.3062],[132.9165,48.3058],[132.9184,48.3059],[132.9184,48.3076],[132.92,48.3082],[132.9214,48.3072],[132.9229,48.3078],[132.9232,48.3062],[132.9247,48.3048],[132.9263,48.3053],[132.9279,48.3056],[132.9288,48.3071],[132.9304,48.307],[132.932,48.3067],[132.9324,48.3051],[132.9333,48.3065],[132.9351,48.3064],[132.9363,48.3076],[132.9383,48.3083],[132.94,48.3084],[132.9407,48.307],[132.9417,48.3085],[132.9436,48.309],[132.9424,48.3076],[132.9439,48.3068],[132.9456,48.3069],[132.9474,48.3069],[132.9487,48.3058],[132.9499,48.3047],[132.9517,48.3042],[132.9501,48.3039],[132.9516,48.3032],[132.9531,48.3025],[132.9546,48.3016],[132.9539,48.3005]]}},{"type":"Feature","properties":{"name":null},"geometry":{"type":"LineString","coordinates":[[132.952,48.3028],[132.9511,48.3013],[132.9493,48.3012],[132.9503,48.2999],[132.952,48.299],[132.9505,48.2982],[132.9521,48.2974],[132.9536,48.2994],[132.9553,48.2995],[132.9542,48.2983],[132.9541,48.2964],[132.9552,48.295],[132.9565,48.296],[132.9577,48.2948],[132.9591,48.2945]]}},{"type":"Feature","properties":{"name":null},"geometry":{"type":"LineString","coordinates":[[132.5187,48.418],[132.5204,48.4176],[132.5221,48.4175],[132.5232,48.416],[132.525,48.4145],[132.5267,48.4131],[132.5266,48.4112],[132.528,48.4093],[132.5294,48.4083],[132.5309,48.4076],[132.5326,48.4076],[132.5354,48.4081],[132.5382,48.4074],[132.5401,48.4065],[132.5413,48.4052],[132.5443,48.4054],[132.5468,48.4052],[132.5485,48.4049],[132.5503,48.4053],[132.5521,48.4054],[132.5542,48.4054],[132.556,48.4048],[132.5581,48.403],[132.5602,48.4026],[132.5626,48.4036],[132.5642,48.4043],[132.5658,48.4036],[132.5672,48.4049],[132.5688,48.4049]]}},{"type":"Feature","properties":{"name":null},"geometry":{"type":"LineString","coordinates":[[133.4632,47.9035],[133.4607,47.904],[133.4594,47.9052],[133.4582,47.908],[133.4575,47.9111],[133.4533,47.916],[133.4485,47.9236],[133.4436,47.9348],[133.4429,47.9391],[133.4472,47.9477],[133.4482,47.9496],[133.4497,47.9526],[133.451,47.9551],[133.4515,47.9568],[133.4511,47.9588],[133.4493,47.9681],[133.4489,47.9705],[133.4484,47.9731],[133.4477,47.9765],[133.4474,47.9786],[133.4466,47.9829],[133.4462,47.9848],[133.4459,47.9869],[133.4453,47.9896],[133.4448,47.9923],[133.4444,47.9947],[133.4434,47.9986],[133.4434,48.0005],[133.4436,48.0022],[133.4436,48.0045],[133.4437,48.0077],[133.4439,48.0102],[133.444,48.0132],[133.4441,48.0151],[133.4443,48.0176],[133.4439,48.0198],[133.4436,48.0217],[133.4422,48.0286],[133.442,48.0307],[133.4415,48.0344],[133.4408,48.0364],[133.4391,48.0367],[133.4376,48.0378],[133.4378,48.0396],[133.4388,48.0411],[133.4409,48.041],[133.4429,48.042],[133.4443,48.0432],[133.4459,48.0438],[133.4477,48.0444],[133.4492,48.0437],[133.4508,48.0443],[133.4523,48.045],[133.454,48.0452],[133.4557,48.0449],[133.4579,48.0455],[133.4589,48.047],[133.4605,48.0478],[133.4622,48.0482],[133.4623,48.0498],[133.464,48.0498],[133.4643,48.0515],[133.4656,48.053],[133.464,48.0534],[133.4622,48.0536],[133.4623,48.0553],[133.4607,48.0558],[133.4592,48.0567],[133.458,48.0554],[133.4565,48.0544],[133.4548,48.0547],[133.4558,48.0568],[133.4552,48.0584],[133.4542,48.0599],[133.4547,48.0615],[133.4563,48.0625],[133.4585,48.0624],[133.4601,48.0622],[133.4593,48.0638],[133.4605,48.066],[133.462,48.067],[133.4649,48.0683],[133.4672,48.069],[133.4732,48.0697],[133.4774,48.0697],[133.4826,48.0696],[133.4887,48.0701],[133.4934,48.0711],[133.4977,48.0726],[133.5019,48.0741],[133.5048,48.0749],[133.5126,48.0773],[133.5186,48.0797],[133.5265,48.0839],[133.5353,48.0891],[133.5474,48.1005],[133.5511,48.1042],[133.5528,48.1075],[133.5538,48.1122],[133.554,48.1157],[133.5544,48.1195],[133.5566,48.1303]]}},{"type":"Feature","properties":{"name":null},"geometry":{"type":"LineString","coordinates":[[133.4049,47.7005],[133.4138,47.7036],[133.4157,47.7043],[133.4276,47.7085],[133.4356,47.7093],[133.4433,47.7101],[133.4453,47.7105],[133.4504,47.7147],[133.4564,47.7198],[133.4625,47.7251],[133.4701,47.7275],[133.475,47.7288],[133.4855,47.7318],[133.4972,47.735],[133.5056,47.737],[133.5083,47.7376],[133.5167,47.7406],[133.52,47.7418],[133.5234,47.7431],[133.5329,47.7466],[133.5364,47.7479],[133.5379,47.7489],[133.5397,47.7553],[133.5407,47.7597],[133.5421,47.7651],[133.5423,47.7667],[133.5412,47.768],[133.5371,47.7712],[133.5305,47.7765],[133.5252,47.7807],[133.5183,47.7862],[133.5149,47.7889],[133.513,47.7906],[133.5096,47.793],[133.5058,47.7957],[133.5039,47.797],[133.5016,47.7988],[133.4932,47.8055],[133.4916,47.8067],[133.4848,47.8121],[133.4832,47.8132],[133.4821,47.8159],[133.4765,47.8285],[133.4737,47.8347],[133.4721,47.8384],[133.4702,47.8428],[133.4646,47.8557],[133.4621,47.8653],[133.4665,47.8856]]}},{"type":"Feature","properties":{"name":null},"geometry":{"type":"LineString","coordinates":[[132.7618,48.8837],[132.7632,48.8846],[132.7667,48.8839],[132.7683,48.8847],[132.77,48.885]]}},{"type":"Feature","properties":{"name":null},"geometry":{"type":"LineString","coordinates":[[132.7481,48.8907],[132.7498,48.8912],[132.7513,48.8918],[132.7531,48.8916],[132.7549,48.8908],[132.7559,48.8892],[132.7577,48.8886],[132.7594,48.8893],[132.7607,48.8904],[132.7624,48.8903],[132.7641,48.8906],[132.7656,48.8899],[132.766,48.8896]]}},{"type":"Feature","properties":{"name":null},"geometry":{"type":"LineString","coordinates":[[132.4436,47.8468],[132.4541,47.851],[132.4558,47.8507]]}},{"type":"Feature","properties":{"name":"Кирга"},"geometry":{"type":"LineString","coordinates":[[132.8519,48.8974],[132.8504,48.8966],[132.8496,48.8952],[132.8508,48.894],[132.8496,48.8928],[132.8491,48.8909],[132.8475,48.8898],[132.8462,48.8886],[132.8449,48.8877],[132.8436,48.8865],[132.8434,48.8848],[132.842,48.8839],[132.8405,48.8824],[132.84,48.8808],[132.8385,48.8799],[132.8401,48.8791],[132.8387,48.8781],[132.8391,48.8764],[132.8393,48.8748],[132.8397,48.8733],[132.8406,48.8719],[132.8413,48.8704],[132.841,48.8685],[132.8397,48.8675],[132.8391,48.866],[132.8374,48.8652],[132.836,48.8643],[132.8345,48.8637],[132.8329,48.8635],[132.833,48.8618],[132.8335,48.8603],[132.834,48.8585],[132.8328,48.8573],[132.8346,48.8565],[132.8354,48.8548],[132.8336,48.8546],[132.832,48.854],[132.8327,48.8524],[132.8331,48.8507],[132.8327,48.8491],[132.8328,48.8472],[132.8332,48.8455],[132.8323,48.8439],[132.8302,48.8431],[132.8291,48.8418],[132.8285,48.8402]]}},{"type":"Feature","properties":{"name":"Кирга"},"geometry":{"type":"LineString","coordinates":[[132.8596,49.0433],[132.8589,49.0417],[132.858,49.0402],[132.8566,49.0389],[132.8551,49.0381],[132.8553,49.0364],[132.8547,49.0347],[132.8552,49.0328],[132.8554,49.0311],[132.8545,49.0297],[132.8542,49.0279],[132.8547,49.0263],[132.8551,49.0246],[132.8561,49.023],[132.8575,49.0221],[132.8577,49.0205],[132.8571,49.0191],[132.8578,49.0176],[132.8576,49.0159],[132.8565,49.0146],[132.8573,49.0132],[132.8583,49.0116],[132.86,49.0108],[132.8602,49.0091],[132.8618,49.0086],[132.8634,49.0078],[132.8637,49.0061],[132.8652,49.0052],[132.8668,49.004],[132.8679,49.0027],[132.8696,49.0016],[132.8706,49.0003],[132.8712,48.9988],[132.8711,48.9969],[132.8725,48.9954],[132.8724,48.9935],[132.872,48.9919],[132.8733,48.9909],[132.8738,48.9891],[132.8743,48.987],[132.8744,48.9853],[132.8756,48.9842],[132.8755,48.9824],[132.8743,48.9813],[132.8742,48.9796],[132.8743,48.9779],[132.8726,48.9772],[132.8713,48.9759],[132.8699,48.9745],[132.87,48.9729],[132.8689,48.9714],[132.8676,48.9704],[132.8663,48.9689],[132.8648,48.9682],[132.8644,48.9666],[132.8647,48.9648],[132.8636,48.9636],[132.863,48.9617],[132.862,48.96],[132.8622,48.9583],[132.8618,48.9566],[132.8611,48.9551],[132.8609,48.9529],[132.8607,48.9511],[132.8609,48.9492],[132.8608,48.9468],[132.86,48.9453],[132.8604,48.9437],[132.8604,48.942],[132.861,48.9402],[132.8602,48.9387],[132.8603,48.9369],[132.8603,48.9345],[132.8611,48.9329],[132.8609,48.9313],[132.8603,48.9295],[132.8602,48.9278],[132.86,48.9261],[132.8589,48.9233],[132.8575,48.9224],[132.8572,48.9201],[132.8562,48.9185],[132.8554,48.9167],[132.8565,48.9153],[132.857,48.9133],[132.8576,48.9117],[132.8571,48.9097],[132.8564,48.908],[132.8554,48.9066],[132.8537,48.9061],[132.8523,48.905],[132.8523,48.9033],[132.8537,48.9021],[132.8532,48.9006],[132.8517,48.8997],[132.8526,48.8982],[132.8519,48.8974]]}},{"type":"Feature","properties":{"name":"Ин-Бира"},"geometry":{"type":"LineString","coordinates":[[133.0442,48.81],[133.0458,48.8095],[133.0485,48.8092],[133.0504,48.8087],[133.0531,48.8081],[133.054,48.8064],[133.0531,48.8046],[133.0541,48.803],[133.0578,48.8029],[133.0579,48.8013],[133.058,48.7995],[133.0601,48.7982],[133.0617,48.7976],[133.0643,48.7974],[133.0662,48.7975],[133.0671,48.7955],[133.0687,48.793],[133.0714,48.7916],[133.073,48.7909],[133.0721,48.7883],[133.0738,48.7868],[133.0759,48.7855],[133.0786,48.783],[133.0805,48.7811],[133.082,48.7796],[133.0841,48.7783],[133.0877,48.7771],[133.0896,48.7763],[133.0912,48.7757],[133.0907,48.7741],[133.0924,48.7731],[133.0932,48.7712],[133.0938,48.7696],[133.0963,48.7687],[133.0984,48.7682],[133.101,48.7673],[133.1028,48.7679],[133.1056,48.7665],[133.1073,48.7651],[133.109,48.7644],[133.1094,48.7618],[133.1076,48.761],[133.1059,48.7602],[133.1063,48.7581],[133.1066,48.7563],[133.105,48.7543],[133.1039,48.7524],[133.1047,48.7508],[133.1066,48.751],[133.1077,48.7494],[133.1103,48.7465],[133.1129,48.7458],[133.1152,48.7441],[133.117,48.7435],[133.1185,48.7419],[133.12,48.7406],[133.1218,48.7399],[133.1233,48.739],[133.1235,48.7373],[133.1246,48.7362],[133.1263,48.7356],[133.1276,48.7345],[133.1291,48.734],[133.1307,48.7344],[133.1325,48.7348],[133.1343,48.7348],[133.1361,48.735],[133.1376,48.7345],[133.1393,48.7349],[133.141,48.7348],[133.1427,48.7353],[133.1444,48.7351],[133.1453,48.7366],[133.147,48.7371],[133.1483,48.738],[133.1492,48.7394],[133.1505,48.7408],[133.1516,48.742],[133.1536,48.7426],[133.1561,48.7424],[133.1579,48.7424],[133.1594,48.7415],[133.1613,48.7405],[133.1627,48.7399],[133.1636,48.7384],[133.1652,48.7381],[133.1675,48.7369],[133.1692,48.7359],[133.171,48.7361],[133.173,48.7362],[133.1741,48.7355]]}},{"type":"Feature","properties":{"name":"Ин-Бира"},"geometry":{"type":"LineString","coordinates":[[132.9468,48.8322],[132.9488,48.831],[132.9512,48.8302],[132.9531,48.829],[132.9566,48.8282],[132.9593,48.828],[132.9633,48.8279],[132.9659,48.8268],[132.9676,48.8267],[132.9689,48.8255],[132.9701,48.824],[132.9712,48.8232]]}},{"type":"Feature","properties":{"name":"Ин-Бира"},"geometry":{"type":"LineString","coordinates":[[132.9712,48.8232],[132.9726,48.822],[132.975,48.8213],[132.9789,48.8211],[132.981,48.8226],[132.9831,48.8228],[132.9859,48.822],[132.9888,48.8213],[132.9915,48.822],[132.9933,48.821],[132.9957,48.8202],[132.9982,48.8205],[133.0028,48.8192],[133.0063,48.8187],[133.0082,48.8179],[133.01,48.8179],[133.0144,48.8166],[133.0182,48.8166],[133.02,48.8164],[133.0226,48.8152],[133.0248,48.815],[133.0275,48.8146],[133.0292,48.8137],[133.0313,48.814],[133.0344,48.8133],[133.0366,48.8127],[133.0381,48.8111],[133.0399,48.8104],[133.0419,48.8101],[133.0436,48.8105],[133.0442,48.81]]}},{"type":"Feature","properties":{"name":"Ин-Бира"},"geometry":{"type":"LineString","coordinates":[[133.1741,48.7355],[133.176,48.7349],[133.178,48.7355],[133.179,48.7342],[133.1803,48.7329],[133.1822,48.7326],[133.1839,48.7322],[133.1846,48.7306],[133.1863,48.7305],[133.1866,48.7288],[133.1849,48.7287],[133.1859,48.7271],[133.1854,48.7245],[133.1864,48.7231],[133.1884,48.7242],[133.1908,48.7236],[133.1933,48.7229],[133.1944,48.7217],[133.1941,48.719],[133.1953,48.7171],[133.1968,48.7162],[133.1979,48.7149],[133.1997,48.7143],[133.2011,48.7156],[133.2032,48.7152],[133.2049,48.7161],[133.2072,48.7156],[133.2077,48.7141],[133.2084,48.7125],[133.2103,48.713],[133.2111,48.711],[133.213,48.7095],[133.2143,48.708],[133.2164,48.7062],[133.2175,48.7049],[133.2191,48.7049],[133.2202,48.7021],[133.2202,48.7005],[133.2213,48.699],[133.2228,48.7],[133.2245,48.7013],[133.2261,48.7006],[133.2277,48.7002],[133.2294,48.699],[133.2288,48.697],[133.2297,48.6956],[133.2305,48.6941],[133.2329,48.6929],[133.2342,48.6917],[133.2358,48.6917],[133.2376,48.6922],[133.2394,48.6924],[133.2411,48.6921],[133.2409,48.6905],[133.243,48.6901],[133.2431,48.6884],[133.245,48.6881],[133.2471,48.6873],[133.2492,48.6874],[133.2511,48.6876],[133.2517,48.6855],[133.2516,48.6839],[133.254,48.6834],[133.256,48.6838],[133.2578,48.6828],[133.2596,48.6827],[133.2611,48.6842],[133.263,48.6829],[133.2654,48.6819],[133.2663,48.6788],[133.2675,48.677],[133.269,48.6764],[133.271,48.6764],[133.2722,48.6751],[133.2742,48.6753],[133.2766,48.6748],[133.2777,48.676],[133.2791,48.6768],[133.2818,48.6765],[133.2833,48.6754],[133.286,48.6759],[133.2862,48.6777],[133.2879,48.678],[133.2885,48.6766],[133.2918,48.6759],[133.2935,48.6756],[133.2946,48.6743],[133.2945,48.6723],[133.2951,48.6707],[133.2969,48.6689],[133.2988,48.6685],[133.3021,48.669],[133.3038,48.6696],[133.3066,48.6689],[133.308,48.668],[133.3109,48.6716],[133.3124,48.6722],[133.3141,48.6716],[133.3154,48.6706],[133.3174,48.6695],[133.319,48.6689],[133.3209,48.6698],[133.3219,48.6666],[133.3225,48.6649],[133.3256,48.6632],[133.3276,48.663],[133.3307,48.6638],[133.3324,48.6646],[133.335,48.6654],[133.3382,48.6661],[133.3398,48.6669],[133.3424,48.6684],[133.3429,48.6707],[133.3442,48.6721],[133.345,48.6722]]}},{"type":"Feature","properties":{"name":null},"geometry":{"type":"LineString","coordinates":[[132.6887,47.8219],[132.6897,47.8204],[132.6866,47.8198],[132.6898,47.8195],[132.6931,47.8201],[132.6995,47.8175],[132.7018,47.818],[132.7022,47.8196],[132.7039,47.8196],[132.7045,47.8179],[132.7067,47.8183],[132.7079,47.8198],[132.7096,47.8184],[132.7113,47.8184],[132.7114,47.8203],[132.7135,47.8202],[132.7135,47.8238],[132.715,47.8251],[132.7167,47.8248],[132.7164,47.8265],[132.7178,47.8298],[132.7193,47.8306],[132.7219,47.8307],[132.7204,47.8332],[132.7211,47.8358],[132.7196,47.8366],[132.7231,47.8366],[132.7242,47.8382],[132.7202,47.8396],[132.7256,47.8413],[132.7259,47.8429],[132.7176,47.8421],[132.7198,47.8447],[132.7179,47.847],[132.7166,47.849],[132.7179,47.8512],[132.7205,47.8511],[132.723,47.8518],[132.7254,47.8539],[132.7279,47.8539],[132.735,47.8593],[132.7486,47.8707],[132.7519,47.8723],[132.7571,47.8719],[132.7605,47.8723],[132.7623,47.8735],[132.7633,47.8761],[132.7649,47.8766],[132.7674,47.8764],[132.769,47.8752],[132.7707,47.8763],[132.7657,47.8786],[132.7655,47.8804],[132.7672,47.8806],[132.7731,47.8789],[132.7753,47.8793],[132.7775,47.8807],[132.7775,47.8828],[132.7822,47.8865],[132.7824,47.8886],[132.7804,47.8901],[132.7809,47.892],[132.7846,47.8932],[132.7854,47.8956],[132.7817,47.8962],[132.7799,47.8997],[132.7801,47.9041],[132.7801,47.9073],[132.7818,47.9086],[132.7797,47.9124],[132.7798,47.9153],[132.7793,47.9175],[132.7787,47.9191],[132.7796,47.9205],[132.7831,47.9201],[132.7865,47.9199],[132.7879,47.9208],[132.79,47.9229],[132.794,47.9249],[132.8029,47.9308]]}},{"type":"Feature","properties":{"name":null},"geometry":{"type":"LineString","coordinates":[[132.8283,47.9258],[132.829,47.928],[132.828,47.9302],[132.8293,47.9318],[132.8308,47.933],[132.8294,47.9346],[132.8257,47.9384]]}},{"type":"Feature","properties":{"name":"Ульдура"},"geometry":{"type":"LineString","coordinates":[[132.7576,48.4522],[132.7559,48.4524],[132.7543,48.4519],[132.7526,48.4512],[132.7512,48.4498],[132.75,48.4485],[132.7493,48.4469],[132.7487,48.4453],[132.7483,48.4437],[132.7472,48.4424],[132.7462,48.441],[132.7445,48.4403],[132.7447,48.4387],[132.7433,48.4377],[132.7417,48.4378],[132.7401,48.4369],[132.7385,48.4367],[132.737,48.436],[132.7351,48.4354],[132.7336,48.4347],[132.732,48.4336],[132.732,48.4334]]}},{"type":"Feature","properties":{"name":null},"geometry":{"type":"LineString","coordinates":[[132.742,48.6376],[132.7441,48.6376],[132.7483,48.6373],[132.7508,48.6365],[132.7532,48.6358],[132.7551,48.6354],[132.7567,48.6345],[132.7587,48.6334],[132.7601,48.6325],[132.762,48.6315],[132.764,48.6293],[132.7652,48.6281],[132.7664,48.6267],[132.7667,48.6249],[132.7649,48.6235],[132.7645,48.6218],[132.7648,48.6199],[132.7654,48.6181],[132.7661,48.6147],[132.7678,48.6132],[132.7686,48.6112],[132.7683,48.6095],[132.7676,48.6071],[132.7663,48.605],[132.7661,48.603],[132.7652,48.601],[132.7645,48.5995],[132.7649,48.5979],[132.7654,48.5961],[132.767,48.595],[132.7675,48.5933],[132.7665,48.5918],[132.7663,48.5901],[132.7693,48.588],[132.7697,48.5862],[132.7715,48.5853],[132.7716,48.5835],[132.7733,48.5827],[132.7751,48.5816],[132.7758,48.5801],[132.777,48.5788],[132.7786,48.5778],[132.7806,48.5764],[132.7821,48.5747],[132.784,48.5735],[132.786,48.573],[132.7879,48.5713],[132.7878,48.5697],[132.7891,48.5683],[132.7893,48.568]]}},{"type":"Feature","properties":{"name":"Грязнушка"},"geometry":{"type":"LineString","coordinates":[[132.6099,48.3243],[132.6095,48.3259],[132.6083,48.3272],[132.6068,48.3275],[132.6053,48.3283],[132.6036,48.3283],[132.6018,48.3292],[132.6005,48.3301],[132.5993,48.3313],[132.5968,48.3322],[132.5949,48.3323],[132.5931,48.3329],[132.5912,48.3329],[132.5885,48.3327],[132.5868,48.3328],[132.5849,48.3333],[132.5832,48.3342],[132.5812,48.3356],[132.5796,48.3361],[132.5783,48.3378],[132.5778,48.3393],[132.5764,48.3402],[132.5742,48.3404],[132.5725,48.3402],[132.5701,48.3403],[132.5687,48.3414],[132.5672,48.342],[132.565,48.3423],[132.5639,48.3436],[132.5621,48.3436],[132.5603,48.3435],[132.5587,48.3438],[132.557,48.3429],[132.5553,48.343],[132.5539,48.3422],[132.5521,48.3424]]}},{"type":"Feature","properties":{"name":"Грязнушка"},"geometry":{"type":"LineString","coordinates":[[132.6141,48.2955],[132.6135,48.2972],[132.614,48.299],[132.6137,48.3006],[132.6136,48.3026],[132.6139,48.3042],[132.613,48.3065],[132.612,48.3088],[132.6112,48.3103],[132.6104,48.312],[132.61,48.3136],[132.6093,48.3151],[132.6086,48.3167],[132.6089,48.3184],[132.6094,48.3201],[132.6099,48.3219],[132.6099,48.3236],[132.6099,48.3243]]}},{"type":"Feature","properties":{"name":"Поперечная"},"geometry":{"type":"LineString","coordinates":[[132.6195,48.3043],[132.6196,48.306],[132.6212,48.3068],[132.6222,48.3082],[132.6242,48.3095],[132.6252,48.3122],[132.6255,48.3143],[132.6273,48.3158],[132.6289,48.3187],[132.6296,48.3212],[132.6285,48.3226],[132.629,48.3255],[132.6301,48.3271],[132.6316,48.3288],[132.6319,48.3309],[132.6334,48.332],[132.6341,48.3335],[132.6338,48.3355],[132.6357,48.3372],[132.6373,48.3383],[132.6397,48.3383],[132.6422,48.3398],[132.6437,48.3413],[132.6457,48.3424],[132.647,48.3435],[132.6501,48.3442],[132.6522,48.3451],[132.654,48.3446],[132.6561,48.3435],[132.658,48.3431],[132.6631,48.3456],[132.6644,48.3472],[132.6664,48.3475],[132.6684,48.3485],[132.6696,48.3497],[132.6713,48.3496],[132.673,48.3484],[132.6747,48.3487],[132.6766,48.3484],[132.6778,48.3471],[132.6798,48.3472],[132.6814,48.3467],[132.6827,48.3477],[132.6846,48.3475],[132.6865,48.3483],[132.6873,48.3502],[132.6885,48.3514],[132.6906,48.3508],[132.6931,48.3506],[132.6957,48.3496],[132.6974,48.3497],[132.6992,48.349],[132.7014,48.3493],[132.703,48.35],[132.7061,48.3506],[132.7087,48.3507],[132.7115,48.3506],[132.7135,48.3497],[132.7152,48.3492],[132.717,48.3495],[132.719,48.3514],[132.7204,48.3527],[132.7223,48.3537],[132.7242,48.3542],[132.7265,48.354],[132.7289,48.3541],[132.7304,48.3553],[132.7315,48.3568],[132.7323,48.3589],[132.7339,48.3597],[132.736,48.3605],[132.7376,48.3612],[132.7403,48.3605],[132.742,48.3602],[132.7433,48.3589],[132.745,48.3589],[132.7456,48.3611],[132.7477,48.3623],[132.7494,48.3623],[132.7512,48.3617],[132.7535,48.3629],[132.7553,48.3634],[132.7568,48.3642],[132.7586,48.366],[132.7602,48.3666],[132.762,48.3665],[132.7646,48.3673],[132.7659,48.3683],[132.7672,48.3704],[132.7686,48.3714],[132.7707,48.3715],[132.7726,48.3721],[132.774,48.3732],[132.7749,48.3754],[132.777,48.3752],[132.7783,48.3765],[132.7792,48.3765]]}},{"type":"Feature","properties":{"name":"Грязнушка"},"geometry":{"type":"LineString","coordinates":[[132.5521,48.3424],[132.5508,48.3442],[132.5517,48.3457],[132.5525,48.3472],[132.5539,48.3481],[132.5544,48.3498],[132.5526,48.3511],[132.5524,48.3527],[132.5518,48.3543],[132.5501,48.3552],[132.5482,48.3553],[132.5469,48.3566],[132.5465,48.3584],[132.545,48.3592],[132.5461,48.3609],[132.546,48.3629],[132.5458,48.3645],[132.5452,48.367],[132.5442,48.3697],[132.5423,48.3703],[132.542,48.3722],[132.5427,48.3738],[132.5442,48.3748],[132.5458,48.3763],[132.5467,48.3776],[132.5468,48.3793],[132.5463,48.381],[132.5457,48.3826],[132.5441,48.383],[132.5458,48.3838],[132.5445,48.3849],[132.5462,48.3867],[132.5486,48.386],[132.5501,48.3868],[132.5511,48.389],[132.5541,48.3897],[132.5561,48.3909],[132.5579,48.3917],[132.5576,48.3934],[132.5595,48.3935],[132.561,48.3952],[132.5627,48.3966],[132.5652,48.3984],[132.5667,48.3995],[132.5682,48.4004],[132.57,48.4009],[132.5701,48.4027],[132.5687,48.4036],[132.5688,48.4049]]}},{"type":"Feature","properties":{"name":null},"geometry":{"type":"LineString","coordinates":[[132.6177,48.5021],[132.6184,48.5001],[132.6175,48.4988],[132.6185,48.4967],[132.6207,48.4951],[132.6212,48.4933],[132.6212,48.4914],[132.6228,48.4903],[132.6239,48.4886],[132.6253,48.4864],[132.6276,48.4847],[132.6266,48.4831],[132.6287,48.4803],[132.6281,48.4781],[132.629,48.4761],[132.6305,48.4751],[132.629,48.473],[132.6294,48.4711],[132.6307,48.469],[132.6315,48.4675],[132.6301,48.4639],[132.6287,48.462],[132.627,48.4609],[132.6248,48.4586],[132.6247,48.4566],[132.6268,48.4519],[132.6282,48.4503],[132.6307,48.4497],[132.6332,48.4471],[132.6347,48.4455],[132.637,48.4428],[132.6374,48.4404],[132.6371,48.438],[132.6379,48.435],[132.6389,48.4333],[132.6394,48.4309],[132.6391,48.4282],[132.6372,48.4247],[132.6351,48.4233],[132.6332,48.4211],[132.6334,48.4191],[132.6346,48.4167],[132.6355,48.4153],[132.6368,48.4138],[132.6359,48.412],[132.6355,48.4111]]}},{"type":"Feature","properties":{"name":"Кочковатка"},"geometry":{"type":"LineString","coordinates":[[132.4917,47.8734],[132.4931,47.8742],[132.495,47.8742],[132.4967,47.8733],[132.4983,47.8732],[132.5,47.8732],[132.5016,47.8729],[132.5019,47.8712],[132.5028,47.8697],[132.5044,47.8697],[132.5057,47.8686],[132.5072,47.8681],[132.5089,47.8677],[132.5099,47.8693],[132.5116,47.8694],[132.5115,47.8711],[132.5131,47.8716],[132.5153,47.8731],[132.516,47.8751],[132.5153,47.8768]]}},{"type":"Feature","properties":{"name":"Кочковатка"},"geometry":{"type":"LineString","coordinates":[[132.5153,47.8768],[132.5135,47.8772],[132.5133,47.879],[132.5128,47.8807],[132.5144,47.8813],[132.516,47.8817],[132.5174,47.8826],[132.519,47.8835],[132.5207,47.8826],[132.5224,47.8829],[132.5239,47.884],[132.5296,47.8857],[132.5316,47.8863],[132.5328,47.8875],[132.5358,47.8886],[132.5393,47.8892],[132.5411,47.8892],[132.5428,47.8897],[132.5444,47.8898],[132.5467,47.8886],[132.5497,47.8848],[132.5503,47.8829],[132.5516,47.8817]]}},{"type":"Feature","properties":{"name":"Кочковатка"},"geometry":{"type":"LineString","coordinates":[[132.5516,47.8817],[132.5532,47.8802],[132.5567,47.8787],[132.5593,47.879],[132.5612,47.8797],[132.5628,47.8793],[132.5645,47.8786],[132.5662,47.8787],[132.568,47.8777],[132.5703,47.8781],[132.5722,47.8784],[132.574,47.8772],[132.5757,47.8776],[132.5757,47.8794],[132.5773,47.8795],[132.579,47.8793],[132.5802,47.8806],[132.5803,47.8789],[132.5787,47.8776],[132.577,47.8767],[132.5802,47.8758],[132.5849,47.876],[132.5878,47.8763]]}},{"type":"Feature","properties":{"name":null},"geometry":{"type":"LineString","coordinates":[[132.4706,47.8804],[132.4723,47.8803],[132.4739,47.8812],[132.4758,47.8803],[132.4777,47.881],[132.4798,47.8799],[132.4805,47.8784],[132.4817,47.8772],[132.4832,47.876],[132.484,47.8746],[132.4869,47.873],[132.4896,47.8734],[132.4917,47.8734]]}},{"type":"Feature","properties":{"name":"Солонечная"},"geometry":{"type":"LineString","coordinates":[[132.3617,48.0841],[132.3633,48.0839],[132.3649,48.0838],[132.3658,48.0824],[132.3673,48.082],[132.3659,48.0808],[132.3672,48.0799],[132.3688,48.0793],[132.3698,48.0781],[132.3715,48.0777],[132.3723,48.0762],[132.3715,48.0747],[132.3731,48.0745],[132.3745,48.0735],[132.3763,48.0739],[132.3765,48.0723],[132.3749,48.0716],[132.376,48.0703],[132.3777,48.0693],[132.3793,48.0699],[132.3805,48.0688],[132.3799,48.0671],[132.381,48.0658],[132.3827,48.0659],[132.3841,48.0651],[132.3855,48.066],[132.3857,48.0643],[132.3843,48.0632],[132.3848,48.0616],[132.3843,48.06],[132.3845,48.0583],[132.384,48.0567],[132.3857,48.0561],[132.387,48.0551],[132.3876,48.0535],[132.3893,48.0541],[132.3907,48.0532],[132.3923,48.0527],[132.3932,48.0512],[132.3947,48.0507],[132.395,48.0522],[132.3966,48.0518],[132.3972,48.0497],[132.3983,48.0485],[132.3968,48.0474],[132.3983,48.0467],[132.397,48.0456],[132.3954,48.0449],[132.3938,48.0443],[132.3926,48.0432],[132.3944,48.0431],[132.3935,48.0417],[132.3934,48.0397],[132.395,48.0389],[132.3963,48.038],[132.3976,48.0369],[132.3985,48.0355],[132.3986,48.0338],[132.4005,48.0329],[132.4014,48.0343],[132.4033,48.0338],[132.4049,48.0342],[132.4058,48.0328],[132.4076,48.0333],[132.4077,48.0316],[132.4083,48.0302],[132.407,48.0291],[132.4053,48.0293],[132.4044,48.028],[132.4059,48.0271],[132.4072,48.0262],[132.4063,48.0247],[132.4061,48.0222],[132.4079,48.0219],[132.4088,48.0204],[132.4105,48.0206],[132.4122,48.0206],[132.413,48.0209]]}},{"type":"Feature","properties":{"name":"Xi River"},"geometry":{"type":"LineString","coordinates":[[133.8438,47.9963],[133.8459,47.9976],[133.8469,47.9963],[133.8495,47.9967],[133.8503,47.9983],[133.852,47.997],[133.8535,47.998],[133.8544,47.9997],[133.8537,48.0012],[133.8521,48.0021],[133.8532,48.0037],[133.8552,48.0045],[133.8563,48.0061],[133.8581,48.0079],[133.8565,48.0088],[133.8561,48.0105],[133.8576,48.0112],[133.8592,48.01],[133.8593,48.0117],[133.8613,48.012],[133.8623,48.0134],[133.8624,48.0151],[133.8642,48.0152],[133.8649,48.0137],[133.8671,48.0132],[133.8684,48.0119],[133.8701,48.0145],[133.8697,48.0162],[133.8714,48.0174],[133.8718,48.0182]]}},{"type":"Feature","properties":{"name":null},"geometry":{"type":"LineString","coordinates":[[132.9209,48.8127],[132.9231,48.8122],[132.9247,48.8129],[132.9267,48.8126],[132.9308,48.8117],[132.9325,48.8118],[132.9345,48.8115],[132.9505,48.8057],[132.9656,48.8026],[132.9738,48.7983],[132.9857,48.7892],[132.9872,48.7886],[132.9888,48.7869],[132.9891,48.7847],[132.9887,48.7829]]}},{"type":"Feature","properties":{"name":null},"geometry":{"type":"LineString","coordinates":[[133.0503,48.7354],[133.0505,48.7331],[133.0505,48.7312],[133.0507,48.7296]]}},{"type":"Feature","properties":{"name":null},"geometry":{"type":"LineString","coordinates":[[133.0444,48.7379],[133.0484,48.736],[133.0503,48.7354],[133.0615,48.7329],[133.0677,48.7316],[133.0729,48.7306],[133.0743,48.7296],[133.0745,48.7293]]}},{"type":"Feature","properties":{"name":null},"geometry":{"type":"LineString","coordinates":[[132.9438,48.6871],[132.9452,48.6855],[132.9468,48.684],[132.9476,48.682],[132.9494,48.6811],[132.9483,48.6795],[132.9499,48.6785],[132.9483,48.6773],[132.9468,48.6782],[132.945,48.6775],[132.9421,48.6768]]}},{"type":"Feature","properties":{"name":null},"geometry":{"type":"LineString","coordinates":[[132.922,48.7204],[132.9236,48.7197],[132.9261,48.7198],[132.9281,48.7193]]}},{"type":"Feature","properties":{"name":null},"geometry":{"type":"LineString","coordinates":[[132.9351,48.7222],[132.9334,48.7213],[132.9322,48.7224],[132.9297,48.7226],[132.9281,48.7219],[132.9276,48.7198],[132.9276,48.7197]]}},{"type":"Feature","properties":{"name":null},"geometry":{"type":"LineString","coordinates":[[133.4409,48.647],[133.4435,48.6477],[133.4458,48.6475],[133.4477,48.6478],[133.4482,48.6463],[133.4466,48.6453],[133.4456,48.6441],[133.4478,48.644],[133.4491,48.6453],[133.4508,48.6444],[133.4513,48.6424],[133.4531,48.6419],[133.4553,48.6429],[133.4579,48.6421],[133.4598,48.6417],[133.4599,48.6401],[133.4619,48.6396],[133.4604,48.6385],[133.4589,48.6369],[133.4571,48.6359],[133.4547,48.6353],[133.4526,48.634]]}},{"type":"Feature","properties":{"name":null},"geometry":{"type":"LineString","coordinates":[[133.6058,48.6084],[133.6065,48.6096]]}},{"type":"Feature","properties":{"name":null},"geometry":{"type":"LineString","coordinates":[[133.9275,47.5965],[133.9233,47.5891],[133.9168,47.5774],[133.9242,47.5664],[133.9245,47.5601],[133.9249,47.5507],[133.9252,47.5429],[133.9253,47.5411],[133.9254,47.5393],[133.9257,47.5345],[133.9257,47.5331]]}},{"type":"Feature","properties":{"name":null},"geometry":{"type":"LineString","coordinates":[[133.8793,47.644],[133.8827,47.644],[133.8933,47.6442],[133.9014,47.6443],[133.9089,47.6445],[133.9152,47.6446],[133.9227,47.6447],[133.9302,47.6448],[133.9378,47.645],[133.9443,47.6451],[133.952,47.6452],[133.9598,47.6453],[133.9675,47.6455],[133.9741,47.6456],[133.9816,47.6457]]}},{"type":"Feature","properties":{"name":"Первая речка"},"geometry":{"type":"LineString","coordinates":[[133.4026,48.7457],[133.4046,48.7459],[133.4069,48.7454],[133.4083,48.7443],[133.41,48.7428],[133.4112,48.7416],[133.4125,48.7399],[133.412,48.736],[133.4101,48.7342],[133.4086,48.7335],[133.4069,48.7332],[133.4053,48.732],[133.4046,48.7304],[133.4032,48.7292],[133.4035,48.7274],[133.4057,48.7273],[133.4075,48.7272],[133.4092,48.7266],[133.4106,48.7258],[133.4124,48.7257],[133.4145,48.726],[133.4162,48.7264],[133.4197,48.7287],[133.4214,48.7294],[133.4234,48.7295],[133.425,48.7292],[133.4266,48.7287],[133.4279,48.7267],[133.4279,48.7248],[133.4271,48.7231],[133.4246,48.7202],[133.4237,48.7184],[133.4244,48.7169],[133.4261,48.7168],[133.428,48.7162],[133.4296,48.7157],[133.4324,48.7148],[133.4343,48.7146],[133.4361,48.7137],[133.4376,48.7128],[133.4388,48.7117],[133.4392,48.7097],[133.4392,48.708],[133.4373,48.7064],[133.4361,48.705],[133.4342,48.7034],[133.4336,48.7005],[133.435,48.6989],[133.4364,48.6976],[133.4382,48.6969],[133.4419,48.6957],[133.4432,48.6943],[133.4436,48.6928],[133.4432,48.6911],[133.4416,48.6897],[133.44,48.6893],[133.4378,48.6884],[133.4392,48.6862],[133.4408,48.685],[133.4429,48.6845],[133.4446,48.6849],[133.4462,48.685],[133.4478,48.685],[133.4496,48.6849],[133.4512,48.6846],[133.4529,48.6834],[133.4523,48.6818],[133.4524,48.6801],[133.4533,48.6786],[133.4546,48.6775],[133.4565,48.6775],[133.4581,48.6772],[133.4598,48.6773],[133.461,48.6756],[133.4618,48.6741],[133.463,48.6719],[133.4642,48.6707],[133.4656,48.6697],[133.4674,48.6697],[133.4691,48.6702],[133.4701,48.6718],[133.4729,48.6725],[133.4753,48.6721],[133.4769,48.672],[133.4778,48.6704],[133.4777,48.6688],[133.4817,48.6684],[133.4834,48.6688],[133.485,48.6681],[133.487,48.6686],[133.4871,48.6666],[133.4886,48.6649],[133.4891,48.6626],[133.4899,48.6611],[133.4913,48.6596],[133.4928,48.6587],[133.4947,48.6581],[133.4962,48.6574],[133.498,48.6577],[133.4991,48.6564],[133.4981,48.6551],[133.4965,48.6545],[133.4949,48.6546],[133.4929,48.6545],[133.4942,48.6534],[133.4959,48.6529],[133.4972,48.6519],[133.4989,48.6524],[133.5008,48.6515],[133.5024,48.6518],[133.5047,48.6516],[133.5059,48.6526],[133.5058,48.6509],[133.505,48.6495],[133.5034,48.6486],[133.5018,48.6482],[133.5024,48.6467],[133.5013,48.6455],[133.4998,48.6447],[133.5009,48.6434],[133.5025,48.6437],[133.5042,48.6428],[133.504,48.6445],[133.5057,48.645],[133.5071,48.644],[133.5091,48.6433],[133.5075,48.6424],[133.5084,48.6408],[133.507,48.6399],[133.5085,48.6388],[133.5101,48.6384],[133.5119,48.6379],[133.5135,48.6376],[133.5152,48.6376],[133.5139,48.6365],[133.5155,48.6362],[133.5173,48.6359],[133.5189,48.6352],[133.5185,48.6334],[133.5202,48.6338],[133.5216,48.6329],[133.5233,48.6328],[133.5252,48.6325],[133.5269,48.6319],[133.5281,48.632]]}},{"type":"Feature","properties":{"name":null},"geometry":{"type":"LineString","coordinates":[[133.6141,48.6109],[133.6127,48.6123],[133.6115,48.6135],[133.6125,48.6151],[133.6151,48.6153],[133.6171,48.6146],[133.6179,48.6139]]}},{"type":"Feature","properties":{"name":null},"geometry":{"type":"LineString","coordinates":[[132.931,48.7124],[132.9321,48.7107],[132.9306,48.7095],[132.9299,48.7089]]}},{"type":"Feature","properties":{"name":null},"geometry":{"type":"LineString","coordinates":[[132.9349,48.6963],[132.937,48.6975],[132.938,48.6984]]}},{"type":"Feature","properties":{"name":"протока Дашутиха"},"geometry":{"type":"LineString","coordinates":[[133.8205,48.6342],[133.8234,48.6342],[133.825,48.6348],[133.8267,48.6349],[133.8283,48.6344],[133.8303,48.6347],[133.8325,48.6367],[133.8345,48.6373],[133.836,48.6367],[133.8358,48.6349],[133.8379,48.6348],[133.8388,48.6365],[133.839,48.6387],[133.8406,48.6396],[133.8396,48.6412],[133.8389,48.6427],[133.8408,48.6441],[133.8425,48.6448],[133.8436,48.646],[133.8455,48.6475],[133.847,48.6481],[133.8476,48.6503],[133.8484,48.6517],[133.8497,48.6528],[133.8522,48.6537]]}},{"type":"Feature","properties":{"name":"протока Сусловка"},"geometry":{"type":"LineString","coordinates":[[133.8388,48.6371],[133.8367,48.6387],[133.8341,48.6403],[133.831,48.6405],[133.8291,48.6416]]}},{"type":"Feature","properties":{"name":"Бирушка"},"geometry":{"type":"LineString","coordinates":[[132.3807,48.506],[132.3826,48.5059],[132.3842,48.5051],[132.3854,48.5034],[132.3869,48.5027],[132.3869,48.5011],[132.3889,48.5014],[132.3905,48.5014],[132.3928,48.5005],[132.3944,48.5003],[132.3967,48.4997],[132.3987,48.4998],[132.4004,48.4992],[132.402,48.4995],[132.4037,48.4989],[132.4056,48.4981],[132.4064,48.4962],[132.4084,48.4964],[132.412,48.4967],[132.4138,48.4972],[132.4156,48.498],[132.418,48.4978],[132.419,48.4964],[132.42,48.4945],[132.4225,48.4929],[132.4246,48.4918],[132.4304,48.4895],[132.4336,48.4881],[132.4362,48.4856],[132.4377,48.4847],[132.4394,48.4848],[132.4411,48.4834],[132.4426,48.4825],[132.4443,48.4812],[132.4468,48.4796],[132.4492,48.4779],[132.4493,48.476],[132.4482,48.4745],[132.4468,48.4733],[132.4489,48.4728],[132.4509,48.4722],[132.453,48.472],[132.4556,48.4724],[132.457,48.4713],[132.4586,48.4702],[132.4611,48.4695],[132.4627,48.4689],[132.4645,48.4677],[132.4686,48.4659],[132.4703,48.465],[132.4726,48.465],[132.4745,48.4656],[132.4761,48.4661],[132.478,48.4666],[132.48,48.4672],[132.4811,48.4651],[132.4817,48.4636],[132.4819,48.4618],[132.4829,48.4604],[132.4816,48.4587],[132.4818,48.4571],[132.4825,48.4545],[132.4829,48.4521],[132.4836,48.4506],[132.4854,48.4485],[132.4869,48.4472],[132.4886,48.4461],[132.4898,48.4445],[132.4902,48.4424],[132.4918,48.4409],[132.4948,48.4406],[132.4939,48.4388],[132.4946,48.4369],[132.4958,48.4357],[132.4982,48.4354],[132.5004,48.4341],[132.5016,48.4327],[132.5035,48.432],[132.5046,48.4306],[132.5053,48.429],[132.5055,48.427],[132.506,48.4254],[132.5077,48.4253],[132.5091,48.4236],[132.509,48.4218],[132.5104,48.421],[132.5121,48.421],[132.5121,48.4227],[132.5137,48.4218],[132.5154,48.4211],[132.517,48.4204],[132.5179,48.4187],[132.5187,48.418]]}},{"type":"Feature","properties":{"name":"Бобриха"},"geometry":{"type":"LineString","coordinates":[[132.4707,48.3168],[132.4714,48.3188],[132.4719,48.3205],[132.4711,48.3221],[132.471,48.3238],[132.4726,48.3246],[132.4741,48.3254],[132.4758,48.3256],[132.477,48.3274],[132.4777,48.3289],[132.4796,48.3292],[132.4816,48.33],[132.4829,48.3313],[132.4829,48.3334],[132.4826,48.3351],[132.4817,48.3368],[132.4828,48.3381],[132.4841,48.3393],[132.4852,48.3408],[132.4865,48.3418],[132.4882,48.3422],[132.4898,48.3429],[132.4909,48.3443],[132.4916,48.3458],[132.4933,48.3463],[132.4925,48.348],[132.4941,48.3509],[132.4954,48.3526],[132.4967,48.3541],[132.4985,48.3553],[132.4993,48.3579],[132.5001,48.3596],[132.501,48.3614],[132.502,48.363],[132.5005,48.365],[132.5014,48.3664],[132.5032,48.3681],[132.5053,48.3677],[132.5075,48.3677],[132.5096,48.3683],[132.5115,48.3681],[132.5133,48.3681],[132.5148,48.3675],[132.5164,48.3669],[132.5158,48.3654],[132.5176,48.3641],[132.5194,48.3635],[132.5213,48.3635],[132.5232,48.3641],[132.525,48.3643],[132.5267,48.3649],[132.5308,48.3651],[132.5325,48.3654],[132.5341,48.3664],[132.5363,48.3666],[132.5384,48.3682],[132.5398,48.3692],[132.5392,48.3711],[132.5407,48.3719],[132.5417,48.3732]]}},{"type":"Feature","properties":{"name":"Большой Таймень"},"geometry":{"type":"LineString","coordinates":[[132.596,48.8246],[132.5946,48.8235],[132.5931,48.822],[132.5917,48.8207],[132.5904,48.8194],[132.5893,48.8179],[132.5886,48.8158],[132.5872,48.8138],[132.586,48.8125],[132.5845,48.8117],[132.5823,48.811],[132.5796,48.8101],[132.578,48.8097],[132.576,48.8092],[132.5736,48.8083],[132.572,48.808],[132.5703,48.8081],[132.5684,48.8088],[132.5673,48.8103],[132.5655,48.8115],[132.5632,48.8122],[132.5619,48.8131],[132.5598,48.814],[132.5581,48.8143],[132.5559,48.815],[132.5544,48.8164],[132.552,48.8168],[132.5495,48.8167],[132.5471,48.8171],[132.5436,48.8177],[132.5415,48.8176],[132.5392,48.8181],[132.5346,48.819],[132.5316,48.8197],[132.5295,48.8204],[132.528,48.8215],[132.5251,48.8227],[132.5232,48.8228],[132.5214,48.8231],[132.52,48.8244],[132.518,48.8244],[132.5157,48.8241],[132.5116,48.8247],[132.51,48.8249],[132.5082,48.8253],[132.5055,48.8254],[132.502,48.8254],[132.4991,48.8256],[132.4971,48.8254],[132.4948,48.825],[132.4898,48.8249],[132.4882,48.8248],[132.4853,48.8243],[132.4838,48.8235],[132.4819,48.8217],[132.4783,48.8208],[132.4766,48.8203],[132.4747,48.8203],[132.4731,48.8205],[132.4708,48.8199],[132.469,48.8201],[132.467,48.8201],[132.4629,48.8189],[132.4609,48.8186],[132.4592,48.8178],[132.4571,48.8176],[132.4552,48.8171],[132.4539,48.8161],[132.4523,48.8149],[132.4503,48.8134],[132.449,48.8122],[132.4478,48.811],[132.4474,48.8092],[132.4455,48.8083],[132.444,48.8076],[132.4402,48.8057],[132.4384,48.8042],[132.4372,48.8029],[132.4358,48.8011],[132.4357,48.7991],[132.4359,48.7975],[132.4351,48.796],[132.4339,48.7947],[132.4341,48.7929],[132.433,48.7913],[132.4322,48.7898],[132.4327,48.7883],[132.4321,48.7867],[132.4335,48.7853],[132.433,48.7835],[132.4319,48.782],[132.4315,48.7804],[132.4311,48.7787],[132.4287,48.7761],[132.4278,48.7745],[132.4255,48.774],[132.4242,48.7727],[132.4215,48.7708],[132.4193,48.7696],[132.4176,48.7692],[132.417,48.7676],[132.4156,48.7666],[132.4138,48.7656],[132.4125,48.7645],[132.4107,48.7648],[132.4087,48.7646],[132.4068,48.7642],[132.4043,48.7629],[132.4029,48.7617],[132.4012,48.761],[132.3984,48.7603],[132.397,48.7589],[132.3953,48.7585],[132.394,48.7569],[132.3931,48.7548],[132.392,48.7535],[132.3901,48.7529],[132.3888,48.7516],[132.3883,48.7495],[132.3872,48.7471],[132.3853,48.7459],[132.3851,48.7437],[132.3835,48.7426],[132.3824,48.7414],[132.3805,48.7419],[132.3796,48.7404],[132.381,48.7395],[132.3789,48.7385],[132.3773,48.7388],[132.3763,48.7375],[132.3745,48.7374],[132.373,48.7364],[132.3727,48.7348],[132.3711,48.7344],[132.3697,48.733],[132.368,48.7322],[132.3663,48.7315],[132.3643,48.7313],[132.3633,48.73],[132.3615,48.7291],[132.3599,48.7282],[132.3615,48.7273],[132.3602,48.7259],[132.3598,48.7242],[132.3591,48.7227],[132.3579,48.7209],[132.3578,48.7192],[132.3583,48.7174],[132.358,48.7157],[132.3591,48.7144],[132.3588,48.7138]]}},{"type":"Feature","properties":{"name":"Малый Таймень"},"geometry":{"type":"LineString","coordinates":[[132.6244,48.707],[132.6228,48.7069],[132.6204,48.7072],[132.618,48.7076],[132.6162,48.7081],[132.6142,48.7079],[132.6124,48.7085],[132.61,48.7094],[132.6084,48.71],[132.6065,48.711],[132.6046,48.7115],[132.6021,48.7116],[132.6001,48.7125],[132.5987,48.7134],[132.597,48.7142],[132.595,48.7144],[132.5926,48.7147],[132.591,48.7149],[132.5894,48.7152],[132.5871,48.7154],[132.5852,48.7159],[132.5835,48.7159],[132.5816,48.7161],[132.5797,48.7163],[132.5781,48.7156],[132.5762,48.7159],[132.573,48.7145],[132.571,48.7143],[132.5698,48.7129],[132.5691,48.7114],[132.5672,48.7109],[132.5662,48.7096],[132.5648,48.7085],[132.5636,48.7073],[132.5625,48.7058],[132.5613,48.7045],[132.5599,48.7032],[132.5582,48.7024],[132.5567,48.7012],[132.5548,48.7009],[132.5532,48.7001],[132.552,48.6988],[132.5505,48.6973],[132.5491,48.6951],[132.5476,48.6942],[132.5461,48.6936],[132.544,48.6936],[132.5423,48.6933],[132.5397,48.6912],[132.5379,48.6908],[132.5357,48.6907],[132.5336,48.6906],[132.5315,48.6906],[132.5294,48.6906],[132.5268,48.691],[132.5246,48.691],[132.5226,48.6908],[132.5195,48.6914],[132.5176,48.6915],[132.5158,48.6915],[132.5141,48.6915],[132.5112,48.6915],[132.5096,48.6911],[132.5079,48.6908],[132.5065,48.6899],[132.5047,48.6898],[132.5021,48.6897],[132.5,48.6896],[132.4979,48.6898],[132.4961,48.6906],[132.4944,48.6905],[132.4926,48.6911],[132.4907,48.6911],[132.4889,48.6911],[132.4871,48.6907],[132.4852,48.691],[132.4848,48.6926],[132.4837,48.6941],[132.482,48.6963],[132.4802,48.6982],[132.4786,48.7001],[132.4772,48.7015],[132.4752,48.7025],[132.4737,48.7029],[132.472,48.703],[132.4691,48.704],[132.4675,48.7043],[132.4658,48.7046],[132.4643,48.705],[132.4621,48.7058],[132.4602,48.7067],[132.458,48.7076],[132.456,48.7085],[132.4537,48.7092],[132.452,48.7092],[132.4503,48.7091],[132.4487,48.7091],[132.4471,48.7095],[132.4454,48.7095],[132.443,48.7093],[132.4407,48.7088],[132.4372,48.7083],[132.4353,48.7086],[132.4338,48.7096],[132.432,48.71],[132.4304,48.7115],[132.4282,48.7119],[132.4262,48.7121],[132.4245,48.7121],[132.4226,48.7122]]}},{"type":"Feature","properties":{"name":"Средний Таймень"},"geometry":{"type":"LineString","coordinates":[[132.4226,48.7122],[132.4212,48.7112],[132.4194,48.7109],[132.4178,48.7115],[132.4163,48.7123],[132.4148,48.7129],[132.4132,48.7126],[132.411,48.712],[132.4093,48.7128],[132.4075,48.7125],[132.4061,48.7114],[132.404,48.7116],[132.4028,48.7135],[132.4021,48.715],[132.4013,48.7135],[132.3997,48.7134],[132.3989,48.7148],[132.3972,48.7143],[132.3956,48.7147],[132.394,48.7152],[132.3918,48.7163],[132.3904,48.7172],[132.3889,48.7183],[132.3872,48.7177],[132.3859,48.7167],[132.384,48.7168],[132.3823,48.7165],[132.3803,48.7173],[132.3786,48.7163],[132.3763,48.7168],[132.3741,48.7164],[132.3724,48.7162],[132.3706,48.7158],[132.369,48.7153],[132.3671,48.7157],[132.3651,48.7151],[132.3629,48.7146],[132.3614,48.7135],[132.3598,48.7138],[132.3588,48.7138]]}},{"type":"Feature","properties":{"name":"Средний Таймень"},"geometry":{"type":"LineString","coordinates":[[132.5673,48.7569],[132.5651,48.757],[132.5633,48.7574],[132.5613,48.7578],[132.5597,48.7586],[132.5581,48.7588],[132.5562,48.7587],[132.5549,48.7597],[132.5533,48.7601],[132.5514,48.7605],[132.5496,48.7607],[132.5477,48.7609],[132.5452,48.7614],[132.5438,48.7625],[132.5421,48.7625],[132.5404,48.7626],[132.5387,48.7629],[132.5371,48.7635],[132.5354,48.7635],[132.5337,48.7635],[132.5321,48.7631],[132.5305,48.7635],[132.5291,48.7628],[132.5273,48.7622],[132.5257,48.7621],[132.5242,48.7614],[132.5228,48.7606],[132.5208,48.76],[132.5191,48.7596],[132.517,48.7594],[132.5152,48.7597],[132.5135,48.7589],[132.5115,48.7589],[132.5098,48.7584],[132.5088,48.757],[132.5074,48.7561],[132.5063,48.7549],[132.5047,48.7541],[132.5033,48.7528],[132.5014,48.752],[132.5002,48.7509],[132.4992,48.7495],[132.4976,48.7489],[132.4958,48.7485],[132.4939,48.7484],[132.4922,48.748],[132.4911,48.7464],[132.4896,48.7472],[132.4879,48.7465],[132.4869,48.7459]]}},{"type":"Feature","properties":{"name":"Средний Таймень"},"geometry":{"type":"LineString","coordinates":[[132.4869,48.7459],[132.4855,48.7451],[132.4836,48.7449],[132.4823,48.7439],[132.4808,48.7429],[132.4799,48.7413],[132.479,48.7399],[132.4782,48.7384],[132.477,48.7373],[132.4758,48.7358],[132.4775,48.7348],[132.4754,48.7335],[132.4734,48.7325],[132.4718,48.7321],[132.471,48.7307],[132.4695,48.7297],[132.4682,48.7286],[132.4669,48.7275],[132.4662,48.726],[132.4649,48.7249],[132.4632,48.7243],[132.4615,48.7236],[132.4597,48.7228],[132.4581,48.722],[132.4569,48.7208],[132.4552,48.7211],[132.4533,48.72],[132.4535,48.7184],[132.4516,48.7175],[132.4502,48.7168],[132.4479,48.7171],[132.4461,48.7174],[132.4444,48.7175],[132.4427,48.7174],[132.4407,48.717],[132.4389,48.7169],[132.4372,48.717],[132.4355,48.7173],[132.4338,48.7168],[132.4322,48.7167],[132.4305,48.7164],[132.4282,48.7165],[132.4265,48.7164],[132.4248,48.7156],[132.4237,48.7144],[132.4227,48.7124],[132.4226,48.7122]]}},{"type":"Feature","properties":{"name":"Икура"},"geometry":{"type":"LineString","coordinates":[[132.9111,48.8196],[132.9126,48.8203],[132.9141,48.8195],[132.9149,48.8181],[132.915,48.8165],[132.9165,48.816],[132.915,48.8154],[132.9165,48.8146],[132.9185,48.8142],[132.9204,48.8137],[132.9208,48.8121]]}},{"type":"Feature","properties":{"name":"Икура"},"geometry":{"type":"LineString","coordinates":[[132.9264,48.9332],[132.9254,48.9318],[132.9251,48.93],[132.924,48.9287],[132.9227,48.9276],[132.921,48.9281],[132.9202,48.9267],[132.9184,48.9267],[132.9173,48.9255],[132.9164,48.9242],[132.9156,48.9227],[132.9142,48.9218],[132.9126,48.9222],[132.9122,48.9206],[132.9106,48.9201],[132.9106,48.9184],[132.9093,48.9174],[132.9085,48.916],[132.908,48.9144],[132.9071,48.9127],[132.9056,48.912],[132.9047,48.9106],[132.9053,48.9091],[132.9051,48.9075],[132.9042,48.9062],[132.9047,48.9044],[132.9055,48.9029],[132.9064,48.9016],[132.9067,48.8999],[132.9074,48.8985],[132.9075,48.8968],[132.906,48.8963],[132.9067,48.8958]]}},{"type":"Feature","properties":{"name":"Икура"},"geometry":{"type":"LineString","coordinates":[[132.9067,48.8958],[132.9051,48.8953],[132.906,48.8939],[132.9044,48.8931],[132.9032,48.892],[132.9038,48.8904],[132.9034,48.8888],[132.9026,48.8873],[132.9041,48.8868],[132.9026,48.8862],[132.9014,48.8849],[132.901,48.8834],[132.9016,48.8819],[132.9022,48.8804],[132.9006,48.8798],[132.8992,48.8789],[132.8976,48.8785],[132.8964,48.8774],[132.8955,48.876],[132.896,48.8745],[132.8973,48.8735],[132.899,48.8734],[132.9,48.8729]]}},{"type":"Feature","properties":{"name":"Икура"},"geometry":{"type":"LineString","coordinates":[[132.9,48.8729],[132.8989,48.8716],[132.898,48.8703],[132.8988,48.8689],[132.8981,48.8674],[132.897,48.8659],[132.8961,48.8645],[132.8973,48.8635],[132.896,48.8623],[132.8946,48.8612],[132.8932,48.8603],[132.8925,48.8589],[132.8911,48.8577],[132.892,48.8563],[132.8935,48.8557],[132.8926,48.8543],[132.8912,48.8536],[132.8915,48.8519],[132.8923,48.8505],[132.8933,48.8493],[132.8917,48.8485],[132.8917,48.8484]]}},{"type":"Feature","properties":{"name":"Икура"},"geometry":{"type":"LineString","coordinates":[[132.8917,48.8484],[132.8929,48.8472],[132.8941,48.8462],[132.8945,48.8445],[132.8961,48.8446],[132.8977,48.8441],[132.8962,48.8434],[132.8971,48.8419],[132.8978,48.8404],[132.8993,48.8397],[132.9008,48.839],[132.9004,48.8374],[132.902,48.8371],[132.9033,48.836],[132.9048,48.8353],[132.9055,48.8337],[132.9058,48.8322],[132.9057,48.8305],[132.9063,48.829],[132.9055,48.8277],[132.9038,48.8269],[132.9048,48.8256],[132.9065,48.8253],[132.9075,48.824],[132.909,48.823],[132.9095,48.8213],[132.9106,48.82],[132.9111,48.8196]]}},{"type":"Feature","properties":{"name":null},"geometry":{"type":"LineString","coordinates":[[132.9111,48.8195],[132.9111,48.8196]]}},{"type":"Feature","properties":{"name":null},"geometry":{"type":"LineString","coordinates":[[132.416,48.0187],[132.4177,48.0182],[132.4183,48.0163],[132.4182,48.0161]]}},{"type":"Feature","properties":{"name":"Солонечная"},"geometry":{"type":"LineString","coordinates":[[132.4189,48.0154],[132.4207,48.0156],[132.4221,48.0147],[132.4205,48.0131],[132.4201,48.0116]]}},{"type":"Feature","properties":{"name":null},"geometry":{"type":"LineString","coordinates":[[133.0777,48.2392],[133.0786,48.2393]]}},{"type":"Feature","properties":{"name":null},"geometry":{"type":"LineString","coordinates":[[133.084,48.2313],[133.0849,48.2327],[133.0847,48.2311],[133.084,48.2313]]}},{"type":"Feature","properties":{"name":null},"geometry":{"type":"LineString","coordinates":[[132.9149,48.8153],[132.9163,48.8143],[132.9175,48.8144]]}},{"type":"Feature","properties":{"name":null},"geometry":{"type":"LineString","coordinates":[[132.9368,48.6988],[132.9384,48.6996],[132.94,48.6988]]}},{"type":"Feature","properties":{"name":"Ржавка"},"geometry":{"type":"LineString","coordinates":[[132.9285,48.6897],[132.9264,48.6886],[132.9247,48.6869],[132.9239,48.6849],[132.9228,48.6833],[132.9237,48.6817],[132.9252,48.6811],[132.927,48.6807],[132.9279,48.6791],[132.9294,48.6778],[132.9311,48.6772],[132.9309,48.6755],[132.9304,48.6734],[132.9288,48.6725],[132.9278,48.6708],[132.9297,48.6694],[132.9316,48.6696],[132.9332,48.6699],[132.9349,48.6688],[132.9376,48.669],[132.9384,48.6691]]}},{"type":"Feature","properties":{"name":null},"geometry":{"type":"LineString","coordinates":[[133.0742,48.4687],[133.076,48.4692],[133.0779,48.4701],[133.0786,48.4718]]}},{"type":"Feature","properties":{"name":"протока"},"geometry":{"type":"LineString","coordinates":[[133.0958,48.4783],[133.0954,48.479]]}},{"type":"Feature","properties":{"name":"Солонечная"},"geometry":{"type":"LineString","coordinates":[[132.5001,47.9526],[132.5017,47.9527],[132.5032,47.952],[132.5046,47.9511],[132.5047,47.9494],[132.5048,47.9478],[132.5058,47.9464],[132.5073,47.9458],[132.5088,47.9452],[132.5104,47.9456],[132.5115,47.9444],[132.513,47.9436],[132.5146,47.9437],[132.5162,47.9436],[132.5178,47.9432],[132.5195,47.9436],[132.5213,47.9437],[132.5229,47.9435],[132.5245,47.9438],[132.5249,47.9454],[132.5263,47.9445],[132.5279,47.9442],[132.5295,47.9446],[132.5292,47.943],[132.5304,47.9419],[132.532,47.9414],[132.533,47.9426],[132.5346,47.9425],[132.534,47.941],[132.5354,47.9401],[132.5369,47.9395],[132.538,47.9383],[132.5393,47.9373],[132.5404,47.9361],[132.5395,47.9347],[132.5382,47.9339],[132.5385,47.9323],[132.5388,47.9307],[132.5402,47.9299],[132.542,47.9296],[132.5435,47.9287],[132.5425,47.9274],[132.5443,47.9273],[132.5455,47.926],[132.5471,47.9259],[132.5487,47.9257],[132.5496,47.9243],[132.5481,47.9238],[132.5465,47.9233],[132.5479,47.9224],[132.5494,47.922],[132.551,47.9227],[132.5511,47.921],[132.5522,47.9197],[132.5536,47.9204],[132.5544,47.919],[132.5552,47.9176],[132.5569,47.9182],[132.5585,47.9175],[132.5602,47.9173],[132.5617,47.9179],[132.5634,47.9176],[132.5643,47.9162],[132.5662,47.916],[132.5679,47.9163],[132.5697,47.9167],[132.572,47.9162],[132.5717,47.9144],[132.5725,47.9128],[132.574,47.912],[132.5756,47.9113],[132.5764,47.9099],[132.5778,47.9083],[132.5798,47.9078],[132.5825,47.9079],[132.5845,47.9079],[132.587,47.9078],[132.5895,47.9083],[132.5908,47.9097],[132.5929,47.9109],[132.596,47.9108],[132.598,47.9109],[132.6007,47.9129],[132.604,47.915],[132.6102,47.9161]]}},{"type":"Feature","properties":{"name":"Михайловская протока"},"geometry":{"type":"LineString","coordinates":[[132.6457,47.8695],[132.6443,47.8711],[132.6419,47.8743],[132.6409,47.8762],[132.6402,47.8781],[132.6398,47.8826],[132.6398,47.8846],[132.6398,47.887],[132.6393,47.8891],[132.6383,47.8906],[132.6368,47.8916],[132.6354,47.8928],[132.6345,47.8945],[132.6347,47.8962],[132.6335,47.8982],[132.6318,47.8991],[132.6292,47.9007],[132.6279,47.9016],[132.6263,47.9031],[132.6254,47.9045],[132.6246,47.9062],[132.6233,47.9077],[132.6215,47.9094],[132.6192,47.9112],[132.6172,47.9126],[132.6155,47.9135],[132.6131,47.9143],[132.6113,47.9149],[132.6102,47.9164],[132.6124,47.9182],[132.6143,47.9192],[132.6168,47.9206],[132.6188,47.9218],[132.6203,47.9227],[132.622,47.9236],[132.6237,47.9243],[132.626,47.9252],[132.628,47.9264],[132.6306,47.9282],[132.6328,47.9296],[132.6344,47.9308],[132.6359,47.932],[132.6377,47.9332],[132.6394,47.9342],[132.6417,47.9351],[132.6465,47.9369],[132.6569,47.9418]]}},{"type":"Feature","properties":{"name":"Вертопрашиха"},"geometry":{"type":"LineString","coordinates":[[132.5981,48.0001],[132.5975,47.9986],[132.5985,47.9973],[132.5988,47.9957],[132.6003,47.9952],[132.6006,47.9936],[132.6019,47.9926],[132.6035,47.9925],[132.6052,47.9929],[132.6066,47.9937],[132.6082,47.9945],[132.6098,47.9941],[132.6112,47.9933],[132.6128,47.9929],[132.6143,47.9933],[132.6159,47.9929],[132.6175,47.9934],[132.619,47.9942],[132.6206,47.9942],[132.6222,47.994],[132.6237,47.9947],[132.6254,47.9946],[132.6271,47.9945],[132.6287,47.9949],[132.6302,47.9942],[132.6318,47.9947],[132.6334,47.9947],[132.6351,47.9953],[132.6364,47.9962],[132.6381,47.9964],[132.6388,47.9949],[132.6404,47.9946],[132.642,47.9948],[132.6429,47.9934],[132.6446,47.9931],[132.6457,47.9918],[132.6471,47.9909],[132.6482,47.9897],[132.6477,47.9882],[132.649,47.9873],[132.6505,47.9866],[132.6521,47.9864],[132.6539,47.9863],[132.6557,47.9869],[132.6574,47.9869],[132.6573,47.9852],[132.6588,47.9845],[132.6604,47.9842],[132.6611,47.9827],[132.6627,47.9836],[132.6643,47.9839],[132.6654,47.9852],[132.6637,47.9858],[132.6642,47.9873],[132.6654,47.9861],[132.6664,47.9873],[132.668,47.9879],[132.6696,47.9889],[132.6713,47.9889],[132.6726,47.9875],[132.674,47.9864],[132.6759,47.9868],[132.6771,47.9856],[132.6786,47.9861],[132.6804,47.9862],[132.6826,47.9862],[132.6844,47.9861],[132.6857,47.9875],[132.6858,47.9891],[132.6875,47.9887],[132.6893,47.9883],[132.6896,47.9904],[132.6911,47.9919],[132.6927,47.9918],[132.6943,47.9903],[132.6964,47.9869],[132.6981,47.9854],[132.7071,47.9771],[132.716,47.9691],[132.7234,47.9618]]}},{"type":"Feature","properties":{"name":"Вертопрашиха"},"geometry":{"type":"LineString","coordinates":[[132.575,48.0185],[132.5766,48.018],[132.5767,48.0164],[132.5778,48.0152],[132.579,48.0141],[132.5805,48.0134],[132.5797,48.012],[132.5812,48.0115],[132.5828,48.0109],[132.584,48.0098],[132.5837,48.0099]]}},{"type":"Feature","properties":{"name":"Вертопрашиха"},"geometry":{"type":"LineString","coordinates":[[132.554,48.0386],[132.553,48.0372],[132.5532,48.0356],[132.5529,48.034],[132.5542,48.033],[132.5558,48.0328],[132.5574,48.0326],[132.5568,48.0311],[132.5576,48.0298],[132.5592,48.0298],[132.5604,48.0287],[132.562,48.0283],[132.5629,48.027],[132.564,48.0257],[132.5656,48.0255],[132.5663,48.024],[132.5677,48.0233],[132.5689,48.0222],[132.5698,48.0208],[132.5714,48.0202],[132.5729,48.0198],[132.5742,48.0187],[132.575,48.0185]]}},{"type":"Feature","properties":{"name":"Вертопрашиха"},"geometry":{"type":"LineString","coordinates":[[132.5347,48.0505],[132.5354,48.0491],[132.5369,48.0488],[132.5378,48.0474],[132.5389,48.0461],[132.5405,48.0463],[132.541,48.0448],[132.5425,48.0443],[132.5441,48.044],[132.5457,48.0441],[132.5472,48.0434],[132.5484,48.0423],[132.5501,48.0422],[132.5504,48.0406],[132.552,48.0404],[132.5527,48.0389],[132.554,48.0386]]}},{"type":"Feature","properties":{"name":"Большой Ушумун"},"geometry":{"type":"LineString","coordinates":[[132.7207,48.4397],[132.7224,48.4389],[132.7239,48.4395],[132.7253,48.4387],[132.7261,48.4388]]}},{"type":"Feature","properties":{"name":"Большой Ушумун"},"geometry":{"type":"LineString","coordinates":[[132.7203,48.4413],[132.7207,48.4397]]}},{"type":"Feature","properties":{"name":"Urmi River"},"geometry":{"type":"LineString","coordinates":[[133.4854,49.2009],[133.4853,49.1983],[133.4844,49.1959],[133.4825,49.1954],[133.4807,49.1948],[133.4789,49.1933],[133.4796,49.1914],[133.4798,49.1897],[133.4814,49.1888],[133.4828,49.1878],[133.4849,49.186],[133.4867,49.1848],[133.4888,49.1842],[133.4907,49.1838],[133.4922,49.183],[133.4933,49.1817],[133.4947,49.1806],[133.4947,49.1777],[133.4938,49.176],[133.4921,49.1732],[133.4907,49.1709],[133.489,49.1696],[133.4872,49.1693],[133.4838,49.1694],[133.4821,49.1692],[133.4807,49.1678],[133.4796,49.1662],[133.4803,49.1639],[133.4817,49.1629],[133.4834,49.1624],[133.4857,49.1623],[133.4874,49.1621],[133.4902,49.16],[133.4908,49.1579],[133.4903,49.1558],[133.4885,49.1537],[133.4873,49.1522],[133.4875,49.1504],[133.4895,49.1481],[133.4902,49.146],[133.4896,49.1443],[133.4882,49.1431],[133.4844,49.1415],[133.4832,49.1403],[133.4838,49.1388],[133.4855,49.1381],[133.4905,49.1382],[133.4933,49.1377],[133.495,49.1371],[133.496,49.1357],[133.4955,49.1321],[133.4939,49.1282],[133.4937,49.1266],[133.4924,49.1235],[133.4913,49.1164],[133.4902,49.1151],[133.4841,49.1108],[133.4826,49.1094],[133.4859,49.1068],[133.4877,49.1052],[133.4887,49.1022],[133.4871,49.0991],[133.4863,49.096],[133.483,49.0942],[133.4814,49.0933],[133.4796,49.0916],[133.4762,49.0874],[133.4753,49.083],[133.474,49.08],[133.473,49.0778],[133.4724,49.0763],[133.4722,49.0733],[133.4725,49.0708],[133.4714,49.0684],[133.47,49.0675],[133.4676,49.0659],[133.4638,49.0637],[133.4618,49.0637],[133.4603,49.0644],[133.4583,49.0648],[133.4557,49.0637],[133.4528,49.0614],[133.4519,49.0597],[133.4519,49.0577],[133.4544,49.0547],[133.4528,49.0504],[133.4483,49.0451],[133.4462,49.0427],[133.4427,49.0415],[133.4412,49.0409],[133.4417,49.0388],[133.4427,49.0375],[133.4466,49.0368],[133.448,49.0359],[133.4481,49.0343],[133.447,49.0319],[133.4468,49.03],[133.4474,49.028],[133.4492,49.0271],[133.4512,49.0267],[133.4537,49.0252],[133.4569,49.0238],[133.4567,49.0215],[133.4552,49.0202],[133.4524,49.0184],[133.4522,49.0164],[133.4514,49.0136],[133.4523,49.0115],[133.4546,49.0103],[133.4561,49.0087],[133.4566,49.007],[133.456,49.0052],[133.4554,49.0033],[133.4557,49.001],[133.4559,48.9983],[133.4545,48.9964],[133.4524,48.9933],[133.4497,48.9924],[133.4474,48.9915],[133.4463,48.9903],[133.4467,48.988],[133.4472,48.9858],[133.4427,48.9818],[133.4387,48.9796],[133.437,48.9784],[133.4358,48.9768],[133.4339,48.9714],[133.4298,48.9692],[133.4274,48.9685],[133.4262,48.9675],[133.425,48.9651],[133.4234,48.9633],[133.4214,48.9623],[133.4178,48.958],[133.4163,48.9564],[133.4147,48.9549],[133.4122,48.9528],[133.4107,48.9518],[133.4109,48.95],[133.4129,48.9491],[133.4119,48.9471],[133.4104,48.9466],[133.4082,48.9464],[133.4065,48.9465],[133.4051,48.9457],[133.4061,48.9441],[133.4035,48.9396],[133.3991,48.9363],[133.3927,48.933],[133.3904,48.9317],[133.3882,48.9316],[133.3866,48.9318],[133.3851,48.9325],[133.3807,48.9312],[133.3788,48.9291],[133.3777,48.9272],[133.3755,48.926],[133.3732,48.926],[133.3707,48.9268],[133.3687,48.9278],[133.3666,48.9281],[133.3649,48.9277],[133.3643,48.9255],[133.3664,48.9242],[133.3675,48.9231],[133.369,48.9219],[133.3684,48.9198],[133.3662,48.9169],[133.3647,48.9151],[133.3641,48.9127],[133.3646,48.9108],[133.3665,48.9091],[133.367,48.9065],[133.3691,48.9031],[133.3699,48.9015],[133.3715,48.8974],[133.3725,48.8949],[133.3746,48.893],[133.3771,48.8917],[133.3793,48.8914],[133.3823,48.8913],[133.384,48.8911],[133.3863,48.8906],[133.3895,48.8898],[133.3919,48.8898],[133.3947,48.8897],[133.3971,48.8895],[133.4004,48.8889],[133.406,48.8871],[133.4091,48.8859],[133.4118,48.8849],[133.4141,48.8838],[133.415,48.8824],[133.4152,48.8804],[133.4167,48.8794],[133.4186,48.8792],[133.4205,48.8795],[133.4221,48.8804],[133.424,48.8817],[133.4255,48.8824],[133.4275,48.8823],[133.4289,48.8813],[133.4297,48.8797],[133.4312,48.8788],[133.4331,48.8798],[133.4335,48.8815],[133.4352,48.8819],[133.4369,48.8812],[133.4396,48.8817],[133.4412,48.8824],[133.4433,48.8831],[133.4453,48.8834],[133.447,48.8835],[133.4486,48.8841],[133.4497,48.8858],[133.452,48.8861],[133.4539,48.885],[133.453,48.8826],[133.4539,48.8812],[133.4559,48.881],[133.4585,48.8814],[133.4606,48.8815],[133.4646,48.8809],[133.4661,48.8803],[133.4662,48.8785],[133.4673,48.8769],[133.4696,48.8765],[133.4716,48.8774],[133.4729,48.8784],[133.4743,48.8797],[133.4762,48.8805],[133.4781,48.8819],[133.48,48.8821],[133.4818,48.8818],[133.4838,48.8814],[133.4873,48.8807],[133.4909,48.8804],[133.4947,48.8804],[133.5009,48.8816],[133.5029,48.8823],[133.5046,48.8825],[133.5065,48.8823],[133.5082,48.8816],[133.5115,48.88],[133.5101,48.8785],[133.5085,48.8781],[133.5097,48.8767],[133.5118,48.8763],[133.5134,48.8764],[133.5152,48.8763],[133.5174,48.8754],[133.5187,48.8726],[133.5203,48.8687],[133.5237,48.8666],[133.5263,48.8665],[133.5295,48.8698],[133.534,48.8709],[133.5368,48.8709],[133.5392,48.8694],[133.5402,48.8661],[133.5441,48.8637],[133.5453,48.8617],[133.5472,48.8611],[133.5515,48.8633],[133.5558,48.8637],[133.5601,48.8629],[133.5617,48.8613],[133.5594,48.8596],[133.5587,48.858],[133.5598,48.8562],[133.5653,48.8551],[133.5699,48.8519],[133.5764,48.8504],[133.5829,48.8533],[133.5862,48.855],[133.5879,48.8558],[133.5965,48.8536],[133.6006,48.8533],[133.609,48.8552],[133.6116,48.8573],[133.6145,48.8582],[133.6174,48.8573],[133.6205,48.8573],[133.6231,48.8564],[133.6264,48.8529],[133.6298,48.8517],[133.6341,48.8518],[133.6355,48.8543],[133.6375,48.8553],[133.6394,48.8551],[133.6413,48.8539],[133.642,48.8513],[133.6435,48.8502],[133.6461,48.851],[133.648,48.8545],[133.6519,48.8567],[133.6557,48.8574],[133.66,48.8593],[133.6609,48.8615],[133.6648,48.8635],[133.6674,48.8637],[133.6689,48.8622],[133.6689,48.8595],[133.6657,48.8569],[133.666,48.8551],[133.6674,48.8538],[133.6698,48.8537],[133.6749,48.8555],[133.6796,48.856],[133.6815,48.8526],[133.6844,48.8515],[133.6882,48.8529],[133.6887,48.8564],[133.6914,48.859],[133.6937,48.8589],[133.7002,48.8562],[133.7055,48.855],[133.7089,48.853],[133.7122,48.8526],[133.7148,48.8533],[133.7153,48.8552],[133.7158,48.8582],[133.7189,48.8594],[133.7227,48.8584],[133.7256,48.8553],[133.7275,48.8506],[133.7297,48.849],[133.7327,48.8496],[133.7346,48.8511],[133.7355,48.853],[133.7375,48.8546],[133.7399,48.8547],[133.7424,48.854]]}},{"type":"Feature","properties":{"name":null},"geometry":{"type":"LineString","coordinates":[[133.1195,47.7683],[133.1198,47.7643],[133.12,47.7605],[133.1202,47.7561],[133.1203,47.7543],[133.1207,47.7472],[133.121,47.7403],[133.1216,47.7258],[133.1222,47.7104],[133.1232,47.6834],[133.1234,47.6782],[133.1238,47.6672],[133.159,47.6491],[133.2546,47.6501],[133.2746,47.6504],[133.2827,47.6488]]}},{"type":"Feature","properties":{"name":"Вертопрашиха"},"geometry":{"type":"LineString","coordinates":[[132.5048,48.1058],[132.5033,48.1051],[132.5012,48.1035],[132.5006,48.1019],[132.5003,48.1001],[132.4989,48.0992],[132.4975,48.0982],[132.4969,48.0964],[132.4964,48.0948],[132.4958,48.0932],[132.4957,48.0916],[132.4949,48.09],[132.4941,48.0886],[132.4935,48.0868],[132.4944,48.0854],[132.496,48.0847],[132.4958,48.0831],[132.4972,48.0822],[132.4986,48.0812],[132.5,48.082],[132.5012,48.0809],[132.5018,48.0793],[132.5032,48.0784],[132.5048,48.0788],[132.5062,48.0782],[132.5078,48.0777],[132.5093,48.0783],[132.5109,48.078],[132.5127,48.0781],[132.5134,48.0766],[132.515,48.0764],[132.5163,48.0754],[132.5177,48.0745],[132.5193,48.0749],[132.5211,48.0746],[132.5228,48.0743],[132.5244,48.0742],[132.5262,48.0742],[132.5276,48.0734],[132.5293,48.0733],[132.53,48.0717],[132.5311,48.0705],[132.5302,48.0691],[132.5289,48.0681],[132.5293,48.0665],[132.5294,48.0649],[132.5288,48.0634],[132.5284,48.0618],[132.5285,48.0602],[132.5302,48.0605],[132.5304,48.0588],[132.532,48.0583],[132.5332,48.0571],[132.5339,48.0557],[132.5328,48.0542],[132.5339,48.053],[132.5352,48.052],[132.5347,48.0505]]}},{"type":"Feature","properties":{"name":null},"geometry":{"type":"LineString","coordinates":[[133.0589,48.1351],[133.0618,48.1349],[133.0645,48.1342],[133.0651,48.1327],[133.0667,48.1319],[133.0691,48.1287],[133.0701,48.1275],[133.0715,48.1264],[133.0785,48.1261],[133.0807,48.1257],[133.0861,48.1228]]}},{"type":"Feature","properties":{"name":"Мориловчиха"},"geometry":{"type":"LineString","coordinates":[[132.9894,48.1455],[132.989,48.1439],[132.9902,48.1427],[132.9898,48.1411],[132.9889,48.1398],[132.9905,48.1391],[132.9924,48.1392],[132.9941,48.1396],[132.9957,48.1393],[132.9961,48.1374],[132.9975,48.1366],[132.9996,48.1376],[133.0001,48.136],[133.0017,48.1362],[133.0009,48.1349],[133.0031,48.1339],[133.0036,48.1355],[133.0053,48.1357],[133.0058,48.1341],[133.0061,48.1321],[133.0083,48.1319],[133.0091,48.1339],[133.011,48.1346],[133.013,48.1354],[133.0153,48.1353],[133.0164,48.1367],[133.0146,48.1365],[133.0167,48.1376],[133.0184,48.1365],[133.0181,48.1348],[133.0194,48.1362],[133.0215,48.1368],[133.0238,48.1351],[133.0256,48.1347],[133.0268,48.1334],[133.0282,48.1321],[133.0302,48.1314],[133.0324,48.1308],[133.0344,48.1312],[133.0357,48.1302],[133.0347,48.1283],[133.0352,48.1257],[133.0364,48.1246],[133.038,48.1242],[133.0418,48.1258],[133.0437,48.1258],[133.046,48.1247],[133.0479,48.125],[133.0485,48.1267],[133.047,48.1287],[133.0478,48.1303],[133.05,48.1311],[133.0533,48.1325],[133.0549,48.1338],[133.0566,48.1347],[133.0589,48.1351]]}},{"type":"Feature","properties":{"name":"Мориловчиха"},"geometry":{"type":"LineString","coordinates":[[132.7675,48.2267],[132.7677,48.2251],[132.7698,48.2249],[132.7714,48.2248],[132.7729,48.2236],[132.7739,48.2222],[132.7762,48.2216],[132.7772,48.2201],[132.7784,48.2185],[132.7802,48.2176],[132.7827,48.2174],[132.7851,48.214],[132.7864,48.2124],[132.789,48.2128],[132.791,48.212],[132.7924,48.2112],[132.7945,48.2113],[132.796,48.2106],[132.7972,48.2095],[132.7992,48.2096],[132.8008,48.2083],[132.8005,48.2067],[132.8019,48.2049],[132.8037,48.2039],[132.8052,48.2027],[132.8072,48.2005],[132.809,48.1993],[132.8131,48.1994],[132.8156,48.2],[132.8172,48.2004],[132.8187,48.202],[132.8206,48.2024],[132.8227,48.2018],[132.8222,48.1998],[132.8243,48.1996],[132.8266,48.2008],[132.8281,48.2021],[132.8301,48.2022],[132.8328,48.2014],[132.8346,48.2011],[132.8363,48.202],[132.8396,48.2036],[132.8413,48.2028],[132.843,48.203],[132.8449,48.2021],[132.8465,48.2015],[132.8483,48.2004],[132.8493,48.1988],[132.8508,48.1976],[132.8532,48.1981],[132.8553,48.1973],[132.8584,48.1966],[132.8607,48.1969],[132.8622,48.1985],[132.8635,48.1996],[132.8652,48.1995],[132.8667,48.1988],[132.8691,48.2002],[132.8711,48.1987],[132.8733,48.1977],[132.8757,48.1974],[132.8769,48.1962],[132.8785,48.196],[132.8797,48.1971],[132.8822,48.1974],[132.8843,48.1972],[132.8842,48.1952],[132.8882,48.1949],[132.8907,48.1946],[132.8942,48.1945],[132.8965,48.1942],[132.8985,48.1952],[132.8999,48.1962],[132.9017,48.1964],[132.9033,48.1957],[132.9051,48.1959],[132.9062,48.1971],[132.9091,48.1976],[132.9112,48.1969],[132.9112,48.1952],[132.9138,48.1928],[132.9157,48.1925],[132.9179,48.1933],[132.9203,48.1932],[132.9226,48.1925],[132.9251,48.1906],[132.9266,48.1899],[132.9289,48.1901],[132.9287,48.1917],[132.9306,48.1924],[132.9329,48.1901],[132.9351,48.1889],[132.9365,48.1907],[132.9384,48.1912],[132.9401,48.1907],[132.9416,48.1916],[132.9436,48.1917],[132.9458,48.1911],[132.9471,48.19],[132.9471,48.188],[132.9492,48.1868],[132.9505,48.185],[132.9512,48.1835],[132.953,48.1833],[132.955,48.1828],[132.9567,48.1814],[132.9589,48.1806],[132.9611,48.1813],[132.9632,48.1817],[132.9654,48.1827],[132.9667,48.184],[132.9686,48.1836],[132.9699,48.1823],[132.9716,48.1819],[132.9727,48.1802],[132.9744,48.1798],[132.9761,48.1788],[132.9792,48.1792],[132.9808,48.1792],[132.9821,48.177],[132.9836,48.176],[132.9853,48.1759],[132.9881,48.1766],[132.9898,48.1753],[132.9903,48.1732],[132.9916,48.1721],[132.9934,48.1715],[132.9949,48.17],[132.9953,48.168],[132.9927,48.1667],[132.991,48.1657],[132.9903,48.1641],[132.9909,48.1624],[132.992,48.1609],[132.9954,48.1588],[132.9965,48.1571],[132.9958,48.155],[132.9956,48.1524],[132.9942,48.1508],[132.992,48.1501],[132.9909,48.1482],[132.9901,48.1468],[132.9894,48.1455]]}},{"type":"Feature","properties":{"name":"Каменушка"},"geometry":{"type":"LineString","coordinates":[[132.7215,48.2679],[132.7231,48.2677],[132.7249,48.268],[132.7268,48.2671],[132.7286,48.2661],[132.7308,48.2651],[132.7329,48.2645],[132.7335,48.2627],[132.7348,48.2607],[132.7366,48.2598],[132.7374,48.2581],[132.7384,48.2565],[132.7404,48.2562],[132.7404,48.2543],[132.7422,48.2528],[132.7434,48.2517],[132.7444,48.2501],[132.7472,48.2472],[132.7489,48.2466],[132.7518,48.2466],[132.7537,48.2468],[132.7562,48.2458],[132.7579,48.2455],[132.7596,48.245],[132.7635,48.2434],[132.7656,48.2406],[132.7668,48.2383],[132.7672,48.2349],[132.7682,48.2334],[132.767,48.2311],[132.7674,48.2277],[132.7675,48.2267]]}},{"type":"Feature","properties":{"name":"Мориловчиха"},"geometry":{"type":"LineString","coordinates":[[132.6356,48.2629],[132.6376,48.2628],[132.6395,48.2622],[132.6414,48.2622],[132.6433,48.2621],[132.6452,48.2615],[132.648,48.2612],[132.6497,48.2611],[132.6517,48.2611],[132.6541,48.2601],[132.6557,48.2597],[132.6576,48.2596],[132.6596,48.2592],[132.662,48.2586],[132.6643,48.2584],[132.6672,48.2581],[132.6696,48.2582],[132.6713,48.2573],[132.6719,48.2555],[132.6746,48.2551],[132.6763,48.2543],[132.6784,48.2533],[132.6817,48.2528],[132.684,48.2513],[132.6856,48.251],[132.6876,48.2502],[132.6891,48.2495],[132.691,48.2487],[132.6928,48.2479],[132.695,48.2474],[132.697,48.2456],[132.6985,48.2449],[132.7002,48.2443],[132.7017,48.2431],[132.7032,48.2421],[132.7056,48.2423],[132.7076,48.2426],[132.7096,48.2423],[132.711,48.2413],[132.7126,48.2408],[132.7142,48.2405],[132.716,48.2401],[132.7175,48.2396],[132.72,48.2394],[132.7218,48.2394],[132.7234,48.2397],[132.7251,48.2394],[132.7271,48.239],[132.7284,48.2381],[132.7313,48.2373],[132.7327,48.2363],[132.7342,48.2349],[132.7359,48.2342],[132.7387,48.2343],[132.7403,48.2344],[132.7422,48.2331],[132.7442,48.2328],[132.746,48.2322],[132.748,48.2314],[132.7508,48.2308],[132.7528,48.2312],[132.7546,48.2305],[132.7567,48.2301],[132.7583,48.2302],[132.7603,48.2297],[132.7618,48.2284],[132.7638,48.2275],[132.7658,48.2272],[132.7675,48.2267]]}},{"type":"Feature","properties":{"name":"Зарубиха"},"geometry":{"type":"LineString","coordinates":[[132.9116,48.0894],[132.9144,48.0873],[132.9161,48.0867],[132.9184,48.0865],[132.92,48.0852],[132.9219,48.0851],[132.9235,48.0848],[132.9254,48.0855],[132.9271,48.0856],[132.9291,48.0845],[132.9301,48.0858],[132.9317,48.0863],[132.9337,48.0877],[132.9352,48.0869],[132.9368,48.0866],[132.9383,48.0874],[132.9375,48.0857],[132.9359,48.0856],[132.9378,48.0846],[132.94,48.0851],[132.939,48.0838],[132.9405,48.0832],[132.9421,48.0832],[132.9437,48.0843],[132.9429,48.0827],[132.9454,48.0818],[132.9473,48.0811],[132.9475,48.0793],[132.9492,48.0794],[132.9498,48.0815],[132.9492,48.083],[132.9509,48.0843],[132.9538,48.0846],[132.956,48.0854],[132.9574,48.0863],[132.9591,48.0871],[132.9607,48.0866],[132.9606,48.0846],[132.9622,48.0839],[132.9642,48.084],[132.9662,48.084],[132.9665,48.0824],[132.9649,48.0814],[132.9629,48.0812],[132.9608,48.0808],[132.9605,48.0788],[132.9635,48.0791],[132.9666,48.0785],[132.9682,48.0786],[132.9703,48.0777],[132.9711,48.0754]]}},{"type":"Feature","properties":{"name":"Икура"},"geometry":{"type":"LineString","coordinates":[[133.0918,48.5632],[133.0905,48.5622],[133.0896,48.5606],[133.0912,48.5605],[133.0916,48.5588],[133.093,48.5578],[133.0928,48.5559],[133.0938,48.5546],[133.0928,48.5533],[133.0913,48.5523],[133.0901,48.5506],[133.0911,48.5492],[133.0926,48.5486],[133.0942,48.5475],[133.0958,48.5472],[133.0978,48.5475],[133.0989,48.546],[133.097,48.546],[133.0957,48.545],[133.0969,48.5436],[133.098,48.5422],[133.0965,48.5416],[133.0949,48.5408],[133.0957,48.5392],[133.097,48.5381],[133.0985,48.5373],[133.0993,48.5359],[133.1006,48.5347],[133.1015,48.5361],[133.1032,48.5355],[133.1051,48.5358],[133.1055,48.5342],[133.1073,48.5339],[133.1061,48.5327],[133.1059,48.5305],[133.1047,48.5291],[133.1043,48.5276],[133.1042,48.526],[133.103,48.5249],[133.1013,48.5253],[133.0996,48.5255],[133.0986,48.5243],[133.0972,48.5234],[133.0989,48.5225],[133.099,48.5207],[133.0975,48.5216],[133.0983,48.5199],[133.0999,48.5195],[133.1011,48.5183],[133.1028,48.5176],[133.1026,48.5158]]}},{"type":"Feature","properties":{"name":"Икура"},"geometry":{"type":"LineString","coordinates":[[133.102,48.5863],[133.1005,48.5866],[133.099,48.5859],[133.0988,48.5843],[133.0994,48.5828],[133.0985,48.5814],[133.0966,48.5815],[133.095,48.5811],[133.0938,48.5798],[133.093,48.5783],[133.0945,48.5775],[133.096,48.5769],[133.0973,48.576],[133.0962,48.5747],[133.0946,48.5751],[133.0945,48.5733],[133.0929,48.5734],[133.0932,48.5718],[133.0918,48.5709],[133.0907,48.5696],[133.0894,48.5685],[133.089,48.5669],[133.089,48.5652],[133.0904,48.5643],[133.0919,48.5638],[133.0918,48.5632]]}},{"type":"Feature","properties":{"name":"Икура"},"geometry":{"type":"LineString","coordinates":[[133.1013,48.6141],[133.1029,48.6135],[133.1045,48.614],[133.106,48.6132],[133.1075,48.6136],[133.1064,48.6125],[133.1071,48.611],[133.1066,48.6093],[133.1053,48.6084],[133.1069,48.6082],[133.109,48.6073],[133.1105,48.6064],[133.1101,48.6048],[133.1114,48.6037],[133.1101,48.6026],[133.1088,48.6016],[133.1071,48.6017],[133.1056,48.601],[133.1042,48.6019],[133.1025,48.6018],[133.1016,48.6004],[133.1001,48.5997],[133.1011,48.5983],[133.1018,48.5968],[133.1002,48.5964],[133.1011,48.595],[133.1018,48.5936],[133.1032,48.5926],[133.1031,48.591],[133.1015,48.5904],[133.1007,48.589],[133.1023,48.5885],[133.1024,48.5867],[133.102,48.5863]]}},{"type":"Feature","properties":{"name":"Икура"},"geometry":{"type":"LineString","coordinates":[[133.0926,48.6235],[133.0912,48.6225],[133.0917,48.6208],[133.0935,48.6212],[133.0952,48.6214],[133.0966,48.6202],[133.0974,48.6218],[133.0991,48.6221],[133.0998,48.6202],[133.0997,48.6182],[133.1004,48.6166],[133.0992,48.6155],[133.1009,48.615],[133.1013,48.6141]]}},{"type":"Feature","properties":{"name":"Икура"},"geometry":{"type":"LineString","coordinates":[[133.0915,48.633],[133.0935,48.6326],[133.0952,48.6329],[133.0955,48.6312],[133.0939,48.6304],[133.0956,48.6302],[133.096,48.6287],[133.0952,48.6272],[133.0949,48.6253],[133.0931,48.6248],[133.0926,48.6235]]}},{"type":"Feature","properties":{"name":"黑鱼泡河"},"geometry":{"type":"LineString","coordinates":[[133.9639,48.2227],[133.9686,48.2246],[133.972,48.2251],[133.9744,48.2249],[133.976,48.224],[133.978,48.2223],[133.98,48.2212],[133.9825,48.221],[133.9867,48.2213],[133.9908,48.2219],[133.9944,48.2247],[133.9978,48.2269],[133.9993,48.2282],[134.0017,48.2307],[134.0034,48.2322],[134.0062,48.2337],[134.0081,48.2345],[134.0094,48.2362],[134.0094,48.238],[134.0111,48.2405],[134.0144,48.2413],[134.019,48.2427],[134.0211,48.244],[134.0219,48.2462],[134.0223,48.2493],[134.0226,48.2513],[134.0235,48.2536],[134.0256,48.2559],[134.027,48.2571],[134.0288,48.2585],[134.0306,48.2593],[134.0322,48.26],[134.0361,48.2594],[134.0377,48.2584],[134.0387,48.2568],[134.0406,48.2564],[134.0423,48.2563],[134.0448,48.2555],[134.047,48.2542],[134.0485,48.2531],[134.0493,48.2503],[134.0464,48.2491],[134.0449,48.247],[134.0437,48.2462]]}},{"type":"Feature","properties":{"name":null},"geometry":{"type":"LineString","coordinates":[[133.3586,48.0997],[133.3584,48.0991]]}},{"type":"Feature","properties":{"name":"Петровская"},"geometry":{"type":"LineString","coordinates":[[133.6969,48.2708],[133.6988,48.2693],[133.7005,48.2675],[133.7,48.2648],[133.6999,48.2626],[133.7005,48.261],[133.7043,48.2606],[133.7069,48.2602],[133.7088,48.26],[133.7065,48.2592],[133.704,48.2592],[133.7056,48.2579],[133.7083,48.2582],[133.7032,48.2561],[133.6997,48.256],[133.6981,48.2565],[133.696,48.2547],[133.6933,48.2527],[133.6915,48.2517],[133.6913,48.2506]]}},{"type":"Feature","properties":{"name":"Петровская"},"geometry":{"type":"LineString","coordinates":[[133.6385,48.2691],[133.6401,48.2693],[133.6402,48.2677],[133.6418,48.2678],[133.6434,48.2669],[133.6448,48.2676],[133.6456,48.2662],[133.6469,48.2652],[133.6491,48.2649],[133.6507,48.2648],[133.6523,48.2652],[133.6542,48.2658],[133.6557,48.2651],[133.6548,48.2667],[133.6546,48.2683],[133.6542,48.2699],[133.6558,48.27],[133.6551,48.2684],[133.6569,48.2686],[133.6586,48.268],[133.6599,48.269],[133.6616,48.2696],[133.6606,48.271],[133.6592,48.2701],[133.6602,48.2718],[133.6622,48.2712],[133.6634,48.2726],[133.6637,48.2742],[133.6654,48.2733],[133.6672,48.2735],[133.669,48.2743],[133.6706,48.2739],[133.6697,48.2756],[133.6711,48.2766],[133.6725,48.2758],[133.6742,48.276],[133.6757,48.2773],[133.6768,48.2785],[133.6777,48.277],[133.6789,48.2758],[133.6805,48.2766],[133.682,48.2755],[133.6837,48.275],[133.6856,48.2759],[133.6872,48.2756],[133.6886,48.2746],[133.687,48.2741],[133.6876,48.2726],[133.6893,48.2718],[133.692,48.2717],[133.6926,48.2701],[133.6943,48.2699],[133.6955,48.271],[133.6969,48.2708]]}},{"type":"Feature","properties":{"name":"Петровская"},"geometry":{"type":"LineString","coordinates":[[133.5701,48.2886],[133.5718,48.2884],[133.572,48.2866],[133.5735,48.2861],[133.5751,48.2862],[133.5749,48.2845],[133.5767,48.2836],[133.5783,48.2837],[133.5799,48.2834],[133.5812,48.2825],[133.583,48.2821],[133.5846,48.2816],[133.5862,48.2814],[133.5875,48.2801],[133.5894,48.2802],[133.5911,48.2801],[133.5926,48.2794],[133.5928,48.281],[133.5944,48.2805],[133.5953,48.2789],[133.5969,48.2793],[133.5983,48.2802],[133.5999,48.28],[133.6016,48.2797],[133.6028,48.2786],[133.6044,48.2789],[133.6058,48.2778],[133.6059,48.2762],[133.6068,48.2749],[133.6083,48.2754],[133.6096,48.2765],[133.611,48.2773],[133.6121,48.2758],[133.6137,48.2751],[133.6121,48.2747],[133.6127,48.2732],[133.6143,48.2733],[133.6159,48.2735],[133.6176,48.273],[133.6192,48.2721],[133.6209,48.272],[133.622,48.2731],[133.6237,48.2734],[133.625,48.2723],[133.6266,48.2727],[133.628,48.2721],[133.6294,48.2712],[133.6313,48.2711],[133.6328,48.2716],[133.6343,48.2711],[133.6361,48.2712],[133.6378,48.2717],[133.6366,48.2707],[133.6359,48.2691],[133.6377,48.2689],[133.6385,48.2691]]}},{"type":"Feature","properties":{"name":"протока Петровкая"},"geometry":{"type":"LineString","coordinates":[[133.6034,48.2008],[133.6034,48.2043],[133.6035,48.2068],[133.6053,48.212],[133.6056,48.2167],[133.6046,48.2197],[133.6048,48.2218],[133.6065,48.2226],[133.6087,48.2225],[133.6117,48.2222],[133.6143,48.2229],[133.6156,48.2242],[133.6163,48.2276],[133.6175,48.2288],[133.6192,48.2294],[133.6266,48.2298],[133.6547,48.2258],[133.6698,48.2269],[133.6741,48.2282],[133.6763,48.2303],[133.6771,48.2323],[133.6768,48.2357],[133.6751,48.2377],[133.6724,48.2401],[133.672,48.2423],[133.6752,48.244],[133.6807,48.2456],[133.6866,48.2492],[133.6913,48.2506],[133.693,48.2505],[133.6993,48.2454],[133.7001,48.2437],[133.7008,48.2419],[133.7022,48.2409],[133.7057,48.2402],[133.7085,48.2403],[133.7117,48.241],[133.7152,48.2405]]}},{"type":"Feature","properties":{"name":null},"geometry":{"type":"LineString","coordinates":[[133.9441,48.1659],[133.9443,48.168],[133.9449,48.1696],[133.945,48.173],[133.9429,48.174],[133.9409,48.1741],[133.9394,48.1735],[133.9377,48.1738],[133.9379,48.1758],[133.94,48.1778],[133.9395,48.1813],[133.9397,48.1838],[133.9412,48.185],[133.9432,48.1857],[133.9448,48.1862],[133.9487,48.1862],[133.9507,48.186],[133.9524,48.1869],[133.9538,48.1889],[133.9529,48.191],[133.9504,48.1918],[133.9466,48.1924],[133.9445,48.1922],[133.9429,48.1914],[133.941,48.1903],[133.938,48.191],[133.9367,48.1925],[133.9363,48.195],[133.9376,48.1968],[133.9387,48.1992],[133.9406,48.2008],[133.9413,48.2023],[133.9439,48.2036],[133.9458,48.204],[133.9488,48.2049],[133.9498,48.2065],[133.9498,48.2086],[133.9514,48.21],[133.9548,48.2111],[133.9568,48.2112],[133.9585,48.2124],[133.9585,48.2144],[133.9598,48.2159],[133.961,48.2176],[133.9633,48.2202],[133.9639,48.2227]]}},{"type":"Feature","properties":{"name":"Nong River"},"geometry":{"type":"LineString","coordinates":[[133.7855,47.8864],[133.7875,47.8861],[133.7893,47.8863],[133.7884,47.8878],[133.7908,47.8888],[133.7907,47.8913],[133.7917,47.8928],[133.7935,47.893],[133.7951,47.8922],[133.7947,47.8895],[133.7968,47.8885],[133.7987,47.8891],[133.8002,47.8897],[133.8025,47.8902],[133.8038,47.8912],[133.8058,47.8912],[133.8072,47.8917]]}},{"type":"Feature","properties":{"name":"Xi River"},"geometry":{"type":"LineString","coordinates":[[133.7478,47.9802],[133.7477,47.9785],[133.7493,47.9784],[133.7509,47.979],[133.7523,47.9784],[133.754,47.9778],[133.756,47.9782],[133.7576,47.9791],[133.7597,47.9788],[133.7604,47.9774],[133.7628,47.9789],[133.7641,47.9775],[133.7647,47.979],[133.7666,47.9791],[133.7684,47.9787],[133.7702,47.978],[133.7722,47.9782],[133.7737,47.9778],[133.776,47.9784],[133.7774,47.9795],[133.7795,47.9794],[133.7806,47.9806],[133.7821,47.9823],[133.784,47.9831],[133.7861,47.9831],[133.7872,47.9833]]}},{"type":"Feature","properties":{"name":"Xi River"},"geometry":{"type":"LineString","coordinates":[[133.7872,47.9833],[133.7891,47.9841],[133.7891,47.9857],[133.7907,47.986],[133.7913,47.9875],[133.7926,47.9862],[133.7932,47.9878],[133.7947,47.9888],[133.796,47.9901],[133.7982,47.9906],[133.8,47.9909],[133.8014,47.9921],[133.8014,47.994],[133.8032,47.9939],[133.8041,47.9953],[133.8056,47.9946],[133.8057,47.9964],[133.8069,47.9975],[133.8087,47.997],[133.8077,47.9985],[133.8085,47.9989]]}},{"type":"Feature","properties":{"name":"Xi River"},"geometry":{"type":"LineString","coordinates":[[133.8085,47.9989],[133.8109,47.9981],[133.8135,47.9969],[133.8153,47.9964],[133.8171,47.997],[133.8187,47.996],[133.8206,47.9972],[133.8223,47.9968],[133.822,47.9951],[133.8243,47.9961],[133.826,47.996],[133.8277,47.9966],[133.8291,47.9955],[133.831,47.9958],[133.8332,47.9958],[133.8348,47.9966],[133.8368,47.9966],[133.8383,47.9961],[133.8369,47.9972],[133.8392,47.9967],[133.8411,47.9966],[133.8412,47.9983],[133.8433,47.9978],[133.8438,47.9963]]}},{"type":"Feature","properties":{"name":"Xi River"},"geometry":{"type":"LineString","coordinates":[[133.9232,48.0415],[133.9208,48.0426],[133.9201,48.0442],[133.9226,48.0457],[133.9237,48.0469],[133.9231,48.0489],[133.922,48.0508],[133.923,48.0512]]}},{"type":"Feature","properties":{"name":"Xi River"},"geometry":{"type":"LineString","coordinates":[[133.7361,47.9817],[133.7385,47.9827],[133.7402,47.9827],[133.7421,47.9827],[133.7427,47.9811],[133.7437,47.9796],[133.7454,47.9797],[133.7464,47.9784],[133.7474,47.98],[133.7478,47.9802]]}},{"type":"Feature","properties":{"name":"Xi River"},"geometry":{"type":"LineString","coordinates":[[133.8718,48.0182],[133.8734,48.0172],[133.8756,48.0183],[133.8761,48.0217],[133.8778,48.0222],[133.8789,48.0207],[133.8792,48.0222],[133.8809,48.0214],[133.8792,48.0235],[133.8815,48.0233],[133.8822,48.0252],[133.8851,48.0262],[133.8859,48.028],[133.8875,48.0285],[133.8886,48.0304],[133.8907,48.0307],[133.8921,48.0299],[133.894,48.0296],[133.8956,48.0284],[133.8972,48.0287],[133.8969,48.0308],[133.8985,48.0319],[133.9002,48.0329],[133.902,48.0324],[133.9041,48.0323],[133.9071,48.0333],[133.9087,48.034],[133.9112,48.0339],[133.9129,48.0358],[133.9155,48.0375],[133.9174,48.0383],[133.9192,48.0389],[133.9205,48.04],[133.9223,48.0413],[133.9232,48.0415]]}},{"type":"Feature","properties":{"name":null},"geometry":{"type":"LineString","coordinates":[[133.7631,47.5693],[133.7578,47.5682],[133.7505,47.5669],[133.7469,47.5662],[133.743,47.5655]]}},{"type":"Feature","properties":{"name":"Икура"},"geometry":{"type":"LineString","coordinates":[[132.9544,48.787],[132.9544,48.7868]]}},{"type":"Feature","properties":{"name":"Икура"},"geometry":{"type":"LineString","coordinates":[[132.9524,48.7904],[132.9526,48.79]]}},{"type":"Feature","properties":{"name":"Amur"},"geometry":{"type":"LineString","coordinates":[[132.5107,47.7147],[132.5181,47.7144],[132.5265,47.7137],[132.5329,47.7135],[132.539,47.7134],[132.545,47.7139],[132.5487,47.7143]]}},{"type":"Feature","properties":{"name":"Урми"},"geometry":{"type":"LineString","coordinates":[[133.3807,48.9312],[133.379,48.9308],[133.3772,48.9304],[133.3754,48.9302],[133.3736,48.9298],[133.3719,48.9302],[133.3702,48.9304],[133.3684,48.9299],[133.366,48.9297],[133.364,48.9292],[133.3618,48.9279],[133.3593,48.9261],[133.3579,48.9244],[133.3565,48.923],[133.3562,48.9212],[133.3571,48.9195],[133.3574,48.9173],[133.3574,48.9157],[133.3595,48.9134],[133.3596,48.9116],[133.3579,48.9105],[133.3557,48.91],[133.3543,48.909],[133.3527,48.908],[133.3521,48.9062],[133.3534,48.9041],[133.3554,48.9027],[133.3579,48.9016],[133.3603,48.9013],[133.3627,48.9015],[133.3646,48.9014],[133.3663,48.9007],[133.3679,48.8997],[133.3708,48.898],[133.3715,48.8974]]}},{"type":"Feature","properties":{"name":"Урми"},"geometry":{"type":"LineString","coordinates":[[133.3863,48.8906],[133.3871,48.8886],[133.3887,48.8869],[133.3902,48.8863],[133.3934,48.8859],[133.3962,48.8855],[133.3976,48.8843],[133.3961,48.883],[133.3967,48.8811],[133.3991,48.8805],[133.4013,48.8806],[133.4026,48.8826],[133.4053,48.8843],[133.4074,48.8848],[133.4098,48.8841],[133.4111,48.883],[133.4126,48.8819],[133.415,48.8809]]}},{"type":"Feature","properties":{"name":"Урми"},"geometry":{"type":"LineString","coordinates":[[133.3914,48.8861],[133.3931,48.8871],[133.3936,48.8886],[133.3961,48.8892],[133.3973,48.8895]]}},{"type":"Feature","properties":{"name":"Урми"},"geometry":{"type":"LineString","coordinates":[[133.4158,48.8798],[133.4144,48.8785],[133.4145,48.8768],[133.4172,48.8772],[133.4191,48.8775],[133.4213,48.8773],[133.4232,48.8775],[133.4249,48.8778],[133.426,48.8762],[133.4278,48.8751],[133.4294,48.8753],[133.4319,48.8769],[133.4333,48.878],[133.4355,48.8795],[133.4372,48.8806],[133.4382,48.8811]]}},{"type":"Feature","properties":{"name":"Урми"},"geometry":{"type":"LineString","coordinates":[[133.4585,48.8814],[133.4607,48.8805],[133.463,48.8796],[133.4648,48.8797],[133.4662,48.8784]]}},{"type":"Feature","properties":{"name":"Урми"},"geometry":{"type":"LineString","coordinates":[[133.4769,48.8809],[133.4788,48.8809],[133.4805,48.8809],[133.4829,48.8816]]}},{"type":"Feature","properties":{"name":"Урми"},"geometry":{"type":"LineString","coordinates":[[133.5112,48.8764],[133.511,48.8743],[133.5127,48.8733],[133.5159,48.8731],[133.5176,48.873],[133.5187,48.8726]]}},{"type":"Feature","properties":{"name":null},"geometry":{"type":"LineString","coordinates":[[133.3587,48.0999],[133.3586,48.0999]]}},{"type":"Feature","properties":{"name":null},"geometry":{"type":"LineString","coordinates":[[133.3586,48.0999],[133.3586,48.0997]]}},{"type":"Feature","properties":{"name":null},"geometry":{"type":"LineString","coordinates":[[133.5191,48.0725],[133.5177,48.0736],[133.516,48.0748],[133.5146,48.0756],[133.5126,48.0773]]}},{"type":"Feature","properties":{"name":null},"geometry":{"type":"LineString","coordinates":[[133.5192,48.0725],[133.5191,48.0725]]}},{"type":"Feature","properties":{"name":null},"geometry":{"type":"LineString","coordinates":[[133.5194,48.0723],[133.5192,48.0725]]}},{"type":"Feature","properties":{"name":null},"geometry":{"type":"LineString","coordinates":[[133.5198,48.072],[133.5194,48.0723]]}},{"type":"Feature","properties":{"name":"Nong River"},"geometry":{"type":"LineString","coordinates":[[133.7809,47.8827],[133.7855,47.8864]]}},{"type":"Feature","properties":{"name":null},"geometry":{"type":"LineString","coordinates":[[132.4234,47.9979],[132.4245,47.9965],[132.4264,47.9963],[132.4279,47.995],[132.4283,47.9934],[132.4291,47.9919],[132.4305,47.991],[132.4303,47.9892],[132.4287,47.9882],[132.4297,47.9868],[132.4309,47.9857],[132.4314,47.984],[132.4315,47.9839]]}},{"type":"Feature","properties":{"name":null},"geometry":{"type":"LineString","coordinates":[[132.5878,47.8763],[132.5897,47.8765],[132.592,47.8793],[132.5923,47.8811],[132.5918,47.8831],[132.5897,47.8852],[132.5873,47.8863],[132.5854,47.8897],[132.5851,47.8913],[132.5841,47.8927],[132.5855,47.8954],[132.5863,47.8976],[132.5871,47.9001],[132.591,47.9037],[132.5944,47.907],[132.598,47.9109]]}},{"type":"Feature","properties":{"name":"Грязнушка"},"geometry":{"type":"LineString","coordinates":[[132.6075,48.2865],[132.6096,48.288],[132.6105,48.2894],[132.611,48.2915],[132.6126,48.2933],[132.614,48.2953],[132.6141,48.2955]]}},{"type":"Feature","properties":{"name":null},"geometry":{"type":"LineString","coordinates":[[132.6141,48.2955],[132.6153,48.2967],[132.6163,48.2982],[132.6165,48.2999],[132.6175,48.3015],[132.6179,48.3031],[132.6194,48.304],[132.6196,48.3042]]}},{"type":"Feature","properties":{"name":"Грязнушка"},"geometry":{"type":"LineString","coordinates":[[132.6135,48.2979],[132.6145,48.2995],[132.6149,48.3012],[132.6148,48.3031],[132.6141,48.3046],[132.6139,48.3047]]}},{"type":"Feature","properties":{"name":"Поперечная"},"geometry":{"type":"LineString","coordinates":[[132.6188,48.2865],[132.6186,48.2882],[132.6179,48.2898],[132.6179,48.2914],[132.6185,48.2931],[132.6181,48.2947],[132.6177,48.2963],[132.617,48.2978],[132.6179,48.2993],[132.6192,48.3003],[132.6201,48.302],[132.6202,48.3037],[132.6195,48.3043]]}},{"type":"Feature","properties":{"name":null},"geometry":{"type":"LineString","coordinates":[[132.6242,48.3095],[132.6253,48.3114],[132.6252,48.3122]]}},{"type":"Feature","properties":{"name":null},"geometry":{"type":"LineString","coordinates":[[132.7727,47.7926],[132.7699,47.7933],[132.7682,47.793],[132.7663,47.792],[132.7653,47.7906]]}},{"type":"Feature","properties":{"name":null},"geometry":{"type":"LineString","coordinates":[[132.7653,47.7906],[132.7636,47.7873],[132.7619,47.7846],[132.7615,47.7818],[132.755,47.7818],[132.7528,47.7833],[132.751,47.7838],[132.749,47.7839],[132.7453,47.7831],[132.741,47.7833],[132.7389,47.7829],[132.7396,47.7811],[132.7413,47.781],[132.7435,47.7808],[132.7453,47.7799],[132.7448,47.7764],[132.7419,47.7747],[132.7399,47.7733],[132.7387,47.7713],[132.7368,47.7696],[132.7338,47.7683],[132.732,47.7674],[132.7284,47.7628]]}},{"type":"Feature","properties":{"name":"Аур"},"geometry":{"type":"LineString","coordinates":[[133.2902,48.7512],[133.2911,48.7499],[133.2929,48.7493],[133.2952,48.749],[133.2972,48.749],[133.2995,48.7482],[133.3014,48.7472],[133.3032,48.7465],[133.3048,48.7464],[133.3064,48.7464],[133.3081,48.7459],[133.3088,48.7444],[133.3096,48.7421],[133.3094,48.7399],[133.3101,48.7382],[133.3117,48.7364],[133.3141,48.7355],[133.3153,48.7331],[133.3146,48.7312],[133.313,48.731],[133.3117,48.7322],[133.3096,48.7317],[133.3099,48.7299],[133.3121,48.7295],[133.3139,48.7283],[133.3153,48.7262],[133.3169,48.7258],[133.3186,48.7258],[133.3201,48.7254],[133.3216,48.7244],[133.3249,48.7238],[133.3269,48.7229],[133.3256,48.7202],[133.3237,48.7169],[133.3221,48.7161],[133.3204,48.7161],[133.318,48.7165],[133.3162,48.7156],[133.3143,48.714],[133.313,48.713],[133.3132,48.7114],[133.3154,48.7117],[133.3179,48.7118],[133.3223,48.7117],[133.3278,48.7116],[133.3301,48.7107],[133.3315,48.7096],[133.3311,48.7074],[133.3295,48.7056],[133.3273,48.7051],[133.3268,48.7029],[133.3248,48.7012],[133.3228,48.7004],[133.323,48.6984],[133.325,48.6975],[133.327,48.6959],[133.3296,48.6945],[133.3317,48.6938],[133.3344,48.693],[133.3362,48.6921],[133.336,48.6902],[133.3382,48.6899],[133.3384,48.6895]]}},{"type":"Feature","properties":{"name":"Аур"},"geometry":{"type":"LineString","coordinates":[[133.3071,48.9121],[133.3052,48.9103],[133.3052,48.9085],[133.3067,48.9078],[133.3076,48.9064],[133.3071,48.9048],[133.3069,48.9031],[133.3053,48.9015],[133.3042,48.9002],[133.3023,48.9007],[133.3001,48.9002],[133.2994,48.8985],[133.2974,48.8978],[133.2957,48.8967],[133.2937,48.8974],[133.2914,48.898],[133.2894,48.8992],[133.2871,48.8989],[133.2875,48.8969],[133.2874,48.8949],[133.2857,48.8927],[133.2851,48.8911],[133.2861,48.8894],[133.286,48.8878],[133.2856,48.8855],[133.2855,48.8837],[133.2832,48.8818],[133.281,48.8812],[133.2799,48.8798],[133.2794,48.878],[133.2807,48.8763],[133.284,48.8757],[133.2856,48.8744],[133.2852,48.8718],[133.2838,48.8706],[133.2815,48.8697],[133.2803,48.8683],[133.2803,48.866],[133.2821,48.8649],[133.2812,48.8633],[133.2817,48.8614],[133.2819,48.8597],[133.2807,48.8585],[133.2792,48.8569],[133.2797,48.8551],[133.2805,48.8535],[133.281,48.8516],[133.2825,48.8507],[133.2817,48.8485],[133.28,48.8475],[133.2791,48.8452],[133.2795,48.8424],[133.2804,48.841],[133.2829,48.839],[133.284,48.8375],[133.2859,48.8373],[133.2874,48.8364],[133.2893,48.8355],[133.289,48.8338],[133.291,48.8325],[133.293,48.8307],[133.294,48.8292],[133.2956,48.8285],[133.2978,48.8278],[133.2995,48.8276],[133.301,48.8263],[133.3016,48.8244],[133.303,48.8225],[133.3039,48.8207],[133.3036,48.8191],[133.3013,48.8169],[133.2998,48.8162],[133.2973,48.816],[133.2951,48.8168],[133.2931,48.8167],[133.2904,48.8154],[133.289,48.8136],[133.2886,48.8113],[133.2887,48.8096],[133.2898,48.808],[133.2913,48.8066],[133.2921,48.8048],[133.2899,48.8032],[133.288,48.8033],[133.2865,48.8026],[133.2851,48.801],[133.2844,48.7984],[133.2852,48.7963],[133.2855,48.7936],[133.2833,48.7913],[133.2827,48.7896],[133.2857,48.7882],[133.2873,48.7857],[133.2871,48.7824],[133.2882,48.7798],[133.29,48.7793],[133.2924,48.7788],[133.2921,48.7771],[133.2901,48.7769],[133.2882,48.7771],[133.2861,48.777],[133.2837,48.7765],[133.2819,48.7767],[133.2804,48.7746],[133.2786,48.7736],[133.2765,48.7736],[133.2771,48.7714],[133.2789,48.7703],[133.2797,48.768],[133.2792,48.7665],[133.2777,48.7655],[133.276,48.7648],[133.2768,48.763],[133.2779,48.7614],[133.2796,48.7607],[133.2813,48.7623],[133.2831,48.7618],[133.2839,48.7602],[133.2831,48.7587],[133.2844,48.7569],[133.2867,48.7563],[133.2873,48.7582],[133.2886,48.7595],[133.2904,48.7597],[133.2915,48.7578],[133.2916,48.756],[133.2922,48.7544],[133.2905,48.7538],[133.2896,48.7521],[133.2902,48.7512]]}},{"type":"Feature","properties":{"name":"Глинянка"},"geometry":{"type":"LineString","coordinates":[[133.0212,48.8665],[133.0226,48.8661]]}},{"type":"Feature","properties":{"name":null},"geometry":{"type":"LineString","coordinates":[[132.596,47.6115],[132.5935,47.617],[132.5928,47.6196],[132.5913,47.6203],[132.5907,47.6207]]}},{"type":"Feature","properties":{"name":null},"geometry":{"type":"LineString","coordinates":[[132.4201,48.0116],[132.4187,48.0103],[132.4192,48.008],[132.4206,48.0067],[132.4222,48.0061],[132.4221,48.004],[132.4224,48.0018],[132.4227,48.0],[132.4227,47.9981],[132.4234,47.9979]]}},{"type":"Feature","properties":{"name":null},"geometry":{"type":"LineString","coordinates":[[132.4182,48.0161],[132.4189,48.0154]]}},{"type":"Feature","properties":{"name":null},"geometry":{"type":"LineString","coordinates":[[133.7074,48.926],[133.7091,48.9257],[133.7102,48.9243],[133.7116,48.9252],[133.7132,48.9261],[133.7148,48.927],[133.7167,48.9279],[133.7182,48.9289],[133.7198,48.9289],[133.7196,48.9271],[133.719,48.9256],[133.7209,48.925],[133.7226,48.9252],[133.7244,48.9249],[133.7261,48.925],[133.7271,48.9263],[133.7274,48.928],[133.7289,48.929],[133.7297,48.9305],[133.7309,48.9315],[133.7326,48.9318],[133.7343,48.9314],[133.7353,48.93],[133.7361,48.9285],[133.7358,48.9268],[133.7348,48.9247],[133.7362,48.9233],[133.7378,48.9224],[133.7399,48.9227],[133.7414,48.9216],[133.7415,48.92],[133.7433,48.9204],[133.7443,48.9191],[133.7454,48.9179],[133.7468,48.917],[133.7482,48.916],[133.7495,48.9146],[133.7503,48.913],[133.7501,48.911],[133.7481,48.9099],[133.7465,48.9096],[133.7447,48.9096],[133.743,48.9098],[133.7413,48.9102],[133.7393,48.9101],[133.7394,48.9083],[133.7393,48.9066],[133.7411,48.9048],[133.74,48.9035],[133.7385,48.9028],[133.7369,48.9025],[133.7375,48.9009],[133.7384,48.8995],[133.74,48.8991],[133.7416,48.8981],[133.7402,48.897],[133.7386,48.898],[133.7383,48.8963],[133.7382,48.8945],[133.7381,48.8929],[133.737,48.8916],[133.7349,48.8923],[133.7333,48.8912],[133.7341,48.8897],[133.7353,48.8885],[133.737,48.8874],[133.7394,48.8868],[133.7394,48.8851],[133.7386,48.8836],[133.7369,48.8845],[133.7351,48.8855],[133.7333,48.8849],[133.7346,48.8834],[133.7347,48.8816],[133.7366,48.8791],[133.7385,48.8774],[133.7398,48.8763],[133.7406,48.8749],[133.7422,48.8743],[133.744,48.8745],[133.7457,48.8739],[133.7477,48.8731],[133.7495,48.8729],[133.7513,48.8731],[133.7512,48.8711],[133.7519,48.8696],[133.7518,48.8679],[133.7506,48.8665],[133.7491,48.8654],[133.7474,48.8649],[133.7457,48.8644],[133.7441,48.864],[133.7424,48.8641],[133.7421,48.8658],[133.7408,48.8672],[133.7391,48.8669],[133.739,48.8645],[133.7373,48.8638],[133.7381,48.8622],[133.7395,48.861],[133.7405,48.8594],[133.742,48.8587],[133.7416,48.8569],[133.7422,48.8554],[133.7424,48.854]]}},{"type":"Feature","properties":{"name":"Urmi River"},"geometry":{"type":"LineString","coordinates":[[133.7424,48.854],[133.7443,48.8532],[133.7486,48.8484],[133.7536,48.8452],[133.7567,48.8403],[133.7609,48.8388],[133.7678,48.8378],[133.7709,48.8359]]}},{"type":"Feature","properties":{"name":null},"geometry":{"type":"LineString","coordinates":[[133.5517,48.7492],[133.5521,48.7477],[133.5546,48.7468],[133.5561,48.7461],[133.5579,48.7459],[133.5592,48.7471],[133.5609,48.7467],[133.5626,48.7455],[133.564,48.7448],[133.5655,48.7434],[133.5673,48.7433],[133.5691,48.7432],[133.5708,48.7433],[133.5722,48.7443],[133.5736,48.7457],[133.576,48.7463],[133.5781,48.7458],[133.5799,48.7441],[133.5795,48.742],[133.5776,48.7406],[133.5769,48.7392],[133.577,48.7375],[133.5782,48.7362],[133.5797,48.7354],[133.5814,48.735],[133.5829,48.7339],[133.5845,48.7333],[133.586,48.7317],[133.5881,48.7304],[133.5898,48.7299],[133.5914,48.7301],[133.5927,48.7312],[133.5952,48.7313],[133.5965,48.7303],[133.598,48.731],[133.5978,48.7328],[133.5977,48.7345],[133.5995,48.735],[133.601,48.7356],[133.6024,48.7365],[133.604,48.7365],[133.6057,48.7368],[133.607,48.7359],[133.6094,48.7343],[133.611,48.734],[133.6127,48.7341],[133.614,48.7329],[133.6158,48.7328],[133.6176,48.7332],[133.6193,48.7334],[133.6215,48.7342],[133.6222,48.7357],[133.6221,48.7374],[133.6216,48.7392],[133.6213,48.7408],[133.6226,48.7419],[133.6238,48.7431],[133.6256,48.7436],[133.6271,48.7431],[133.6283,48.742],[133.6299,48.7415],[133.6315,48.7411],[133.6329,48.7402],[133.6345,48.7397],[133.6361,48.7399],[133.6375,48.7407],[133.6391,48.7412],[133.6408,48.7415],[133.6423,48.7407],[133.644,48.7405],[133.6451,48.7417],[133.6452,48.7433],[133.6465,48.7444],[133.6486,48.7449],[133.6507,48.7449],[133.6527,48.7456],[133.6547,48.7458],[133.6565,48.7464],[133.6582,48.746],[133.6602,48.746],[133.6619,48.7455],[133.6633,48.7445],[133.6641,48.7431],[133.6657,48.7425],[133.6673,48.7422],[133.6689,48.7417],[133.6705,48.7412],[133.6728,48.741],[133.6745,48.741],[133.676,48.7405],[133.6777,48.7406],[133.6794,48.7404],[133.681,48.7408],[133.6825,48.7417],[133.6841,48.7424],[133.6857,48.7427],[133.6868,48.7441],[133.6883,48.7448],[133.6896,48.7461],[133.6911,48.747],[133.6933,48.747],[133.6946,48.7471]]}},{"type":"Feature","properties":{"name":null},"geometry":{"type":"LineString","coordinates":[[133.4631,48.8299],[133.4644,48.8283],[133.4659,48.8271],[133.4666,48.8256],[133.4675,48.8242],[133.469,48.8235],[133.4705,48.8226],[133.472,48.8222],[133.4738,48.8219],[133.4756,48.8222],[133.4788,48.8224],[133.4805,48.8221],[133.4819,48.8211],[133.4821,48.8195],[133.4816,48.8179],[133.4828,48.8167],[133.4846,48.8156],[133.4858,48.8145],[133.4859,48.8128],[133.4872,48.8118],[133.4867,48.8102],[133.4861,48.8087],[133.4866,48.807],[133.4878,48.806],[133.4894,48.8064],[133.4909,48.8058],[133.4921,48.8046],[133.494,48.803],[133.4949,48.8014],[133.4939,48.8001],[133.4927,48.7987],[133.4937,48.7974],[133.4946,48.796],[133.4962,48.7954],[133.4977,48.7945],[133.4989,48.7935],[133.4994,48.792],[133.5011,48.7913],[133.5024,48.7901],[133.5031,48.7886],[133.5032,48.7869],[133.5035,48.7854],[133.5054,48.7838],[133.5081,48.7837],[133.511,48.7838],[133.5126,48.7842],[133.5142,48.7846],[133.5161,48.7846],[133.5178,48.7844],[133.5194,48.784],[133.5211,48.7843],[133.5228,48.7844],[133.5244,48.7852],[133.5264,48.7854],[133.5284,48.7847],[133.5291,48.7832],[133.53,48.7817],[133.5315,48.7805],[133.5322,48.779],[133.5307,48.7775],[133.5291,48.7765],[133.5276,48.7761],[133.5257,48.7762],[133.5234,48.7748],[133.5215,48.773],[133.5204,48.7706],[133.5208,48.7687],[133.522,48.7667],[133.5241,48.7655],[133.5258,48.7652],[133.5275,48.7653],[133.5291,48.7658],[133.5308,48.7662],[133.5322,48.7669],[133.5355,48.7671],[133.5381,48.7668],[133.5409,48.7663],[133.5428,48.7655],[133.5443,48.7643],[133.546,48.7625],[133.5473,48.7612],[133.5502,48.7604],[133.5527,48.7599],[133.5553,48.7597],[133.5571,48.759],[133.5584,48.7576],[133.559,48.7561],[133.5586,48.7544],[133.5587,48.7525],[133.5576,48.7507],[133.556,48.7502],[133.5543,48.7506],[133.5528,48.7496],[133.5517,48.7492]]}},{"type":"Feature","properties":{"name":"Urmi River"},"geometry":{"type":"LineString","coordinates":[[133.7674,48.7438],[133.7639,48.7422],[133.7625,48.7404],[133.7642,48.7375],[133.7675,48.7361],[133.7795,48.7378],[133.785,48.7371],[133.7869,48.7353],[133.7862,48.7329],[133.7827,48.729],[133.7833,48.7266],[133.7857,48.7255],[133.7903,48.7274],[133.7927,48.7273],[133.793,48.7248],[133.7872,48.7214],[133.7881,48.7195],[133.792,48.719],[133.7953,48.7188],[133.7948,48.7162],[133.7893,48.7149],[133.7881,48.7127],[133.7903,48.7109],[133.7937,48.7109],[133.7966,48.7124],[133.7985,48.7162],[133.8018,48.7178],[133.807,48.7173],[133.8116,48.7192],[133.8149,48.7198],[133.8173,48.719],[133.8176,48.7172],[133.8135,48.7143],[133.8087,48.7132],[133.8057,48.7122],[133.8045,48.7087],[133.8058,48.7049],[133.8087,48.7006],[133.8128,48.6995],[133.8171,48.6995],[133.8198,48.6983],[133.82,48.6958],[133.8173,48.6928],[133.8116,48.6874],[133.8111,48.6846],[133.8124,48.6829]]}},{"type":"Feature","properties":{"name":null},"geometry":{"type":"LineString","coordinates":[[133.6946,48.7471],[133.6966,48.747],[133.6982,48.7466],[133.6995,48.7451],[133.7009,48.7432],[133.7017,48.7415],[133.7033,48.7411],[133.7038,48.7394],[133.7035,48.7376],[133.7026,48.7355],[133.7017,48.7339],[133.7001,48.7331],[133.6987,48.7323],[133.6969,48.7314],[133.6956,48.7302],[133.6939,48.7295],[133.6924,48.7288],[133.6905,48.7287],[133.6888,48.7289],[133.6867,48.728],[133.6864,48.7263],[133.6851,48.7252],[133.6841,48.7239],[133.6844,48.7223],[133.6854,48.7209],[133.6867,48.7199],[133.6881,48.719],[133.6899,48.7184],[133.6914,48.7175],[133.6929,48.7183],[133.6944,48.7178],[133.696,48.7177],[133.6978,48.7181],[133.6997,48.7181],[133.7011,48.7189],[133.7027,48.7196],[133.7029,48.7212],[133.704,48.7224],[133.7037,48.724],[133.7051,48.725],[133.707,48.7257],[133.709,48.7266],[133.7105,48.7273],[133.7121,48.7275],[133.7136,48.7281],[133.7149,48.7291],[133.716,48.7303],[133.7168,48.7318],[133.7181,48.7328],[133.7173,48.7343],[133.7174,48.736],[133.717,48.7376],[133.7166,48.7392],[133.7154,48.7403],[133.7152,48.7419],[133.7147,48.7434],[133.7137,48.7448],[133.7131,48.7464],[133.7121,48.7477],[133.7106,48.7485],[133.7092,48.7493],[133.7088,48.7508],[133.7093,48.7524],[133.7083,48.7537],[133.7093,48.7549],[133.7092,48.7565],[133.7101,48.7581],[133.7113,48.7593],[133.7122,48.7608],[133.714,48.7604],[133.7156,48.7601],[133.7173,48.7601],[133.7189,48.7605],[133.7205,48.76],[133.7219,48.759],[133.7234,48.7585],[133.725,48.758],[133.7266,48.7579],[133.7251,48.7572],[133.7268,48.7567],[133.7277,48.7553],[133.7292,48.7543],[133.7308,48.7539],[133.73,48.7524],[133.7284,48.7519],[133.7289,48.7504],[133.7292,48.7487],[133.7299,48.7473],[133.7284,48.7465],[133.7298,48.7457],[133.7315,48.7456],[133.7303,48.7444],[133.7317,48.7435],[133.732,48.7419],[133.7337,48.7419],[133.7327,48.7407],[133.7335,48.7391],[133.7329,48.7376],[133.7338,48.7363],[133.7355,48.7359],[133.737,48.7362],[133.7377,48.7347],[133.7393,48.7345],[133.741,48.7347],[133.7427,48.7349],[133.7443,48.7345],[133.7451,48.733],[133.7468,48.7328],[133.7486,48.7331],[133.7491,48.7348],[133.7508,48.7347],[133.7523,48.7339],[133.754,48.7342],[133.7557,48.7353],[133.7571,48.737],[133.7583,48.7389],[133.7582,48.7406],[133.7587,48.7436],[133.7598,48.7449],[133.7599,48.7472],[133.7607,48.7487],[133.7623,48.7494],[133.7623,48.7478],[133.764,48.7481],[133.7654,48.7472],[133.7661,48.7457],[133.7677,48.7453],[133.7674,48.7438]]}},{"type":"Feature","properties":{"name":"青龙河"},"geometry":{"type":"LineString","coordinates":[[132.7867,47.8166],[132.7845,47.8169],[132.784,47.8184],[132.7851,47.82],[132.786,47.8227],[132.7844,47.8244],[132.7826,47.8252],[132.7807,47.8261],[132.7799,47.8272]]}},{"type":"Feature","properties":{"name":"莲花河"},"geometry":{"type":"LineString","coordinates":[[132.7844,47.8303],[132.7862,47.8308],[132.7875,47.8315]]}},{"type":"Feature","properties":{"name":"青龙河"},"geometry":{"type":"LineString","coordinates":[[132.9274,47.7328],[132.9271,47.7334]]}},{"type":"Feature","properties":{"name":"青龙河"},"geometry":{"type":"LineString","coordinates":[[132.9293,47.7313],[132.928,47.7324],[132.9274,47.7328]]}},{"type":"Feature","properties":{"name":"青龙河"},"geometry":{"type":"LineString","coordinates":[[132.8175,47.8093],[132.8163,47.8081],[132.8146,47.8083],[132.8157,47.8101],[132.8174,47.8109],[132.8164,47.8125],[132.8147,47.8133],[132.8132,47.8123],[132.8115,47.8121],[132.8117,47.8104],[132.81,47.8104],[132.808,47.8109],[132.8063,47.8104],[132.8045,47.8104],[132.805,47.8118]]}},{"type":"Feature","properties":{"name":"青龙河"},"geometry":{"type":"LineString","coordinates":[[132.8236,47.8024],[132.8219,47.8018],[132.8204,47.8009],[132.8194,47.7995],[132.8181,47.7986],[132.8173,47.8002],[132.8161,47.8017],[132.8178,47.8026],[132.8171,47.8043],[132.8182,47.8055],[132.819,47.8055]]}},{"type":"Feature","properties":{"name":"青龙河"},"geometry":{"type":"LineString","coordinates":[[132.819,47.8055],[132.8205,47.8045],[132.8221,47.8036],[132.8238,47.8033],[132.8249,47.8045],[132.8234,47.8047]]}},{"type":"Feature","properties":{"name":"青龙河"},"geometry":{"type":"LineString","coordinates":[[132.8226,47.8054],[132.8231,47.807],[132.8216,47.8076],[132.8195,47.8073],[132.8179,47.8079],[132.8175,47.8093]]}},{"type":"Feature","properties":{"name":"青龙河"},"geometry":{"type":"LineString","coordinates":[[132.8234,47.8047],[132.8226,47.8054]]}},{"type":"Feature","properties":{"name":"青龙河"},"geometry":{"type":"LineString","coordinates":[[132.8494,47.7862],[132.8492,47.7882]]}},{"type":"Feature","properties":{"name":"青龙河"},"geometry":{"type":"LineString","coordinates":[[132.8492,47.7882],[132.8496,47.7902],[132.8509,47.7917],[132.8514,47.7935],[132.8504,47.7956],[132.849,47.7968],[132.8473,47.7977],[132.8457,47.7987],[132.8438,47.7994],[132.8424,47.8001],[132.8413,47.8014],[132.8391,47.8014],[132.8374,47.8017],[132.8357,47.8013],[132.8349,47.8027],[132.8332,47.8034],[132.8311,47.8018],[132.8292,47.8022],[132.828,47.801],[132.826,47.8008],[132.8245,47.8019],[132.8236,47.8024]]}},{"type":"Feature","properties":{"name":"青龙河"},"geometry":{"type":"LineString","coordinates":[[132.8598,47.7851],[132.8576,47.7852],[132.8536,47.7837],[132.852,47.7829],[132.8504,47.7828],[132.8491,47.7837],[132.8495,47.7853],[132.8494,47.7862]]}},{"type":"Feature","properties":{"name":"青龙河"},"geometry":{"type":"LineString","coordinates":[[132.927,47.7032],[132.9274,47.7049],[132.9278,47.7065],[132.9285,47.7083],[132.9293,47.7102],[132.9295,47.7125],[132.9291,47.7141],[132.9289,47.7161],[132.9284,47.7178],[132.9281,47.7195],[132.9271,47.7211],[132.927,47.7229],[132.9271,47.7249],[132.9272,47.7267],[132.9281,47.7282],[132.9283,47.73],[132.9296,47.731],[132.9294,47.7312]]}},{"type":"Feature","properties":{"name":"青龙河"},"geometry":{"type":"LineString","coordinates":[[132.9294,47.7312],[132.9293,47.7313]]}},{"type":"Feature","properties":{"name":"青龙河"},"geometry":{"type":"LineString","coordinates":[[132.8722,47.7824],[132.8721,47.7841],[132.8704,47.7838],[132.8685,47.7842],[132.8668,47.7847],[132.865,47.785],[132.8632,47.785],[132.8616,47.7848],[132.8598,47.7851]]}},{"type":"Feature","properties":{"name":"青龙河"},"geometry":{"type":"LineString","coordinates":[[132.805,47.8118],[132.8034,47.8128],[132.802,47.8119],[132.8,47.811],[132.7982,47.811],[132.7964,47.8102],[132.7958,47.8117],[132.7974,47.813],[132.7991,47.8133],[132.8007,47.8125],[132.7996,47.8138],[132.7981,47.8148],[132.7959,47.8155],[132.7942,47.8154],[132.7931,47.8143],[132.7934,47.8127],[132.7922,47.8116],[132.7907,47.8123],[132.791,47.814],[132.7916,47.8155],[132.7938,47.8164],[132.796,47.8176],[132.7969,47.8191],[132.7955,47.8207],[132.7945,47.8221],[132.7928,47.8213],[132.7911,47.8199],[132.7893,47.8197],[132.7903,47.8182],[132.7892,47.8168],[132.7872,47.8166],[132.7867,47.8166]]}},{"type":"Feature","properties":{"name":"青龙河"},"geometry":{"type":"LineString","coordinates":[[132.8975,47.7767],[132.8959,47.777],[132.8945,47.7777],[132.8934,47.779],[132.892,47.7798],[132.8907,47.7809],[132.8893,47.7818],[132.8883,47.7805],[132.8866,47.7809],[132.8857,47.7795],[132.8856,47.7779],[132.8869,47.7769],[132.8856,47.7759],[132.884,47.7764],[132.8829,47.7752],[132.8813,47.7747],[132.8798,47.7752],[132.8782,47.7756],[132.8766,47.7762],[132.875,47.7767],[132.8755,47.7783],[132.8751,47.7798],[132.8737,47.7805],[132.8724,47.7818],[132.8722,47.7824]]}},{"type":"Feature","properties":{"name":"青龙河"},"geometry":{"type":"LineString","coordinates":[[132.878,47.7756],[132.8781,47.7772],[132.8765,47.7775],[132.8749,47.7778],[132.8748,47.7778]]}},{"type":"Feature","properties":{"name":"别拉洪河"},"geometry":{"type":"LineString","coordinates":[[133.6234,47.5228],[133.6243,47.5228]]}},{"type":"Feature","properties":{"name":"别拉洪河"},"geometry":{"type":"LineString","coordinates":[[133.6243,47.5228],[133.6258,47.5223],[133.6275,47.5219],[133.6293,47.5217],[133.6311,47.5217],[133.6328,47.5223],[133.6343,47.5233],[133.6364,47.5231],[133.638,47.5236],[133.6401,47.5233],[133.6418,47.5232],[133.6436,47.5226],[133.6456,47.5232]]}},{"type":"Feature","properties":{"name":"别拉洪河"},"geometry":{"type":"LineString","coordinates":[[133.6193,47.5224],[133.6209,47.522],[133.6225,47.5225],[133.6234,47.5228]]}},{"type":"Feature","properties":{"name":"别拉洪河"},"geometry":{"type":"LineString","coordinates":[[133.9904,47.5226],[133.9921,47.5231],[133.9928,47.5246],[133.9945,47.525],[133.9964,47.5249],[133.9989,47.5257],[134.0007,47.526],[134.0025,47.5262],[134.0041,47.5271],[134.006,47.527],[134.0085,47.5275],[134.0104,47.5277],[134.0119,47.5283],[134.0136,47.5297],[134.0152,47.531],[134.0175,47.5318],[134.0194,47.5323],[134.0227,47.5325],[134.0243,47.5326],[134.0263,47.5333],[134.0279,47.5343],[134.0297,47.535],[134.0305,47.5364],[134.0332,47.5363],[134.0359,47.5362],[134.0344,47.5326]]}},{"type":"Feature","properties":{"name":"别拉洪河"},"geometry":{"type":"LineString","coordinates":[[133.9257,47.5331],[133.9293,47.533],[133.9324,47.5354],[133.9341,47.5334],[133.9349,47.5314],[133.9403,47.5298],[133.9433,47.5277],[133.9538,47.5258],[133.9576,47.5237],[133.96,47.5204],[133.9645,47.5193],[133.9665,47.5196],[133.9676,47.5184],[133.9697,47.5192],[133.9714,47.5193],[133.9733,47.5193],[133.9742,47.5195]]}},{"type":"Feature","properties":{"name":"别拉洪河"},"geometry":{"type":"LineString","coordinates":[[133.9742,47.5195],[133.9747,47.521],[133.9764,47.5211],[133.9782,47.5207],[133.9801,47.5207],[133.9813,47.5203]]}},{"type":"Feature","properties":{"name":"别拉洪河"},"geometry":{"type":"LineString","coordinates":[[133.9813,47.5203],[133.9829,47.5207],[133.9845,47.5213],[133.9863,47.5219],[133.988,47.5224],[133.99,47.5224],[133.9904,47.5226]]}},{"type":"Feature","properties":{"name":"别拉洪河"},"geometry":{"type":"LineString","coordinates":[[133.798,47.5355],[133.806,47.5357],[133.8089,47.5388],[133.8126,47.5387],[133.8166,47.539],[133.8221,47.5402],[133.8256,47.5411],[133.8278,47.5401],[133.8376,47.5416],[133.859,47.5419],[133.8594,47.5393],[133.8611,47.5391],[133.8624,47.538],[133.8647,47.5382],[133.8664,47.5381],[133.8679,47.5374],[133.8695,47.5375],[133.8711,47.5375],[133.8729,47.5373],[133.8746,47.5369],[133.8762,47.536],[133.8769,47.5344],[133.8782,47.5332],[133.88,47.5326],[133.8817,47.5333],[133.8834,47.533],[133.8849,47.5323],[133.8865,47.5328],[133.8882,47.5334],[133.8905,47.5331],[133.8924,47.5323],[133.8953,47.5327],[133.8972,47.5331],[133.8991,47.5336],[133.9005,47.5345],[133.9025,47.5347],[133.904,47.5355],[133.9097,47.535],[133.9135,47.5347],[133.9153,47.5344],[133.9157,47.5327],[133.9178,47.5314],[133.9197,47.5323],[133.9214,47.5321],[133.9234,47.5321],[133.9254,47.532],[133.9258,47.5319]]}},{"type":"Feature","properties":{"name":null},"geometry":{"type":"LineString","coordinates":[[133.9258,47.5319],[133.9259,47.5303],[133.926,47.5267],[133.9262,47.5247],[133.9258,47.524]]}},{"type":"Feature","properties":{"name":"别拉洪河"},"geometry":{"type":"LineString","coordinates":[[133.9258,47.5319],[133.9257,47.5331]]}},{"type":"Feature","properties":{"name":null},"geometry":{"type":"LineString","coordinates":[[133.7376,47.535],[133.7398,47.5357],[133.7417,47.5354],[133.7437,47.5353],[133.7454,47.5358],[133.7473,47.5355],[133.7494,47.5353],[133.7513,47.5355],[133.7556,47.5356],[133.7576,47.5354],[133.7605,47.5355],[133.7632,47.5324],[133.7702,47.5299],[133.7757,47.5313],[133.7821,47.5315],[133.7885,47.5331],[133.7905,47.5323],[133.7919,47.5331],[133.798,47.5355]]}},{"type":"Feature","properties":{"name":"别拉洪河"},"geometry":{"type":"LineString","coordinates":[[133.6193,47.5208],[133.6193,47.5224]]}},{"type":"Feature","properties":{"name":"别拉洪河"},"geometry":{"type":"LineString","coordinates":[[133.6309,47.5135],[133.6193,47.5185],[133.6193,47.5208]]}},{"type":"Feature","properties":{"name":"别拉洪河"},"geometry":{"type":"LineString","coordinates":[[133.6456,47.5232],[133.6473,47.5236],[133.6491,47.5243],[133.6508,47.5253],[133.6522,47.5267],[133.654,47.5275],[133.6557,47.5275],[133.6574,47.5278],[133.6594,47.528],[133.661,47.5285],[133.6626,47.5287],[133.6642,47.5293],[133.6656,47.5313],[133.6675,47.5329],[133.6704,47.5333],[133.6723,47.5329],[133.6739,47.5332],[133.6758,47.5343],[133.6783,47.5348],[133.6816,47.5372],[133.6978,47.5397],[133.7055,47.5409],[133.7097,47.5401],[133.714,47.5357],[133.7208,47.5362],[133.7233,47.5337],[133.7329,47.5331],[133.7376,47.535]]}},{"type":"Feature","properties":{"name":"鸭绿河"},"geometry":{"type":"LineString","coordinates":[[133.7181,47.9721],[133.7199,47.9719],[133.7218,47.9728],[133.7233,47.9735],[133.724,47.9719],[133.726,47.9724],[133.7278,47.9731],[133.7292,47.9745],[133.7308,47.9749],[133.7315,47.9764],[133.732,47.978],[133.7315,47.9799],[133.7328,47.9808],[133.7341,47.9799],[133.7356,47.9789],[133.7364,47.9803],[133.7374,47.9816],[133.7361,47.9817]]}},{"type":"Feature","properties":{"name":"莲花河"},"geometry":{"type":"LineString","coordinates":[[132.7308,47.7504],[132.7285,47.7512],[132.7265,47.7519],[132.7246,47.7531],[132.7232,47.7546],[132.7222,47.7559],[132.722,47.7581],[132.7228,47.76]]}},{"type":"Feature","properties":{"name":"莲花河"},"geometry":{"type":"LineString","coordinates":[[132.7305,47.7358],[132.7328,47.7362],[132.7345,47.7365],[132.7362,47.7365],[132.7392,47.7359],[132.7412,47.7353],[132.7426,47.7343],[132.7443,47.7335],[132.7462,47.7328],[132.7479,47.7321],[132.7496,47.7315],[132.7514,47.731],[132.753,47.7306],[132.755,47.7301],[132.7569,47.7301],[132.759,47.7303],[132.761,47.7303],[132.7628,47.7301],[132.7647,47.7287],[132.7663,47.7277],[132.7679,47.7279],[132.7694,47.7285]]}},{"type":"Feature","properties":{"name":"莲花河"},"geometry":{"type":"LineString","coordinates":[[132.7694,47.7285],[132.771,47.7292],[132.7723,47.7301],[132.7735,47.7312],[132.7746,47.7323],[132.776,47.7342],[132.7759,47.7368],[132.7751,47.7385],[132.7741,47.7403],[132.774,47.742],[132.7721,47.7435],[132.7701,47.7444],[132.7682,47.7452],[132.7666,47.746],[132.7648,47.7467],[132.7632,47.7471],[132.7623,47.7485],[132.7614,47.7505],[132.76,47.752],[132.7583,47.7531],[132.7559,47.7542],[132.7531,47.7547],[132.751,47.7547],[132.7488,47.7544],[132.7459,47.753],[132.7443,47.7519],[132.743,47.7509],[132.741,47.7504],[132.74,47.7491],[132.7383,47.7489],[132.7363,47.7491],[132.7343,47.7495],[132.732,47.7498],[132.7308,47.7504]]}},{"type":"Feature","properties":{"name":"青龙河"},"geometry":{"type":"LineString","coordinates":[[132.9273,47.703],[132.927,47.7032]]}},{"type":"Feature","properties":{"name":"青龙河"},"geometry":{"type":"LineString","coordinates":[[132.9271,47.7334],[132.9268,47.7355],[132.9268,47.7377],[132.9243,47.7406],[132.9229,47.7423],[132.9227,47.7444],[132.9225,47.7461],[132.9219,47.7488],[132.9202,47.7508],[132.9188,47.7522],[132.9176,47.7534],[132.916,47.7537],[132.9141,47.7553],[132.9105,47.7602],[132.9096,47.7625],[132.9091,47.7643],[132.9072,47.7659],[132.9057,47.7669],[132.9058,47.769],[132.9045,47.7708],[132.9039,47.7723],[132.9028,47.7736],[132.9009,47.7749],[132.8993,47.7753],[132.8975,47.7759],[132.8975,47.7767]]}},{"type":"Feature","properties":{"name":null},"geometry":{"type":"LineString","coordinates":[[132.6394,47.5754],[132.6371,47.5771],[132.6361,47.5791],[132.6366,47.5813],[132.6377,47.5832],[132.6381,47.5848],[132.638,47.587],[132.6393,47.5887],[132.6411,47.59],[132.6438,47.5905],[132.6456,47.5902],[132.6473,47.5891],[132.649,47.5885],[132.6512,47.589],[132.6536,47.5887],[132.655,47.5878],[132.6572,47.5873],[132.6587,47.5862],[132.6613,47.586],[132.6633,47.5863],[132.6651,47.5865],[132.6679,47.587],[132.67,47.5876],[132.6714,47.5889],[132.6721,47.5908],[132.6711,47.5926],[132.6698,47.5945],[132.669,47.5963],[132.6682,47.5982],[132.6659,47.5994],[132.6642,47.5999],[132.6583,47.6032],[132.6562,47.6044],[132.6497,47.6068],[132.6477,47.6082],[132.6464,47.6094],[132.6441,47.6079],[132.6422,47.6071],[132.6401,47.6073],[132.6387,47.609],[132.6371,47.6078],[132.6338,47.6088],[132.6332,47.6103],[132.6318,47.6136],[132.6318,47.6153],[132.6329,47.6172],[132.6338,47.6192],[132.634,47.6217]]}},{"type":"Feature","properties":{"name":"莲花河"},"geometry":{"type":"LineString","coordinates":[[132.7258,47.6733],[132.728,47.6757],[132.7273,47.678],[132.7262,47.6804],[132.7245,47.6823],[132.7197,47.6852],[132.7178,47.6873],[132.7162,47.6898],[132.7161,47.692],[132.7159,47.6937],[132.7164,47.6954],[132.7172,47.6971],[132.7183,47.6986],[132.7196,47.7],[132.7215,47.7006],[132.7243,47.7011],[132.7264,47.7014],[132.7282,47.7013],[132.73,47.7008],[132.7314,47.6999],[132.7332,47.6979],[132.7365,47.6964],[132.7388,47.6964],[132.741,47.6967],[132.7425,47.6989],[132.7447,47.6998],[132.7467,47.7002],[132.7491,47.7],[132.7508,47.6994],[132.7532,47.6992],[132.7554,47.6996],[132.7577,47.7007],[132.7592,47.7022],[132.76,47.704],[132.7597,47.706],[132.7595,47.7078],[132.7587,47.711],[132.7567,47.7134],[132.7549,47.7147],[132.7527,47.7157],[132.7511,47.7159],[132.7483,47.7159],[132.7465,47.7171],[132.7452,47.7184],[132.742,47.7195],[132.7392,47.7203],[132.7368,47.7203],[132.735,47.7194],[132.7339,47.7181],[132.7309,47.7173],[132.7277,47.7174],[132.7254,47.7181],[132.7235,47.7194],[132.7219,47.7213],[132.7206,47.7236],[132.7197,47.7256],[132.7194,47.7282],[132.72,47.7304],[132.7231,47.7325],[132.7253,47.734],[132.7276,47.7353],[132.7305,47.7358]]}},{"type":"Feature","properties":{"name":"莲花河"},"geometry":{"type":"LineString","coordinates":[[132.6901,47.6298],[132.6892,47.6311],[132.688,47.6323],[132.6887,47.6341],[132.6901,47.6354],[132.6905,47.637],[132.6889,47.6383],[132.6879,47.6398],[132.6882,47.6419],[132.6887,47.6438],[132.6885,47.6455],[132.6872,47.6467],[132.6866,47.6486],[132.6864,47.6518],[132.6852,47.6538],[132.6828,47.6545],[132.6813,47.6555],[132.6796,47.6575],[132.6812,47.6609],[132.6828,47.6622],[132.6837,47.6635],[132.6836,47.6651],[132.685,47.6678],[132.6882,47.669],[132.6916,47.669],[132.6946,47.669],[132.7003,47.6692],[132.7049,47.6694],[132.7099,47.6707],[132.7131,47.6712],[132.7154,47.6703],[132.72,47.6705],[132.7236,47.6716],[132.7258,47.6733]]}},{"type":"Feature","properties":{"name":"莲花河"},"geometry":{"type":"LineString","coordinates":[[132.634,47.6217],[132.6377,47.6229],[132.6408,47.6236],[132.6425,47.6237],[132.6444,47.6244],[132.6477,47.6257],[132.649,47.6271],[132.6507,47.6268],[132.6525,47.6277]]}},{"type":"Feature","properties":{"name":"莲花河"},"geometry":{"type":"LineString","coordinates":[[132.6525,47.6277],[132.6518,47.6297],[132.6501,47.6318],[132.6466,47.6335],[132.638,47.6357],[132.6342,47.6367],[132.6305,47.6394],[132.6294,47.6417],[132.6297,47.644],[132.6321,47.6469],[132.6348,47.6493],[132.6382,47.6506],[132.6416,47.6504],[132.6452,47.6492],[132.6489,47.6478],[132.6501,47.6465],[132.6517,47.644],[132.6538,47.642],[132.6547,47.639],[132.6542,47.6371],[132.6545,47.6353],[132.6557,47.6341],[132.6608,47.6319],[132.6629,47.6301],[132.6674,47.6288],[132.6701,47.6275],[132.6718,47.6274],[132.676,47.6275],[132.6801,47.6271],[132.6823,47.6267],[132.6852,47.6274],[132.6868,47.6282],[132.6886,47.6286],[132.6901,47.6297],[132.6901,47.6298]]}},{"type":"Feature","properties":{"name":"Икура"},"geometry":{"type":"LineString","coordinates":[[132.95,48.7923],[132.9504,48.7921]]}},{"type":"Feature","properties":{"name":"Икура"},"geometry":{"type":"LineString","coordinates":[[132.9207,48.8118],[132.9192,48.8105],[132.918,48.8095],[132.9191,48.8083],[132.9208,48.8086],[132.9224,48.808],[132.9234,48.8067],[132.9244,48.8054],[132.9233,48.8042],[132.9217,48.804],[132.9206,48.8028],[132.9208,48.8012],[132.9222,48.8004],[132.9238,48.7996],[132.9252,48.7986],[132.9269,48.7988],[132.9285,48.799],[132.9302,48.7995],[132.9315,48.8006],[132.9331,48.8005],[132.9349,48.8004],[132.9367,48.7995],[132.9386,48.7992],[132.9401,48.7999],[132.9417,48.7999],[132.9435,48.7995],[132.9442,48.7977],[132.945,48.7963],[132.9449,48.7946],[132.9466,48.7938],[132.9483,48.7931],[132.9497,48.7923],[132.95,48.7923]]}},{"type":"Feature","properties":{"name":"Икура"},"geometry":{"type":"LineString","coordinates":[[132.95,48.7923],[132.9504,48.7921]]}},{"type":"Feature","properties":{"name":"Икура"},"geometry":{"type":"LineString","coordinates":[[132.9544,48.787],[132.9544,48.7868]]}},{"type":"Feature","properties":{"name":"Икура"},"geometry":{"type":"LineString","coordinates":[[132.9504,48.7921],[132.9521,48.7914],[132.9535,48.7902],[132.9528,48.7888],[132.9542,48.7875],[132.9544,48.787]]}},{"type":"Feature","properties":{"name":null},"geometry":{"type":"LineString","coordinates":[[133.3157,48.0355],[133.3165,48.037],[133.3168,48.037]]}},{"type":"Feature","properties":{"name":null},"geometry":{"type":"LineString","coordinates":[[132.9258,47.6974],[132.9315,47.6973],[132.9566,47.6962],[132.9953,47.6944],[133.022,47.6951],[133.0416,47.6955],[133.0656,47.6957],[133.0857,47.6959]]}},{"type":"Feature","properties":{"name":null},"geometry":{"type":"LineString","coordinates":[[132.8395,47.8757],[132.8425,47.8746],[132.8442,47.8714],[132.8443,47.8686],[132.8453,47.857],[132.849,47.8161],[132.856,47.8011],[132.8558,47.7984],[132.8548,47.7968],[132.8513,47.7943]]}},{"type":"Feature","properties":{"name":"Икура"},"geometry":{"type":"LineString","coordinates":[[132.9208,48.8121],[132.9207,48.8118]]}},{"type":"Feature","properties":{"name":"Августовский Ключ"},"geometry":{"type":"LineString","coordinates":[[132.8028,48.7828],[132.8045,48.7834],[132.8063,48.7829],[132.8079,48.7832],[132.8102,48.7839],[132.8118,48.7844],[132.8141,48.7846],[132.8155,48.7852],[132.8164,48.7867],[132.818,48.7872],[132.8201,48.7869],[132.8222,48.7858],[132.8236,48.7867],[132.8252,48.7869],[132.8268,48.7872],[132.8282,48.7863],[132.8298,48.7865],[132.8307,48.7866]]}},{"type":"Feature","properties":{"name":"Щукинка 2-я"},"geometry":{"type":"LineString","coordinates":[[132.8831,48.6609],[132.8856,48.6613],[132.8873,48.6605],[132.8914,48.6608],[132.8941,48.6582],[132.8948,48.6526],[132.8974,48.6517],[132.9021,48.6482],[132.9064,48.6476],[132.9073,48.6453],[132.9096,48.6451],[132.9146,48.642],[132.9163,48.6398],[132.9235,48.6387],[132.9284,48.6401],[132.9305,48.6394],[132.9299,48.6364],[132.9343,48.6352],[132.9365,48.6344],[132.9383,48.6319],[132.9417,48.6319],[132.9432,48.6334],[132.944,48.6302],[132.9459,48.6303],[132.9477,48.6302]]}},{"type":"Feature","properties":{"name":"Бобриха"},"geometry":{"type":"LineString","coordinates":[[132.5333,48.2718],[132.5309,48.2733],[132.5291,48.2749],[132.5271,48.2751]]}},{"type":"Feature","properties":{"name":"Бобриха"},"geometry":{"type":"LineString","coordinates":[[132.5271,48.2751],[132.527,48.2752]]}},{"type":"Feature","properties":{"name":"Прямая протока"},"geometry":{"type":"LineString","coordinates":[[132.7565,47.9862],[132.7584,47.9866],[132.7611,47.9866],[132.7627,47.9864],[132.7656,47.9859],[132.7672,47.9856],[132.7697,47.9853],[132.7721,47.9856],[132.7748,47.9866],[132.7771,47.988],[132.7793,47.9897],[132.7813,47.991],[132.7836,47.9918],[132.7858,47.9919],[132.7875,47.9916],[132.792,47.9891],[132.794,47.9884],[132.7962,47.9887],[132.7978,47.9898],[132.7986,47.9916],[132.7984,47.9932],[132.7988,47.9948],[132.8005,47.9956],[132.8022,47.9954],[132.8043,47.9945],[132.8061,47.9935],[132.8077,47.9932],[132.812,47.993],[132.8158,47.9928],[132.8188,47.9928],[132.8219,47.9932],[132.824,47.9941],[132.8267,47.9956],[132.8289,47.9965],[132.8304,47.997],[132.8383,47.9987],[132.841,47.9994],[132.8438,48.0001],[132.8572,48.0042],[132.8968,48.0149],[132.9004,48.0155],[132.9238,48.0185]]}},{"type":"Feature","properties":{"name":"Вертопрашиха"},"geometry":{"type":"LineString","coordinates":[[132.5837,48.0099],[132.5841,48.0084],[132.5854,48.0072],[132.5857,48.0057],[132.5863,48.0042],[132.588,48.0038],[132.5895,48.0042],[132.5912,48.0041],[132.5925,48.0031],[132.594,48.0023],[132.5958,48.0025],[132.5959,48.0009],[132.5974,48.0003],[132.5981,48.0001]]}},{"type":"Feature","properties":{"name":null},"geometry":{"type":"LineString","coordinates":[[132.5965,48.0005],[132.5962,48.0003]]}},{"type":"Feature","properties":{"name":null},"geometry":{"type":"LineString","coordinates":[[132.5969,47.9988],[132.5975,47.9986]]}},{"type":"Feature","properties":{"name":null},"geometry":{"type":"LineString","coordinates":[[132.5975,47.9987],[132.5976,47.9987]]}},{"type":"Feature","properties":{"name":null},"geometry":{"type":"LineString","coordinates":[[132.5945,48.0023],[132.595,48.0027]]}},{"type":"Feature","properties":{"name":"Большая протока"},"geometry":{"type":"LineString","coordinates":[[132.7128,47.961],[132.7192,47.9619],[132.7225,47.962],[132.7263,47.9611],[132.7299,47.9595],[132.7344,47.9577],[132.7384,47.9571],[132.7423,47.9571],[132.7462,47.9582],[132.7484,47.9595],[132.7501,47.9616],[132.7503,47.9637],[132.7485,47.9673],[132.7471,47.9704],[132.746,47.9739],[132.7463,47.9758],[132.7474,47.9796],[132.7507,47.9829],[132.7524,47.9842],[132.754,47.9851],[132.7565,47.9862]]}},{"type":"Feature","properties":{"name":"Кривая протока"},"geometry":{"type":"LineString","coordinates":[[132.7846,48.018],[132.7861,48.0192],[132.7867,48.0208],[132.7887,48.0214],[132.7905,48.0213],[132.7923,48.022],[132.7945,48.0221],[132.7962,48.0221],[132.7975,48.023],[132.7966,48.0246],[132.7982,48.026],[132.7999,48.0266],[132.8019,48.0271],[132.8036,48.0276],[132.8046,48.0288],[132.8049,48.0306],[132.8072,48.0316],[132.8093,48.0323],[132.8109,48.0329],[132.8128,48.033],[132.8146,48.0328],[132.8165,48.0332],[132.8184,48.0331],[132.8202,48.0324],[132.8225,48.0312],[132.8242,48.0307],[132.8259,48.0308],[132.8273,48.0317],[132.8288,48.0326],[132.8328,48.0323],[132.8353,48.0323],[132.8374,48.0323],[132.8392,48.0325],[132.8408,48.0325],[132.8425,48.0324],[132.8445,48.0324],[132.8469,48.0321],[132.8491,48.0319],[132.8536,48.0321],[132.8556,48.0319],[132.8573,48.0316],[132.8591,48.0312],[132.8614,48.0306],[132.863,48.0298],[132.8648,48.0288],[132.8654,48.027],[132.8651,48.0265]]}},{"type":"Feature","properties":{"name":"Большая протока"},"geometry":{"type":"LineString","coordinates":[[132.7565,47.9862],[132.7574,47.9879],[132.7599,47.99],[132.7623,47.9915],[132.7641,47.9927],[132.7641,47.9946],[132.7625,47.9959],[132.7625,47.9979],[132.7644,48.0023],[132.7653,48.0045],[132.7659,48.0066],[132.7673,48.0083],[132.7688,48.0107],[132.7724,48.0143],[132.7768,48.0169],[132.7812,48.0176],[132.7846,48.018],[132.7914,48.0163],[132.7978,48.0156],[132.803,48.0136],[132.8108,48.0134],[132.8155,48.0134],[132.8192,48.0142],[132.8226,48.0159],[132.8245,48.0164],[132.8262,48.0156],[132.8279,48.0154],[132.8296,48.0157],[132.8293,48.0178],[132.8302,48.0196],[132.8321,48.0204],[132.8315,48.0236],[132.8337,48.0249],[132.8357,48.0239],[132.8352,48.0221],[132.8336,48.0208],[132.8348,48.0183],[132.8386,48.0182],[132.8503,48.0202],[132.8541,48.0218],[132.8558,48.0232],[132.8565,48.025],[132.8579,48.0266],[132.8598,48.0277],[132.8614,48.0281],[132.8636,48.0276],[132.8651,48.0265]]}},{"type":"Feature","properties":{"name":"протока Зарубиха"},"geometry":{"type":"LineString","coordinates":[[132.9708,48.0773],[132.9725,48.0777],[132.9742,48.077],[132.9759,48.0771],[132.9776,48.0778],[132.9789,48.0792],[132.9805,48.08],[132.9823,48.0801],[132.9843,48.0796],[132.9857,48.0786],[132.9865,48.0771],[132.9881,48.0764],[132.9897,48.0763],[132.9915,48.0769],[132.9924,48.0784],[132.9944,48.0787],[132.9938,48.0768],[132.9922,48.0757],[132.9913,48.0741],[132.9919,48.0726],[132.9934,48.0719],[132.9951,48.0716],[132.9969,48.0718],[133.0008,48.0732]]}},{"type":"Feature","properties":{"name":"Листвянка"},"geometry":{"type":"LineString","coordinates":[[132.7885,48.0397],[132.7899,48.0389],[132.7917,48.039],[132.7929,48.0379],[132.7944,48.0386],[132.7959,48.038],[132.7975,48.0373],[132.7969,48.0358],[132.7985,48.0351],[132.8001,48.0354],[132.8019,48.0343],[132.8014,48.0328],[132.8002,48.0317],[132.8016,48.0305],[132.8035,48.0301],[132.8049,48.0306]]}},{"type":"Feature","properties":{"name":"Поперечная протока"},"geometry":{"type":"LineString","coordinates":[[132.7709,47.9854],[132.7729,47.9828],[132.7739,47.9815],[132.7745,47.9798],[132.7784,47.9732],[132.7792,47.9716],[132.7806,47.9669],[132.7817,47.9654],[132.7836,47.9652],[132.7854,47.9661],[132.7859,47.968],[132.7842,47.9703],[132.785,47.972],[132.7871,47.9731],[132.788,47.9748],[132.7872,47.9762],[132.7871,47.9779],[132.7898,47.9785],[132.7915,47.9793],[132.792,47.9813],[132.7941,47.9838],[132.7957,47.9851],[132.7975,47.9862],[132.799,47.9872],[132.8009,47.9886],[132.8032,47.9897],[132.805,47.9906],[132.8076,47.9916],[132.812,47.993]]}}]}